{"101":{"extraAbilities":["","",""],"skills":[10011,10012,0,0],"inherentProudSkillOpens":[{"proudSkillGroupId":0,"needAvatarPromoteLevel":0},{"proudSkillGroupId":0,"needAvatarPromoteLevel":0},{"proudSkillGroupId":0,"needAvatarPromoteLevel":0},{"proudSkillGroupId":0,"needAvatarPromoteLevel":0},{"proudSkillGroupId":0,"needAvatarPromoteLevel":0}],"talentStarName":"","subSkills":[10300,10101,10102,10001],"skillDepotAbilityGroup":"","talents":[0,0,0,0,0,0],"energySkill":10014,"ADGMKLELCFN":0,"leaderTalent":0,"MGCBBMIHFMO":0,"JMAGCGPOHKE":0,"HKPHLGGKAKL":"None","id":101,"attackModeSkill":0},"201":{"extraAbilities":["","",""],"skills":[10024,10018,10013,0],"inherentProudSkillOpens":[{"proudSkillGroupId":221,"needAvatarPromoteLevel":1},{"proudSkillGroupId":222,"needAvatarPromoteLevel":4},{"proudSkillGroupId":223,"needAvatarPromoteLevel":0},{"proudSkillGroupId":0,"needAvatarPromoteLevel":0},{"proudSkillGroupId":0,"needAvatarPromoteLevel":0}],"talentStarName":"Talent_Ayaka","subSkills":[10020,10021,10052,10053,10111,10001,5002010],"skillDepotAbilityGroup":"","talents":[21,22,23,24,25,26],"energySkill":10019,"ADGMKLELCFN":0,"leaderTalent":211,"MGCBBMIHFMO":0,"JMAGCGPOHKE":0,"HKPHLGGKAKL":"None","id":201,"attackModeSkill":0},"301":{"extraAbilities":["","",""],"skills":[10031,10033,0,0],"inherentProudSkillOpens":[{"proudSkillGroupId":321,"needAvatarPromoteLevel":1},{"proudSkillGroupId":322,"needAvatarPromoteLevel":4},{"proudSkillGroupId":323,"needAvatarPromoteLevel":0},{"proudSkillGroupId":0,"needAvatarPromoteLevel":0},{"proudSkillGroupId":0,"needAvatarPromoteLevel":0}],"talentStarName":"Talent_Qin","subSkills":[10101,10001,10102,5003010],"skillDepotAbilityGroup":"","talents":[31,32,33,34,35,36],"energySkill":10034,"ADGMKLELCFN":0,"leaderTalent":1300,"MGCBBMIHFMO":0,"JMAGCGPOHKE":0,"HKPHLGGKAKL":"None","id":301,"attackModeSkill":0},"501":{"extraAbilities":["","",""],"skills":[100540,0,0,0],"inherentProudSkillOpens":[{"proudSkillGroupId":0,"needAvatarPromoteLevel":0},{"proudSkillGroupId":0,"needAvatarPromoteLevel":0},{"proudSkillGroupId":0,"needAvatarPromoteLevel":0},{"proudSkillGroupId":0,"needAvatarPromoteLevel":0},{"proudSkillGroupId":0,"needAvatarPromoteLevel":0}],"talentStarName":"","subSkills":[10035,10101,10001,10102,5005010],"skillDepotAbilityGroup":"Avatar_Player_AbilityGroup_Boy_Common","talents":[0,0,0,0,0,0],"energySkill":0,"ADGMKLELCFN":0,"leaderTalent":0,"MGCBBMIHFMO":0,"JMAGCGPOHKE":0,"HKPHLGGKAKL":"None","id":501,"attackModeSkill":0},"502":{"extraAbilities":["","",""],"skills":[100541,10097,0,0],"inherentProudSkillOpens":[{"proudSkillGroupId":521,"needAvatarPromoteLevel":1},{"proudSkillGroupId":522,"needAvatarPromoteLevel":4},{"proudSkillGroupId":0,"needAvatarPromoteLevel":0},{"proudSkillGroupId":0,"needAvatarPromoteLevel":0},{"proudSkillGroupId":0,"needAvatarPromoteLevel":0}],"talentStarName":"Talent_PlayerBoy_Fire","subSkills":[10001,10054,5005010,10099],"skillDepotAbilityGroup":"Avatar_Player_AbilityGroup_Boy_Fire","talents":[51,52,53,54,55,56],"energySkill":10098,"ADGMKLELCFN":0,"leaderTalent":0,"MGCBBMIHFMO":0,"JMAGCGPOHKE":0,"HKPHLGGKAKL":"None","id":502,"attackModeSkill":0},"503":{"extraAbilities":["","",""],"skills":[100542,10087,0,0],"inherentProudSkillOpens":[{"proudSkillGroupId":621,"needAvatarPromoteLevel":1},{"proudSkillGroupId":622,"needAvatarPromoteLevel":4},{"proudSkillGroupId":0,"needAvatarPromoteLevel":0},{"proudSkillGroupId":0,"needAvatarPromoteLevel":0},{"proudSkillGroupId":0,"needAvatarPromoteLevel":0}],"talentStarName":"Talent_PlayerBoy_Water","subSkills":[10001,10054,5005010],"skillDepotAbilityGroup":"Avatar_Player_AbilityGroup_Boy_Water","talents":[61,62,63,64,65,66],"energySkill":10088,"ADGMKLELCFN":0,"leaderTalent":0,"MGCBBMIHFMO":0,"JMAGCGPOHKE":0,"HKPHLGGKAKL":"Ousia","id":503,"attackModeSkill":0},"504":{"extraAbilities":["","",""],"skills":[100543,10067,0,0],"inherentProudSkillOpens":[{"proudSkillGroupId":721,"needAvatarPromoteLevel":1},{"proudSkillGroupId":722,"needAvatarPromoteLevel":4},{"proudSkillGroupId":0,"needAvatarPromoteLevel":0},{"proudSkillGroupId":0,"needAvatarPromoteLevel":0},{"proudSkillGroupId":0,"needAvatarPromoteLevel":0}],"talentStarName":"Talent_PlayerBoy_Wind","subSkills":[10101,10001,10102,10006,5005010],"skillDepotAbilityGroup":"Avatar_Player_AbilityGroup_Boy_Wind","talents":[71,72,73,74,75,76],"energySkill":10068,"ADGMKLELCFN":0,"leaderTalent":1481,"MGCBBMIHFMO":0,"JMAGCGPOHKE":0,"HKPHLGGKAKL":"None","id":504,"attackModeSkill":0},"505":{"extraAbilities":["","",""],"skills":[100544,0,0,0],"inherentProudSkillOpens":[{"proudSkillGroupId":0,"needAvatarPromoteLevel":0},{"proudSkillGroupId":0,"needAvatarPromoteLevel":0},{"proudSkillGroupId":0,"needAvatarPromoteLevel":0},{"proudSkillGroupId":0,"needAvatarPromoteLevel":0},{"proudSkillGroupId":0,"needAvatarPromoteLevel":0}],"talentStarName":"Talent_PlayerBoy_Ice","subSkills":[10101,10001,10102,10054,5005010],"skillDepotAbilityGroup":"","talents":[0,0,0,0,0,0],"energySkill":0,"ADGMKLELCFN":0,"leaderTalent":0,"MGCBBMIHFMO":0,"JMAGCGPOHKE":0,"HKPHLGGKAKL":"None","id":505,"attackModeSkill":0},"506":{"extraAbilities":["","",""],"skills":[100545,10077,0,0],"inherentProudSkillOpens":[{"proudSkillGroupId":921,"needAvatarPromoteLevel":1},{"proudSkillGroupId":922,"needAvatarPromoteLevel":4},{"proudSkillGroupId":0,"needAvatarPromoteLevel":0},{"proudSkillGroupId":0,"needAvatarPromoteLevel":0},{"proudSkillGroupId":0,"needAvatarPromoteLevel":0}],"talentStarName":"Talent_PlayerBoy_Rock","subSkills":[10101,10001,10102,5005010],"skillDepotAbilityGroup":"Avatar_Player_AbilityGroup_Boy_Rock","talents":[91,92,93,94,95,96],"energySkill":10078,"ADGMKLELCFN":0,"leaderTalent":1641,"MGCBBMIHFMO":0,"JMAGCGPOHKE":0,"HKPHLGGKAKL":"None","id":506,"attackModeSkill":0},"507":{"extraAbilities":["","",""],"skills":[100546,10602,0,0],"inherentProudSkillOpens":[{"proudSkillGroupId":1021,"needAvatarPromoteLevel":1},{"proudSkillGroupId":1022,"needAvatarPromoteLevel":4},{"proudSkillGroupId":0,"needAvatarPromoteLevel":0},{"proudSkillGroupId":0,"needAvatarPromoteLevel":0},{"proudSkillGroupId":0,"needAvatarPromoteLevel":0}],"talentStarName":"Talent_PlayerBoy_Electric","subSkills":[10001,10054,5005010],"skillDepotAbilityGroup":"Avatar_Player_AbilityGroup_Boy_Electric","talents":[101,102,103,104,105,106],"energySkill":10605,"ADGMKLELCFN":0,"leaderTalent":0,"MGCBBMIHFMO":0,"JMAGCGPOHKE":0,"HKPHLGGKAKL":"None","id":507,"attackModeSkill":0},"508":{"extraAbilities":["","",""],"skills":[100547,10117,0,0],"inherentProudSkillOpens":[{"proudSkillGroupId":1121,"needAvatarPromoteLevel":1},{"proudSkillGroupId":1122,"needAvatarPromoteLevel":4},{"proudSkillGroupId":0,"needAvatarPromoteLevel":0},{"proudSkillGroupId":0,"needAvatarPromoteLevel":0},{"proudSkillGroupId":0,"needAvatarPromoteLevel":0}],"talentStarName":"Talent_PlayerBoy_Grass","subSkills":[10001,10054,5005010],"skillDepotAbilityGroup":"Avatar_Player_AbilityGroup_Boy_Grass","talents":[111,112,113,114,115,116],"energySkill":10118,"ADGMKLELCFN":0,"leaderTalent":0,"MGCBBMIHFMO":0,"JMAGCGPOHKE":0,"HKPHLGGKAKL":"None","id":508,"attackModeSkill":0},"601":{"extraAbilities":["","",""],"skills":[10060,10061,0,0],"inherentProudSkillOpens":[{"proudSkillGroupId":421,"needAvatarPromoteLevel":1},{"proudSkillGroupId":422,"needAvatarPromoteLevel":4},{"proudSkillGroupId":423,"needAvatarPromoteLevel":0},{"proudSkillGroupId":0,"needAvatarPromoteLevel":0},{"proudSkillGroupId":0,"needAvatarPromoteLevel":0}],"talentStarName":"Talent_Lisa","subSkills":[10101,10102,10003,5006010],"skillDepotAbilityGroup":"","talents":[41,42,43,44,45,46],"energySkill":10062,"ADGMKLELCFN":0,"leaderTalent":1100,"MGCBBMIHFMO":0,"JMAGCGPOHKE":0,"HKPHLGGKAKL":"None","id":601,"attackModeSkill":0},"701":{"extraAbilities":["","",""],"skills":[100550,0,0,0],"inherentProudSkillOpens":[{"proudSkillGroupId":0,"needAvatarPromoteLevel":0},{"proudSkillGroupId":0,"needAvatarPromoteLevel":0},{"proudSkillGroupId":0,"needAvatarPromoteLevel":0},{"proudSkillGroupId":0,"needAvatarPromoteLevel":0},{"proudSkillGroupId":0,"needAvatarPromoteLevel":0}],"talentStarName":"","subSkills":[10035,10101,10001,10102,5007010],"skillDepotAbilityGroup":"Avatar_Player_AbilityGroup_Girl_Common","talents":[0,0,0,0,0,0],"energySkill":0,"ADGMKLELCFN":0,"leaderTalent":0,"MGCBBMIHFMO":0,"JMAGCGPOHKE":0,"HKPHLGGKAKL":"None","id":701,"attackModeSkill":0},"702":{"extraAbilities":["","",""],"skills":[100551,10097,0,0],"inherentProudSkillOpens":[{"proudSkillGroupId":521,"needAvatarPromoteLevel":1},{"proudSkillGroupId":522,"needAvatarPromoteLevel":4},{"proudSkillGroupId":0,"needAvatarPromoteLevel":0},{"proudSkillGroupId":0,"needAvatarPromoteLevel":0},{"proudSkillGroupId":0,"needAvatarPromoteLevel":0}],"talentStarName":"Talent_PlayerGirl_Fire","subSkills":[10001,10055,5007010,10096],"skillDepotAbilityGroup":"Avatar_Player_AbilityGroup_Girl_Fire","talents":[51,52,53,54,55,56],"energySkill":10098,"ADGMKLELCFN":0,"leaderTalent":0,"MGCBBMIHFMO":0,"JMAGCGPOHKE":0,"HKPHLGGKAKL":"None","id":702,"attackModeSkill":0},"703":{"extraAbilities":["","",""],"skills":[100552,10087,0,0],"inherentProudSkillOpens":[{"proudSkillGroupId":621,"needAvatarPromoteLevel":1},{"proudSkillGroupId":622,"needAvatarPromoteLevel":4},{"proudSkillGroupId":0,"needAvatarPromoteLevel":0},{"proudSkillGroupId":0,"needAvatarPromoteLevel":0},{"proudSkillGroupId":0,"needAvatarPromoteLevel":0}],"talentStarName":"Talent_PlayerGirl_Water","subSkills":[10001,10055,5007010],"skillDepotAbilityGroup":"Avatar_Player_AbilityGroup_Girl_Water","talents":[61,62,63,64,65,66],"energySkill":10088,"ADGMKLELCFN":0,"leaderTalent":0,"MGCBBMIHFMO":0,"JMAGCGPOHKE":0,"HKPHLGGKAKL":"Ousia","id":703,"attackModeSkill":0},"704":{"extraAbilities":["","",""],"skills":[100553,10067,0,0],"inherentProudSkillOpens":[{"proudSkillGroupId":721,"needAvatarPromoteLevel":1},{"proudSkillGroupId":722,"needAvatarPromoteLevel":4},{"proudSkillGroupId":0,"needAvatarPromoteLevel":0},{"proudSkillGroupId":0,"needAvatarPromoteLevel":0},{"proudSkillGroupId":0,"needAvatarPromoteLevel":0}],"talentStarName":"Talent_PlayerGirl_Wind","subSkills":[10101,10001,10102,10006,5007010],"skillDepotAbilityGroup":"Avatar_Player_AbilityGroup_Girl_Wind","talents":[71,72,73,74,75,76],"energySkill":10068,"ADGMKLELCFN":0,"leaderTalent":1481,"MGCBBMIHFMO":0,"JMAGCGPOHKE":0,"HKPHLGGKAKL":"None","id":704,"attackModeSkill":0},"705":{"extraAbilities":["","",""],"skills":[100554,0,0,0],"inherentProudSkillOpens":[{"proudSkillGroupId":0,"needAvatarPromoteLevel":0},{"proudSkillGroupId":0,"needAvatarPromoteLevel":0},{"proudSkillGroupId":0,"needAvatarPromoteLevel":0},{"proudSkillGroupId":0,"needAvatarPromoteLevel":0},{"proudSkillGroupId":0,"needAvatarPromoteLevel":0}],"talentStarName":"Talent_PlayerGirl_Ice","subSkills":[10101,10001,10102,10055,5007010],"skillDepotAbilityGroup":"","talents":[0,0,0,0,0,0],"energySkill":0,"ADGMKLELCFN":0,"leaderTalent":0,"MGCBBMIHFMO":0,"JMAGCGPOHKE":0,"HKPHLGGKAKL":"None","id":705,"attackModeSkill":0},"706":{"extraAbilities":["","",""],"skills":[100555,10077,0,0],"inherentProudSkillOpens":[{"proudSkillGroupId":921,"needAvatarPromoteLevel":1},{"proudSkillGroupId":922,"needAvatarPromoteLevel":4},{"proudSkillGroupId":0,"needAvatarPromoteLevel":0},{"proudSkillGroupId":0,"needAvatarPromoteLevel":0},{"proudSkillGroupId":0,"needAvatarPromoteLevel":0}],"talentStarName":"Talent_PlayerGirl_Rock","subSkills":[10101,10001,10102,5007010],"skillDepotAbilityGroup":"Avatar_Player_AbilityGroup_Girl_Rock","talents":[91,92,93,94,95,96],"energySkill":10078,"ADGMKLELCFN":0,"leaderTalent":1641,"MGCBBMIHFMO":0,"JMAGCGPOHKE":0,"HKPHLGGKAKL":"None","id":706,"attackModeSkill":0},"707":{"extraAbilities":["","",""],"skills":[100556,10602,0,0],"inherentProudSkillOpens":[{"proudSkillGroupId":1021,"needAvatarPromoteLevel":1},{"proudSkillGroupId":1022,"needAvatarPromoteLevel":4},{"proudSkillGroupId":0,"needAvatarPromoteLevel":0},{"proudSkillGroupId":0,"needAvatarPromoteLevel":0},{"proudSkillGroupId":0,"needAvatarPromoteLevel":0}],"talentStarName":"Talent_PlayerGirl_Electric","subSkills":[10001,10055,5007010],"skillDepotAbilityGroup":"Avatar_Player_AbilityGroup_Girl_Electric","talents":[101,102,103,104,105,106],"energySkill":10605,"ADGMKLELCFN":0,"leaderTalent":0,"MGCBBMIHFMO":0,"JMAGCGPOHKE":0,"HKPHLGGKAKL":"None","id":707,"attackModeSkill":0},"708":{"extraAbilities":["","",""],"skills":[100557,10117,0,0],"inherentProudSkillOpens":[{"proudSkillGroupId":1121,"needAvatarPromoteLevel":1},{"proudSkillGroupId":1122,"needAvatarPromoteLevel":4},{"proudSkillGroupId":0,"needAvatarPromoteLevel":0},{"proudSkillGroupId":0,"needAvatarPromoteLevel":0},{"proudSkillGroupId":0,"needAvatarPromoteLevel":0}],"talentStarName":"Talent_PlayerGirl_Grass","subSkills":[10001,10055,5007010],"skillDepotAbilityGroup":"Avatar_Player_AbilityGroup_Girl_Grass","talents":[111,112,113,114,115,116],"energySkill":10118,"ADGMKLELCFN":0,"leaderTalent":0,"MGCBBMIHFMO":0,"JMAGCGPOHKE":0,"HKPHLGGKAKL":"None","id":708,"attackModeSkill":0},"1401":{"extraAbilities":["","",""],"skills":[10070,10071,0,0],"inherentProudSkillOpens":[{"proudSkillGroupId":1421,"needAvatarPromoteLevel":1},{"proudSkillGroupId":1422,"needAvatarPromoteLevel":4},{"proudSkillGroupId":1423,"needAvatarPromoteLevel":0},{"proudSkillGroupId":0,"needAvatarPromoteLevel":0},{"proudSkillGroupId":0,"needAvatarPromoteLevel":0}],"talentStarName":"Talent_Barbara","subSkills":[10076,10079,10080,10101,10102,10003,5014010],"skillDepotAbilityGroup":"","talents":[141,142,143,144,145,146],"energySkill":10072,"ADGMKLELCFN":0,"leaderTalent":1560,"MGCBBMIHFMO":0,"JMAGCGPOHKE":0,"HKPHLGGKAKL":"None","id":1401,"attackModeSkill":0},"1501":{"extraAbilities":["","",""],"skills":[10073,10074,0,0],"inherentProudSkillOpens":[{"proudSkillGroupId":1521,"needAvatarPromoteLevel":1},{"proudSkillGroupId":1522,"needAvatarPromoteLevel":4},{"proudSkillGroupId":1523,"needAvatarPromoteLevel":0},{"proudSkillGroupId":0,"needAvatarPromoteLevel":0},{"proudSkillGroupId":0,"needAvatarPromoteLevel":0}],"talentStarName":"Talent_Kaeya","subSkills":[10081,10101,10001,10102,5015010],"skillDepotAbilityGroup":"","talents":[151,152,153,154,155,156],"energySkill":10075,"ADGMKLELCFN":0,"leaderTalent":1050,"MGCBBMIHFMO":0,"JMAGCGPOHKE":0,"HKPHLGGKAKL":"None","id":1501,"attackModeSkill":0},"1601":{"extraAbilities":["","",""],"skills":[10160,10161,0,0],"inherentProudSkillOpens":[{"proudSkillGroupId":1621,"needAvatarPromoteLevel":1},{"proudSkillGroupId":1622,"needAvatarPromoteLevel":4},{"proudSkillGroupId":1623,"needAvatarPromoteLevel":0},{"proudSkillGroupId":0,"needAvatarPromoteLevel":0},{"proudSkillGroupId":0,"needAvatarPromoteLevel":0}],"talentStarName":"Talent_Diluc","subSkills":[10162,10163,10101,10102,5016010],"skillDepotAbilityGroup":"","talents":[161,162,163,164,165,166],"energySkill":10165,"ADGMKLELCFN":0,"leaderTalent":1400,"MGCBBMIHFMO":0,"JMAGCGPOHKE":0,"HKPHLGGKAKL":"None","id":1601,"attackModeSkill":0},"2001":{"extraAbilities":["","",""],"skills":[10201,10202,0,0],"inherentProudSkillOpens":[{"proudSkillGroupId":2021,"needAvatarPromoteLevel":1},{"proudSkillGroupId":2022,"needAvatarPromoteLevel":4},{"proudSkillGroupId":2023,"needAvatarPromoteLevel":0},{"proudSkillGroupId":0,"needAvatarPromoteLevel":0},{"proudSkillGroupId":0,"needAvatarPromoteLevel":0}],"talentStarName":"Talent_Razor","subSkills":[10204,10101,10102,5020010],"skillDepotAbilityGroup":"","talents":[201,202,203,204,205,206],"energySkill":10203,"ADGMKLELCFN":0,"leaderTalent":2011,"MGCBBMIHFMO":0,"JMAGCGPOHKE":0,"HKPHLGGKAKL":"None","id":2001,"attackModeSkill":0},"2101":{"extraAbilities":["","",""],"skills":[10041,10032,0,0],"inherentProudSkillOpens":[{"proudSkillGroupId":2121,"needAvatarPromoteLevel":1},{"proudSkillGroupId":2122,"needAvatarPromoteLevel":4},{"proudSkillGroupId":2123,"needAvatarPromoteLevel":0},{"proudSkillGroupId":0,"needAvatarPromoteLevel":0},{"proudSkillGroupId":0,"needAvatarPromoteLevel":0}],"talentStarName":"Talent_Ambor","subSkills":[10042,10043,10211,10101,10102,5021010],"skillDepotAbilityGroup":"","talents":[211,212,213,214,215,216],"energySkill":10017,"ADGMKLELCFN":0,"leaderTalent":1000,"MGCBBMIHFMO":0,"JMAGCGPOHKE":0,"HKPHLGGKAKL":"None","id":2101,"attackModeSkill":20000},"2201":{"extraAbilities":["","",""],"skills":[10221,10224,0,0],"inherentProudSkillOpens":[{"proudSkillGroupId":2221,"needAvatarPromoteLevel":1},{"proudSkillGroupId":2222,"needAvatarPromoteLevel":4},{"proudSkillGroupId":2223,"needAvatarPromoteLevel":0},{"proudSkillGroupId":0,"needAvatarPromoteLevel":0},{"proudSkillGroupId":0,"needAvatarPromoteLevel":0}],"talentStarName":"Talent_Venti","subSkills":[10222,10223,10101,10102,5022010],"skillDepotAbilityGroup":"","talents":[221,222,223,224,225,226],"energySkill":10225,"ADGMKLELCFN":0,"leaderTalent":2211,"MGCBBMIHFMO":0,"JMAGCGPOHKE":0,"HKPHLGGKAKL":"None","id":2201,"attackModeSkill":20000},"2301":{"extraAbilities":["","",""],"skills":[10231,10232,0,0],"inherentProudSkillOpens":[{"proudSkillGroupId":2321,"needAvatarPromoteLevel":1},{"proudSkillGroupId":2322,"needAvatarPromoteLevel":4},{"proudSkillGroupId":2323,"needAvatarPromoteLevel":0},{"proudSkillGroupId":0,"needAvatarPromoteLevel":0},{"proudSkillGroupId":0,"needAvatarPromoteLevel":0}],"talentStarName":"Talent_Xiangling","subSkills":[10101,10002,10102,5023010],"skillDepotAbilityGroup":"","talents":[231,232,233,234,235,236],"energySkill":10235,"ADGMKLELCFN":0,"leaderTalent":2311,"MGCBBMIHFMO":0,"JMAGCGPOHKE":0,"HKPHLGGKAKL":"None","id":2301,"attackModeSkill":0},"2401":{"extraAbilities":["","",""],"skills":[10241,10242,0,0],"inherentProudSkillOpens":[{"proudSkillGroupId":2421,"needAvatarPromoteLevel":1},{"proudSkillGroupId":2422,"needAvatarPromoteLevel":4},{"proudSkillGroupId":2423,"needAvatarPromoteLevel":0},{"proudSkillGroupId":0,"needAvatarPromoteLevel":0},{"proudSkillGroupId":0,"needAvatarPromoteLevel":0}],"talentStarName":"Talent_Beidou","subSkills":[10101,10102,5024010],"skillDepotAbilityGroup":"","talents":[241,242,243,244,245,246],"energySkill":10245,"ADGMKLELCFN":0,"leaderTalent":0,"MGCBBMIHFMO":0,"JMAGCGPOHKE":0,"HKPHLGGKAKL":"None","id":2401,"attackModeSkill":0},"2501":{"extraAbilities":["","",""],"skills":[10381,10382,0,0],"inherentProudSkillOpens":[{"proudSkillGroupId":2521,"needAvatarPromoteLevel":1},{"proudSkillGroupId":2522,"needAvatarPromoteLevel":4},{"proudSkillGroupId":2523,"needAvatarPromoteLevel":0},{"proudSkillGroupId":0,"needAvatarPromoteLevel":0},{"proudSkillGroupId":0,"needAvatarPromoteLevel":0}],"talentStarName":"Talent_Xingqiu","subSkills":[10101,10102,10001,5025010],"skillDepotAbilityGroup":"","talents":[251,252,253,254,255,256],"energySkill":10385,"ADGMKLELCFN":0,"leaderTalent":0,"MGCBBMIHFMO":0,"JMAGCGPOHKE":0,"HKPHLGGKAKL":"None","id":2501,"attackModeSkill":0},"2601":{"extraAbilities":["","",""],"skills":[10261,10262,0,0],"inherentProudSkillOpens":[{"proudSkillGroupId":2621,"needAvatarPromoteLevel":1},{"proudSkillGroupId":2622,"needAvatarPromoteLevel":4},{"proudSkillGroupId":2623,"needAvatarPromoteLevel":0},{"proudSkillGroupId":0,"needAvatarPromoteLevel":0},{"proudSkillGroupId":0,"needAvatarPromoteLevel":0}],"talentStarName":"Talent_Xiao","subSkills":[10101,10102,10002,10263,10264],"skillDepotAbilityGroup":"","talents":[261,262,263,264,265,266],"energySkill":10265,"ADGMKLELCFN":0,"leaderTalent":0,"MGCBBMIHFMO":0,"JMAGCGPOHKE":0,"HKPHLGGKAKL":"None","id":2601,"attackModeSkill":0},"2701":{"extraAbilities":["","",""],"skills":[10271,10272,0,0],"inherentProudSkillOpens":[{"proudSkillGroupId":2721,"needAvatarPromoteLevel":1},{"proudSkillGroupId":2722,"needAvatarPromoteLevel":4},{"proudSkillGroupId":2723,"needAvatarPromoteLevel":0},{"proudSkillGroupId":0,"needAvatarPromoteLevel":0},{"proudSkillGroupId":0,"needAvatarPromoteLevel":0}],"talentStarName":"Talent_Ningguang","subSkills":[10101,10102,10003,10273,10275,5027010],"skillDepotAbilityGroup":"","talents":[271,272,273,274,275,276],"energySkill":10274,"ADGMKLELCFN":0,"leaderTalent":0,"MGCBBMIHFMO":0,"JMAGCGPOHKE":0,"HKPHLGGKAKL":"None","id":2701,"attackModeSkill":0},"2901":{"extraAbilities":["","",""],"skills":[10291,10292,0,0],"inherentProudSkillOpens":[{"proudSkillGroupId":2921,"needAvatarPromoteLevel":1},{"proudSkillGroupId":2922,"needAvatarPromoteLevel":4},{"proudSkillGroupId":2923,"needAvatarPromoteLevel":0},{"proudSkillGroupId":0,"needAvatarPromoteLevel":0},{"proudSkillGroupId":0,"needAvatarPromoteLevel":0}],"talentStarName":"Talent_Klee","subSkills":[10300,10101,10102,10003,5029010],"skillDepotAbilityGroup":"","talents":[291,292,293,294,295,296],"energySkill":10295,"ADGMKLELCFN":0,"leaderTalent":0,"MGCBBMIHFMO":0,"JMAGCGPOHKE":0,"HKPHLGGKAKL":"None","id":2901,"attackModeSkill":0},"3001":{"extraAbilities":["","",""],"skills":[10301,10302,0,0],"inherentProudSkillOpens":[{"proudSkillGroupId":3021,"needAvatarPromoteLevel":1},{"proudSkillGroupId":3022,"needAvatarPromoteLevel":4},{"proudSkillGroupId":3023,"needAvatarPromoteLevel":0},{"proudSkillGroupId":0,"needAvatarPromoteLevel":0},{"proudSkillGroupId":0,"needAvatarPromoteLevel":0}],"talentStarName":"Talent_Zhongli","subSkills":[10101,10102,10002,5030010],"skillDepotAbilityGroup":"","talents":[301,302,303,304,305,306],"energySkill":10303,"ADGMKLELCFN":0,"leaderTalent":0,"MGCBBMIHFMO":0,"JMAGCGPOHKE":0,"HKPHLGGKAKL":"None","id":3001,"attackModeSkill":0},"3101":{"extraAbilities":["","",""],"skills":[10311,10312,0,0],"inherentProudSkillOpens":[{"proudSkillGroupId":3121,"needAvatarPromoteLevel":1},{"proudSkillGroupId":3122,"needAvatarPromoteLevel":4},{"proudSkillGroupId":3123,"needAvatarPromoteLevel":0},{"proudSkillGroupId":0,"needAvatarPromoteLevel":0},{"proudSkillGroupId":0,"needAvatarPromoteLevel":0}],"talentStarName":"Talent_Fischl","subSkills":[10314,10315,10316,10101,10102,5031010],"skillDepotAbilityGroup":"","talents":[311,312,313,314,315,316],"energySkill":10313,"ADGMKLELCFN":0,"leaderTalent":0,"MGCBBMIHFMO":0,"JMAGCGPOHKE":0,"HKPHLGGKAKL":"None","id":3101,"attackModeSkill":20000},"3201":{"extraAbilities":["","",""],"skills":[10321,10322,0,0],"inherentProudSkillOpens":[{"proudSkillGroupId":3221,"needAvatarPromoteLevel":1},{"proudSkillGroupId":3222,"needAvatarPromoteLevel":4},{"proudSkillGroupId":3223,"needAvatarPromoteLevel":0},{"proudSkillGroupId":0,"needAvatarPromoteLevel":0},{"proudSkillGroupId":0,"needAvatarPromoteLevel":0}],"talentStarName":"Talent_Bennett","subSkills":[10101,10102,10001,5032010],"skillDepotAbilityGroup":"","talents":[321,322,323,324,325,326],"energySkill":10323,"ADGMKLELCFN":0,"leaderTalent":0,"MGCBBMIHFMO":0,"JMAGCGPOHKE":0,"HKPHLGGKAKL":"None","id":3201,"attackModeSkill":0},"3301":{"extraAbilities":["","",""],"skills":[10331,10332,0,0],"inherentProudSkillOpens":[{"proudSkillGroupId":3321,"needAvatarPromoteLevel":1},{"proudSkillGroupId":3322,"needAvatarPromoteLevel":4},{"proudSkillGroupId":3323,"needAvatarPromoteLevel":0},{"proudSkillGroupId":0,"needAvatarPromoteLevel":0},{"proudSkillGroupId":0,"needAvatarPromoteLevel":0}],"talentStarName":"Talent_Tartaglia","subSkills":[10334,10335,10336,10337,10101,10102,10001,5033010],"skillDepotAbilityGroup":"","talents":[331,332,333,334,335,336],"energySkill":10333,"ADGMKLELCFN":0,"leaderTalent":0,"MGCBBMIHFMO":0,"JMAGCGPOHKE":0,"HKPHLGGKAKL":"None","id":3301,"attackModeSkill":20000},"3401":{"extraAbilities":["","",""],"skills":[10341,10342,0,0],"inherentProudSkillOpens":[{"proudSkillGroupId":3421,"needAvatarPromoteLevel":1},{"proudSkillGroupId":3422,"needAvatarPromoteLevel":4},{"proudSkillGroupId":3423,"needAvatarPromoteLevel":0},{"proudSkillGroupId":0,"needAvatarPromoteLevel":0},{"proudSkillGroupId":0,"needAvatarPromoteLevel":0}],"talentStarName":"Talent_Noel","subSkills":[10344,10101,10102,5034010],"skillDepotAbilityGroup":"","talents":[341,342,343,344,345,346],"energySkill":10343,"ADGMKLELCFN":0,"leaderTalent":0,"MGCBBMIHFMO":0,"JMAGCGPOHKE":0,"HKPHLGGKAKL":"None","id":3401,"attackModeSkill":0},"3501":{"extraAbilities":["","",""],"skills":[10351,10352,0,0],"inherentProudSkillOpens":[{"proudSkillGroupId":3521,"needAvatarPromoteLevel":1},{"proudSkillGroupId":3522,"needAvatarPromoteLevel":4},{"proudSkillGroupId":3523,"needAvatarPromoteLevel":0},{"proudSkillGroupId":0,"needAvatarPromoteLevel":0},{"proudSkillGroupId":0,"needAvatarPromoteLevel":0}],"talentStarName":"Talent_Qiqi","subSkills":[10101,10102,10355,10001,5035010],"skillDepotAbilityGroup":"","talents":[351,352,353,354,355,356],"energySkill":10353,"ADGMKLELCFN":0,"leaderTalent":0,"MGCBBMIHFMO":0,"JMAGCGPOHKE":0,"HKPHLGGKAKL":"None","id":3501,"attackModeSkill":0},"3601":{"extraAbilities":["","",""],"skills":[10401,10402,0,0],"inherentProudSkillOpens":[{"proudSkillGroupId":3621,"needAvatarPromoteLevel":1},{"proudSkillGroupId":3622,"needAvatarPromoteLevel":4},{"proudSkillGroupId":3623,"needAvatarPromoteLevel":0},{"proudSkillGroupId":0,"needAvatarPromoteLevel":0},{"proudSkillGroupId":0,"needAvatarPromoteLevel":0}],"talentStarName":"Talent_Chongyun","subSkills":[10101,10102,5036010],"skillDepotAbilityGroup":"","talents":[361,362,363,364,365,366],"energySkill":10403,"ADGMKLELCFN":0,"leaderTalent":0,"MGCBBMIHFMO":0,"JMAGCGPOHKE":0,"HKPHLGGKAKL":"None","id":3601,"attackModeSkill":0},"3701":{"extraAbilities":["","",""],"skills":[10371,10372,0,0],"inherentProudSkillOpens":[{"proudSkillGroupId":3721,"needAvatarPromoteLevel":1},{"proudSkillGroupId":3722,"needAvatarPromoteLevel":4},{"proudSkillGroupId":3723,"needAvatarPromoteLevel":0},{"proudSkillGroupId":0,"needAvatarPromoteLevel":0},{"proudSkillGroupId":0,"needAvatarPromoteLevel":0}],"talentStarName":"Talent_Ganyu","subSkills":[10374,10101,10102,5037010],"skillDepotAbilityGroup":"","talents":[371,372,373,374,375,376],"energySkill":10373,"ADGMKLELCFN":0,"leaderTalent":0,"MGCBBMIHFMO":0,"JMAGCGPOHKE":0,"HKPHLGGKAKL":"None","id":3701,"attackModeSkill":20000},"3801":{"extraAbilities":["","",""],"skills":[10386,10387,0,0],"inherentProudSkillOpens":[{"proudSkillGroupId":3821,"needAvatarPromoteLevel":1},{"proudSkillGroupId":3822,"needAvatarPromoteLevel":4},{"proudSkillGroupId":3823,"needAvatarPromoteLevel":0},{"proudSkillGroupId":0,"needAvatarPromoteLevel":0},{"proudSkillGroupId":0,"needAvatarPromoteLevel":0}],"talentStarName":"Talent_Albedo","subSkills":[10101,10102,5038010,10001],"skillDepotAbilityGroup":"","talents":[381,382,383,384,385,386],"energySkill":10388,"ADGMKLELCFN":0,"leaderTalent":0,"MGCBBMIHFMO":0,"JMAGCGPOHKE":0,"HKPHLGGKAKL":"None","id":3801,"attackModeSkill":0},"3901":{"extraAbilities":["","",""],"skills":[10391,10392,0,0],"inherentProudSkillOpens":[{"proudSkillGroupId":3921,"needAvatarPromoteLevel":1},{"proudSkillGroupId":3922,"needAvatarPromoteLevel":4},{"proudSkillGroupId":3923,"needAvatarPromoteLevel":0},{"proudSkillGroupId":0,"needAvatarPromoteLevel":0},{"proudSkillGroupId":0,"needAvatarPromoteLevel":0}],"talentStarName":"Talent_Diona","subSkills":[10101,10102,10393,10394,5039010],"skillDepotAbilityGroup":"","talents":[391,392,393,394,395,396],"energySkill":10395,"ADGMKLELCFN":0,"leaderTalent":0,"MGCBBMIHFMO":0,"JMAGCGPOHKE":0,"HKPHLGGKAKL":"None","id":3901,"attackModeSkill":20000},"4101":{"extraAbilities":["","",""],"skills":[10411,10412,10413,0],"inherentProudSkillOpens":[{"proudSkillGroupId":4121,"needAvatarPromoteLevel":1},{"proudSkillGroupId":4122,"needAvatarPromoteLevel":4},{"proudSkillGroupId":4123,"needAvatarPromoteLevel":0},{"proudSkillGroupId":0,"needAvatarPromoteLevel":0},{"proudSkillGroupId":0,"needAvatarPromoteLevel":0}],"talentStarName":"Talent_Mona","subSkills":[10101,10102,10003,5041010],"skillDepotAbilityGroup":"","talents":[411,412,413,414,415,416],"energySkill":10415,"ADGMKLELCFN":0,"leaderTalent":0,"MGCBBMIHFMO":0,"JMAGCGPOHKE":0,"HKPHLGGKAKL":"None","id":4101,"attackModeSkill":0},"4201":{"extraAbilities":["","",""],"skills":[10421,10422,0,0],"inherentProudSkillOpens":[{"proudSkillGroupId":4221,"needAvatarPromoteLevel":1},{"proudSkillGroupId":4222,"needAvatarPromoteLevel":4},{"proudSkillGroupId":4223,"needAvatarPromoteLevel":0},{"proudSkillGroupId":0,"needAvatarPromoteLevel":0},{"proudSkillGroupId":0,"needAvatarPromoteLevel":0}],"talentStarName":"Talent_Keqing","subSkills":[10001,10101,10102,10423,5042010],"skillDepotAbilityGroup":"","talents":[421,422,423,424,425,426],"energySkill":10425,"ADGMKLELCFN":0,"leaderTalent":0,"MGCBBMIHFMO":0,"JMAGCGPOHKE":0,"HKPHLGGKAKL":"None","id":4201,"attackModeSkill":0},"4301":{"extraAbilities":["","",""],"skills":[10431,10432,0,0],"inherentProudSkillOpens":[{"proudSkillGroupId":4321,"needAvatarPromoteLevel":1},{"proudSkillGroupId":4322,"needAvatarPromoteLevel":4},{"proudSkillGroupId":4323,"needAvatarPromoteLevel":0},{"proudSkillGroupId":0,"needAvatarPromoteLevel":0},{"proudSkillGroupId":0,"needAvatarPromoteLevel":0}],"talentStarName":"Talent_Sucrose","subSkills":[10101,10102,10003,10433,5043010],"skillDepotAbilityGroup":"","talents":[431,432,433,434,435,436],"energySkill":10435,"ADGMKLELCFN":0,"leaderTalent":0,"MGCBBMIHFMO":0,"JMAGCGPOHKE":0,"HKPHLGGKAKL":"None","id":4301,"attackModeSkill":0},"4401":{"extraAbilities":["","",""],"skills":[10441,10442,0,0],"inherentProudSkillOpens":[{"proudSkillGroupId":4421,"needAvatarPromoteLevel":1},{"proudSkillGroupId":4422,"needAvatarPromoteLevel":4},{"proudSkillGroupId":4423,"needAvatarPromoteLevel":0},{"proudSkillGroupId":0,"needAvatarPromoteLevel":0},{"proudSkillGroupId":0,"needAvatarPromoteLevel":0}],"talentStarName":"Talent_Xinyan","subSkills":[10101,10102,5044010],"skillDepotAbilityGroup":"","talents":[441,442,443,444,445,446],"energySkill":10443,"ADGMKLELCFN":0,"leaderTalent":0,"MGCBBMIHFMO":0,"JMAGCGPOHKE":0,"HKPHLGGKAKL":"None","id":4401,"attackModeSkill":0},"4501":{"extraAbilities":["","",""],"skills":[10451,10452,0,0],"inherentProudSkillOpens":[{"proudSkillGroupId":4521,"needAvatarPromoteLevel":1},{"proudSkillGroupId":4522,"needAvatarPromoteLevel":4},{"proudSkillGroupId":4523,"needAvatarPromoteLevel":0},{"proudSkillGroupId":0,"needAvatarPromoteLevel":0},{"proudSkillGroupId":0,"needAvatarPromoteLevel":0}],"talentStarName":"Talent_Rosaria","subSkills":[10101,10102,10002,5045010],"skillDepotAbilityGroup":"","talents":[451,452,453,454,455,456],"energySkill":10453,"ADGMKLELCFN":0,"leaderTalent":0,"MGCBBMIHFMO":0,"JMAGCGPOHKE":0,"HKPHLGGKAKL":"None","id":4501,"attackModeSkill":0},"4601":{"extraAbilities":["","",""],"skills":[10461,10462,0,0],"inherentProudSkillOpens":[{"proudSkillGroupId":4621,"needAvatarPromoteLevel":1},{"proudSkillGroupId":4622,"needAvatarPromoteLevel":4},{"proudSkillGroupId":4623,"needAvatarPromoteLevel":0},{"proudSkillGroupId":0,"needAvatarPromoteLevel":0},{"proudSkillGroupId":0,"needAvatarPromoteLevel":0}],"talentStarName":"Talent_Hutao","subSkills":[10101,10002,10102,10464,5046010],"skillDepotAbilityGroup":"","talents":[461,462,463,464,465,466],"energySkill":10463,"ADGMKLELCFN":0,"leaderTalent":0,"MGCBBMIHFMO":0,"JMAGCGPOHKE":0,"HKPHLGGKAKL":"None","id":4601,"attackModeSkill":0},"4701":{"extraAbilities":["","",""],"skills":[10471,10472,0,0],"inherentProudSkillOpens":[{"proudSkillGroupId":4721,"needAvatarPromoteLevel":1},{"proudSkillGroupId":4722,"needAvatarPromoteLevel":4},{"proudSkillGroupId":4723,"needAvatarPromoteLevel":0},{"proudSkillGroupId":0,"needAvatarPromoteLevel":0},{"proudSkillGroupId":0,"needAvatarPromoteLevel":0}],"talentStarName":"Talent_Kazuha","subSkills":[10101,10102,10001,10473,10474,5047010],"skillDepotAbilityGroup":"","talents":[471,472,473,474,475,476],"energySkill":10475,"ADGMKLELCFN":0,"leaderTalent":0,"MGCBBMIHFMO":0,"JMAGCGPOHKE":0,"HKPHLGGKAKL":"None","id":4701,"attackModeSkill":0},"4801":{"extraAbilities":["","",""],"skills":[10481,10482,0,0],"inherentProudSkillOpens":[{"proudSkillGroupId":4821,"needAvatarPromoteLevel":1},{"proudSkillGroupId":4822,"needAvatarPromoteLevel":4},{"proudSkillGroupId":4823,"needAvatarPromoteLevel":0},{"proudSkillGroupId":0,"needAvatarPromoteLevel":0},{"proudSkillGroupId":0,"needAvatarPromoteLevel":0}],"talentStarName":"Talent_Feiyan","subSkills":[10101,10102,10003,10473,5048010],"skillDepotAbilityGroup":"","talents":[481,482,483,484,485,486],"energySkill":10485,"ADGMKLELCFN":0,"leaderTalent":0,"MGCBBMIHFMO":0,"JMAGCGPOHKE":0,"HKPHLGGKAKL":"None","id":4801,"attackModeSkill":0},"4901":{"extraAbilities":["","",""],"skills":[10491,10492,0,0],"inherentProudSkillOpens":[{"proudSkillGroupId":4921,"needAvatarPromoteLevel":1},{"proudSkillGroupId":4922,"needAvatarPromoteLevel":4},{"proudSkillGroupId":4923,"needAvatarPromoteLevel":0},{"proudSkillGroupId":0,"needAvatarPromoteLevel":0},{"proudSkillGroupId":0,"needAvatarPromoteLevel":0}],"talentStarName":"Talent_Yoimiya","subSkills":[10493,5049010],"skillDepotAbilityGroup":"","talents":[491,492,493,494,495,496],"energySkill":10495,"ADGMKLELCFN":0,"leaderTalent":0,"MGCBBMIHFMO":0,"JMAGCGPOHKE":0,"HKPHLGGKAKL":"None","id":4901,"attackModeSkill":20000},"5001":{"extraAbilities":["","",""],"skills":[10501,10502,0,0],"inherentProudSkillOpens":[{"proudSkillGroupId":5021,"needAvatarPromoteLevel":1},{"proudSkillGroupId":5022,"needAvatarPromoteLevel":4},{"proudSkillGroupId":5023,"needAvatarPromoteLevel":0},{"proudSkillGroupId":0,"needAvatarPromoteLevel":0},{"proudSkillGroupId":0,"needAvatarPromoteLevel":0}],"talentStarName":"Talent_Tohma","subSkills":[10002,5050010],"skillDepotAbilityGroup":"","talents":[501,502,503,504,505,506],"energySkill":10505,"ADGMKLELCFN":0,"leaderTalent":0,"MGCBBMIHFMO":0,"JMAGCGPOHKE":0,"HKPHLGGKAKL":"None","id":5001,"attackModeSkill":0},"5101":{"extraAbilities":["","",""],"skills":[10511,10512,0,0],"inherentProudSkillOpens":[{"proudSkillGroupId":5121,"needAvatarPromoteLevel":1},{"proudSkillGroupId":5122,"needAvatarPromoteLevel":4},{"proudSkillGroupId":5123,"needAvatarPromoteLevel":0},{"proudSkillGroupId":0,"needAvatarPromoteLevel":0},{"proudSkillGroupId":0,"needAvatarPromoteLevel":0}],"talentStarName":"Talent_Eula","subSkills":[10101,10102,5051010],"skillDepotAbilityGroup":"","talents":[511,512,513,514,515,516],"energySkill":10515,"ADGMKLELCFN":0,"leaderTalent":0,"MGCBBMIHFMO":0,"JMAGCGPOHKE":0,"HKPHLGGKAKL":"None","id":5101,"attackModeSkill":0},"5201":{"extraAbilities":["","",""],"skills":[10521,10522,0,0],"inherentProudSkillOpens":[{"proudSkillGroupId":5221,"needAvatarPromoteLevel":1},{"proudSkillGroupId":5222,"needAvatarPromoteLevel":4},{"proudSkillGroupId":5223,"needAvatarPromoteLevel":0},{"proudSkillGroupId":0,"needAvatarPromoteLevel":0},{"proudSkillGroupId":5225,"needAvatarPromoteLevel":0}],"talentStarName":"Talent_Shougun","subSkills":[10001,10002,5052010],"skillDepotAbilityGroup":"","talents":[521,522,523,524,525,526],"energySkill":10525,"ADGMKLELCFN":0,"leaderTalent":0,"MGCBBMIHFMO":0,"JMAGCGPOHKE":0,"HKPHLGGKAKL":"None","id":5201,"attackModeSkill":0},"5301":{"extraAbilities":["","",""],"skills":[10531,10532,0,0],"inherentProudSkillOpens":[{"proudSkillGroupId":5321,"needAvatarPromoteLevel":1},{"proudSkillGroupId":5322,"needAvatarPromoteLevel":4},{"proudSkillGroupId":5323,"needAvatarPromoteLevel":0},{"proudSkillGroupId":0,"needAvatarPromoteLevel":0},{"proudSkillGroupId":0,"needAvatarPromoteLevel":0}],"talentStarName":"Talent_Sayu","subSkills":[10533,5053010],"skillDepotAbilityGroup":"","talents":[531,532,533,534,535,536],"energySkill":10535,"ADGMKLELCFN":0,"leaderTalent":0,"MGCBBMIHFMO":0,"JMAGCGPOHKE":0,"HKPHLGGKAKL":"None","id":5301,"attackModeSkill":0},"5401":{"extraAbilities":["","",""],"skills":[10541,10542,0,0],"inherentProudSkillOpens":[{"proudSkillGroupId":5421,"needAvatarPromoteLevel":1},{"proudSkillGroupId":5422,"needAvatarPromoteLevel":4},{"proudSkillGroupId":5423,"needAvatarPromoteLevel":0},{"proudSkillGroupId":0,"needAvatarPromoteLevel":0},{"proudSkillGroupId":5425,"needAvatarPromoteLevel":0}],"talentStarName":"Talent_Kokomi","subSkills":[10003,5054010],"skillDepotAbilityGroup":"","talents":[541,542,543,544,545,546],"energySkill":10545,"ADGMKLELCFN":0,"leaderTalent":0,"MGCBBMIHFMO":0,"JMAGCGPOHKE":0,"HKPHLGGKAKL":"None","id":5401,"attackModeSkill":0},"5501":{"extraAbilities":["","",""],"skills":[10551,10552,0,0],"inherentProudSkillOpens":[{"proudSkillGroupId":5521,"needAvatarPromoteLevel":1},{"proudSkillGroupId":5522,"needAvatarPromoteLevel":4},{"proudSkillGroupId":5523,"needAvatarPromoteLevel":0},{"proudSkillGroupId":0,"needAvatarPromoteLevel":0},{"proudSkillGroupId":0,"needAvatarPromoteLevel":0}],"talentStarName":"Talent_Gorou","subSkills":[10553,10554,5055010],"skillDepotAbilityGroup":"","talents":[551,552,553,554,555,556],"energySkill":10555,"ADGMKLELCFN":0,"leaderTalent":0,"MGCBBMIHFMO":0,"JMAGCGPOHKE":0,"HKPHLGGKAKL":"None","id":5501,"attackModeSkill":20000},"5601":{"extraAbilities":["","",""],"skills":[10561,10562,0,0],"inherentProudSkillOpens":[{"proudSkillGroupId":5621,"needAvatarPromoteLevel":1},{"proudSkillGroupId":5622,"needAvatarPromoteLevel":4},{"proudSkillGroupId":5623,"needAvatarPromoteLevel":0},{"proudSkillGroupId":0,"needAvatarPromoteLevel":0},{"proudSkillGroupId":0,"needAvatarPromoteLevel":0}],"talentStarName":"Talent_Sara","subSkills":[10563,10564,5056010],"skillDepotAbilityGroup":"","talents":[561,562,563,564,565,566],"energySkill":10565,"ADGMKLELCFN":0,"leaderTalent":0,"MGCBBMIHFMO":0,"JMAGCGPOHKE":0,"HKPHLGGKAKL":"None","id":5601,"attackModeSkill":20000},"5701":{"extraAbilities":["","",""],"skills":[10571,10572,0,0],"inherentProudSkillOpens":[{"proudSkillGroupId":5721,"needAvatarPromoteLevel":1},{"proudSkillGroupId":5722,"needAvatarPromoteLevel":4},{"proudSkillGroupId":5723,"needAvatarPromoteLevel":0},{"proudSkillGroupId":0,"needAvatarPromoteLevel":0},{"proudSkillGroupId":0,"needAvatarPromoteLevel":0}],"talentStarName":"Talent_Itto","subSkills":[10004,10102,5057010],"skillDepotAbilityGroup":"","talents":[571,572,573,574,575,576],"energySkill":10575,"ADGMKLELCFN":0,"leaderTalent":0,"MGCBBMIHFMO":0,"JMAGCGPOHKE":0,"HKPHLGGKAKL":"None","id":5701,"attackModeSkill":0},"5801":{"extraAbilities":["","",""],"skills":[10581,10582,0,0],"inherentProudSkillOpens":[{"proudSkillGroupId":5821,"needAvatarPromoteLevel":1},{"proudSkillGroupId":5822,"needAvatarPromoteLevel":4},{"proudSkillGroupId":5823,"needAvatarPromoteLevel":0},{"proudSkillGroupId":0,"needAvatarPromoteLevel":0},{"proudSkillGroupId":0,"needAvatarPromoteLevel":0}],"talentStarName":"Talent_Yae","subSkills":[10583,10003,5058010],"skillDepotAbilityGroup":"","talents":[581,582,583,584,585,586],"energySkill":10585,"ADGMKLELCFN":0,"leaderTalent":0,"MGCBBMIHFMO":0,"JMAGCGPOHKE":0,"HKPHLGGKAKL":"None","id":5801,"attackModeSkill":0},"5901":{"extraAbilities":["","",""],"skills":[10591,10592,0,0],"inherentProudSkillOpens":[{"proudSkillGroupId":5921,"needAvatarPromoteLevel":1},{"proudSkillGroupId":5922,"needAvatarPromoteLevel":4},{"proudSkillGroupId":5923,"needAvatarPromoteLevel":0},{"proudSkillGroupId":0,"needAvatarPromoteLevel":0},{"proudSkillGroupId":0,"needAvatarPromoteLevel":0}],"talentStarName":"Talent_Heizo","subSkills":[10003,5059010],"skillDepotAbilityGroup":"","talents":[591,592,593,594,595,596],"energySkill":10595,"ADGMKLELCFN":0,"leaderTalent":0,"MGCBBMIHFMO":0,"JMAGCGPOHKE":0,"HKPHLGGKAKL":"None","id":5901,"attackModeSkill":0},"6001":{"extraAbilities":["","",""],"skills":[10606,10607,0,0],"inherentProudSkillOpens":[{"proudSkillGroupId":6021,"needAvatarPromoteLevel":1},{"proudSkillGroupId":6022,"needAvatarPromoteLevel":4},{"proudSkillGroupId":6023,"needAvatarPromoteLevel":0},{"proudSkillGroupId":0,"needAvatarPromoteLevel":0},{"proudSkillGroupId":0,"needAvatarPromoteLevel":0}],"talentStarName":"Talent_Yelan","subSkills":[10608,10609,5060010],"skillDepotAbilityGroup":"","talents":[601,602,603,604,605,606],"energySkill":10610,"ADGMKLELCFN":0,"leaderTalent":0,"MGCBBMIHFMO":0,"JMAGCGPOHKE":0,"HKPHLGGKAKL":"None","id":6001,"attackModeSkill":20000},"6101":{"extraAbilities":["","",""],"skills":[10611,10612,0,0],"inherentProudSkillOpens":[{"proudSkillGroupId":6121,"needAvatarPromoteLevel":1},{"proudSkillGroupId":6122,"needAvatarPromoteLevel":4},{"proudSkillGroupId":6123,"needAvatarPromoteLevel":0},{"proudSkillGroupId":0,"needAvatarPromoteLevel":0},{"proudSkillGroupId":0,"needAvatarPromoteLevel":0}],"talentStarName":"Talent_Momoka","subSkills":[10101,10102,10001,10613,5061010],"skillDepotAbilityGroup":"","talents":[611,612,613,614,615,616],"energySkill":10615,"ADGMKLELCFN":0,"leaderTalent":0,"MGCBBMIHFMO":0,"JMAGCGPOHKE":0,"HKPHLGGKAKL":"None","id":6101,"attackModeSkill":0},"6201":{"extraAbilities":["","",""],"skills":[10621,10622,0,0],"inherentProudSkillOpens":[{"proudSkillGroupId":6221,"needAvatarPromoteLevel":1},{"proudSkillGroupId":6222,"needAvatarPromoteLevel":4},{"proudSkillGroupId":6223,"needAvatarPromoteLevel":0},{"proudSkillGroupId":0,"needAvatarPromoteLevel":0},{"proudSkillGroupId":0,"needAvatarPromoteLevel":0}],"talentStarName":"Talent_Aloy","subSkills":[10623,10624,5062010],"skillDepotAbilityGroup":"","talents":[621,622,623,624,625,626],"energySkill":10625,"ADGMKLELCFN":0,"leaderTalent":0,"MGCBBMIHFMO":0,"JMAGCGPOHKE":0,"HKPHLGGKAKL":"None","id":6201,"attackModeSkill":20000},"6301":{"extraAbilities":["","",""],"skills":[10631,10632,0,0],"inherentProudSkillOpens":[{"proudSkillGroupId":6321,"needAvatarPromoteLevel":1},{"proudSkillGroupId":6322,"needAvatarPromoteLevel":4},{"proudSkillGroupId":6323,"needAvatarPromoteLevel":0},{"proudSkillGroupId":0,"needAvatarPromoteLevel":0},{"proudSkillGroupId":0,"needAvatarPromoteLevel":0}],"talentStarName":"Talent_Shenhe","subSkills":[10101,10102,10002,5063010],"skillDepotAbilityGroup":"","talents":[631,632,633,634,635,636],"energySkill":10635,"ADGMKLELCFN":0,"leaderTalent":0,"MGCBBMIHFMO":0,"JMAGCGPOHKE":0,"HKPHLGGKAKL":"None","id":6301,"attackModeSkill":0},"6401":{"extraAbilities":["","",""],"skills":[10641,10642,0,0],"inherentProudSkillOpens":[{"proudSkillGroupId":6421,"needAvatarPromoteLevel":1},{"proudSkillGroupId":6422,"needAvatarPromoteLevel":4},{"proudSkillGroupId":6423,"needAvatarPromoteLevel":0},{"proudSkillGroupId":0,"needAvatarPromoteLevel":0},{"proudSkillGroupId":0,"needAvatarPromoteLevel":0}],"talentStarName":"Talent_Yunjin","subSkills":[10002,5064010],"skillDepotAbilityGroup":"","talents":[641,642,643,644,645,646],"energySkill":10643,"ADGMKLELCFN":0,"leaderTalent":0,"MGCBBMIHFMO":0,"JMAGCGPOHKE":0,"HKPHLGGKAKL":"None","id":6401,"attackModeSkill":0},"6501":{"extraAbilities":["","",""],"skills":[10651,10652,0,0],"inherentProudSkillOpens":[{"proudSkillGroupId":6521,"needAvatarPromoteLevel":1},{"proudSkillGroupId":6522,"needAvatarPromoteLevel":4},{"proudSkillGroupId":6523,"needAvatarPromoteLevel":0},{"proudSkillGroupId":0,"needAvatarPromoteLevel":0},{"proudSkillGroupId":0,"needAvatarPromoteLevel":0}],"talentStarName":"Talent_Shinobu","subSkills":[10101,10102,10001,10656,10657,5065010],"skillDepotAbilityGroup":"","talents":[651,652,653,654,655,656],"energySkill":10655,"ADGMKLELCFN":0,"leaderTalent":0,"MGCBBMIHFMO":0,"JMAGCGPOHKE":0,"HKPHLGGKAKL":"None","id":6501,"attackModeSkill":0},"6601":{"extraAbilities":["","",""],"skills":[10661,10662,0,0],"inherentProudSkillOpens":[{"proudSkillGroupId":6621,"needAvatarPromoteLevel":1},{"proudSkillGroupId":6622,"needAvatarPromoteLevel":4},{"proudSkillGroupId":6623,"needAvatarPromoteLevel":0},{"proudSkillGroupId":0,"needAvatarPromoteLevel":0},{"proudSkillGroupId":0,"needAvatarPromoteLevel":0}],"talentStarName":"Talent_Ayato","subSkills":[10001,10663,5066010],"skillDepotAbilityGroup":"","talents":[661,662,663,664,665,666],"energySkill":10665,"ADGMKLELCFN":0,"leaderTalent":0,"MGCBBMIHFMO":0,"JMAGCGPOHKE":0,"HKPHLGGKAKL":"None","id":6601,"attackModeSkill":0},"6701":{"extraAbilities":["","",""],"skills":[10671,10672,0,0],"inherentProudSkillOpens":[{"proudSkillGroupId":6721,"needAvatarPromoteLevel":1},{"proudSkillGroupId":6722,"needAvatarPromoteLevel":4},{"proudSkillGroupId":6723,"needAvatarPromoteLevel":0},{"proudSkillGroupId":0,"needAvatarPromoteLevel":0},{"proudSkillGroupId":0,"needAvatarPromoteLevel":0}],"talentStarName":"Talent_Collei","subSkills":[10674,5067010],"skillDepotAbilityGroup":"","talents":[671,672,673,674,675,676],"energySkill":10675,"ADGMKLELCFN":0,"leaderTalent":0,"MGCBBMIHFMO":0,"JMAGCGPOHKE":0,"HKPHLGGKAKL":"None","id":6701,"attackModeSkill":20000},"6801":{"extraAbilities":["","",""],"skills":[10681,10682,0,0],"inherentProudSkillOpens":[{"proudSkillGroupId":6821,"needAvatarPromoteLevel":1},{"proudSkillGroupId":6822,"needAvatarPromoteLevel":4},{"proudSkillGroupId":6823,"needAvatarPromoteLevel":0},{"proudSkillGroupId":0,"needAvatarPromoteLevel":0},{"proudSkillGroupId":0,"needAvatarPromoteLevel":0}],"talentStarName":"Talent_Dori","subSkills":[5068010],"skillDepotAbilityGroup":"","talents":[681,682,683,684,685,686],"energySkill":10685,"ADGMKLELCFN":0,"leaderTalent":0,"MGCBBMIHFMO":0,"JMAGCGPOHKE":0,"HKPHLGGKAKL":"None","id":6801,"attackModeSkill":0},"6901":{"extraAbilities":["","",""],"skills":[10691,10692,0,0],"inherentProudSkillOpens":[{"proudSkillGroupId":6921,"needAvatarPromoteLevel":1},{"proudSkillGroupId":6922,"needAvatarPromoteLevel":4},{"proudSkillGroupId":6923,"needAvatarPromoteLevel":0},{"proudSkillGroupId":0,"needAvatarPromoteLevel":0},{"proudSkillGroupId":0,"needAvatarPromoteLevel":0}],"talentStarName":"Talent_Tighnari","subSkills":[10693,5069010],"skillDepotAbilityGroup":"","talents":[691,692,693,694,695,696],"energySkill":10695,"ADGMKLELCFN":0,"leaderTalent":0,"MGCBBMIHFMO":0,"JMAGCGPOHKE":0,"HKPHLGGKAKL":"None","id":6901,"attackModeSkill":20000},"7001":{"extraAbilities":["","",""],"skills":[10701,10702,0,0],"inherentProudSkillOpens":[{"proudSkillGroupId":7021,"needAvatarPromoteLevel":1},{"proudSkillGroupId":7022,"needAvatarPromoteLevel":4},{"proudSkillGroupId":7023,"needAvatarPromoteLevel":0},{"proudSkillGroupId":0,"needAvatarPromoteLevel":0},{"proudSkillGroupId":0,"needAvatarPromoteLevel":0}],"talentStarName":"Talent_Nilou","subSkills":[10703,10704,10706,10707,10708,10001,10101,10102,5070010],"skillDepotAbilityGroup":"","talents":[701,702,703,704,705,706],"energySkill":10705,"ADGMKLELCFN":0,"leaderTalent":0,"MGCBBMIHFMO":0,"JMAGCGPOHKE":0,"HKPHLGGKAKL":"None","id":7001,"attackModeSkill":0},"7101":{"extraAbilities":["","",""],"skills":[10711,10712,0,0],"inherentProudSkillOpens":[{"proudSkillGroupId":7121,"needAvatarPromoteLevel":1},{"proudSkillGroupId":7122,"needAvatarPromoteLevel":4},{"proudSkillGroupId":7123,"needAvatarPromoteLevel":0},{"proudSkillGroupId":0,"needAvatarPromoteLevel":0},{"proudSkillGroupId":0,"needAvatarPromoteLevel":0}],"talentStarName":"Talent_Cyno","subSkills":[10002,10713,5071010],"skillDepotAbilityGroup":"","talents":[711,712,713,714,715,716],"energySkill":10715,"ADGMKLELCFN":0,"leaderTalent":0,"MGCBBMIHFMO":0,"JMAGCGPOHKE":0,"HKPHLGGKAKL":"None","id":7101,"attackModeSkill":0},"7201":{"extraAbilities":["","",""],"skills":[10721,10722,0,0],"inherentProudSkillOpens":[{"proudSkillGroupId":7221,"needAvatarPromoteLevel":1},{"proudSkillGroupId":7222,"needAvatarPromoteLevel":4},{"proudSkillGroupId":7223,"needAvatarPromoteLevel":0},{"proudSkillGroupId":0,"needAvatarPromoteLevel":0},{"proudSkillGroupId":0,"needAvatarPromoteLevel":0}],"talentStarName":"Talent_Candace","subSkills":[10002,5072010],"skillDepotAbilityGroup":"","talents":[721,722,723,724,725,726],"energySkill":10725,"ADGMKLELCFN":0,"leaderTalent":0,"MGCBBMIHFMO":0,"JMAGCGPOHKE":0,"HKPHLGGKAKL":"None","id":7201,"attackModeSkill":0},"7301":{"extraAbilities":["","",""],"skills":[10731,10732,0,0],"inherentProudSkillOpens":[{"proudSkillGroupId":7321,"needAvatarPromoteLevel":1},{"proudSkillGroupId":7322,"needAvatarPromoteLevel":4},{"proudSkillGroupId":7323,"needAvatarPromoteLevel":0},{"proudSkillGroupId":0,"needAvatarPromoteLevel":0},{"proudSkillGroupId":0,"needAvatarPromoteLevel":0}],"talentStarName":"Talent_Nahida","subSkills":[10003,5073010],"skillDepotAbilityGroup":"","talents":[731,732,733,734,735,736],"energySkill":10735,"ADGMKLELCFN":0,"leaderTalent":0,"MGCBBMIHFMO":0,"JMAGCGPOHKE":0,"HKPHLGGKAKL":"None","id":7301,"attackModeSkill":0},"7401":{"extraAbilities":["","",""],"skills":[10741,10742,0,0],"inherentProudSkillOpens":[{"proudSkillGroupId":7421,"needAvatarPromoteLevel":1},{"proudSkillGroupId":7422,"needAvatarPromoteLevel":4},{"proudSkillGroupId":7423,"needAvatarPromoteLevel":0},{"proudSkillGroupId":0,"needAvatarPromoteLevel":0},{"proudSkillGroupId":0,"needAvatarPromoteLevel":0}],"talentStarName":"Talent_Layla","subSkills":[10001,5074010],"skillDepotAbilityGroup":"","talents":[741,742,743,744,745,746],"energySkill":10745,"ADGMKLELCFN":0,"leaderTalent":0,"MGCBBMIHFMO":0,"JMAGCGPOHKE":0,"HKPHLGGKAKL":"None","id":7401,"attackModeSkill":0},"7501":{"extraAbilities":["","",""],"skills":[10751,10752,0,0],"inherentProudSkillOpens":[{"proudSkillGroupId":7521,"needAvatarPromoteLevel":1},{"proudSkillGroupId":7522,"needAvatarPromoteLevel":4},{"proudSkillGroupId":7523,"needAvatarPromoteLevel":0},{"proudSkillGroupId":0,"needAvatarPromoteLevel":0},{"proudSkillGroupId":0,"needAvatarPromoteLevel":0}],"talentStarName":"Talent_Wanderer","subSkills":[10753,10756,10757,10758,10759,10750,10003,5075010],"skillDepotAbilityGroup":"","talents":[751,752,753,754,755,756],"energySkill":10755,"ADGMKLELCFN":0,"leaderTalent":0,"MGCBBMIHFMO":0,"JMAGCGPOHKE":0,"HKPHLGGKAKL":"None","id":7501,"attackModeSkill":0},"7601":{"extraAbilities":["","",""],"skills":[10761,10762,0,0],"inherentProudSkillOpens":[{"proudSkillGroupId":7621,"needAvatarPromoteLevel":1},{"proudSkillGroupId":7622,"needAvatarPromoteLevel":4},{"proudSkillGroupId":7623,"needAvatarPromoteLevel":0},{"proudSkillGroupId":0,"needAvatarPromoteLevel":0},{"proudSkillGroupId":0,"needAvatarPromoteLevel":0}],"talentStarName":"Talent_Faruzan","subSkills":[10764,10101,10102,5076010],"skillDepotAbilityGroup":"","talents":[761,762,763,764,765,766],"energySkill":10765,"ADGMKLELCFN":0,"leaderTalent":0,"MGCBBMIHFMO":0,"JMAGCGPOHKE":0,"HKPHLGGKAKL":"None","id":7601,"attackModeSkill":20000},"7701":{"extraAbilities":["","",""],"skills":[10771,10772,0,0],"inherentProudSkillOpens":[{"proudSkillGroupId":7721,"needAvatarPromoteLevel":1},{"proudSkillGroupId":7722,"needAvatarPromoteLevel":4},{"proudSkillGroupId":7723,"needAvatarPromoteLevel":0},{"proudSkillGroupId":0,"needAvatarPromoteLevel":0},{"proudSkillGroupId":0,"needAvatarPromoteLevel":0}],"talentStarName":"Talent_Yaoyao","subSkills":[10101,10102,10002,5077010],"skillDepotAbilityGroup":"","talents":[771,772,773,774,775,776],"energySkill":10775,"ADGMKLELCFN":0,"leaderTalent":0,"MGCBBMIHFMO":0,"JMAGCGPOHKE":0,"HKPHLGGKAKL":"None","id":7701,"attackModeSkill":0},"7801":{"extraAbilities":["","",""],"skills":[10781,10782,0,0],"inherentProudSkillOpens":[{"proudSkillGroupId":7821,"needAvatarPromoteLevel":1},{"proudSkillGroupId":7822,"needAvatarPromoteLevel":4},{"proudSkillGroupId":7823,"needAvatarPromoteLevel":0},{"proudSkillGroupId":0,"needAvatarPromoteLevel":0},{"proudSkillGroupId":0,"needAvatarPromoteLevel":0}],"talentStarName":"Talent_Alhatham","subSkills":[10001,5078010],"skillDepotAbilityGroup":"","talents":[781,782,783,784,785,786],"energySkill":10785,"ADGMKLELCFN":0,"leaderTalent":0,"MGCBBMIHFMO":0,"JMAGCGPOHKE":0,"HKPHLGGKAKL":"None","id":7801,"attackModeSkill":0},"7901":{"extraAbilities":["","",""],"skills":[10791,10792,0,0],"inherentProudSkillOpens":[{"proudSkillGroupId":7921,"needAvatarPromoteLevel":1},{"proudSkillGroupId":7922,"needAvatarPromoteLevel":4},{"proudSkillGroupId":7923,"needAvatarPromoteLevel":0},{"proudSkillGroupId":0,"needAvatarPromoteLevel":0},{"proudSkillGroupId":0,"needAvatarPromoteLevel":0}],"talentStarName":"Talent_Dehya","subSkills":[10004,10102,10793,10794,5079010],"skillDepotAbilityGroup":"","talents":[791,792,793,794,795,796],"energySkill":10795,"ADGMKLELCFN":0,"leaderTalent":0,"MGCBBMIHFMO":0,"JMAGCGPOHKE":0,"HKPHLGGKAKL":"None","id":7901,"attackModeSkill":0},"8001":{"extraAbilities":["","",""],"skills":[10801,10802,0,0],"inherentProudSkillOpens":[{"proudSkillGroupId":8021,"needAvatarPromoteLevel":1},{"proudSkillGroupId":8022,"needAvatarPromoteLevel":4},{"proudSkillGroupId":8023,"needAvatarPromoteLevel":0},{"proudSkillGroupId":0,"needAvatarPromoteLevel":0},{"proudSkillGroupId":0,"needAvatarPromoteLevel":0}],"talentStarName":"Talent_Mika","subSkills":[10002,5080010],"skillDepotAbilityGroup":"","talents":[801,802,803,804,805,806],"energySkill":10805,"ADGMKLELCFN":0,"leaderTalent":0,"MGCBBMIHFMO":0,"JMAGCGPOHKE":0,"HKPHLGGKAKL":"None","id":8001,"attackModeSkill":0},"8011":{"extraAbilities":["","",""],"skills":[0,0,0,0],"inherentProudSkillOpens":[{"proudSkillGroupId":0,"needAvatarPromoteLevel":0},{"proudSkillGroupId":0,"needAvatarPromoteLevel":0},{"proudSkillGroupId":0,"needAvatarPromoteLevel":0},{"proudSkillGroupId":0,"needAvatarPromoteLevel":0},{"proudSkillGroupId":0,"needAvatarPromoteLevel":0}],"talentStarName":"","subSkills":[],"skillDepotAbilityGroup":"","talents":[0,0,0,0,0,0],"energySkill":0,"ADGMKLELCFN":0,"leaderTalent":0,"MGCBBMIHFMO":0,"JMAGCGPOHKE":0,"HKPHLGGKAKL":"None","id":8011,"attackModeSkill":0},"8101":{"extraAbilities":["","",""],"skills":[10811,10812,0,0],"inherentProudSkillOpens":[{"proudSkillGroupId":8121,"needAvatarPromoteLevel":1},{"proudSkillGroupId":8122,"needAvatarPromoteLevel":4},{"proudSkillGroupId":8123,"needAvatarPromoteLevel":0},{"proudSkillGroupId":0,"needAvatarPromoteLevel":0},{"proudSkillGroupId":0,"needAvatarPromoteLevel":0}],"talentStarName":"Talent_Kaveh","subSkills":[10004,10102,5081010],"skillDepotAbilityGroup":"","talents":[811,812,813,814,815,816],"energySkill":10815,"ADGMKLELCFN":0,"leaderTalent":0,"MGCBBMIHFMO":0,"JMAGCGPOHKE":0,"HKPHLGGKAKL":"None","id":8101,"attackModeSkill":0},"8201":{"extraAbilities":["","",""],"skills":[10821,10822,0,0],"inherentProudSkillOpens":[{"proudSkillGroupId":8221,"needAvatarPromoteLevel":1},{"proudSkillGroupId":8222,"needAvatarPromoteLevel":4},{"proudSkillGroupId":8223,"needAvatarPromoteLevel":0},{"proudSkillGroupId":0,"needAvatarPromoteLevel":0},{"proudSkillGroupId":0,"needAvatarPromoteLevel":0}],"talentStarName":"Talent_Baizhuer","subSkills":[10003,5082010],"skillDepotAbilityGroup":"","talents":[821,822,823,824,825,826],"energySkill":10825,"ADGMKLELCFN":0,"leaderTalent":0,"MGCBBMIHFMO":0,"JMAGCGPOHKE":0,"HKPHLGGKAKL":"None","id":8201,"attackModeSkill":0},"8301":{"extraAbilities":["","",""],"skills":[10831,10832,0,0],"inherentProudSkillOpens":[{"proudSkillGroupId":8321,"needAvatarPromoteLevel":1},{"proudSkillGroupId":8322,"needAvatarPromoteLevel":4},{"proudSkillGroupId":8323,"needAvatarPromoteLevel":0},{"proudSkillGroupId":0,"needAvatarPromoteLevel":0},{"proudSkillGroupId":0,"needAvatarPromoteLevel":0}],"talentStarName":"Talent_Linette","subSkills":[10833,10001,5083010],"skillDepotAbilityGroup":"","talents":[831,832,833,834,835,836],"energySkill":10835,"ADGMKLELCFN":0,"leaderTalent":0,"MGCBBMIHFMO":0,"JMAGCGPOHKE":0,"HKPHLGGKAKL":"Pneuma","id":8301,"attackModeSkill":0},"8401":{"extraAbilities":["","",""],"skills":[10841,10842,0,0],"inherentProudSkillOpens":[{"proudSkillGroupId":8421,"needAvatarPromoteLevel":1},{"proudSkillGroupId":8422,"needAvatarPromoteLevel":4},{"proudSkillGroupId":8423,"needAvatarPromoteLevel":0},{"proudSkillGroupId":0,"needAvatarPromoteLevel":0},{"proudSkillGroupId":0,"needAvatarPromoteLevel":0}],"talentStarName":"Talent_Liney","subSkills":[10843,10844,5084010],"skillDepotAbilityGroup":"","talents":[841,842,843,844,845,846],"energySkill":10845,"ADGMKLELCFN":0,"leaderTalent":0,"MGCBBMIHFMO":0,"JMAGCGPOHKE":0,"HKPHLGGKAKL":"Ousia","id":8401,"attackModeSkill":20000},"8501":{"extraAbilities":["","",""],"skills":[10851,10852,0,0],"inherentProudSkillOpens":[{"proudSkillGroupId":8521,"needAvatarPromoteLevel":1},{"proudSkillGroupId":8522,"needAvatarPromoteLevel":4},{"proudSkillGroupId":8523,"needAvatarPromoteLevel":0},{"proudSkillGroupId":0,"needAvatarPromoteLevel":0},{"proudSkillGroupId":0,"needAvatarPromoteLevel":0}],"talentStarName":"Talent_Freminet","subSkills":[10004,10853,10854,5085010],"skillDepotAbilityGroup":"","talents":[851,852,853,854,855,856],"energySkill":10855,"ADGMKLELCFN":0,"leaderTalent":0,"MGCBBMIHFMO":0,"JMAGCGPOHKE":0,"HKPHLGGKAKL":"Ousia","id":8501,"attackModeSkill":0},"8601":{"extraAbilities":["","",""],"skills":[10861,10862,0,0],"inherentProudSkillOpens":[{"proudSkillGroupId":8621,"needAvatarPromoteLevel":1},{"proudSkillGroupId":8622,"needAvatarPromoteLevel":4},{"proudSkillGroupId":8623,"needAvatarPromoteLevel":0},{"proudSkillGroupId":0,"needAvatarPromoteLevel":0},{"proudSkillGroupId":0,"needAvatarPromoteLevel":0}],"talentStarName":"Talent_Wriothesley","subSkills":[10003,5086010],"skillDepotAbilityGroup":"","talents":[861,862,863,864,865,866],"energySkill":10865,"ADGMKLELCFN":0,"leaderTalent":0,"MGCBBMIHFMO":0,"JMAGCGPOHKE":0,"HKPHLGGKAKL":"Pneuma","id":8601,"attackModeSkill":0},"8701":{"extraAbilities":["","",""],"skills":[10871,10872,0,0],"inherentProudSkillOpens":[{"proudSkillGroupId":8721,"needAvatarPromoteLevel":1},{"proudSkillGroupId":8722,"needAvatarPromoteLevel":4},{"proudSkillGroupId":8723,"needAvatarPromoteLevel":0},{"proudSkillGroupId":0,"needAvatarPromoteLevel":0},{"proudSkillGroupId":0,"needAvatarPromoteLevel":0}],"talentStarName":"Talent_Neuvillette","subSkills":[10003,5087010],"skillDepotAbilityGroup":"","talents":[871,872,873,874,875,876],"energySkill":10875,"ADGMKLELCFN":0,"leaderTalent":0,"MGCBBMIHFMO":0,"JMAGCGPOHKE":0,"HKPHLGGKAKL":"Ousia","id":8701,"attackModeSkill":0},"8801":{"extraAbilities":["","",""],"skills":[10881,10882,0,0],"inherentProudSkillOpens":[{"proudSkillGroupId":8821,"needAvatarPromoteLevel":1},{"proudSkillGroupId":8822,"needAvatarPromoteLevel":4},{"proudSkillGroupId":8823,"needAvatarPromoteLevel":0},{"proudSkillGroupId":0,"needAvatarPromoteLevel":0},{"proudSkillGroupId":0,"needAvatarPromoteLevel":0}],"talentStarName":"Talent_Charlotte","subSkills":[10003,5088010],"skillDepotAbilityGroup":"","talents":[881,882,883,884,885,886],"energySkill":10885,"ADGMKLELCFN":0,"leaderTalent":0,"MGCBBMIHFMO":0,"JMAGCGPOHKE":0,"HKPHLGGKAKL":"Ousia","id":8801,"attackModeSkill":0},"8901":{"extraAbilities":["","",""],"skills":[10891,10892,0,0],"inherentProudSkillOpens":[{"proudSkillGroupId":8921,"needAvatarPromoteLevel":1},{"proudSkillGroupId":8922,"needAvatarPromoteLevel":4},{"proudSkillGroupId":8923,"needAvatarPromoteLevel":0},{"proudSkillGroupId":0,"needAvatarPromoteLevel":0},{"proudSkillGroupId":0,"needAvatarPromoteLevel":0}],"talentStarName":"Talent_Furina","subSkills":[10001,5089010,10893],"skillDepotAbilityGroup":"","talents":[891,892,893,894,895,896],"energySkill":10895,"ADGMKLELCFN":0,"leaderTalent":0,"MGCBBMIHFMO":0,"JMAGCGPOHKE":0,"HKPHLGGKAKL":"Furina","id":8901,"attackModeSkill":0},"9001":{"extraAbilities":["","",""],"skills":[10901,10902,0,0],"inherentProudSkillOpens":[{"proudSkillGroupId":9021,"needAvatarPromoteLevel":1},{"proudSkillGroupId":9022,"needAvatarPromoteLevel":4},{"proudSkillGroupId":9023,"needAvatarPromoteLevel":0},{"proudSkillGroupId":0,"needAvatarPromoteLevel":0},{"proudSkillGroupId":0,"needAvatarPromoteLevel":0}],"talentStarName":"Talent_Chevreuse","subSkills":[10002,5090010],"skillDepotAbilityGroup":"","talents":[901,902,903,904,905,906],"energySkill":10905,"ADGMKLELCFN":0,"leaderTalent":0,"MGCBBMIHFMO":0,"JMAGCGPOHKE":0,"HKPHLGGKAKL":"Pneuma","id":9001,"attackModeSkill":0},"9011":{"extraAbilities":["","",""],"skills":[0,0,0,0],"inherentProudSkillOpens":[{"proudSkillGroupId":0,"needAvatarPromoteLevel":0},{"proudSkillGroupId":0,"needAvatarPromoteLevel":0},{"proudSkillGroupId":0,"needAvatarPromoteLevel":0},{"proudSkillGroupId":0,"needAvatarPromoteLevel":0},{"proudSkillGroupId":0,"needAvatarPromoteLevel":0}],"talentStarName":"","subSkills":[],"skillDepotAbilityGroup":"","talents":[0,0,0,0,0,0],"energySkill":0,"ADGMKLELCFN":0,"leaderTalent":0,"MGCBBMIHFMO":0,"JMAGCGPOHKE":0,"HKPHLGGKAKL":"None","id":9011,"attackModeSkill":0},"9101":{"extraAbilities":["","",""],"skills":[10911,10912,0,0],"inherentProudSkillOpens":[{"proudSkillGroupId":9121,"needAvatarPromoteLevel":1},{"proudSkillGroupId":9122,"needAvatarPromoteLevel":4},{"proudSkillGroupId":9123,"needAvatarPromoteLevel":0},{"proudSkillGroupId":0,"needAvatarPromoteLevel":0},{"proudSkillGroupId":0,"needAvatarPromoteLevel":0}],"talentStarName":"Talent_Navia","subSkills":[10004,10102,5091010],"skillDepotAbilityGroup":"","talents":[911,912,913,914,915,916],"energySkill":10915,"ADGMKLELCFN":0,"leaderTalent":0,"MGCBBMIHFMO":0,"JMAGCGPOHKE":0,"HKPHLGGKAKL":"Pneuma","id":9101,"attackModeSkill":0},"9201":{"extraAbilities":["","",""],"skills":[10921,10922,0,0],"inherentProudSkillOpens":[{"proudSkillGroupId":9221,"needAvatarPromoteLevel":1},{"proudSkillGroupId":9222,"needAvatarPromoteLevel":4},{"proudSkillGroupId":9223,"needAvatarPromoteLevel":0},{"proudSkillGroupId":0,"needAvatarPromoteLevel":0},{"proudSkillGroupId":0,"needAvatarPromoteLevel":0}],"talentStarName":"Talent_Gaming","subSkills":[10004,10102,10923,5092010],"skillDepotAbilityGroup":"","talents":[921,922,923,924,925,926],"energySkill":10925,"ADGMKLELCFN":0,"leaderTalent":0,"MGCBBMIHFMO":0,"JMAGCGPOHKE":0,"HKPHLGGKAKL":"None","id":9201,"attackModeSkill":0},"9301":{"extraAbilities":["","",""],"skills":[10931,10932,0,0],"inherentProudSkillOpens":[{"proudSkillGroupId":9321,"needAvatarPromoteLevel":1},{"proudSkillGroupId":9322,"needAvatarPromoteLevel":4},{"proudSkillGroupId":9323,"needAvatarPromoteLevel":0},{"proudSkillGroupId":0,"needAvatarPromoteLevel":0},{"proudSkillGroupId":0,"needAvatarPromoteLevel":0}],"talentStarName":"Talent_Liuyun","subSkills":[10003,10933,10936,10937,10934,5093010],"skillDepotAbilityGroup":"","talents":[931,932,933,934,935,936],"energySkill":10935,"ADGMKLELCFN":0,"leaderTalent":0,"MGCBBMIHFMO":0,"JMAGCGPOHKE":0,"HKPHLGGKAKL":"None","id":9301,"attackModeSkill":0},"9401":{"extraAbilities":["","",""],"skills":[10941,10942,0,0],"inherentProudSkillOpens":[{"proudSkillGroupId":9421,"needAvatarPromoteLevel":1},{"proudSkillGroupId":9422,"needAvatarPromoteLevel":4},{"proudSkillGroupId":9423,"needAvatarPromoteLevel":0},{"proudSkillGroupId":0,"needAvatarPromoteLevel":0},{"proudSkillGroupId":0,"needAvatarPromoteLevel":0}],"talentStarName":"Talent_Chiori","subSkills":[10001,10944,5094010],"skillDepotAbilityGroup":"","talents":[941,942,943,944,945,946],"energySkill":10945,"ADGMKLELCFN":0,"leaderTalent":0,"MGCBBMIHFMO":0,"JMAGCGPOHKE":0,"HKPHLGGKAKL":"None","id":9401,"attackModeSkill":0},"9501":{"extraAbilities":["","",""],"skills":[10951,10952,0,0],"inherentProudSkillOpens":[{"proudSkillGroupId":9521,"needAvatarPromoteLevel":1},{"proudSkillGroupId":9522,"needAvatarPromoteLevel":4},{"proudSkillGroupId":9523,"needAvatarPromoteLevel":0},{"proudSkillGroupId":0,"needAvatarPromoteLevel":0},{"proudSkillGroupId":0,"needAvatarPromoteLevel":0}],"talentStarName":"Talent_Sigewinne","subSkills":[10953,5095010],"skillDepotAbilityGroup":"","talents":[951,952,953,954,955,956],"energySkill":10955,"ADGMKLELCFN":0,"leaderTalent":0,"MGCBBMIHFMO":0,"JMAGCGPOHKE":0,"HKPHLGGKAKL":"Pneuma","id":9501,"attackModeSkill":20000},"9601":{"extraAbilities":["","",""],"skills":[10961,10962,0,0],"inherentProudSkillOpens":[{"proudSkillGroupId":9621,"needAvatarPromoteLevel":1},{"proudSkillGroupId":9622,"needAvatarPromoteLevel":4},{"proudSkillGroupId":9623,"needAvatarPromoteLevel":0},{"proudSkillGroupId":0,"needAvatarPromoteLevel":0},{"proudSkillGroupId":0,"needAvatarPromoteLevel":0}],"talentStarName":"Talent_Arlecchino","subSkills":[10002,10966,10967,5096010],"skillDepotAbilityGroup":"","talents":[961,962,963,964,965,966],"energySkill":10965,"ADGMKLELCFN":0,"leaderTalent":0,"MGCBBMIHFMO":0,"JMAGCGPOHKE":0,"HKPHLGGKAKL":"None","id":9601,"attackModeSkill":0},"9701":{"extraAbilities":["","",""],"skills":[10971,10972,0,0],"inherentProudSkillOpens":[{"proudSkillGroupId":9721,"needAvatarPromoteLevel":1},{"proudSkillGroupId":9722,"needAvatarPromoteLevel":4},{"proudSkillGroupId":9723,"needAvatarPromoteLevel":0},{"proudSkillGroupId":0,"needAvatarPromoteLevel":0},{"proudSkillGroupId":0,"needAvatarPromoteLevel":0}],"talentStarName":"Talent_Sethos","subSkills":[10974,5097010],"skillDepotAbilityGroup":"","talents":[971,972,973,974,975,976],"energySkill":10975,"ADGMKLELCFN":0,"leaderTalent":0,"MGCBBMIHFMO":0,"JMAGCGPOHKE":0,"HKPHLGGKAKL":"None","id":9701,"attackModeSkill":20000},"9801":{"extraAbilities":["","",""],"skills":[10981,10982,0,0],"inherentProudSkillOpens":[{"proudSkillGroupId":9821,"needAvatarPromoteLevel":1},{"proudSkillGroupId":9822,"needAvatarPromoteLevel":4},{"proudSkillGroupId":9823,"needAvatarPromoteLevel":0},{"proudSkillGroupId":0,"needAvatarPromoteLevel":0},{"proudSkillGroupId":0,"needAvatarPromoteLevel":0}],"talentStarName":"Talent_Clorinde","subSkills":[10001,10983,10984,5098010],"skillDepotAbilityGroup":"","talents":[981,982,983,984,985,986],"energySkill":10985,"ADGMKLELCFN":0,"leaderTalent":0,"MGCBBMIHFMO":0,"JMAGCGPOHKE":0,"HKPHLGGKAKL":"Pneuma","id":9801,"attackModeSkill":0},"9901":{"extraAbilities":["","",""],"skills":[10991,10992,0,0],"inherentProudSkillOpens":[{"proudSkillGroupId":9921,"needAvatarPromoteLevel":1},{"proudSkillGroupId":9922,"needAvatarPromoteLevel":4},{"proudSkillGroupId":9923,"needAvatarPromoteLevel":0},{"proudSkillGroupId":0,"needAvatarPromoteLevel":0},{"proudSkillGroupId":0,"needAvatarPromoteLevel":0}],"talentStarName":"Talent_Emilie","subSkills":[10002,5099010],"skillDepotAbilityGroup":"","talents":[991,992,993,994,995,996],"energySkill":10995,"ADGMKLELCFN":0,"leaderTalent":0,"MGCBBMIHFMO":0,"JMAGCGPOHKE":0,"HKPHLGGKAKL":"Ousia","id":9901,"attackModeSkill":0},"10001":{"extraAbilities":["","",""],"skills":[11001,11002,0,0],"inherentProudSkillOpens":[{"proudSkillGroupId":10021,"needAvatarPromoteLevel":1},{"proudSkillGroupId":10022,"needAvatarPromoteLevel":4},{"proudSkillGroupId":10023,"needAvatarPromoteLevel":0},{"proudSkillGroupId":0,"needAvatarPromoteLevel":0},{"proudSkillGroupId":10025,"needAvatarPromoteLevel":0}],"talentStarName":"Talent_Kachina","subSkills":[11003,11004,11006,11007,11008,10002,5100010],"skillDepotAbilityGroup":"","talents":[1001,1002,1003,1004,1005,1006],"energySkill":11005,"ADGMKLELCFN":0,"leaderTalent":0,"MGCBBMIHFMO":0,"JMAGCGPOHKE":0,"HKPHLGGKAKL":"None","id":10001,"attackModeSkill":0},"10011":{"extraAbilities":["","",""],"skills":[0,0,0,0],"inherentProudSkillOpens":[{"proudSkillGroupId":0,"needAvatarPromoteLevel":0},{"proudSkillGroupId":0,"needAvatarPromoteLevel":0},{"proudSkillGroupId":0,"needAvatarPromoteLevel":0},{"proudSkillGroupId":0,"needAvatarPromoteLevel":0},{"proudSkillGroupId":0,"needAvatarPromoteLevel":0}],"talentStarName":"","subSkills":[],"skillDepotAbilityGroup":"","talents":[0,0,0,0,0,0],"energySkill":0,"ADGMKLELCFN":0,"leaderTalent":0,"MGCBBMIHFMO":0,"JMAGCGPOHKE":0,"HKPHLGGKAKL":"None","id":10011,"attackModeSkill":0},"10101":{"extraAbilities":["","",""],"skills":[11011,11012,0,0],"inherentProudSkillOpens":[{"proudSkillGroupId":10121,"needAvatarPromoteLevel":1},{"proudSkillGroupId":10122,"needAvatarPromoteLevel":4},{"proudSkillGroupId":10123,"needAvatarPromoteLevel":0},{"proudSkillGroupId":0,"needAvatarPromoteLevel":0},{"proudSkillGroupId":10125,"needAvatarPromoteLevel":0}],"talentStarName":"Talent_Kinich","subSkills":[10004,11013,11014,11016,11017,11018,11019,5101010],"skillDepotAbilityGroup":"","talents":[1011,1012,1013,1014,1015,1016],"energySkill":11015,"ADGMKLELCFN":0,"leaderTalent":0,"MGCBBMIHFMO":0,"JMAGCGPOHKE":0,"HKPHLGGKAKL":"None","id":10101,"attackModeSkill":0},"10201":{"extraAbilities":["","",""],"skills":[30000,30002,0,0],"inherentProudSkillOpens":[{"proudSkillGroupId":10221,"needAvatarPromoteLevel":1},{"proudSkillGroupId":10222,"needAvatarPromoteLevel":4},{"proudSkillGroupId":10223,"needAvatarPromoteLevel":0},{"proudSkillGroupId":0,"needAvatarPromoteLevel":0},{"proudSkillGroupId":10225,"needAvatarPromoteLevel":0}],"talentStarName":"Talent_Mualani","subSkills":[30003,30004,30005,30006,30008,30009,30010,30011,10003,5102010],"skillDepotAbilityGroup":"","talents":[1021,1022,1023,1024,1025,1026],"energySkill":30007,"ADGMKLELCFN":0,"leaderTalent":0,"MGCBBMIHFMO":0,"JMAGCGPOHKE":0,"HKPHLGGKAKL":"None","id":10201,"attackModeSkill":0},"10301":{"extraAbilities":["","",""],"skills":[11031,11032,0,0],"inherentProudSkillOpens":[{"proudSkillGroupId":10321,"needAvatarPromoteLevel":1},{"proudSkillGroupId":10322,"needAvatarPromoteLevel":4},{"proudSkillGroupId":10323,"needAvatarPromoteLevel":0},{"proudSkillGroupId":0,"needAvatarPromoteLevel":0},{"proudSkillGroupId":10325,"needAvatarPromoteLevel":0}],"talentStarName":"Talent_Xilonen","subSkills":[10001,11033,11034,11036,11037,5103010],"skillDepotAbilityGroup":"","talents":[1031,1032,1033,1034,1035,1036],"energySkill":11035,"ADGMKLELCFN":0,"leaderTalent":0,"MGCBBMIHFMO":0,"JMAGCGPOHKE":0,"HKPHLGGKAKL":"None","id":10301,"attackModeSkill":0},"10401":{"extraAbilities":["","",""],"skills":[11041,11042,0,0],"inherentProudSkillOpens":[{"proudSkillGroupId":10421,"needAvatarPromoteLevel":1},{"proudSkillGroupId":10422,"needAvatarPromoteLevel":4},{"proudSkillGroupId":10423,"needAvatarPromoteLevel":0},{"proudSkillGroupId":0,"needAvatarPromoteLevel":0},{"proudSkillGroupId":10425,"needAvatarPromoteLevel":0}],"talentStarName":"Talent_Chasca","subSkills":[11043,11044,11046,11047,11048,11049,11040,5104010],"skillDepotAbilityGroup":"","talents":[1041,1042,1043,1044,1045,1046],"energySkill":11045,"ADGMKLELCFN":0,"leaderTalent":0,"MGCBBMIHFMO":0,"JMAGCGPOHKE":0,"HKPHLGGKAKL":"None","id":10401,"attackModeSkill":20000},"10501":{"extraAbilities":["","",""],"skills":[30501,30502,0,30506],"inherentProudSkillOpens":[{"proudSkillGroupId":10521,"needAvatarPromoteLevel":1},{"proudSkillGroupId":10522,"needAvatarPromoteLevel":4},{"proudSkillGroupId":10523,"needAvatarPromoteLevel":0},{"proudSkillGroupId":0,"needAvatarPromoteLevel":0},{"proudSkillGroupId":10525,"needAvatarPromoteLevel":0}],"talentStarName":"Talent_Olorun","subSkills":[30503,30504,5105010],"skillDepotAbilityGroup":"","talents":[1051,1052,1053,1054,1055,1056],"energySkill":30505,"ADGMKLELCFN":0,"leaderTalent":0,"MGCBBMIHFMO":0,"JMAGCGPOHKE":0,"HKPHLGGKAKL":"None","id":10501,"attackModeSkill":20000},"10601":{"extraAbilities":["","",""],"skills":[11061,11062,0,0],"inherentProudSkillOpens":[{"proudSkillGroupId":10621,"needAvatarPromoteLevel":1},{"proudSkillGroupId":10622,"needAvatarPromoteLevel":4},{"proudSkillGroupId":10623,"needAvatarPromoteLevel":0},{"proudSkillGroupId":0,"needAvatarPromoteLevel":0},{"proudSkillGroupId":10625,"needAvatarPromoteLevel":0}],"talentStarName":"Talent_Mavuika","subSkills":[10004,11063,11064,11066,11067,11068,11069,5106010],"skillDepotAbilityGroup":"","talents":[1061,1062,1063,1064,1065,1066],"energySkill":11065,"ADGMKLELCFN":0,"leaderTalent":0,"MGCBBMIHFMO":0,"JMAGCGPOHKE":0,"HKPHLGGKAKL":"None","id":10601,"attackModeSkill":0},"10701":{"extraAbilities":["","",""],"skills":[11071,11072,0,11076],"inherentProudSkillOpens":[{"proudSkillGroupId":10721,"needAvatarPromoteLevel":1},{"proudSkillGroupId":10722,"needAvatarPromoteLevel":4},{"proudSkillGroupId":10723,"needAvatarPromoteLevel":0},{"proudSkillGroupId":0,"needAvatarPromoteLevel":0},{"proudSkillGroupId":10725,"needAvatarPromoteLevel":0}],"talentStarName":"Talent_Citlali","subSkills":[10003,11073,5107010],"skillDepotAbilityGroup":"","talents":[1071,1072,1073,1074,1075,1076],"energySkill":11075,"ADGMKLELCFN":0,"leaderTalent":0,"MGCBBMIHFMO":0,"JMAGCGPOHKE":0,"HKPHLGGKAKL":"None","id":10701,"attackModeSkill":0},"10801":{"extraAbilities":["","",""],"skills":[11081,11082,0,0],"inherentProudSkillOpens":[{"proudSkillGroupId":10821,"needAvatarPromoteLevel":1},{"proudSkillGroupId":10822,"needAvatarPromoteLevel":4},{"proudSkillGroupId":10823,"needAvatarPromoteLevel":0},{"proudSkillGroupId":0,"needAvatarPromoteLevel":0},{"proudSkillGroupId":0,"needAvatarPromoteLevel":0}],"talentStarName":"Talent_Lanyan","subSkills":[10003,11083,5108010],"skillDepotAbilityGroup":"","talents":[1081,1082,1083,1084,1085,1086],"energySkill":11085,"ADGMKLELCFN":0,"leaderTalent":0,"MGCBBMIHFMO":0,"JMAGCGPOHKE":0,"HKPHLGGKAKL":"None","id":10801,"attackModeSkill":0},"10901":{"extraAbilities":["","",""],"skills":[11091,11092,0,0],"inherentProudSkillOpens":[{"proudSkillGroupId":10921,"needAvatarPromoteLevel":1},{"proudSkillGroupId":10922,"needAvatarPromoteLevel":4},{"proudSkillGroupId":10923,"needAvatarPromoteLevel":0},{"proudSkillGroupId":0,"needAvatarPromoteLevel":0},{"proudSkillGroupId":0,"needAvatarPromoteLevel":0}],"talentStarName":"Talent_Mizuki","subSkills":[10003,11093,11094,11096,5109010],"skillDepotAbilityGroup":"","talents":[1091,1092,1093,1094,1095,1096],"energySkill":11095,"ADGMKLELCFN":0,"leaderTalent":0,"MGCBBMIHFMO":0,"JMAGCGPOHKE":0,"HKPHLGGKAKL":"None","id":10901,"attackModeSkill":0},"11001":{"extraAbilities":["","",""],"skills":[11101,11102,0,0],"inherentProudSkillOpens":[{"proudSkillGroupId":11021,"needAvatarPromoteLevel":1},{"proudSkillGroupId":11022,"needAvatarPromoteLevel":4},{"proudSkillGroupId":11023,"needAvatarPromoteLevel":0},{"proudSkillGroupId":0,"needAvatarPromoteLevel":0},{"proudSkillGroupId":11025,"needAvatarPromoteLevel":0}],"talentStarName":"Talent_Iansan","subSkills":[10002,11103,11104,11106,11107,11108,5110010],"skillDepotAbilityGroup":"","talents":[1101,1102,1103,1104,1105,1106],"energySkill":11105,"ADGMKLELCFN":0,"leaderTalent":0,"MGCBBMIHFMO":0,"JMAGCGPOHKE":0,"HKPHLGGKAKL":"None","id":11001,"attackModeSkill":0},"11101":{"extraAbilities":["","",""],"skills":[11111,11112,0,0],"inherentProudSkillOpens":[{"proudSkillGroupId":11121,"needAvatarPromoteLevel":1},{"proudSkillGroupId":11122,"needAvatarPromoteLevel":4},{"proudSkillGroupId":11123,"needAvatarPromoteLevel":0},{"proudSkillGroupId":0,"needAvatarPromoteLevel":0},{"proudSkillGroupId":11125,"needAvatarPromoteLevel":0}],"talentStarName":"Talent_Varesa","subSkills":[10003,11113,11114,11116,11117,11118,11119,5111010],"skillDepotAbilityGroup":"","talents":[1111,1112,1113,1114,1115,1116],"energySkill":11115,"ADGMKLELCFN":0,"leaderTalent":0,"MGCBBMIHFMO":0,"JMAGCGPOHKE":0,"HKPHLGGKAKL":"None","id":11101,"attackModeSkill":0},"11201":{"extraAbilities":["","",""],"skills":[11121,11122,0,0],"inherentProudSkillOpens":[{"proudSkillGroupId":11221,"needAvatarPromoteLevel":1},{"proudSkillGroupId":11222,"needAvatarPromoteLevel":4},{"proudSkillGroupId":11223,"needAvatarPromoteLevel":0},{"proudSkillGroupId":0,"needAvatarPromoteLevel":0},{"proudSkillGroupId":0,"needAvatarPromoteLevel":0}],"talentStarName":"Talent_Escoffier","subSkills":[10002,5099010,5112010],"skillDepotAbilityGroup":"","talents":[1121,1122,1123,1124,1125,1126],"energySkill":11125,"ADGMKLELCFN":0,"leaderTalent":0,"MGCBBMIHFMO":0,"JMAGCGPOHKE":0,"HKPHLGGKAKL":"Pneuma","id":11201,"attackModeSkill":0},"11301":{"extraAbilities":["","",""],"skills":[11131,11132,0,0],"inherentProudSkillOpens":[{"proudSkillGroupId":11321,"needAvatarPromoteLevel":1},{"proudSkillGroupId":11322,"needAvatarPromoteLevel":4},{"proudSkillGroupId":11323,"needAvatarPromoteLevel":0},{"proudSkillGroupId":0,"needAvatarPromoteLevel":0},{"proudSkillGroupId":11325,"needAvatarPromoteLevel":0}],"talentStarName":"Talent_Ifa","subSkills":[10003,11136,11137,11133,11138,11139,5113010],"skillDepotAbilityGroup":"","talents":[1131,1132,1133,1134,1135,1136],"energySkill":11135,"ADGMKLELCFN":0,"leaderTalent":0,"MGCBBMIHFMO":0,"JMAGCGPOHKE":0,"HKPHLGGKAKL":"None","id":11301,"attackModeSkill":0},"12011":{"extraAbilities":["","",""],"skills":[0,0,0,0],"inherentProudSkillOpens":[{"proudSkillGroupId":0,"needAvatarPromoteLevel":0},{"proudSkillGroupId":0,"needAvatarPromoteLevel":0},{"proudSkillGroupId":0,"needAvatarPromoteLevel":0},{"proudSkillGroupId":0,"needAvatarPromoteLevel":0},{"proudSkillGroupId":0,"needAvatarPromoteLevel":0}],"talentStarName":"","subSkills":[],"skillDepotAbilityGroup":"","talents":[0,0,0,0,0,0],"energySkill":0,"ADGMKLELCFN":0,"leaderTalent":0,"MGCBBMIHFMO":0,"JMAGCGPOHKE":0,"HKPHLGGKAKL":"None","id":12011,"attackModeSkill":0},"13011":{"extraAbilities":["","",""],"skills":[0,0,0,0],"inherentProudSkillOpens":[{"proudSkillGroupId":0,"needAvatarPromoteLevel":0},{"proudSkillGroupId":0,"needAvatarPromoteLevel":0},{"proudSkillGroupId":0,"needAvatarPromoteLevel":0},{"proudSkillGroupId":0,"needAvatarPromoteLevel":0},{"proudSkillGroupId":0,"needAvatarPromoteLevel":0}],"talentStarName":"","subSkills":[],"skillDepotAbilityGroup":"","talents":[0,0,0,0,0,0],"energySkill":0,"ADGMKLELCFN":0,"leaderTalent":0,"MGCBBMIHFMO":0,"JMAGCGPOHKE":0,"HKPHLGGKAKL":"None","id":13011,"attackModeSkill":0},"25011":{"extraAbilities":["","",""],"skills":[10251,10362,0,0],"inherentProudSkillOpens":[{"proudSkillGroupId":0,"needAvatarPromoteLevel":0},{"proudSkillGroupId":0,"needAvatarPromoteLevel":0},{"proudSkillGroupId":0,"needAvatarPromoteLevel":0},{"proudSkillGroupId":0,"needAvatarPromoteLevel":0},{"proudSkillGroupId":0,"needAvatarPromoteLevel":0}],"talentStarName":"","subSkills":[10252,10253,10101,10102],"skillDepotAbilityGroup":"","talents":[0,0,0,0,0,0],"energySkill":10255,"ADGMKLELCFN":0,"leaderTalent":0,"MGCBBMIHFMO":0,"JMAGCGPOHKE":0,"HKPHLGGKAKL":"None","id":25011,"attackModeSkill":20000},"28011":{"extraAbilities":["","",""],"skills":[10281,10282,0,0],"inherentProudSkillOpens":[{"proudSkillGroupId":0,"needAvatarPromoteLevel":0},{"proudSkillGroupId":0,"needAvatarPromoteLevel":0},{"proudSkillGroupId":0,"needAvatarPromoteLevel":0},{"proudSkillGroupId":0,"needAvatarPromoteLevel":0},{"proudSkillGroupId":0,"needAvatarPromoteLevel":0}],"talentStarName":"","subSkills":[10101,10102],"skillDepotAbilityGroup":"","talents":[0,0,0,0,0,0],"energySkill":10283,"ADGMKLELCFN":0,"leaderTalent":0,"MGCBBMIHFMO":0,"JMAGCGPOHKE":0,"HKPHLGGKAKL":"None","id":28011,"attackModeSkill":0},"30011":{"extraAbilities":["","",""],"skills":[11301,11302,0,0],"inherentProudSkillOpens":[{"proudSkillGroupId":3121,"needAvatarPromoteLevel":1},{"proudSkillGroupId":3122,"needAvatarPromoteLevel":4},{"proudSkillGroupId":3123,"needAvatarPromoteLevel":0},{"proudSkillGroupId":0,"needAvatarPromoteLevel":0},{"proudSkillGroupId":0,"needAvatarPromoteLevel":0}],"talentStarName":"","subSkills":[10101,10102],"skillDepotAbilityGroup":"","talents":[311,312,313,314,315,316],"energySkill":11305,"ADGMKLELCFN":0,"leaderTalent":0,"MGCBBMIHFMO":0,"JMAGCGPOHKE":0,"HKPHLGGKAKL":"None","id":30011,"attackModeSkill":0},"37011":{"extraAbilities":["","",""],"skills":[11371,11372,0,0],"inherentProudSkillOpens":[{"proudSkillGroupId":0,"needAvatarPromoteLevel":0},{"proudSkillGroupId":0,"needAvatarPromoteLevel":0},{"proudSkillGroupId":0,"needAvatarPromoteLevel":0},{"proudSkillGroupId":0,"needAvatarPromoteLevel":0},{"proudSkillGroupId":0,"needAvatarPromoteLevel":0}],"talentStarName":"Talent_Test_NoStar","subSkills":[11374,11375,10101,10102],"skillDepotAbilityGroup":"","talents":[0,0,0,0,0,0],"energySkill":11373,"ADGMKLELCFN":0,"leaderTalent":0,"MGCBBMIHFMO":0,"JMAGCGPOHKE":0,"HKPHLGGKAKL":"None","id":37011,"attackModeSkill":20000},"38001":{"extraAbilities":["","",""],"skills":[100540,10365,0,0],"inherentProudSkillOpens":[{"proudSkillGroupId":0,"needAvatarPromoteLevel":0},{"proudSkillGroupId":0,"needAvatarPromoteLevel":0},{"proudSkillGroupId":0,"needAvatarPromoteLevel":0},{"proudSkillGroupId":0,"needAvatarPromoteLevel":0},{"proudSkillGroupId":0,"needAvatarPromoteLevel":0}],"talentStarName":"","subSkills":[10101,10102,10364],"skillDepotAbilityGroup":"","talents":[0,0,0,0,0,0],"energySkill":10362,"ADGMKLELCFN":0,"leaderTalent":0,"MGCBBMIHFMO":0,"JMAGCGPOHKE":0,"HKPHLGGKAKL":"None","id":38001,"attackModeSkill":0},"40001":{"extraAbilities":["","",""],"skills":[30000,30002,0,0],"inherentProudSkillOpens":[{"proudSkillGroupId":0,"needAvatarPromoteLevel":0},{"proudSkillGroupId":0,"needAvatarPromoteLevel":0},{"proudSkillGroupId":0,"needAvatarPromoteLevel":0},{"proudSkillGroupId":0,"needAvatarPromoteLevel":0},{"proudSkillGroupId":0,"needAvatarPromoteLevel":0}],"talentStarName":"","subSkills":[30003,30004,30005,30006,30008,30009,30010,30011,10003],"skillDepotAbilityGroup":"","talents":[0,0,0,0,0,0],"energySkill":30007,"ADGMKLELCFN":0,"leaderTalent":0,"MGCBBMIHFMO":0,"JMAGCGPOHKE":0,"HKPHLGGKAKL":"None","id":40001,"attackModeSkill":0},"40002":{"extraAbilities":["","",""],"skills":[30101,30102,0,0],"inherentProudSkillOpens":[{"proudSkillGroupId":0,"needAvatarPromoteLevel":0},{"proudSkillGroupId":0,"needAvatarPromoteLevel":0},{"proudSkillGroupId":0,"needAvatarPromoteLevel":0},{"proudSkillGroupId":0,"needAvatarPromoteLevel":0},{"proudSkillGroupId":0,"needAvatarPromoteLevel":0}],"talentStarName":"","subSkills":[30103,30104],"skillDepotAbilityGroup":"","talents":[0,0,0,0,0,0],"energySkill":30105,"ADGMKLELCFN":0,"leaderTalent":0,"MGCBBMIHFMO":0,"JMAGCGPOHKE":0,"HKPHLGGKAKL":"None","id":40002,"attackModeSkill":0},"40003":{"extraAbilities":["","",""],"skills":[30201,30202,0,0],"inherentProudSkillOpens":[{"proudSkillGroupId":0,"needAvatarPromoteLevel":0},{"proudSkillGroupId":0,"needAvatarPromoteLevel":0},{"proudSkillGroupId":0,"needAvatarPromoteLevel":0},{"proudSkillGroupId":0,"needAvatarPromoteLevel":0},{"proudSkillGroupId":0,"needAvatarPromoteLevel":0}],"talentStarName":"","subSkills":[30203,30204,30206],"skillDepotAbilityGroup":"","talents":[0,0,0,0,0,0],"energySkill":30205,"ADGMKLELCFN":0,"leaderTalent":0,"MGCBBMIHFMO":0,"JMAGCGPOHKE":0,"HKPHLGGKAKL":"None","id":40003,"attackModeSkill":0},"46011":{"extraAbilities":["","",""],"skills":[10461,10462,0,0],"inherentProudSkillOpens":[{"proudSkillGroupId":0,"needAvatarPromoteLevel":0},{"proudSkillGroupId":0,"needAvatarPromoteLevel":0},{"proudSkillGroupId":0,"needAvatarPromoteLevel":0},{"proudSkillGroupId":0,"needAvatarPromoteLevel":0},{"proudSkillGroupId":0,"needAvatarPromoteLevel":0}],"talentStarName":"Talent_Kaeya","subSkills":[10081,10101,10001,10102],"skillDepotAbilityGroup":"","talents":[0,0,0,0,0,0],"energySkill":10463,"ADGMKLELCFN":0,"leaderTalent":0,"MGCBBMIHFMO":0,"JMAGCGPOHKE":0,"HKPHLGGKAKL":"None","id":46011,"attackModeSkill":0}}