[{"skinId":200301,"indexID":2,"nameTextMapHash":1504245738,"descTextMapHash":3529954098,"itemId":340001,"characterId":10000003,"jsonName":"Avatar_Lady_Sword_QinCostumeSea","prefabPathHash":9215865218573513000,"prefabRemotePathHash":17992774763103844000,"prefabNpcPathHash":2693372009414780000,"prefabManekinPathHash":16220654252350374000,"NLAFNLGJIKC":3634508134047269400,"quality":4,"frontIconName":"UI_AvatarIcon_QinCostumeSea","sideIconName":"UI_AvatarIcon_Side_QinCostumeSea","imageNameHash":7856783315815955000},{"skinId":201401,"indexID":1,"nameTextMapHash":4121525482,"descTextMapHash":2644173682,"itemId":340000,"characterId":10000014,"jsonName":"Avatar_Girl_Catalyst_BarbaraCostumeSummertime","prefabPathHash":10565960914446858000,"prefabRemotePathHash":10341761028724613000,"prefabNpcPathHash":5183081712927355000,"prefabManekinPathHash":7590386921274555000,"NLAFNLGJIKC":17692349984920977000,"quality":4,"frontIconName":"UI_AvatarIcon_BarbaraCostumeSummertime","sideIconName":"UI_AvatarIcon_Side_BarbaraCostumeSummertime","imageNameHash":16049450277489158000},{"skinId":202701,"indexID":1,"nameTextMapHash":2572106930,"descTextMapHash":720597146,"itemId":340002,"characterId":10000027,"jsonName":"Avatar_Lady_Catalyst_NingguangCostumeFloral","prefabPathHash":15863689246053601000,"prefabRemotePathHash":11681843191975356000,"prefabNpcPathHash":9773804280703926000,"prefabManekinPathHash":1433662792352814000,"NLAFNLGJIKC":5359129983543856000,"quality":4,"frontIconName":"UI_AvatarIcon_NingguangCostumeFloral","sideIconName":"UI_AvatarIcon_Side_NingguangCostumeFloral","imageNameHash":13693364619168872000},{"skinId":204201,"indexID":1,"nameTextMapHash":1613857666,"descTextMapHash":1532026282,"itemId":340003,"characterId":10000042,"jsonName":"Avatar_Girl_Sword_KeqingCostumeFeather","prefabPathHash":10364379182659254000,"prefabRemotePathHash":6372458023003575000,"prefabNpcPathHash":12660355485795350000,"prefabManekinPathHash":11708378725870790000,"NLAFNLGJIKC":105176600920367870,"quality":4,"frontIconName":"UI_AvatarIcon_KeqingCostumeFeather","sideIconName":"UI_AvatarIcon_Side_KeqingCostumeFeather","imageNameHash":8264683658462126000},{"skinId":200302,"indexID":1,"nameTextMapHash":2691230306,"descTextMapHash":1553444314,"itemId":340006,"characterId":10000003,"jsonName":"Avatar_Lady_Sword_QinCostumeWic","prefabPathHash":11789304378759268000,"prefabRemotePathHash":2508262379750057000,"prefabNpcPathHash":8899383397730056000,"prefabManekinPathHash":6257448215821890000,"NLAFNLGJIKC":7419098755292597000,"isDefaultUnlock":true,"quality":4,"hide":true,"frontIconName":"UI_AvatarIcon_QinCostumeWic","sideIconName":"UI_AvatarIcon_Side_QinCostumeWic","imageNameHash":2268507951203388000},{"skinId":202101,"indexID":1,"nameTextMapHash":4237698530,"descTextMapHash":2955174482,"itemId":340007,"characterId":10000021,"jsonName":"Avatar_Girl_Bow_AmborCostumeWic","prefabPathHash":7122218723217693000,"prefabRemotePathHash":14462486063824583000,"prefabNpcPathHash":16495873575277371000,"prefabManekinPathHash":11555033508243667000,"NLAFNLGJIKC":8585842464129120000,"isDefaultUnlock":true,"quality":4,"hide":true,"frontIconName":"UI_AvatarIcon_AmborCostumeWic","sideIconName":"UI_AvatarIcon_Side_AmborCostumeWic","imageNameHash":1673287744058013000},{"skinId":204101,"indexID":1,"nameTextMapHash":1860400666,"descTextMapHash":2912743770,"itemId":340008,"characterId":10000041,"jsonName":"Avatar_Girl_Catalyst_MonaCostumeWic","prefabPathHash":15379405067054348000,"prefabRemotePathHash":16287308438257703000,"prefabNpcPathHash":1127931153574195200,"prefabManekinPathHash":5022057012086514000,"NLAFNLGJIKC":8177863288410569000,"isDefaultUnlock":true,"quality":4,"hide":true,"frontIconName":"UI_AvatarIcon_MonaCostumeWic","sideIconName":"UI_AvatarIcon_Side_MonaCostumeWic","imageNameHash":5743696895040121000},{"skinId":204501,"indexID":1,"nameTextMapHash":2412226586,"descTextMapHash":3143995322,"itemId":340009,"characterId":10000045,"jsonName":"Avatar_Lady_Pole_RosariaCostumeWic","prefabPathHash":12861565697458264000,"prefabRemotePathHash":10539667758355399000,"prefabNpcPathHash":9648000434294862000,"prefabManekinPathHash":12267662344150393000,"NLAFNLGJIKC":18354298522384930000,"isDefaultUnlock":true,"quality":4,"hide":true,"frontIconName":"UI_AvatarIcon_RosariaCostumeWic","sideIconName":"UI_AvatarIcon_Side_RosariaCostumeWic","imageNameHash":2832692351080435000},{"skinId":201601,"indexID":1,"nameTextMapHash":1332852170,"descTextMapHash":3295060426,"itemId":340004,"characterId":10000016,"jsonName":"Avatar_Male_Claymore_DilucCostumeFlamme","prefabPathHash":10368416818400608000,"prefabRemotePathHash":15335225919554738000,"prefabNpcPathHash":7202002721915920000,"animatorConfigPathHash":17146454811973010000,"prefabManekinPathHash":13676438560609835000,"NLAFNLGJIKC":17998867110601988000,"controllerPathHash":9590652495663153000,"controllerRemotePathHash":4585718866811975000,"quality":5,"frontIconName":"UI_AvatarIcon_DilucCostumeFlamme","sideIconName":"UI_AvatarIcon_Side_DilucCostumeFlamme","imageNameHash":3029142693095236000,"NBDBNPJGBLG":2983269504837449700,"GNJHJGFINBA":2641804271410635000},{"skinId":203101,"indexID":1,"nameTextMapHash":3162794298,"descTextMapHash":2089933442,"itemId":340005,"characterId":10000031,"jsonName":"Avatar_Girl_Bow_FischlCostumeHighness","prefabPathHash":13534430752549235000,"prefabRemotePathHash":1058632974177999900,"prefabNpcPathHash":16733412713662534000,"animatorConfigPathHash":16874910532900252000,"prefabManekinPathHash":1849563772142813400,"NLAFNLGJIKC":13082938567402992000,"controllerPathHash":9561591276388174000,"controllerRemotePathHash":7514891772841965000,"quality":4,"frontIconName":"UI_AvatarIcon_FischlCostumeHighness","sideIconName":"UI_AvatarIcon_Side_FischlCostumeHighness","imageNameHash":16903652226668882000,"NBDBNPJGBLG":7155439830413171000,"GNJHJGFINBA":6775543031666606000},{"skinId":200201,"indexID":1,"nameTextMapHash":2768521498,"descTextMapHash":2663678610,"itemId":340010,"characterId":10000002,"jsonName":"Avatar_Girl_Sword_AyakaCostumeFruhling","prefabPathHash":11012300754669183000,"prefabRemotePathHash":10678187531089930000,"prefabNpcPathHash":17569223125650117000,"animatorConfigPathHash":16603455789725430000,"prefabManekinPathHash":8511293476587773000,"NLAFNLGJIKC":10103075333299577000,"controllerPathHash":17673295221370888000,"controllerRemotePathHash":430291944493067840,"quality":4,"frontIconName":"UI_AvatarIcon_AyakaCostumeFruhling","sideIconName":"UI_AvatarIcon_Side_AyakaCostumeFruhling","imageNameHash":17153758638107736000,"NBDBNPJGBLG":15674264965754194000,"GNJHJGFINBA":1066153760707115500},{"skinId":200601,"indexID":1,"nameTextMapHash":2255412906,"descTextMapHash":2734308554,"itemId":340011,"characterId":10000006,"jsonName":"Avatar_Lady_Catalyst_LisaCostumeStudentin","prefabPathHash":12600550299813160000,"prefabRemotePathHash":5893029251442558000,"prefabNpcPathHash":5639347602417794000,"animatorConfigPathHash":5920923966167289000,"prefabManekinPathHash":9138671107307150000,"NLAFNLGJIKC":12184526212600211000,"controllerPathHash":3844565694031600600,"controllerRemotePathHash":8887732179020530000,"quality":4,"frontIconName":"UI_AvatarIcon_LisaCostumeStudentin","sideIconName":"UI_AvatarIcon_Side_LisaCostumeStudentin","imageNameHash":3666831924373171000,"NBDBNPJGBLG":7252708095919229000,"GNJHJGFINBA":6743697234004768000},{"skinId":202901,"indexID":1,"nameTextMapHash":2343491290,"descTextMapHash":1807518842,"itemId":340012,"characterId":10000029,"jsonName":"Avatar_Loli_Catalyst_KleeCostumeWitch","prefabPathHash":14487796459102730000,"prefabRemotePathHash":13958116777399183000,"prefabNpcPathHash":13685423552966791000,"animatorConfigPathHash":6894630599703930000,"prefabManekinPathHash":860060720579263700,"NLAFNLGJIKC":18106315886010479000,"controllerPathHash":1552326239233510700,"controllerRemotePathHash":5630855241666821000,"quality":4,"frontIconName":"UI_AvatarIcon_KleeCostumeWitch","sideIconName":"UI_AvatarIcon_Side_KleeCostumeWitch","imageNameHash":16796031080227060000,"NBDBNPJGBLG":12132806731708700000,"GNJHJGFINBA":6652860410999361000},{"skinId":201501,"indexID":1,"nameTextMapHash":177626138,"descTextMapHash":2590769514,"itemId":340013,"characterId":10000015,"jsonName":"Avatar_Male_Sword_KaeyaCostumeDancer","prefabPathHash":494681429835695000,"prefabRemotePathHash":15807700893622235000,"prefabNpcPathHash":477895560165567300,"prefabManekinPathHash":5213861121553670000,"NLAFNLGJIKC":5002861976005417000,"quality":4,"frontIconName":"UI_AvatarIcon_KaeyaCostumeDancer","sideIconName":"UI_AvatarIcon_Side_KaeyaCostumeDancer","imageNameHash":6823783867527131000},{"skinId":206301,"indexID":1,"nameTextMapHash":945735386,"descTextMapHash":4226591458,"itemId":340014,"characterId":10000063,"jsonName":"Avatar_Lady_Pole_ShenheCostumeDai","prefabPathHash":6614232366381787000,"prefabRemotePathHash":12983630808894763000,"prefabNpcPathHash":1019362221600152300,"animatorConfigPathHash":8439775389633858000,"prefabManekinPathHash":15748877212258277000,"NLAFNLGJIKC":17372441489796878000,"controllerPathHash":3927025238145279000,"controllerRemotePathHash":2079033779677266400,"quality":4,"frontIconName":"UI_AvatarIcon_ShenheCostumeDai","sideIconName":"UI_AvatarIcon_Side_ShenheCostumeDai","imageNameHash":13551163907161750000,"NBDBNPJGBLG":10267055638635928000,"GNJHJGFINBA":1016401806529336300},{"skinId":203701,"indexID":1,"nameTextMapHash":1442607890,"descTextMapHash":2352085090,"itemId":340015,"characterId":10000037,"jsonName":"Avatar_Girl_Bow_GanyuCostumeYu","prefabPathHash":7498173519010298000,"prefabRemotePathHash":13647647765974420000,"prefabNpcPathHash":17066423753093830000,"animatorConfigPathHash":10325762936017633000,"prefabManekinPathHash":109831431656997900,"NLAFNLGJIKC":16081736837206258000,"controllerPathHash":17301494551858321000,"controllerRemotePathHash":13724098110668937000,"quality":4,"frontIconName":"UI_AvatarIcon_GanyuCostumeYu","sideIconName":"UI_AvatarIcon_Side_GanyuCostumeYu","imageNameHash":4484569006207970000,"NBDBNPJGBLG":3881822365041315300,"GNJHJGFINBA":12545856595676686000},{"skinId":202501,"indexID":1,"nameTextMapHash":1935444386,"descTextMapHash":2374826642,"itemId":340016,"characterId":10000025,"jsonName":"Avatar_Boy_Sword_XingqiuCostumeBamboo","prefabPathHash":3120277132814718500,"prefabRemotePathHash":9952537578809033000,"prefabNpcPathHash":1199989316314760400,"prefabManekinPathHash":14993972050868744000,"NLAFNLGJIKC":3476514916662296600,"quality":4,"frontIconName":"UI_AvatarIcon_XingqiuCostumeBamboo","sideIconName":"UI_AvatarIcon_Side_XingqiuCostumeBamboo","imageNameHash":16611982762112193000},{"skinId":207001,"indexID":1,"nameTextMapHash":1436816482,"descTextMapHash":491944378,"itemId":340017,"characterId":10000070,"jsonName":"Avatar_Girl_Sword_NilouCostumeFairy","prefabPathHash":1722505538378271500,"prefabRemotePathHash":97694131069548980,"prefabNpcPathHash":3309731754659582000,"animatorConfigPathHash":8251373390362341000,"prefabManekinPathHash":11915563518559973000,"NLAFNLGJIKC":17779287142478619000,"controllerPathHash":400676577291690500,"controllerRemotePathHash":3511864109650284000,"quality":4,"frontIconName":"UI_AvatarIcon_NilouCostumeFairy","sideIconName":"UI_AvatarIcon_Side_NilouCostumeFairy","imageNameHash":13150361144103344000,"NBDBNPJGBLG":12700779893789411000,"GNJHJGFINBA":13683135713588406000},{"skinId":206101,"indexID":1,"nameTextMapHash":443620306,"descTextMapHash":3436513386,"itemId":340018,"characterId":10000061,"jsonName":"Avatar_Girl_Sword_MomokaCostumeErrantry","prefabPathHash":16777255381001413000,"prefabRemotePathHash":16431064003003773000,"prefabNpcPathHash":825434180871539000,"prefabManekinPathHash":4036157729036988400,"NLAFNLGJIKC":16205836061132214000,"quality":4,"frontIconName":"UI_AvatarIcon_MomokaCostumeErrantry","sideIconName":"UI_AvatarIcon_Side_MomokaCostumeErrantry","imageNameHash":15052980039107756000},{"skinId":204601,"indexID":1,"nameTextMapHash":4049779162,"descTextMapHash":2668601314,"itemId":340019,"characterId":10000046,"jsonName":"Avatar_Girl_Pole_HutaoCostumeWinter","prefabPathHash":7903959060443312000,"prefabRemotePathHash":9397532461476297000,"prefabNpcPathHash":2559170119330606600,"animatorConfigPathHash":16241742938618118000,"prefabManekinPathHash":15356684152533869000,"NLAFNLGJIKC":11233137367517288000,"controllerPathHash":1303295852024473300,"controllerRemotePathHash":11006397941994914000,"quality":4,"frontIconName":"UI_AvatarIcon_HutaoCostumeWinter","sideIconName":"UI_AvatarIcon_Side_HutaoCostumeWinter","imageNameHash":6092629661285393000,"NBDBNPJGBLG":15791559107331684000,"GNJHJGFINBA":18383213453749969000},{"skinId":202301,"indexID":1,"nameTextMapHash":3584800114,"descTextMapHash":3704801658,"itemId":340020,"characterId":10000023,"jsonName":"Avatar_Girl_Pole_XianglingCostumeWinter","prefabPathHash":804895169000894700,"prefabRemotePathHash":15717631072147569000,"prefabNpcPathHash":3662724982812999000,"animatorConfigPathHash":18391637430908082000,"prefabManekinPathHash":11249329097296183000,"NLAFNLGJIKC":13695067350863368000,"controllerPathHash":5118180850961350000,"controllerRemotePathHash":10196403020682996000,"quality":4,"frontIconName":"UI_AvatarIcon_XianglingCostumeWinter","sideIconName":"UI_AvatarIcon_Side_XianglingCostumeWinter","imageNameHash":12560219265155160000,"NBDBNPJGBLG":5896373471589186000,"GNJHJGFINBA":15592533477897634000},{"skinId":200200,"nameTextMapHash":171482850,"descTextMapHash":2373183578,"characterId":10000002,"jsonName":"","isDefault":true,"frontIconName":"","sideIconName":""},{"skinId":200300,"nameTextMapHash":2431528538,"descTextMapHash":248153650,"characterId":10000003,"jsonName":"","isDefault":true,"frontIconName":"","sideIconName":"","domesticHideInArtPreview":true},{"skinId":200500,"nameTextMapHash":1648736450,"descTextMapHash":2814665554,"characterId":10000005,"jsonName":"","isDefault":true,"frontIconName":"","sideIconName":""},{"skinId":200600,"nameTextMapHash":672166154,"descTextMapHash":3946345210,"characterId":10000006,"jsonName":"","isDefault":true,"frontIconName":"","sideIconName":""},{"skinId":200700,"nameTextMapHash":3561662730,"descTextMapHash":2020994066,"characterId":10000007,"jsonName":"","isDefault":true,"frontIconName":"","sideIconName":""},{"skinId":201400,"nameTextMapHash":2895548298,"descTextMapHash":3092975850,"characterId":10000014,"jsonName":"","isDefault":true,"frontIconName":"","sideIconName":""},{"skinId":201500,"nameTextMapHash":4036813530,"descTextMapHash":1523967378,"characterId":10000015,"jsonName":"","isDefault":true,"frontIconName":"","sideIconName":""},{"skinId":201600,"nameTextMapHash":674973162,"descTextMapHash":2401924570,"characterId":10000016,"jsonName":"","isDefault":true,"frontIconName":"","sideIconName":""},{"skinId":202000,"nameTextMapHash":1677296490,"descTextMapHash":2955915298,"characterId":10000020,"jsonName":"","isDefault":true,"frontIconName":"","sideIconName":""},{"skinId":202100,"nameTextMapHash":690774682,"descTextMapHash":2978334658,"characterId":10000021,"jsonName":"","isDefault":true,"frontIconName":"","sideIconName":"","domesticHideInArtPreview":true},{"skinId":202200,"nameTextMapHash":3806453578,"descTextMapHash":3977341762,"characterId":10000022,"jsonName":"","isDefault":true,"frontIconName":"","sideIconName":""},{"skinId":202300,"nameTextMapHash":2926593050,"descTextMapHash":2478839258,"characterId":10000023,"jsonName":"","isDefault":true,"frontIconName":"","sideIconName":""},{"skinId":202400,"nameTextMapHash":2091122082,"descTextMapHash":1844332810,"characterId":10000024,"jsonName":"","isDefault":true,"frontIconName":"","sideIconName":""},{"skinId":202500,"nameTextMapHash":3118674250,"descTextMapHash":1606071354,"characterId":10000025,"jsonName":"","isDefault":true,"frontIconName":"","sideIconName":""},{"skinId":202600,"nameTextMapHash":2696933402,"descTextMapHash":3291997178,"characterId":10000026,"jsonName":"","isDefault":true,"frontIconName":"","sideIconName":""},{"skinId":202700,"nameTextMapHash":116451794,"descTextMapHash":3980318498,"characterId":10000027,"jsonName":"","isDefault":true,"frontIconName":"","sideIconName":""},{"skinId":202900,"nameTextMapHash":1023505626,"descTextMapHash":3488214794,"characterId":10000029,"jsonName":"","isDefault":true,"frontIconName":"","sideIconName":""},{"skinId":203000,"nameTextMapHash":41327378,"descTextMapHash":2640185922,"characterId":10000030,"jsonName":"","isDefault":true,"frontIconName":"","sideIconName":""},{"skinId":203100,"nameTextMapHash":2969091354,"descTextMapHash":4134576130,"characterId":10000031,"jsonName":"","isDefault":true,"frontIconName":"","sideIconName":""},{"skinId":203200,"nameTextMapHash":2359403186,"descTextMapHash":3111188850,"characterId":10000032,"jsonName":"","isDefault":true,"frontIconName":"","sideIconName":""},{"skinId":203300,"nameTextMapHash":369350914,"descTextMapHash":1165773426,"characterId":10000033,"jsonName":"","isDefault":true,"frontIconName":"","sideIconName":""},{"skinId":203400,"nameTextMapHash":1660794338,"descTextMapHash":102807738,"characterId":10000034,"jsonName":"","isDefault":true,"frontIconName":"","sideIconName":""},{"skinId":203500,"nameTextMapHash":2620016810,"descTextMapHash":4056261530,"characterId":10000035,"jsonName":"","isDefault":true,"frontIconName":"","sideIconName":""},{"skinId":203600,"nameTextMapHash":1142485354,"descTextMapHash":3971237746,"characterId":10000036,"jsonName":"","isDefault":true,"frontIconName":"","sideIconName":""},{"skinId":203700,"nameTextMapHash":4131676042,"descTextMapHash":1209631242,"characterId":10000037,"jsonName":"","isDefault":true,"frontIconName":"","sideIconName":""},{"skinId":203800,"nameTextMapHash":3397577098,"descTextMapHash":310650770,"characterId":10000038,"jsonName":"","isDefault":true,"frontIconName":"","sideIconName":""},{"skinId":203900,"nameTextMapHash":2364432618,"descTextMapHash":670221618,"characterId":10000039,"jsonName":"","isDefault":true,"frontIconName":"","sideIconName":""},{"skinId":204100,"nameTextMapHash":4029369362,"descTextMapHash":871545986,"characterId":10000041,"jsonName":"","isDefault":true,"frontIconName":"","sideIconName":"","domesticHideInArtPreview":true},{"skinId":204200,"nameTextMapHash":3714413314,"descTextMapHash":1992333442,"characterId":10000042,"jsonName":"","isDefault":true,"frontIconName":"","sideIconName":""},{"skinId":204300,"nameTextMapHash":3529210914,"descTextMapHash":4118239546,"characterId":10000043,"jsonName":"","isDefault":true,"frontIconName":"","sideIconName":""},{"skinId":204400,"nameTextMapHash":2768155290,"descTextMapHash":678376738,"characterId":10000044,"jsonName":"","isDefault":true,"frontIconName":"","sideIconName":""},{"skinId":204500,"nameTextMapHash":772899890,"descTextMapHash":4067539010,"characterId":10000045,"jsonName":"","isDefault":true,"frontIconName":"","sideIconName":"","domesticHideInArtPreview":true},{"skinId":204600,"nameTextMapHash":626284674,"descTextMapHash":1186495122,"characterId":10000046,"jsonName":"","isDefault":true,"frontIconName":"","sideIconName":""},{"skinId":204700,"nameTextMapHash":3355624658,"descTextMapHash":973274738,"characterId":10000047,"jsonName":"","isDefault":true,"frontIconName":"","sideIconName":""},{"skinId":204800,"nameTextMapHash":258962178,"descTextMapHash":3070176786,"characterId":10000048,"jsonName":"","isDefault":true,"frontIconName":"","sideIconName":""},{"skinId":204900,"nameTextMapHash":2353136394,"descTextMapHash":984351202,"characterId":10000049,"jsonName":"","isDefault":true,"frontIconName":"","sideIconName":""},{"skinId":205000,"nameTextMapHash":2040879098,"descTextMapHash":1458439730,"characterId":10000050,"jsonName":"","isDefault":true,"frontIconName":"","sideIconName":""},{"skinId":205100,"nameTextMapHash":301314714,"descTextMapHash":1419139450,"characterId":10000051,"jsonName":"","isDefault":true,"frontIconName":"","sideIconName":""},{"skinId":205200,"nameTextMapHash":2377779762,"descTextMapHash":3412149506,"characterId":10000052,"jsonName":"","isDefault":true,"frontIconName":"","sideIconName":""},{"skinId":205300,"nameTextMapHash":4048306346,"descTextMapHash":2144597778,"characterId":10000053,"jsonName":"","isDefault":true,"frontIconName":"","sideIconName":""},{"skinId":205400,"nameTextMapHash":2786415650,"descTextMapHash":3173668642,"characterId":10000054,"jsonName":"","isDefault":true,"frontIconName":"","sideIconName":""},{"skinId":205500,"nameTextMapHash":3561880386,"descTextMapHash":990939858,"characterId":10000055,"jsonName":"","isDefault":true,"frontIconName":"","sideIconName":""},{"skinId":205600,"nameTextMapHash":382710810,"descTextMapHash":1024066610,"characterId":10000056,"jsonName":"","isDefault":true,"frontIconName":"","sideIconName":""},{"skinId":205700,"nameTextMapHash":2006093914,"descTextMapHash":4146650074,"characterId":10000057,"jsonName":"","isDefault":true,"frontIconName":"","sideIconName":""},{"skinId":205800,"nameTextMapHash":1295363218,"descTextMapHash":3314678434,"characterId":10000058,"jsonName":"","isDefault":true,"frontIconName":"","sideIconName":""},{"skinId":205900,"nameTextMapHash":4029103562,"descTextMapHash":3182680786,"characterId":10000059,"jsonName":"","isDefault":true,"frontIconName":"","sideIconName":""},{"skinId":206000,"nameTextMapHash":2196179842,"descTextMapHash":3407589218,"characterId":10000060,"jsonName":"","isDefault":true,"frontIconName":"","sideIconName":""},{"skinId":206100,"nameTextMapHash":2136989794,"descTextMapHash":1963076906,"characterId":10000061,"jsonName":"","isDefault":true,"frontIconName":"","sideIconName":""},{"skinId":206200,"nameTextMapHash":3429415730,"descTextMapHash":271842858,"characterId":10000062,"jsonName":"","isDefault":true,"frontIconName":"","sideIconName":""},{"skinId":206300,"nameTextMapHash":3671207274,"descTextMapHash":3625334322,"characterId":10000063,"jsonName":"","isDefault":true,"frontIconName":"","sideIconName":""},{"skinId":206400,"nameTextMapHash":2433262890,"descTextMapHash":1261799770,"characterId":10000064,"jsonName":"","isDefault":true,"frontIconName":"","sideIconName":""},{"skinId":206500,"nameTextMapHash":3245276834,"descTextMapHash":3036913898,"characterId":10000065,"jsonName":"","isDefault":true,"frontIconName":"","sideIconName":""},{"skinId":206600,"nameTextMapHash":3109032026,"descTextMapHash":3093997674,"characterId":10000066,"jsonName":"","isDefault":true,"frontIconName":"","sideIconName":""},{"skinId":206700,"nameTextMapHash":3135223450,"descTextMapHash":2308150714,"characterId":10000067,"jsonName":"","isDefault":true,"frontIconName":"","sideIconName":""},{"skinId":206800,"nameTextMapHash":3617396594,"descTextMapHash":1616648506,"characterId":10000068,"jsonName":"","isDefault":true,"frontIconName":"","sideIconName":""},{"skinId":206900,"nameTextMapHash":1106979266,"descTextMapHash":510932922,"characterId":10000069,"jsonName":"","isDefault":true,"frontIconName":"","sideIconName":""},{"skinId":207000,"nameTextMapHash":3647756106,"descTextMapHash":1078022994,"characterId":10000070,"jsonName":"","isDefault":true,"frontIconName":"","sideIconName":""},{"skinId":207100,"nameTextMapHash":3913661394,"descTextMapHash":1864424082,"characterId":10000071,"jsonName":"","isDefault":true,"frontIconName":"","sideIconName":""},{"skinId":207200,"nameTextMapHash":2665843154,"descTextMapHash":2067286834,"characterId":10000072,"jsonName":"","isDefault":true,"frontIconName":"","sideIconName":""},{"skinId":207300,"nameTextMapHash":2005565242,"descTextMapHash":2151511386,"characterId":10000073,"jsonName":"","isDefault":true,"frontIconName":"","sideIconName":""},{"skinId":207400,"nameTextMapHash":1128331378,"descTextMapHash":3853124810,"characterId":10000074,"jsonName":"","isDefault":true,"frontIconName":"","sideIconName":""},{"skinId":207500,"nameTextMapHash":4005813530,"descTextMapHash":3246746458,"characterId":10000075,"jsonName":"","isDefault":true,"frontIconName":"","sideIconName":""},{"skinId":207600,"nameTextMapHash":1487058818,"descTextMapHash":3487496106,"characterId":10000076,"jsonName":"","isDefault":true,"frontIconName":"","sideIconName":""},{"skinId":207700,"nameTextMapHash":1664916426,"descTextMapHash":3911845442,"characterId":10000077,"jsonName":"","isDefault":true,"frontIconName":"","sideIconName":""},{"skinId":207800,"nameTextMapHash":3349227426,"descTextMapHash":39198106,"characterId":10000078,"jsonName":"","isDefault":true,"frontIconName":"","sideIconName":""},{"skinId":207900,"nameTextMapHash":4041199642,"descTextMapHash":140684002,"characterId":10000079,"jsonName":"","isDefault":true,"frontIconName":"","sideIconName":""},{"skinId":208000,"nameTextMapHash":423812362,"descTextMapHash":3777257866,"characterId":10000080,"jsonName":"","isDefault":true,"frontIconName":"","sideIconName":""},{"skinId":208100,"nameTextMapHash":2460471634,"descTextMapHash":3875251706,"characterId":10000081,"jsonName":"","isDefault":true,"frontIconName":"","sideIconName":""},{"skinId":208200,"nameTextMapHash":3539582602,"descTextMapHash":260008858,"characterId":10000082,"jsonName":"","isDefault":true,"frontIconName":"","sideIconName":""},{"skinId":208300,"nameTextMapHash":1358526194,"descTextMapHash":3142534786,"characterId":10000083,"jsonName":"","isDefault":true,"frontIconName":"","sideIconName":""},{"skinId":208400,"nameTextMapHash":2247421522,"descTextMapHash":2711601770,"characterId":10000084,"jsonName":"","isDefault":true,"frontIconName":"","sideIconName":""},{"skinId":208500,"nameTextMapHash":3741795914,"descTextMapHash":172373146,"characterId":10000085,"jsonName":"","isDefault":true,"frontIconName":"","sideIconName":""},{"skinId":208600,"nameTextMapHash":3467014274,"descTextMapHash":2942361602,"characterId":10000086,"jsonName":"","isDefault":true,"frontIconName":"","sideIconName":""},{"skinId":208700,"nameTextMapHash":2356957482,"descTextMapHash":3026362642,"characterId":10000087,"jsonName":"","isDefault":true,"frontIconName":"","sideIconName":""},{"skinId":208800,"nameTextMapHash":626453522,"descTextMapHash":1262815914,"characterId":10000088,"jsonName":"","isDefault":true,"frontIconName":"","sideIconName":""},{"skinId":208900,"nameTextMapHash":1569690906,"descTextMapHash":3717819226,"characterId":10000089,"jsonName":"","isDefault":true,"frontIconName":"","sideIconName":""},{"skinId":209000,"nameTextMapHash":1001156090,"descTextMapHash":2017338442,"characterId":10000090,"jsonName":"","isDefault":true,"frontIconName":"","sideIconName":""},{"skinId":209100,"nameTextMapHash":3039352282,"descTextMapHash":1185194346,"characterId":10000091,"jsonName":"","isDefault":true,"frontIconName":"","sideIconName":""},{"skinId":209200,"nameTextMapHash":2007918858,"descTextMapHash":3180242922,"characterId":10000092,"jsonName":"","isDefault":true,"frontIconName":"","sideIconName":""},{"skinId":209300,"nameTextMapHash":2283589170,"descTextMapHash":2353796746,"characterId":10000093,"jsonName":"","isDefault":true,"frontIconName":"","sideIconName":""},{"skinId":209400,"nameTextMapHash":4268512138,"descTextMapHash":1469088850,"characterId":10000094,"jsonName":"","isDefault":true,"frontIconName":"","sideIconName":""},{"skinId":209500,"nameTextMapHash":3959800498,"descTextMapHash":592486874,"characterId":10000095,"jsonName":"","isDefault":true,"frontIconName":"","sideIconName":""},{"skinId":209600,"nameTextMapHash":2341898930,"descTextMapHash":277557898,"characterId":10000096,"jsonName":"","isDefault":true,"frontIconName":"","sideIconName":""},{"skinId":209700,"nameTextMapHash":1530706906,"descTextMapHash":3716862146,"characterId":10000097,"jsonName":"","isDefault":true,"frontIconName":"","sideIconName":""},{"skinId":209800,"nameTextMapHash":853988202,"descTextMapHash":2716291818,"characterId":10000098,"jsonName":"","isDefault":true,"frontIconName":"","sideIconName":""},{"skinId":209900,"nameTextMapHash":1187395194,"descTextMapHash":1466883298,"characterId":10000099,"jsonName":"","isDefault":true,"frontIconName":"","sideIconName":""},{"skinId":210000,"nameTextMapHash":2637368282,"descTextMapHash":3592221418,"characterId":10000100,"jsonName":"","isDefault":true,"frontIconName":"","sideIconName":""},{"skinId":210100,"nameTextMapHash":3147713386,"descTextMapHash":836391874,"characterId":10000101,"jsonName":"","isDefault":true,"frontIconName":"","sideIconName":""},{"skinId":210200,"nameTextMapHash":365492826,"descTextMapHash":2933314762,"characterId":10000102,"jsonName":"","isDefault":true,"frontIconName":"","sideIconName":""},{"skinId":210300,"nameTextMapHash":4097481770,"descTextMapHash":2150942562,"characterId":10000103,"jsonName":"","isDefault":true,"frontIconName":"","sideIconName":""},{"skinId":210400,"nameTextMapHash":1880406722,"descTextMapHash":380573914,"characterId":10000104,"jsonName":"","isDefault":true,"frontIconName":"","sideIconName":""},{"skinId":210500,"nameTextMapHash":2720112890,"descTextMapHash":298110682,"characterId":10000105,"jsonName":"","isDefault":true,"frontIconName":"","sideIconName":""},{"skinId":210600,"nameTextMapHash":3903864042,"descTextMapHash":251932938,"characterId":10000106,"jsonName":"","isDefault":true,"frontIconName":"","sideIconName":""},{"skinId":210700,"nameTextMapHash":3611122538,"descTextMapHash":3454821586,"characterId":10000107,"jsonName":"","isDefault":true,"frontIconName":"","sideIconName":""},{"skinId":210800,"nameTextMapHash":1522446634,"descTextMapHash":1599599746,"characterId":10000108,"jsonName":"","isDefault":true,"frontIconName":"","sideIconName":""},{"skinId":210900,"nameTextMapHash":1995417858,"descTextMapHash":2880645482,"characterId":10000109,"jsonName":"","isDefault":true,"frontIconName":"","sideIconName":""},{"skinId":290100,"nameTextMapHash":1521467930,"descTextMapHash":675658346,"characterId":10000901,"jsonName":"","isDefault":true,"frontIconName":"","sideIconName":""},{"skinId":290200,"nameTextMapHash":1288269538,"descTextMapHash":2635843370,"characterId":10000902,"jsonName":"","isDefault":true,"frontIconName":"","sideIconName":""}]