[{"id":101,"energySkill":10014,"skills":[10011,10012,0,0],"subSkills":[10300,10101,10102,10001],"extraAbilities":["","",""],"talents":[0,0,0,0,0,0],"talentStarName":"","inherentProudSkillOpens":[{},{},{},{},{}],"skillDepotAbilityGroup":""},{"id":201,"energySkill":10019,"skills":[10024,10018,10013,0],"subSkills":[10020,10021,10052,10053,10111,10001,5002010],"leaderTalent":211,"extraAbilities":["","",""],"talents":[21,22,23,24,25,26],"talentStarName":"Talent_Ayaka","inherentProudSkillOpens":[{"proudSkillGroupId":221,"needAvatarPromoteLevel":1},{"proudSkillGroupId":222,"needAvatarPromoteLevel":4},{"proudSkillGroupId":223},{},{}],"skillDepotAbilityGroup":""},{"id":301,"energySkill":10034,"skills":[10031,10033,0,0],"subSkills":[10101,10001,10102,5003010],"leaderTalent":1300,"extraAbilities":["","",""],"talents":[31,32,33,34,35,36],"talentStarName":"Talent_Qin","inherentProudSkillOpens":[{"proudSkillGroupId":321,"needAvatarPromoteLevel":1},{"proudSkillGroupId":322,"needAvatarPromoteLevel":4},{"proudSkillGroupId":323},{},{}],"skillDepotAbilityGroup":""},{"id":501,"skills":[100540,0,0,0],"subSkills":[10035,10101,10001,10102,5005010],"extraAbilities":["","",""],"talents":[0,0,0,0,0,0],"talentStarName":"","inherentProudSkillOpens":[{},{},{},{},{}],"skillDepotAbilityGroup":"Avatar_Player_AbilityGroup_Boy_Common"},{"id":502,"skills":[100541,0,0,0],"subSkills":[10101,10001,10102,10054,5005010],"extraAbilities":["","",""],"talents":[0,0,0,0,0,0],"talentStarName":"Talent_PlayerBoy_Fire","inherentProudSkillOpens":[{},{},{},{},{}],"skillDepotAbilityGroup":""},{"id":503,"skills":[100542,0,0,0],"subSkills":[10101,10001,10102,10054,5005010],"extraAbilities":["","",""],"talents":[0,0,0,0,0,0],"talentStarName":"Talent_PlayerBoy_Water","inherentProudSkillOpens":[{},{},{},{},{}],"skillDepotAbilityGroup":""},{"id":504,"energySkill":10068,"skills":[100543,10067,0,0],"subSkills":[10101,10001,10102,10006,5005010],"leaderTalent":1481,"extraAbilities":["","",""],"talents":[71,72,73,74,75,76],"talentStarName":"Talent_PlayerBoy_Wind","inherentProudSkillOpens":[{"proudSkillGroupId":721,"needAvatarPromoteLevel":1},{"proudSkillGroupId":722,"needAvatarPromoteLevel":4},{},{},{}],"skillDepotAbilityGroup":"Avatar_Player_AbilityGroup_Boy_Wind"},{"id":505,"skills":[100544,0,0,0],"subSkills":[10101,10001,10102,10054,5005010],"extraAbilities":["","",""],"talents":[0,0,0,0,0,0],"talentStarName":"Talent_PlayerBoy_Ice","inherentProudSkillOpens":[{},{},{},{},{}],"skillDepotAbilityGroup":""},{"id":506,"energySkill":10078,"skills":[100545,10077,0,0],"subSkills":[10101,10001,10102,5005010],"leaderTalent":1641,"extraAbilities":["","",""],"talents":[91,92,93,94,95,96],"talentStarName":"Talent_PlayerBoy_Rock","inherentProudSkillOpens":[{"proudSkillGroupId":921,"needAvatarPromoteLevel":1},{"proudSkillGroupId":922,"needAvatarPromoteLevel":4},{},{},{}],"skillDepotAbilityGroup":"Avatar_Player_AbilityGroup_Boy_Rock"},{"id":507,"energySkill":10605,"skills":[100546,10602,0,0],"subSkills":[10001,10054,5005010],"extraAbilities":["","",""],"talents":[101,102,103,104,105,106],"talentStarName":"Talent_PlayerBoy_Electric","inherentProudSkillOpens":[{"proudSkillGroupId":1021,"needAvatarPromoteLevel":1},{"proudSkillGroupId":1022,"needAvatarPromoteLevel":4},{},{},{}],"skillDepotAbilityGroup":"Avatar_Player_AbilityGroup_Boy_Electric"},{"id":508,"energySkill":10118,"skills":[100547,10117,0,0],"subSkills":[10001,10054,5005010],"extraAbilities":["","",""],"talents":[111,112,113,114,115,116],"talentStarName":"Talent_PlayerBoy_Grass","inherentProudSkillOpens":[{"proudSkillGroupId":1121,"needAvatarPromoteLevel":1},{"proudSkillGroupId":1122,"needAvatarPromoteLevel":4},{},{},{}],"skillDepotAbilityGroup":"Avatar_Player_AbilityGroup_Boy_Grass"},{"id":601,"energySkill":10062,"skills":[10060,10061,0,0],"subSkills":[10101,10102,10003,5006010],"leaderTalent":1100,"extraAbilities":["","",""],"talents":[41,42,43,44,45,46],"talentStarName":"Talent_Lisa","inherentProudSkillOpens":[{"proudSkillGroupId":421,"needAvatarPromoteLevel":1},{"proudSkillGroupId":422,"needAvatarPromoteLevel":4},{"proudSkillGroupId":423},{},{}],"skillDepotAbilityGroup":""},{"id":701,"skills":[100550,0,0,0],"subSkills":[10035,10101,10001,10102,5007010],"extraAbilities":["","",""],"talents":[0,0,0,0,0,0],"talentStarName":"","inherentProudSkillOpens":[{},{},{},{},{}],"skillDepotAbilityGroup":"Avatar_Player_AbilityGroup_Girl_Common"},{"id":702,"skills":[100551,0,0,0],"subSkills":[10101,10001,10102,10055,5007010],"extraAbilities":["","",""],"talents":[0,0,0,0,0,0],"talentStarName":"Talent_PlayerGirl_Fire","inherentProudSkillOpens":[{},{},{},{},{}],"skillDepotAbilityGroup":""},{"id":703,"skills":[100552,0,0,0],"subSkills":[10101,10001,10102,10055,5007010],"extraAbilities":["","",""],"talents":[0,0,0,0,0,0],"talentStarName":"Talent_PlayerGirl_Water","inherentProudSkillOpens":[{},{},{},{},{}],"skillDepotAbilityGroup":""},{"id":704,"energySkill":10068,"skills":[100553,10067,0,0],"subSkills":[10101,10001,10102,10006,5007010],"leaderTalent":1481,"extraAbilities":["","",""],"talents":[71,72,73,74,75,76],"talentStarName":"Talent_PlayerGirl_Wind","inherentProudSkillOpens":[{"proudSkillGroupId":721,"needAvatarPromoteLevel":1},{"proudSkillGroupId":722,"needAvatarPromoteLevel":4},{},{},{}],"skillDepotAbilityGroup":"Avatar_Player_AbilityGroup_Girl_Wind"},{"id":705,"skills":[100554,0,0,0],"subSkills":[10101,10001,10102,10055,5007010],"extraAbilities":["","",""],"talents":[0,0,0,0,0,0],"talentStarName":"Talent_PlayerGirl_Ice","inherentProudSkillOpens":[{},{},{},{},{}],"skillDepotAbilityGroup":""},{"id":706,"energySkill":10078,"skills":[100555,10077,0,0],"subSkills":[10101,10001,10102,5007010],"leaderTalent":1641,"extraAbilities":["","",""],"talents":[91,92,93,94,95,96],"talentStarName":"Talent_PlayerGirl_Rock","inherentProudSkillOpens":[{"proudSkillGroupId":921,"needAvatarPromoteLevel":1},{"proudSkillGroupId":922,"needAvatarPromoteLevel":4},{},{},{}],"skillDepotAbilityGroup":"Avatar_Player_AbilityGroup_Girl_Rock"},{"id":707,"energySkill":10605,"skills":[100556,10602,0,0],"subSkills":[10001,10055,5007010],"extraAbilities":["","",""],"talents":[101,102,103,104,105,106],"talentStarName":"Talent_PlayerGirl_Electric","inherentProudSkillOpens":[{"proudSkillGroupId":1021,"needAvatarPromoteLevel":1},{"proudSkillGroupId":1022,"needAvatarPromoteLevel":4},{},{},{}],"skillDepotAbilityGroup":"Avatar_Player_AbilityGroup_Girl_Electric"},{"id":708,"energySkill":10118,"skills":[100557,10117,0,0],"subSkills":[10001,10055,5007010],"extraAbilities":["","",""],"talents":[111,112,113,114,115,116],"talentStarName":"Talent_PlayerGirl_Grass","inherentProudSkillOpens":[{"proudSkillGroupId":1121,"needAvatarPromoteLevel":1},{"proudSkillGroupId":1122,"needAvatarPromoteLevel":4},{},{},{}],"skillDepotAbilityGroup":"Avatar_Player_AbilityGroup_Girl_Grass"},{"id":1401,"energySkill":10072,"skills":[10070,10071,0,0],"subSkills":[10076,10079,10080,10101,10102,10003,5014010],"leaderTalent":1560,"extraAbilities":["","",""],"talents":[141,142,143,144,145,146],"talentStarName":"Talent_Barbara","inherentProudSkillOpens":[{"proudSkillGroupId":1421,"needAvatarPromoteLevel":1},{"proudSkillGroupId":1422,"needAvatarPromoteLevel":4},{"proudSkillGroupId":1423},{},{}],"skillDepotAbilityGroup":""},{"id":1501,"energySkill":10075,"skills":[10073,10074,0,0],"subSkills":[10081,10101,10001,10102,5015010],"leaderTalent":1050,"extraAbilities":["","",""],"talents":[151,152,153,154,155,156],"talentStarName":"Talent_Kaeya","inherentProudSkillOpens":[{"proudSkillGroupId":1521,"needAvatarPromoteLevel":1},{"proudSkillGroupId":1522,"needAvatarPromoteLevel":4},{"proudSkillGroupId":1523},{},{}],"skillDepotAbilityGroup":""},{"id":1601,"energySkill":10165,"skills":[10160,10161,0,0],"subSkills":[10162,10163,10101,10102,5016010],"leaderTalent":1400,"extraAbilities":["","",""],"talents":[161,162,163,164,165,166],"talentStarName":"Talent_Diluc","inherentProudSkillOpens":[{"proudSkillGroupId":1621,"needAvatarPromoteLevel":1},{"proudSkillGroupId":1622,"needAvatarPromoteLevel":4},{"proudSkillGroupId":1623},{},{}],"skillDepotAbilityGroup":""},{"id":2001,"energySkill":10203,"skills":[10201,10202,0,0],"subSkills":[10204,10101,10102,5020010],"leaderTalent":2011,"extraAbilities":["","",""],"talents":[201,202,203,204,205,206],"talentStarName":"Talent_Razor","inherentProudSkillOpens":[{"proudSkillGroupId":2021,"needAvatarPromoteLevel":1},{"proudSkillGroupId":2022,"needAvatarPromoteLevel":4},{"proudSkillGroupId":2023},{},{}],"skillDepotAbilityGroup":""},{"id":2101,"energySkill":10017,"skills":[10041,10032,0,0],"subSkills":[10042,10043,10211,10101,10102,5021010],"attackModeSkill":20000,"leaderTalent":1000,"extraAbilities":["","",""],"talents":[211,212,213,214,215,216],"talentStarName":"Talent_Ambor","inherentProudSkillOpens":[{"proudSkillGroupId":2121,"needAvatarPromoteLevel":1},{"proudSkillGroupId":2122,"needAvatarPromoteLevel":4},{"proudSkillGroupId":2123},{},{}],"skillDepotAbilityGroup":""},{"id":2201,"energySkill":10225,"skills":[10221,10224,0,0],"subSkills":[10222,10223,10101,10102,5022010],"attackModeSkill":20000,"leaderTalent":2211,"extraAbilities":["","",""],"talents":[221,222,223,224,225,226],"talentStarName":"Talent_Venti","inherentProudSkillOpens":[{"proudSkillGroupId":2221,"needAvatarPromoteLevel":1},{"proudSkillGroupId":2222,"needAvatarPromoteLevel":4},{"proudSkillGroupId":2223},{},{}],"skillDepotAbilityGroup":""},{"id":2301,"energySkill":10235,"skills":[10231,10232,0,0],"subSkills":[10101,10002,10102,5023010],"leaderTalent":2311,"extraAbilities":["","",""],"talents":[231,232,233,234,235,236],"talentStarName":"Talent_Xiangling","inherentProudSkillOpens":[{"proudSkillGroupId":2321,"needAvatarPromoteLevel":1},{"proudSkillGroupId":2322,"needAvatarPromoteLevel":4},{"proudSkillGroupId":2323},{},{}],"skillDepotAbilityGroup":""},{"id":2401,"energySkill":10245,"skills":[10241,10242,0,0],"subSkills":[10101,10102,5024010],"extraAbilities":["","",""],"talents":[241,242,243,244,245,246],"talentStarName":"Talent_Beidou","inherentProudSkillOpens":[{"proudSkillGroupId":2421,"needAvatarPromoteLevel":1},{"proudSkillGroupId":2422,"needAvatarPromoteLevel":4},{"proudSkillGroupId":2423},{},{}],"skillDepotAbilityGroup":""},{"id":2501,"energySkill":10385,"skills":[10381,10382,0,0],"subSkills":[10101,10102,10001,5025010],"extraAbilities":["","",""],"talents":[251,252,253,254,255,256],"talentStarName":"Talent_Xingqiu","inherentProudSkillOpens":[{"proudSkillGroupId":2521,"needAvatarPromoteLevel":1},{"proudSkillGroupId":2522,"needAvatarPromoteLevel":4},{"proudSkillGroupId":2523},{},{}],"skillDepotAbilityGroup":""},{"id":2601,"energySkill":10265,"skills":[10261,10262,0,0],"subSkills":[10101,10102,10002,10263,10264],"extraAbilities":["","",""],"talents":[261,262,263,264,265,266],"talentStarName":"Talent_Xiao","inherentProudSkillOpens":[{"proudSkillGroupId":2621,"needAvatarPromoteLevel":1},{"proudSkillGroupId":2622,"needAvatarPromoteLevel":4},{"proudSkillGroupId":2623},{},{}],"skillDepotAbilityGroup":""},{"id":2701,"energySkill":10274,"skills":[10271,10272,0,0],"subSkills":[10101,10102,10003,10273,10275,5027010],"extraAbilities":["","",""],"talents":[271,272,273,274,275,276],"talentStarName":"Talent_Ningguang","inherentProudSkillOpens":[{"proudSkillGroupId":2721,"needAvatarPromoteLevel":1},{"proudSkillGroupId":2722,"needAvatarPromoteLevel":4},{"proudSkillGroupId":2723},{},{}],"skillDepotAbilityGroup":""},{"id":2901,"energySkill":10295,"skills":[10291,10292,0,0],"subSkills":[10300,10101,10102,10003,5029010],"extraAbilities":["","",""],"talents":[291,292,293,294,295,296],"talentStarName":"Talent_Klee","inherentProudSkillOpens":[{"proudSkillGroupId":2921,"needAvatarPromoteLevel":1},{"proudSkillGroupId":2922,"needAvatarPromoteLevel":4},{"proudSkillGroupId":2923},{},{}],"skillDepotAbilityGroup":""},{"id":3001,"energySkill":10303,"skills":[10301,10302,0,0],"subSkills":[10101,10102,10002,5030010],"extraAbilities":["","",""],"talents":[301,302,303,304,305,306],"talentStarName":"Talent_Zhongli","inherentProudSkillOpens":[{"proudSkillGroupId":3021,"needAvatarPromoteLevel":1},{"proudSkillGroupId":3022,"needAvatarPromoteLevel":4},{"proudSkillGroupId":3023},{},{}],"skillDepotAbilityGroup":""},{"id":3101,"energySkill":10313,"skills":[10311,10312,0,0],"subSkills":[10314,10315,10316,10101,10102,5031010],"attackModeSkill":20000,"extraAbilities":["","",""],"talents":[311,312,313,314,315,316],"talentStarName":"Talent_Fischl","inherentProudSkillOpens":[{"proudSkillGroupId":3121,"needAvatarPromoteLevel":1},{"proudSkillGroupId":3122,"needAvatarPromoteLevel":4},{"proudSkillGroupId":3123},{},{}],"skillDepotAbilityGroup":""},{"id":3201,"energySkill":10323,"skills":[10321,10322,0,0],"subSkills":[10101,10102,10001,5032010],"extraAbilities":["","",""],"talents":[321,322,323,324,325,326],"talentStarName":"Talent_Bennett","inherentProudSkillOpens":[{"proudSkillGroupId":3221,"needAvatarPromoteLevel":1},{"proudSkillGroupId":3222,"needAvatarPromoteLevel":4},{"proudSkillGroupId":3223},{},{}],"skillDepotAbilityGroup":""},{"id":3301,"energySkill":10333,"skills":[10331,10332,0,0],"subSkills":[10334,10335,10336,10337,10101,10102,10001,5033010],"attackModeSkill":20000,"extraAbilities":["","",""],"talents":[331,332,333,334,335,336],"talentStarName":"Talent_Tartaglia","inherentProudSkillOpens":[{"proudSkillGroupId":3321,"needAvatarPromoteLevel":1},{"proudSkillGroupId":3322,"needAvatarPromoteLevel":4},{"proudSkillGroupId":3323},{},{}],"skillDepotAbilityGroup":""},{"id":3401,"energySkill":10343,"skills":[10341,10342,0,0],"subSkills":[10344,10101,10102,5034010],"extraAbilities":["","",""],"talents":[341,342,343,344,345,346],"talentStarName":"Talent_Noel","inherentProudSkillOpens":[{"proudSkillGroupId":3421,"needAvatarPromoteLevel":1},{"proudSkillGroupId":3422,"needAvatarPromoteLevel":4},{"proudSkillGroupId":3423},{},{}],"skillDepotAbilityGroup":""},{"id":3501,"energySkill":10353,"skills":[10351,10352,0,0],"subSkills":[10101,10102,10355,10001,5035010],"extraAbilities":["","",""],"talents":[351,352,353,354,355,356],"talentStarName":"Talent_Qiqi","inherentProudSkillOpens":[{"proudSkillGroupId":3521,"needAvatarPromoteLevel":1},{"proudSkillGroupId":3522,"needAvatarPromoteLevel":4},{"proudSkillGroupId":3523},{},{}],"skillDepotAbilityGroup":""},{"id":3601,"energySkill":10403,"skills":[10401,10402,0,0],"subSkills":[10101,10102,5036010],"extraAbilities":["","",""],"talents":[361,362,363,364,365,366],"talentStarName":"Talent_Chongyun","inherentProudSkillOpens":[{"proudSkillGroupId":3621,"needAvatarPromoteLevel":1},{"proudSkillGroupId":3622,"needAvatarPromoteLevel":4},{"proudSkillGroupId":3623},{},{}],"skillDepotAbilityGroup":""},{"id":3701,"energySkill":10373,"skills":[10371,10372,0,0],"subSkills":[10374,10101,10102,5037010],"attackModeSkill":20000,"extraAbilities":["","",""],"talents":[371,372,373,374,375,376],"talentStarName":"Talent_Ganyu","inherentProudSkillOpens":[{"proudSkillGroupId":3721,"needAvatarPromoteLevel":1},{"proudSkillGroupId":3722,"needAvatarPromoteLevel":4},{"proudSkillGroupId":3723},{},{}],"skillDepotAbilityGroup":""},{"id":3801,"energySkill":10388,"skills":[10386,10387,0,0],"subSkills":[10101,10102,5038010,10001],"extraAbilities":["","",""],"talents":[381,382,383,384,385,386],"talentStarName":"Talent_Albedo","inherentProudSkillOpens":[{"proudSkillGroupId":3821,"needAvatarPromoteLevel":1},{"proudSkillGroupId":3822,"needAvatarPromoteLevel":4},{"proudSkillGroupId":3823},{},{}],"skillDepotAbilityGroup":""},{"id":3901,"energySkill":10395,"skills":[10391,10392,0,0],"subSkills":[10101,10102,10393,10394,5039010],"attackModeSkill":20000,"extraAbilities":["","",""],"talents":[391,392,393,394,395,396],"talentStarName":"Talent_Diona","inherentProudSkillOpens":[{"proudSkillGroupId":3921,"needAvatarPromoteLevel":1},{"proudSkillGroupId":3922,"needAvatarPromoteLevel":4},{"proudSkillGroupId":3923},{},{}],"skillDepotAbilityGroup":""},{"id":4101,"energySkill":10415,"skills":[10411,10412,10413,0],"subSkills":[10101,10102,10003,5041010],"extraAbilities":["","",""],"talents":[411,412,413,414,415,416],"talentStarName":"Talent_Mona","inherentProudSkillOpens":[{"proudSkillGroupId":4121,"needAvatarPromoteLevel":1},{"proudSkillGroupId":4122,"needAvatarPromoteLevel":4},{"proudSkillGroupId":4123},{},{}],"skillDepotAbilityGroup":""},{"id":4201,"energySkill":10425,"skills":[10421,10422,0,0],"subSkills":[10001,10101,10102,10423,5042010],"extraAbilities":["","",""],"talents":[421,422,423,424,425,426],"talentStarName":"Talent_Keqing","inherentProudSkillOpens":[{"proudSkillGroupId":4221,"needAvatarPromoteLevel":1},{"proudSkillGroupId":4222,"needAvatarPromoteLevel":4},{"proudSkillGroupId":4223},{},{}],"skillDepotAbilityGroup":""},{"id":4301,"energySkill":10435,"skills":[10431,10432,0,0],"subSkills":[10101,10102,10003,10433,5043010],"extraAbilities":["","",""],"talents":[431,432,433,434,435,436],"talentStarName":"Talent_Sucrose","inherentProudSkillOpens":[{"proudSkillGroupId":4321,"needAvatarPromoteLevel":1},{"proudSkillGroupId":4322,"needAvatarPromoteLevel":4},{"proudSkillGroupId":4323},{},{}],"skillDepotAbilityGroup":""},{"id":4401,"energySkill":10443,"skills":[10441,10442,0,0],"subSkills":[10101,10102,5044010],"extraAbilities":["","",""],"talents":[441,442,443,444,445,446],"talentStarName":"Talent_Xinyan","inherentProudSkillOpens":[{"proudSkillGroupId":4421,"needAvatarPromoteLevel":1},{"proudSkillGroupId":4422,"needAvatarPromoteLevel":4},{"proudSkillGroupId":4423},{},{}],"skillDepotAbilityGroup":""},{"id":4501,"energySkill":10453,"skills":[10451,10452,0,0],"subSkills":[10101,10102,10002,5045010],"extraAbilities":["","",""],"talents":[451,452,453,454,455,456],"talentStarName":"Talent_Rosaria","inherentProudSkillOpens":[{"proudSkillGroupId":4521,"needAvatarPromoteLevel":1},{"proudSkillGroupId":4522,"needAvatarPromoteLevel":4},{"proudSkillGroupId":4523},{},{}],"skillDepotAbilityGroup":""},{"id":4601,"energySkill":10463,"skills":[10461,10462,0,0],"subSkills":[10101,10002,10102,10464,5046010],"extraAbilities":["","",""],"talents":[461,462,463,464,465,466],"talentStarName":"Talent_Hutao","inherentProudSkillOpens":[{"proudSkillGroupId":4621,"needAvatarPromoteLevel":1},{"proudSkillGroupId":4622,"needAvatarPromoteLevel":4},{"proudSkillGroupId":4623},{},{}],"skillDepotAbilityGroup":""},{"id":4701,"energySkill":10475,"skills":[10471,10472,0,0],"subSkills":[10101,10102,10001,10473,10474,5047010],"extraAbilities":["","",""],"talents":[471,472,473,474,475,476],"talentStarName":"Talent_Kazuha","inherentProudSkillOpens":[{"proudSkillGroupId":4721,"needAvatarPromoteLevel":1},{"proudSkillGroupId":4722,"needAvatarPromoteLevel":4},{"proudSkillGroupId":4723},{},{}],"skillDepotAbilityGroup":""},{"id":4801,"energySkill":10485,"skills":[10481,10482,0,0],"subSkills":[10101,10102,10003,10473,5048010],"extraAbilities":["","",""],"talents":[481,482,483,484,485,486],"talentStarName":"Talent_Feiyan","inherentProudSkillOpens":[{"proudSkillGroupId":4821,"needAvatarPromoteLevel":1},{"proudSkillGroupId":4822,"needAvatarPromoteLevel":4},{"proudSkillGroupId":4823},{},{}],"skillDepotAbilityGroup":""},{"id":4901,"energySkill":10495,"skills":[10491,10492,0,0],"subSkills":[10493,5049010],"attackModeSkill":20000,"extraAbilities":["","",""],"talents":[491,492,493,494,495,496],"talentStarName":"Talent_Yoimiya","inherentProudSkillOpens":[{"proudSkillGroupId":4921,"needAvatarPromoteLevel":1},{"proudSkillGroupId":4922,"needAvatarPromoteLevel":4},{"proudSkillGroupId":4923},{},{}],"skillDepotAbilityGroup":""},{"id":5001,"energySkill":10505,"skills":[10501,10502,0,0],"subSkills":[10002,5050010],"extraAbilities":["","",""],"talents":[501,502,503,504,505,506],"talentStarName":"Talent_Tohma","inherentProudSkillOpens":[{"proudSkillGroupId":5021,"needAvatarPromoteLevel":1},{"proudSkillGroupId":5022,"needAvatarPromoteLevel":4},{"proudSkillGroupId":5023},{},{}],"skillDepotAbilityGroup":""},{"id":5101,"energySkill":10515,"skills":[10511,10512,0,0],"subSkills":[10101,10102,5051010],"extraAbilities":["","",""],"talents":[511,512,513,514,515,516],"talentStarName":"Talent_Eula","inherentProudSkillOpens":[{"proudSkillGroupId":5121,"needAvatarPromoteLevel":1},{"proudSkillGroupId":5122,"needAvatarPromoteLevel":4},{"proudSkillGroupId":5123},{},{}],"skillDepotAbilityGroup":""},{"id":5201,"energySkill":10525,"skills":[10521,10522,0,0],"subSkills":[10001,10002,5052010],"extraAbilities":["","",""],"talents":[521,522,523,524,525,526],"talentStarName":"Talent_Shougun","inherentProudSkillOpens":[{"proudSkillGroupId":5221,"needAvatarPromoteLevel":1},{"proudSkillGroupId":5222,"needAvatarPromoteLevel":4},{"proudSkillGroupId":5223},{},{"proudSkillGroupId":5225}],"skillDepotAbilityGroup":""},{"id":5301,"energySkill":10535,"skills":[10531,10532,0,0],"subSkills":[10533,5053010],"extraAbilities":["","",""],"talents":[531,532,533,534,535,536],"talentStarName":"Talent_Sayu","inherentProudSkillOpens":[{"proudSkillGroupId":5321,"needAvatarPromoteLevel":1},{"proudSkillGroupId":5322,"needAvatarPromoteLevel":4},{"proudSkillGroupId":5323},{},{}],"skillDepotAbilityGroup":""},{"id":5401,"energySkill":10545,"skills":[10541,10542,0,0],"subSkills":[10003,5054010],"extraAbilities":["","",""],"talents":[541,542,543,544,545,546],"talentStarName":"Talent_Kokomi","inherentProudSkillOpens":[{"proudSkillGroupId":5421,"needAvatarPromoteLevel":1},{"proudSkillGroupId":5422,"needAvatarPromoteLevel":4},{"proudSkillGroupId":5423},{},{"proudSkillGroupId":5425}],"skillDepotAbilityGroup":""},{"id":5501,"energySkill":10555,"skills":[10551,10552,0,0],"subSkills":[10553,10554,5055010],"attackModeSkill":20000,"extraAbilities":["","",""],"talents":[551,552,553,554,555,556],"talentStarName":"Talent_Gorou","inherentProudSkillOpens":[{"proudSkillGroupId":5521,"needAvatarPromoteLevel":1},{"proudSkillGroupId":5522,"needAvatarPromoteLevel":4},{"proudSkillGroupId":5523},{},{}],"skillDepotAbilityGroup":""},{"id":5601,"energySkill":10565,"skills":[10561,10562,0,0],"subSkills":[10563,10564,5056010],"attackModeSkill":20000,"extraAbilities":["","",""],"talents":[561,562,563,564,565,566],"talentStarName":"Talent_Sara","inherentProudSkillOpens":[{"proudSkillGroupId":5621,"needAvatarPromoteLevel":1},{"proudSkillGroupId":5622,"needAvatarPromoteLevel":4},{"proudSkillGroupId":5623},{},{}],"skillDepotAbilityGroup":""},{"id":5701,"energySkill":10575,"skills":[10571,10572,0,0],"subSkills":[10004,10102,5057010],"extraAbilities":["","",""],"talents":[571,572,573,574,575,576],"talentStarName":"Talent_Itto","inherentProudSkillOpens":[{"proudSkillGroupId":5721,"needAvatarPromoteLevel":1},{"proudSkillGroupId":5722,"needAvatarPromoteLevel":4},{"proudSkillGroupId":5723},{},{}],"skillDepotAbilityGroup":""},{"id":5801,"energySkill":10585,"skills":[10581,10582,0,0],"subSkills":[10583,10003,5058010],"extraAbilities":["","",""],"talents":[581,582,583,584,585,586],"talentStarName":"Talent_Yae","inherentProudSkillOpens":[{"proudSkillGroupId":5821,"needAvatarPromoteLevel":1},{"proudSkillGroupId":5822,"needAvatarPromoteLevel":4},{"proudSkillGroupId":5823},{},{}],"skillDepotAbilityGroup":""},{"id":5901,"energySkill":10595,"skills":[10591,10592,0,0],"subSkills":[10003,5059010],"extraAbilities":["","",""],"talents":[591,592,593,594,595,596],"talentStarName":"Talent_Heizo","inherentProudSkillOpens":[{"proudSkillGroupId":5921,"needAvatarPromoteLevel":1},{"proudSkillGroupId":5922,"needAvatarPromoteLevel":4},{"proudSkillGroupId":5923},{},{}],"skillDepotAbilityGroup":""},{"id":6001,"energySkill":10610,"skills":[10606,10607,0,0],"subSkills":[10608,10609,5060010],"attackModeSkill":20000,"extraAbilities":["","",""],"talents":[601,602,603,604,605,606],"talentStarName":"Talent_Yelan","inherentProudSkillOpens":[{"proudSkillGroupId":6021,"needAvatarPromoteLevel":1},{"proudSkillGroupId":6022,"needAvatarPromoteLevel":4},{"proudSkillGroupId":6023},{},{}],"skillDepotAbilityGroup":""},{"id":6201,"energySkill":10625,"skills":[10621,10622,0,0],"subSkills":[10623,10624,5062010],"attackModeSkill":20000,"extraAbilities":["","",""],"talents":[621,622,623,624,625,626],"talentStarName":"Talent_Aloy","inherentProudSkillOpens":[{"proudSkillGroupId":6221,"needAvatarPromoteLevel":1},{"proudSkillGroupId":6222,"needAvatarPromoteLevel":4},{"proudSkillGroupId":6223},{},{}],"skillDepotAbilityGroup":""},{"id":6401,"energySkill":10643,"skills":[10641,10642,0,0],"subSkills":[10002,5064010],"extraAbilities":["","",""],"talents":[641,642,643,644,645,646],"talentStarName":"Talent_Yunjin","inherentProudSkillOpens":[{"proudSkillGroupId":6421,"needAvatarPromoteLevel":1},{"proudSkillGroupId":6422,"needAvatarPromoteLevel":4},{"proudSkillGroupId":6423},{},{}],"skillDepotAbilityGroup":""},{"id":6301,"energySkill":10635,"skills":[10631,10632,0,0],"subSkills":[10101,10102,10002,5063010],"extraAbilities":["","",""],"talents":[631,632,633,634,635,636],"talentStarName":"Talent_Shenhe","inherentProudSkillOpens":[{"proudSkillGroupId":6321,"needAvatarPromoteLevel":1},{"proudSkillGroupId":6322,"needAvatarPromoteLevel":4},{"proudSkillGroupId":6323},{},{}],"skillDepotAbilityGroup":""},{"id":6501,"energySkill":10655,"skills":[10651,10652,0,0],"subSkills":[10101,10102,10001,10656,10657,5065010],"extraAbilities":["","",""],"talents":[651,652,653,654,655,656],"talentStarName":"Talent_Shinobu","inherentProudSkillOpens":[{"proudSkillGroupId":6521,"needAvatarPromoteLevel":1},{"proudSkillGroupId":6522,"needAvatarPromoteLevel":4},{"proudSkillGroupId":6523},{},{}],"skillDepotAbilityGroup":""},{"id":6601,"energySkill":10665,"skills":[10661,10662,0,0],"subSkills":[10001,10663,5066010],"extraAbilities":["","",""],"talents":[661,662,663,664,665,666],"talentStarName":"Talent_Ayato","inherentProudSkillOpens":[{"proudSkillGroupId":6621,"needAvatarPromoteLevel":1},{"proudSkillGroupId":6622,"needAvatarPromoteLevel":4},{"proudSkillGroupId":6623},{},{}],"skillDepotAbilityGroup":""},{"id":6701,"energySkill":10675,"skills":[10671,10672,0,0],"subSkills":[10674,5067010],"attackModeSkill":20000,"extraAbilities":["","",""],"talents":[671,672,673,674,675,676],"talentStarName":"Talent_Collei","inherentProudSkillOpens":[{"proudSkillGroupId":6721,"needAvatarPromoteLevel":1},{"proudSkillGroupId":6722,"needAvatarPromoteLevel":4},{"proudSkillGroupId":6723},{},{}],"skillDepotAbilityGroup":""},{"id":6801,"energySkill":10685,"skills":[10681,10682,0,0],"subSkills":[5068010],"extraAbilities":["","",""],"talents":[681,682,683,684,685,686],"talentStarName":"Talent_Dori","inherentProudSkillOpens":[{"proudSkillGroupId":6821,"needAvatarPromoteLevel":1},{"proudSkillGroupId":6822,"needAvatarPromoteLevel":4},{"proudSkillGroupId":6823},{},{}],"skillDepotAbilityGroup":""},{"id":6901,"energySkill":10695,"skills":[10691,10692,0,0],"subSkills":[10693,5069010],"attackModeSkill":20000,"extraAbilities":["","",""],"talents":[691,692,693,694,695,696],"talentStarName":"Talent_Tighnari","inherentProudSkillOpens":[{"proudSkillGroupId":6921,"needAvatarPromoteLevel":1},{"proudSkillGroupId":6922,"needAvatarPromoteLevel":4},{"proudSkillGroupId":6923},{},{}],"skillDepotAbilityGroup":""},{"id":7001,"energySkill":10705,"skills":[10701,10702,0,0],"subSkills":[10703,10704,10706,10707,10708,10001,10101,10102,5070010],"extraAbilities":["","",""],"talents":[701,702,703,704,705,706],"talentStarName":"Talent_Nilou","inherentProudSkillOpens":[{"proudSkillGroupId":7021,"needAvatarPromoteLevel":1},{"proudSkillGroupId":7022,"needAvatarPromoteLevel":4},{"proudSkillGroupId":7023},{},{}],"skillDepotAbilityGroup":""},{"id":7101,"energySkill":10715,"skills":[10711,10712,0,0],"subSkills":[10002,10713,5071010],"extraAbilities":["","",""],"talents":[711,712,713,714,715,716],"talentStarName":"Talent_Cyno","inherentProudSkillOpens":[{"proudSkillGroupId":7121,"needAvatarPromoteLevel":1},{"proudSkillGroupId":7122,"needAvatarPromoteLevel":4},{"proudSkillGroupId":7123},{},{}],"skillDepotAbilityGroup":""},{"id":7201,"energySkill":10725,"skills":[10721,10722,0,0],"subSkills":[10002,5072010],"extraAbilities":["","",""],"talents":[721,722,723,724,725,726],"talentStarName":"Talent_Candace","inherentProudSkillOpens":[{"proudSkillGroupId":7221,"needAvatarPromoteLevel":1},{"proudSkillGroupId":7222,"needAvatarPromoteLevel":4},{"proudSkillGroupId":7223},{},{}],"skillDepotAbilityGroup":""},{"id":7301,"energySkill":10735,"skills":[10731,10732,0,0],"subSkills":[10003,5073010],"extraAbilities":["","",""],"talents":[731,732,733,734,735,736],"talentStarName":"Talent_Nahida","inherentProudSkillOpens":[{"proudSkillGroupId":7321,"needAvatarPromoteLevel":1},{"proudSkillGroupId":7322,"needAvatarPromoteLevel":4},{"proudSkillGroupId":7323},{},{}],"skillDepotAbilityGroup":""},{"id":7401,"energySkill":10745,"skills":[10741,10742,0,0],"subSkills":[10001,5074010],"extraAbilities":["","",""],"talents":[741,742,743,744,745,746],"talentStarName":"Talent_Layla","inherentProudSkillOpens":[{"proudSkillGroupId":7421,"needAvatarPromoteLevel":1},{"proudSkillGroupId":7422,"needAvatarPromoteLevel":4},{"proudSkillGroupId":7423},{},{}],"skillDepotAbilityGroup":""},{"id":7501,"energySkill":10755,"skills":[10751,10752,0,0],"subSkills":[10753,10756,10757,10758,10759,10750,10003,5075010],"extraAbilities":["","",""],"talents":[751,752,753,754,755,756],"talentStarName":"Talent_Wanderer","inherentProudSkillOpens":[{"proudSkillGroupId":7521,"needAvatarPromoteLevel":1},{"proudSkillGroupId":7522,"needAvatarPromoteLevel":4},{"proudSkillGroupId":7523},{},{}],"skillDepotAbilityGroup":""},{"id":7601,"energySkill":10765,"skills":[10761,10762,0,0],"subSkills":[10764,10101,10102,5076010],"attackModeSkill":20000,"extraAbilities":["","",""],"talents":[761,762,763,764,765,766],"talentStarName":"Talent_Faruzan","inherentProudSkillOpens":[{"proudSkillGroupId":7621,"needAvatarPromoteLevel":1},{"proudSkillGroupId":7622,"needAvatarPromoteLevel":4},{"proudSkillGroupId":7623},{},{}],"skillDepotAbilityGroup":""},{"id":8011,"skills":[0,0,0,0],"subSkills":[],"extraAbilities":["","",""],"talents":[0,0,0,0,0,0],"talentStarName":"","inherentProudSkillOpens":[{},{},{},{},{}],"skillDepotAbilityGroup":""},{"id":9011,"skills":[0,0,0,0],"subSkills":[],"extraAbilities":["","",""],"talents":[0,0,0,0,0,0],"talentStarName":"","inherentProudSkillOpens":[{},{},{},{},{}],"skillDepotAbilityGroup":""},{"id":10011,"skills":[0,0,0,0],"subSkills":[],"extraAbilities":["","",""],"talents":[0,0,0,0,0,0],"talentStarName":"","inherentProudSkillOpens":[{},{},{},{},{}],"skillDepotAbilityGroup":""},{"id":12011,"skills":[0,0,0,0],"subSkills":[],"extraAbilities":["","",""],"talents":[0,0,0,0,0,0],"talentStarName":"","inherentProudSkillOpens":[{},{},{},{},{}],"skillDepotAbilityGroup":""},{"id":13011,"skills":[0,0,0,0],"subSkills":[],"extraAbilities":["","",""],"talents":[0,0,0,0,0,0],"talentStarName":"","inherentProudSkillOpens":[{},{},{},{},{}],"skillDepotAbilityGroup":""},{"id":25011,"energySkill":10255,"skills":[10251,10362,0,0],"subSkills":[10252,10253,10101,10102],"attackModeSkill":20000,"extraAbilities":["","",""],"talents":[0,0,0,0,0,0],"talentStarName":"","inherentProudSkillOpens":[{},{},{},{},{}],"skillDepotAbilityGroup":""},{"id":28011,"energySkill":10283,"skills":[10281,10282,0,0],"subSkills":[10101,10102],"extraAbilities":["","",""],"talents":[0,0,0,0,0,0],"talentStarName":"","inherentProudSkillOpens":[{},{},{},{},{}],"skillDepotAbilityGroup":""},{"id":30011,"energySkill":11305,"skills":[11301,11302,0,0],"subSkills":[10101,10102],"extraAbilities":["","",""],"talents":[311,312,313,314,315,316],"talentStarName":"","inherentProudSkillOpens":[{"proudSkillGroupId":3121,"needAvatarPromoteLevel":1},{"proudSkillGroupId":3122,"needAvatarPromoteLevel":4},{},{},{}],"skillDepotAbilityGroup":""},{"id":37011,"energySkill":11373,"skills":[11371,11372,0,0],"subSkills":[11374,11375,10101,10102],"attackModeSkill":20000,"extraAbilities":["","",""],"talents":[0,0,0,0,0,0],"talentStarName":"Talent_Test_NoStar","inherentProudSkillOpens":[{},{},{},{},{}],"skillDepotAbilityGroup":""},{"id":38001,"energySkill":10362,"skills":[100540,10365,0,0],"subSkills":[10101,10102,10364],"extraAbilities":["","",""],"talents":[0,0,0,0,0,0],"talentStarName":"","inherentProudSkillOpens":[{},{},{},{},{}],"skillDepotAbilityGroup":""},{"id":46011,"energySkill":10463,"skills":[10461,10462,0,0],"subSkills":[10081,10101,10001,10102],"extraAbilities":["","",""],"talents":[0,0,0,0,0,0],"talentStarName":"Talent_Kaeya","inherentProudSkillOpens":[{},{},{},{},{}],"skillDepotAbilityGroup":""}]