[{"HPECGIGEJKG":200301,"KJIAKOKHKBO":2,"nameTextMapHash":1504245738,"descTextMapHash":3529954098,"itemId":340001,"POLBJDFCJMD":10000003,"jsonName":"Avatar_Lady_Sword_QinCostumeSea","DFLECMBEBKA":9215865218573513000,"NLFKNEIPADH":17992774763103844000,"BILHGPLPHPH":2693372009414780000,"FAEALPPCLJK":16220654252350374000,"PCIMGPIJLCO":4,"GAKJDLMBFHJ":"UI_AvatarIcon_QinCostumeSea","sideIconName":"UI_AvatarIcon_Side_QinCostumeSea","ENPOAHAHBPN":7856783315815955000},{"HPECGIGEJKG":201401,"KJIAKOKHKBO":1,"nameTextMapHash":4121525482,"descTextMapHash":2644173682,"itemId":340000,"POLBJDFCJMD":10000014,"jsonName":"Avatar_Girl_Catalyst_BarbaraCostumeSummertime","DFLECMBEBKA":10565960914446858000,"NLFKNEIPADH":10341761028724613000,"BILHGPLPHPH":5183081712927355000,"FAEALPPCLJK":7590386921274555000,"PCIMGPIJLCO":4,"GAKJDLMBFHJ":"UI_AvatarIcon_BarbaraCostumeSummertime","sideIconName":"UI_AvatarIcon_Side_BarbaraCostumeSummertime","ENPOAHAHBPN":16049450277489158000},{"HPECGIGEJKG":202701,"KJIAKOKHKBO":1,"nameTextMapHash":2572106930,"descTextMapHash":720597146,"itemId":340002,"POLBJDFCJMD":10000027,"jsonName":"Avatar_Lady_Catalyst_NingguangCostumeFloral","DFLECMBEBKA":15863689246053601000,"NLFKNEIPADH":11681843191975356000,"BILHGPLPHPH":9773804280703926000,"FAEALPPCLJK":1433662792352814000,"PCIMGPIJLCO":4,"GAKJDLMBFHJ":"UI_AvatarIcon_NingguangCostumeFloral","sideIconName":"UI_AvatarIcon_Side_NingguangCostumeFloral","ENPOAHAHBPN":13693364619168872000},{"HPECGIGEJKG":204201,"KJIAKOKHKBO":1,"nameTextMapHash":1613857666,"descTextMapHash":1532026282,"itemId":340003,"POLBJDFCJMD":10000042,"jsonName":"Avatar_Girl_Sword_KeqingCostumeFeather","DFLECMBEBKA":10364379182659254000,"NLFKNEIPADH":6372458023003575000,"BILHGPLPHPH":12660355485795350000,"FAEALPPCLJK":11708378725870790000,"PCIMGPIJLCO":4,"GAKJDLMBFHJ":"UI_AvatarIcon_KeqingCostumeFeather","sideIconName":"UI_AvatarIcon_Side_KeqingCostumeFeather","ENPOAHAHBPN":8264683658462126000},{"HPECGIGEJKG":200302,"KJIAKOKHKBO":1,"nameTextMapHash":2691230306,"descTextMapHash":1553444314,"itemId":340006,"POLBJDFCJMD":10000003,"jsonName":"Avatar_Lady_Sword_QinCostumeWic","DFLECMBEBKA":11789304378759268000,"NLFKNEIPADH":2508262379750057000,"BILHGPLPHPH":8899383397730056000,"FAEALPPCLJK":6257448215821890000,"KNMCLOFEBHB":true,"PCIMGPIJLCO":4,"hide":true,"GAKJDLMBFHJ":"UI_AvatarIcon_QinCostumeWic","sideIconName":"UI_AvatarIcon_Side_QinCostumeWic","ENPOAHAHBPN":2268507951203388000},{"HPECGIGEJKG":202101,"KJIAKOKHKBO":1,"nameTextMapHash":4237698530,"descTextMapHash":2955174482,"itemId":340007,"POLBJDFCJMD":10000021,"jsonName":"Avatar_Girl_Bow_AmborCostumeWic","DFLECMBEBKA":7122218723217693000,"NLFKNEIPADH":14462486063824583000,"BILHGPLPHPH":16495873575277371000,"FAEALPPCLJK":11555033508243667000,"KNMCLOFEBHB":true,"PCIMGPIJLCO":4,"hide":true,"GAKJDLMBFHJ":"UI_AvatarIcon_AmborCostumeWic","sideIconName":"UI_AvatarIcon_Side_AmborCostumeWic","ENPOAHAHBPN":1673287744058013000},{"HPECGIGEJKG":204101,"KJIAKOKHKBO":1,"nameTextMapHash":1860400666,"descTextMapHash":2912743770,"itemId":340008,"POLBJDFCJMD":10000041,"jsonName":"Avatar_Girl_Catalyst_MonaCostumeWic","DFLECMBEBKA":15379405067054348000,"NLFKNEIPADH":16287308438257703000,"BILHGPLPHPH":1127931153574195200,"FAEALPPCLJK":5022057012086514000,"KNMCLOFEBHB":true,"PCIMGPIJLCO":4,"hide":true,"GAKJDLMBFHJ":"UI_AvatarIcon_MonaCostumeWic","sideIconName":"UI_AvatarIcon_Side_MonaCostumeWic","ENPOAHAHBPN":5743696895040121000},{"HPECGIGEJKG":204501,"KJIAKOKHKBO":1,"nameTextMapHash":2412226586,"descTextMapHash":3143995322,"itemId":340009,"POLBJDFCJMD":10000045,"jsonName":"Avatar_Lady_Pole_RosariaCostumeWic","DFLECMBEBKA":12861565697458264000,"NLFKNEIPADH":10539667758355399000,"BILHGPLPHPH":9648000434294862000,"FAEALPPCLJK":12267662344150393000,"KNMCLOFEBHB":true,"PCIMGPIJLCO":4,"hide":true,"GAKJDLMBFHJ":"UI_AvatarIcon_RosariaCostumeWic","sideIconName":"UI_AvatarIcon_Side_RosariaCostumeWic","ENPOAHAHBPN":2832692351080435000},{"HPECGIGEJKG":201601,"KJIAKOKHKBO":1,"nameTextMapHash":1332852170,"descTextMapHash":3295060426,"itemId":340004,"POLBJDFCJMD":10000016,"jsonName":"Avatar_Male_Claymore_DilucCostumeFlamme","DFLECMBEBKA":10368416818400608000,"NLFKNEIPADH":15335225919554738000,"BILHGPLPHPH":7202002721915920000,"coopPicNameHashSuffix":17146454811973010000,"FAEALPPCLJK":13676438560609835000,"KJMENCJLBHP":9590652495663153000,"ADAJKEDFJOH":4585718866811975000,"PCIMGPIJLCO":5,"GAKJDLMBFHJ":"UI_AvatarIcon_DilucCostumeFlamme","sideIconName":"UI_AvatarIcon_Side_DilucCostumeFlamme","ENPOAHAHBPN":3029142693095236000},{"HPECGIGEJKG":203101,"KJIAKOKHKBO":1,"nameTextMapHash":3162794298,"descTextMapHash":2089933442,"itemId":340005,"POLBJDFCJMD":10000031,"jsonName":"Avatar_Girl_Bow_FischlCostumeHighness","DFLECMBEBKA":13534430752549235000,"NLFKNEIPADH":1058632974177999900,"BILHGPLPHPH":16733412713662534000,"coopPicNameHashSuffix":16874910532900252000,"FAEALPPCLJK":1849563772142813400,"KJMENCJLBHP":9561591276388174000,"ADAJKEDFJOH":7514891772841965000,"PCIMGPIJLCO":4,"GAKJDLMBFHJ":"UI_AvatarIcon_FischlCostumeHighness","sideIconName":"UI_AvatarIcon_Side_FischlCostumeHighness","ENPOAHAHBPN":16903652226668882000},{"HPECGIGEJKG":200200,"nameTextMapHash":171482850,"descTextMapHash":2373183578,"POLBJDFCJMD":10000002,"jsonName":"","isDefault":true,"GAKJDLMBFHJ":"","sideIconName":""},{"HPECGIGEJKG":200300,"nameTextMapHash":2431528538,"descTextMapHash":248153650,"POLBJDFCJMD":10000003,"jsonName":"","isDefault":true,"GAKJDLMBFHJ":"","sideIconName":"","HLFNPPHJMDM":true},{"HPECGIGEJKG":200500,"nameTextMapHash":1648736450,"descTextMapHash":2814665554,"POLBJDFCJMD":10000005,"jsonName":"","isDefault":true,"GAKJDLMBFHJ":"","sideIconName":""},{"HPECGIGEJKG":200600,"nameTextMapHash":672166154,"descTextMapHash":3946345210,"POLBJDFCJMD":10000006,"jsonName":"","isDefault":true,"GAKJDLMBFHJ":"","sideIconName":""},{"HPECGIGEJKG":200700,"nameTextMapHash":3561662730,"descTextMapHash":2020994066,"POLBJDFCJMD":10000007,"jsonName":"","isDefault":true,"GAKJDLMBFHJ":"","sideIconName":""},{"HPECGIGEJKG":201400,"nameTextMapHash":2895548298,"descTextMapHash":3092975850,"POLBJDFCJMD":10000014,"jsonName":"","isDefault":true,"GAKJDLMBFHJ":"","sideIconName":""},{"HPECGIGEJKG":201500,"nameTextMapHash":4036813530,"descTextMapHash":1523967378,"POLBJDFCJMD":10000015,"jsonName":"","isDefault":true,"GAKJDLMBFHJ":"","sideIconName":""},{"HPECGIGEJKG":201600,"nameTextMapHash":674973162,"descTextMapHash":2401924570,"POLBJDFCJMD":10000016,"jsonName":"","isDefault":true,"GAKJDLMBFHJ":"","sideIconName":""},{"HPECGIGEJKG":202000,"nameTextMapHash":1677296490,"descTextMapHash":2955915298,"POLBJDFCJMD":10000020,"jsonName":"","isDefault":true,"GAKJDLMBFHJ":"","sideIconName":""},{"HPECGIGEJKG":202100,"nameTextMapHash":690774682,"descTextMapHash":2978334658,"POLBJDFCJMD":10000021,"jsonName":"","isDefault":true,"GAKJDLMBFHJ":"","sideIconName":"","HLFNPPHJMDM":true},{"HPECGIGEJKG":202200,"nameTextMapHash":3806453578,"descTextMapHash":3977341762,"POLBJDFCJMD":10000022,"jsonName":"","isDefault":true,"GAKJDLMBFHJ":"","sideIconName":""},{"HPECGIGEJKG":202300,"nameTextMapHash":2926593050,"descTextMapHash":2478839258,"POLBJDFCJMD":10000023,"jsonName":"","isDefault":true,"GAKJDLMBFHJ":"","sideIconName":""},{"HPECGIGEJKG":202400,"nameTextMapHash":2091122082,"descTextMapHash":1844332810,"POLBJDFCJMD":10000024,"jsonName":"","isDefault":true,"GAKJDLMBFHJ":"","sideIconName":""},{"HPECGIGEJKG":202500,"nameTextMapHash":3118674250,"descTextMapHash":1606071354,"POLBJDFCJMD":10000025,"jsonName":"","isDefault":true,"GAKJDLMBFHJ":"","sideIconName":""},{"HPECGIGEJKG":202600,"nameTextMapHash":2696933402,"descTextMapHash":3291997178,"POLBJDFCJMD":10000026,"jsonName":"","isDefault":true,"GAKJDLMBFHJ":"","sideIconName":""},{"HPECGIGEJKG":202700,"nameTextMapHash":116451794,"descTextMapHash":3980318498,"POLBJDFCJMD":10000027,"jsonName":"","isDefault":true,"GAKJDLMBFHJ":"","sideIconName":""},{"HPECGIGEJKG":202900,"nameTextMapHash":1023505626,"descTextMapHash":3488214794,"POLBJDFCJMD":10000029,"jsonName":"","isDefault":true,"GAKJDLMBFHJ":"","sideIconName":""},{"HPECGIGEJKG":203000,"nameTextMapHash":41327378,"descTextMapHash":2640185922,"POLBJDFCJMD":10000030,"jsonName":"","isDefault":true,"GAKJDLMBFHJ":"","sideIconName":""},{"HPECGIGEJKG":203100,"nameTextMapHash":2969091354,"descTextMapHash":4134576130,"POLBJDFCJMD":10000031,"jsonName":"","isDefault":true,"GAKJDLMBFHJ":"","sideIconName":""},{"HPECGIGEJKG":203200,"nameTextMapHash":2359403186,"descTextMapHash":3111188850,"POLBJDFCJMD":10000032,"jsonName":"","isDefault":true,"GAKJDLMBFHJ":"","sideIconName":""},{"HPECGIGEJKG":203300,"nameTextMapHash":369350914,"descTextMapHash":1165773426,"POLBJDFCJMD":10000033,"jsonName":"","isDefault":true,"GAKJDLMBFHJ":"","sideIconName":""},{"HPECGIGEJKG":203400,"nameTextMapHash":1660794338,"descTextMapHash":102807738,"POLBJDFCJMD":10000034,"jsonName":"","isDefault":true,"GAKJDLMBFHJ":"","sideIconName":""},{"HPECGIGEJKG":203500,"nameTextMapHash":2620016810,"descTextMapHash":4056261530,"POLBJDFCJMD":10000035,"jsonName":"","isDefault":true,"GAKJDLMBFHJ":"","sideIconName":""},{"HPECGIGEJKG":203600,"nameTextMapHash":1142485354,"descTextMapHash":3971237746,"POLBJDFCJMD":10000036,"jsonName":"","isDefault":true,"GAKJDLMBFHJ":"","sideIconName":""},{"HPECGIGEJKG":203700,"nameTextMapHash":4131676042,"descTextMapHash":1209631242,"POLBJDFCJMD":10000037,"jsonName":"","isDefault":true,"GAKJDLMBFHJ":"","sideIconName":""},{"HPECGIGEJKG":203800,"nameTextMapHash":3397577098,"descTextMapHash":310650770,"POLBJDFCJMD":10000038,"jsonName":"","isDefault":true,"GAKJDLMBFHJ":"","sideIconName":""},{"HPECGIGEJKG":203900,"nameTextMapHash":2364432618,"descTextMapHash":670221618,"POLBJDFCJMD":10000039,"jsonName":"","isDefault":true,"GAKJDLMBFHJ":"","sideIconName":""},{"HPECGIGEJKG":204100,"nameTextMapHash":4029369362,"descTextMapHash":871545986,"POLBJDFCJMD":10000041,"jsonName":"","isDefault":true,"GAKJDLMBFHJ":"","sideIconName":"","HLFNPPHJMDM":true},{"HPECGIGEJKG":204200,"nameTextMapHash":3714413314,"descTextMapHash":1992333442,"POLBJDFCJMD":10000042,"jsonName":"","isDefault":true,"GAKJDLMBFHJ":"","sideIconName":""},{"HPECGIGEJKG":204300,"nameTextMapHash":3529210914,"descTextMapHash":4118239546,"POLBJDFCJMD":10000043,"jsonName":"","isDefault":true,"GAKJDLMBFHJ":"","sideIconName":""},{"HPECGIGEJKG":204400,"nameTextMapHash":2768155290,"descTextMapHash":678376738,"POLBJDFCJMD":10000044,"jsonName":"","isDefault":true,"GAKJDLMBFHJ":"","sideIconName":""},{"HPECGIGEJKG":204500,"nameTextMapHash":772899890,"descTextMapHash":4067539010,"POLBJDFCJMD":10000045,"jsonName":"","isDefault":true,"GAKJDLMBFHJ":"","sideIconName":"","HLFNPPHJMDM":true},{"HPECGIGEJKG":204600,"nameTextMapHash":626284674,"descTextMapHash":1186495122,"POLBJDFCJMD":10000046,"jsonName":"","isDefault":true,"GAKJDLMBFHJ":"","sideIconName":""},{"HPECGIGEJKG":204700,"nameTextMapHash":3355624658,"descTextMapHash":973274738,"POLBJDFCJMD":10000047,"jsonName":"","isDefault":true,"GAKJDLMBFHJ":"","sideIconName":""},{"HPECGIGEJKG":204800,"nameTextMapHash":258962178,"descTextMapHash":3070176786,"POLBJDFCJMD":10000048,"jsonName":"","isDefault":true,"GAKJDLMBFHJ":"","sideIconName":""},{"HPECGIGEJKG":204900,"nameTextMapHash":2353136394,"descTextMapHash":984351202,"POLBJDFCJMD":10000049,"jsonName":"","isDefault":true,"GAKJDLMBFHJ":"","sideIconName":""},{"HPECGIGEJKG":205000,"nameTextMapHash":2040879098,"descTextMapHash":1458439730,"POLBJDFCJMD":10000050,"jsonName":"","isDefault":true,"GAKJDLMBFHJ":"","sideIconName":""},{"HPECGIGEJKG":205100,"nameTextMapHash":301314714,"descTextMapHash":1419139450,"POLBJDFCJMD":10000051,"jsonName":"","isDefault":true,"GAKJDLMBFHJ":"","sideIconName":""},{"HPECGIGEJKG":205200,"nameTextMapHash":2377779762,"descTextMapHash":3412149506,"POLBJDFCJMD":10000052,"jsonName":"","isDefault":true,"GAKJDLMBFHJ":"","sideIconName":""},{"HPECGIGEJKG":205300,"nameTextMapHash":4048306346,"descTextMapHash":2144597778,"POLBJDFCJMD":10000053,"jsonName":"","isDefault":true,"GAKJDLMBFHJ":"","sideIconName":""},{"HPECGIGEJKG":205400,"nameTextMapHash":2786415650,"descTextMapHash":3173668642,"POLBJDFCJMD":10000054,"jsonName":"","isDefault":true,"GAKJDLMBFHJ":"","sideIconName":""},{"HPECGIGEJKG":205500,"nameTextMapHash":3561880386,"descTextMapHash":990939858,"POLBJDFCJMD":10000055,"jsonName":"","isDefault":true,"GAKJDLMBFHJ":"","sideIconName":""},{"HPECGIGEJKG":205600,"nameTextMapHash":382710810,"descTextMapHash":1024066610,"POLBJDFCJMD":10000056,"jsonName":"","isDefault":true,"GAKJDLMBFHJ":"","sideIconName":""},{"HPECGIGEJKG":205700,"nameTextMapHash":2006093914,"descTextMapHash":4146650074,"POLBJDFCJMD":10000057,"jsonName":"","isDefault":true,"GAKJDLMBFHJ":"","sideIconName":""},{"HPECGIGEJKG":205800,"nameTextMapHash":1295363218,"descTextMapHash":3314678434,"POLBJDFCJMD":10000058,"jsonName":"","isDefault":true,"GAKJDLMBFHJ":"","sideIconName":""},{"HPECGIGEJKG":205900,"nameTextMapHash":4029103562,"descTextMapHash":3182680786,"POLBJDFCJMD":10000059,"jsonName":"","isDefault":true,"GAKJDLMBFHJ":"","sideIconName":""},{"HPECGIGEJKG":206000,"nameTextMapHash":2196179842,"descTextMapHash":3407589218,"POLBJDFCJMD":10000060,"jsonName":"","isDefault":true,"GAKJDLMBFHJ":"","sideIconName":""},{"HPECGIGEJKG":206200,"nameTextMapHash":3429415730,"descTextMapHash":271842858,"POLBJDFCJMD":10000062,"jsonName":"","isDefault":true,"GAKJDLMBFHJ":"","sideIconName":""},{"HPECGIGEJKG":206300,"nameTextMapHash":3671207274,"descTextMapHash":3625334322,"POLBJDFCJMD":10000063,"jsonName":"","isDefault":true,"GAKJDLMBFHJ":"","sideIconName":""},{"HPECGIGEJKG":206400,"nameTextMapHash":2433262890,"descTextMapHash":1261799770,"POLBJDFCJMD":10000064,"jsonName":"","isDefault":true,"GAKJDLMBFHJ":"","sideIconName":""},{"HPECGIGEJKG":206500,"nameTextMapHash":3245276834,"descTextMapHash":3036913898,"POLBJDFCJMD":10000065,"jsonName":"","isDefault":true,"GAKJDLMBFHJ":"","sideIconName":""},{"HPECGIGEJKG":206600,"nameTextMapHash":3109032026,"descTextMapHash":3093997674,"POLBJDFCJMD":10000066,"jsonName":"","isDefault":true,"GAKJDLMBFHJ":"","sideIconName":""},{"HPECGIGEJKG":206700,"nameTextMapHash":3135223450,"descTextMapHash":2308150714,"POLBJDFCJMD":10000067,"jsonName":"","isDefault":true,"GAKJDLMBFHJ":"","sideIconName":""},{"HPECGIGEJKG":206800,"nameTextMapHash":3617396594,"descTextMapHash":1616648506,"POLBJDFCJMD":10000068,"jsonName":"","isDefault":true,"GAKJDLMBFHJ":"","sideIconName":""},{"HPECGIGEJKG":206900,"nameTextMapHash":1106979266,"descTextMapHash":510932922,"POLBJDFCJMD":10000069,"jsonName":"","isDefault":true,"GAKJDLMBFHJ":"","sideIconName":""},{"HPECGIGEJKG":207000,"nameTextMapHash":3647756106,"descTextMapHash":1078022994,"POLBJDFCJMD":10000070,"jsonName":"","isDefault":true,"GAKJDLMBFHJ":"","sideIconName":""},{"HPECGIGEJKG":207100,"nameTextMapHash":3913661394,"descTextMapHash":1864424082,"POLBJDFCJMD":10000071,"jsonName":"","isDefault":true,"GAKJDLMBFHJ":"","sideIconName":""},{"HPECGIGEJKG":207200,"nameTextMapHash":2665843154,"descTextMapHash":2067286834,"POLBJDFCJMD":10000072,"jsonName":"","isDefault":true,"GAKJDLMBFHJ":"","sideIconName":""},{"HPECGIGEJKG":207300,"nameTextMapHash":2005565242,"descTextMapHash":2151511386,"POLBJDFCJMD":10000073,"jsonName":"","isDefault":true,"GAKJDLMBFHJ":"","sideIconName":""},{"HPECGIGEJKG":207400,"nameTextMapHash":1128331378,"descTextMapHash":3853124810,"POLBJDFCJMD":10000074,"jsonName":"","isDefault":true,"GAKJDLMBFHJ":"","sideIconName":""}]