{"10000002":{"200200":{"descTextMapHash":2373183578,"controllerRemotePathHash":0,"characterId":10000002,"BIMGGMGIEGJ":false,"sideIconName":"","prefabManekinPathHash":0,"hide":false,"EONECOMHHCP":0,"quality":0,"GKMPKLBDEAO":false,"animatorConfigPathHash":0,"isDefault":true,"HAFPIAKNCLB":false,"prefabNpcPathHash":0,"imageNameHash":0,"itemId":0,"prefabPathHash":0,"jsonName":"","indexID":0,"nameTextMapHash":171482850,"MENFBGJGLGM":0,"NBNOMKAAKPC":0,"frontIconName":"","skinId":200200,"prefabRemotePathHash":0,"controllerPathHash":0},"200201":{"descTextMapHash":2663678610,"controllerRemotePathHash":430291944493067840,"characterId":10000002,"BIMGGMGIEGJ":false,"sideIconName":"UI_AvatarIcon_Side_AyakaCostumeFruhling","prefabManekinPathHash":8511293476587773000,"hide":false,"EONECOMHHCP":1066153760707115500,"quality":4,"GKMPKLBDEAO":false,"animatorConfigPathHash":16603455789725430000,"isDefault":false,"HAFPIAKNCLB":false,"prefabNpcPathHash":17569223125650117000,"imageNameHash":17153758638107736000,"itemId":340010,"prefabPathHash":11012300754669183000,"jsonName":"Avatar_Girl_Sword_AyakaCostumeFruhling","indexID":1,"nameTextMapHash":2768521498,"MENFBGJGLGM":10103075333299577000,"NBNOMKAAKPC":15674264965754194000,"frontIconName":"UI_AvatarIcon_AyakaCostumeFruhling","skinId":200201,"prefabRemotePathHash":10678187531089930000,"controllerPathHash":17673295221370888000}},"10000003":{"200300":{"descTextMapHash":248153650,"controllerRemotePathHash":0,"characterId":10000003,"BIMGGMGIEGJ":false,"sideIconName":"","prefabManekinPathHash":0,"hide":false,"EONECOMHHCP":0,"quality":0,"GKMPKLBDEAO":false,"animatorConfigPathHash":0,"isDefault":true,"HAFPIAKNCLB":true,"prefabNpcPathHash":0,"imageNameHash":0,"itemId":0,"prefabPathHash":0,"jsonName":"","indexID":0,"nameTextMapHash":2431528538,"MENFBGJGLGM":0,"NBNOMKAAKPC":0,"frontIconName":"","skinId":200300,"prefabRemotePathHash":0,"controllerPathHash":0},"200301":{"descTextMapHash":3529954098,"controllerRemotePathHash":0,"characterId":10000003,"BIMGGMGIEGJ":false,"sideIconName":"UI_AvatarIcon_Side_QinCostumeSea","prefabManekinPathHash":16220654252350374000,"hide":false,"EONECOMHHCP":0,"quality":4,"GKMPKLBDEAO":false,"animatorConfigPathHash":0,"isDefault":false,"HAFPIAKNCLB":false,"prefabNpcPathHash":2693372009414780000,"imageNameHash":7856783315815955000,"itemId":340001,"prefabPathHash":9215865218573513000,"jsonName":"Avatar_Lady_Sword_QinCostumeSea","indexID":2,"nameTextMapHash":1504245738,"MENFBGJGLGM":3634508134047269400,"NBNOMKAAKPC":0,"frontIconName":"UI_AvatarIcon_QinCostumeSea","skinId":200301,"prefabRemotePathHash":17992774763103844000,"controllerPathHash":0},"200302":{"descTextMapHash":1553444314,"controllerRemotePathHash":0,"characterId":10000003,"BIMGGMGIEGJ":false,"sideIconName":"UI_AvatarIcon_Side_QinCostumeWic","prefabManekinPathHash":6257448215821890000,"hide":true,"EONECOMHHCP":0,"quality":4,"GKMPKLBDEAO":true,"animatorConfigPathHash":0,"isDefault":false,"HAFPIAKNCLB":false,"prefabNpcPathHash":8899383397730056000,"imageNameHash":2268507951203388000,"itemId":340006,"prefabPathHash":11789304378759268000,"jsonName":"Avatar_Lady_Sword_QinCostumeWic","indexID":1,"nameTextMapHash":2691230306,"MENFBGJGLGM":7419098755292597000,"NBNOMKAAKPC":0,"frontIconName":"UI_AvatarIcon_QinCostumeWic","skinId":200302,"prefabRemotePathHash":2508262379750057000,"controllerPathHash":0}},"10000005":{"200500":{"descTextMapHash":2814665554,"controllerRemotePathHash":0,"characterId":10000005,"BIMGGMGIEGJ":false,"sideIconName":"","prefabManekinPathHash":0,"hide":false,"EONECOMHHCP":0,"quality":0,"GKMPKLBDEAO":false,"animatorConfigPathHash":0,"isDefault":true,"HAFPIAKNCLB":false,"prefabNpcPathHash":0,"imageNameHash":0,"itemId":0,"prefabPathHash":0,"jsonName":"","indexID":0,"nameTextMapHash":1648736450,"MENFBGJGLGM":0,"NBNOMKAAKPC":0,"frontIconName":"","skinId":200500,"prefabRemotePathHash":0,"controllerPathHash":0}},"10000006":{"200600":{"descTextMapHash":3946345210,"controllerRemotePathHash":0,"characterId":10000006,"BIMGGMGIEGJ":false,"sideIconName":"","prefabManekinPathHash":0,"hide":false,"EONECOMHHCP":0,"quality":0,"GKMPKLBDEAO":false,"animatorConfigPathHash":0,"isDefault":true,"HAFPIAKNCLB":false,"prefabNpcPathHash":0,"imageNameHash":0,"itemId":0,"prefabPathHash":0,"jsonName":"","indexID":0,"nameTextMapHash":672166154,"MENFBGJGLGM":0,"NBNOMKAAKPC":0,"frontIconName":"","skinId":200600,"prefabRemotePathHash":0,"controllerPathHash":0},"200601":{"descTextMapHash":2734308554,"controllerRemotePathHash":8887732179020530000,"characterId":10000006,"BIMGGMGIEGJ":false,"sideIconName":"UI_AvatarIcon_Side_LisaCostumeStudentin","prefabManekinPathHash":9138671107307150000,"hide":false,"EONECOMHHCP":6743697234004768000,"quality":4,"GKMPKLBDEAO":false,"animatorConfigPathHash":5920923966167289000,"isDefault":false,"HAFPIAKNCLB":false,"prefabNpcPathHash":5639347602417794000,"imageNameHash":3666831924373171000,"itemId":340011,"prefabPathHash":12600550299813160000,"jsonName":"Avatar_Lady_Catalyst_LisaCostumeStudentin","indexID":1,"nameTextMapHash":2255412906,"MENFBGJGLGM":12184526212600211000,"NBNOMKAAKPC":7252708095919229000,"frontIconName":"UI_AvatarIcon_LisaCostumeStudentin","skinId":200601,"prefabRemotePathHash":5893029251442558000,"controllerPathHash":3844565694031600600}},"10000007":{"200700":{"descTextMapHash":2020994066,"controllerRemotePathHash":0,"characterId":10000007,"BIMGGMGIEGJ":false,"sideIconName":"","prefabManekinPathHash":0,"hide":false,"EONECOMHHCP":0,"quality":0,"GKMPKLBDEAO":false,"animatorConfigPathHash":0,"isDefault":true,"HAFPIAKNCLB":false,"prefabNpcPathHash":0,"imageNameHash":0,"itemId":0,"prefabPathHash":0,"jsonName":"","indexID":0,"nameTextMapHash":3561662730,"MENFBGJGLGM":0,"NBNOMKAAKPC":0,"frontIconName":"","skinId":200700,"prefabRemotePathHash":0,"controllerPathHash":0}},"10000014":{"201400":{"descTextMapHash":3092975850,"controllerRemotePathHash":0,"characterId":10000014,"BIMGGMGIEGJ":false,"sideIconName":"","prefabManekinPathHash":0,"hide":false,"EONECOMHHCP":0,"quality":0,"GKMPKLBDEAO":false,"animatorConfigPathHash":0,"isDefault":true,"HAFPIAKNCLB":false,"prefabNpcPathHash":0,"imageNameHash":0,"itemId":0,"prefabPathHash":0,"jsonName":"","indexID":0,"nameTextMapHash":2895548298,"MENFBGJGLGM":0,"NBNOMKAAKPC":0,"frontIconName":"","skinId":201400,"prefabRemotePathHash":0,"controllerPathHash":0},"201401":{"descTextMapHash":2644173682,"controllerRemotePathHash":0,"characterId":10000014,"BIMGGMGIEGJ":false,"sideIconName":"UI_AvatarIcon_Side_BarbaraCostumeSummertime","prefabManekinPathHash":7590386921274555000,"hide":false,"EONECOMHHCP":0,"quality":4,"GKMPKLBDEAO":false,"animatorConfigPathHash":0,"isDefault":false,"HAFPIAKNCLB":false,"prefabNpcPathHash":5183081712927355000,"imageNameHash":16049450277489158000,"itemId":340000,"prefabPathHash":10565960914446858000,"jsonName":"Avatar_Girl_Catalyst_BarbaraCostumeSummertime","indexID":1,"nameTextMapHash":4121525482,"MENFBGJGLGM":17692349984920977000,"NBNOMKAAKPC":0,"frontIconName":"UI_AvatarIcon_BarbaraCostumeSummertime","skinId":201401,"prefabRemotePathHash":10341761028724613000,"controllerPathHash":0}},"10000015":{"201500":{"descTextMapHash":1523967378,"controllerRemotePathHash":0,"characterId":10000015,"BIMGGMGIEGJ":false,"sideIconName":"","prefabManekinPathHash":0,"hide":false,"EONECOMHHCP":0,"quality":0,"GKMPKLBDEAO":false,"animatorConfigPathHash":0,"isDefault":true,"HAFPIAKNCLB":false,"prefabNpcPathHash":0,"imageNameHash":0,"itemId":0,"prefabPathHash":0,"jsonName":"","indexID":0,"nameTextMapHash":4036813530,"MENFBGJGLGM":0,"NBNOMKAAKPC":0,"frontIconName":"","skinId":201500,"prefabRemotePathHash":0,"controllerPathHash":0},"201501":{"descTextMapHash":2590769514,"controllerRemotePathHash":0,"characterId":10000015,"BIMGGMGIEGJ":false,"sideIconName":"UI_AvatarIcon_Side_KaeyaCostumeDancer","prefabManekinPathHash":5213861121553670000,"hide":false,"EONECOMHHCP":0,"quality":4,"GKMPKLBDEAO":false,"animatorConfigPathHash":0,"isDefault":false,"HAFPIAKNCLB":false,"prefabNpcPathHash":477895560165567300,"imageNameHash":6823783867527131000,"itemId":340013,"prefabPathHash":494681429835695000,"jsonName":"Avatar_Male_Sword_KaeyaCostumeDancer","indexID":1,"nameTextMapHash":177626138,"MENFBGJGLGM":5002861976005417000,"NBNOMKAAKPC":0,"frontIconName":"UI_AvatarIcon_KaeyaCostumeDancer","skinId":201501,"prefabRemotePathHash":15807700893622235000,"controllerPathHash":0}},"10000016":{"201600":{"descTextMapHash":2401924570,"controllerRemotePathHash":0,"characterId":10000016,"BIMGGMGIEGJ":false,"sideIconName":"","prefabManekinPathHash":0,"hide":false,"EONECOMHHCP":0,"quality":0,"GKMPKLBDEAO":false,"animatorConfigPathHash":0,"isDefault":true,"HAFPIAKNCLB":false,"prefabNpcPathHash":0,"imageNameHash":0,"itemId":0,"prefabPathHash":0,"jsonName":"","indexID":0,"nameTextMapHash":674973162,"MENFBGJGLGM":0,"NBNOMKAAKPC":0,"frontIconName":"","skinId":201600,"prefabRemotePathHash":0,"controllerPathHash":0},"201601":{"descTextMapHash":3295060426,"controllerRemotePathHash":4585718866811975000,"characterId":10000016,"BIMGGMGIEGJ":false,"sideIconName":"UI_AvatarIcon_Side_DilucCostumeFlamme","prefabManekinPathHash":13676438560609835000,"hide":false,"EONECOMHHCP":2641804271410635000,"quality":5,"GKMPKLBDEAO":false,"animatorConfigPathHash":17146454811973010000,"isDefault":false,"HAFPIAKNCLB":false,"prefabNpcPathHash":7202002721915920000,"imageNameHash":3029142693095236000,"itemId":340004,"prefabPathHash":10368416818400608000,"jsonName":"Avatar_Male_Claymore_DilucCostumeFlamme","indexID":1,"nameTextMapHash":1332852170,"MENFBGJGLGM":17998867110601988000,"NBNOMKAAKPC":2983269504837449700,"frontIconName":"UI_AvatarIcon_DilucCostumeFlamme","skinId":201601,"prefabRemotePathHash":15335225919554738000,"controllerPathHash":9590652495663153000}},"10000020":{"202000":{"descTextMapHash":2955915298,"controllerRemotePathHash":0,"characterId":10000020,"BIMGGMGIEGJ":false,"sideIconName":"","prefabManekinPathHash":0,"hide":false,"EONECOMHHCP":0,"quality":0,"GKMPKLBDEAO":false,"animatorConfigPathHash":0,"isDefault":true,"HAFPIAKNCLB":false,"prefabNpcPathHash":0,"imageNameHash":0,"itemId":0,"prefabPathHash":0,"jsonName":"","indexID":0,"nameTextMapHash":1677296490,"MENFBGJGLGM":0,"NBNOMKAAKPC":0,"frontIconName":"","skinId":202000,"prefabRemotePathHash":0,"controllerPathHash":0}},"10000021":{"202100":{"descTextMapHash":2978334658,"controllerRemotePathHash":0,"characterId":10000021,"BIMGGMGIEGJ":false,"sideIconName":"","prefabManekinPathHash":0,"hide":false,"EONECOMHHCP":0,"quality":0,"GKMPKLBDEAO":false,"animatorConfigPathHash":0,"isDefault":true,"HAFPIAKNCLB":true,"prefabNpcPathHash":0,"imageNameHash":0,"itemId":0,"prefabPathHash":0,"jsonName":"","indexID":0,"nameTextMapHash":690774682,"MENFBGJGLGM":0,"NBNOMKAAKPC":0,"frontIconName":"","skinId":202100,"prefabRemotePathHash":0,"controllerPathHash":0},"202101":{"descTextMapHash":2955174482,"controllerRemotePathHash":0,"characterId":10000021,"BIMGGMGIEGJ":false,"sideIconName":"UI_AvatarIcon_Side_AmborCostumeWic","prefabManekinPathHash":11555033508243667000,"hide":true,"EONECOMHHCP":0,"quality":4,"GKMPKLBDEAO":true,"animatorConfigPathHash":0,"isDefault":false,"HAFPIAKNCLB":false,"prefabNpcPathHash":16495873575277371000,"imageNameHash":1673287744058013000,"itemId":340007,"prefabPathHash":7122218723217693000,"jsonName":"Avatar_Girl_Bow_AmborCostumeWic","indexID":1,"nameTextMapHash":4237698530,"MENFBGJGLGM":8585842464129120000,"NBNOMKAAKPC":0,"frontIconName":"UI_AvatarIcon_AmborCostumeWic","skinId":202101,"prefabRemotePathHash":14462486063824583000,"controllerPathHash":0}},"10000022":{"202200":{"descTextMapHash":3977341762,"controllerRemotePathHash":0,"characterId":10000022,"BIMGGMGIEGJ":false,"sideIconName":"","prefabManekinPathHash":0,"hide":false,"EONECOMHHCP":0,"quality":0,"GKMPKLBDEAO":false,"animatorConfigPathHash":0,"isDefault":true,"HAFPIAKNCLB":false,"prefabNpcPathHash":0,"imageNameHash":0,"itemId":0,"prefabPathHash":0,"jsonName":"","indexID":0,"nameTextMapHash":3806453578,"MENFBGJGLGM":0,"NBNOMKAAKPC":0,"frontIconName":"","skinId":202200,"prefabRemotePathHash":0,"controllerPathHash":0}},"10000023":{"202300":{"descTextMapHash":2478839258,"controllerRemotePathHash":0,"characterId":10000023,"BIMGGMGIEGJ":false,"sideIconName":"","prefabManekinPathHash":0,"hide":false,"EONECOMHHCP":0,"quality":0,"GKMPKLBDEAO":false,"animatorConfigPathHash":0,"isDefault":true,"HAFPIAKNCLB":false,"prefabNpcPathHash":0,"imageNameHash":0,"itemId":0,"prefabPathHash":0,"jsonName":"","indexID":0,"nameTextMapHash":2926593050,"MENFBGJGLGM":0,"NBNOMKAAKPC":0,"frontIconName":"","skinId":202300,"prefabRemotePathHash":0,"controllerPathHash":0},"202301":{"descTextMapHash":3704801658,"controllerRemotePathHash":10196403020682996000,"characterId":10000023,"BIMGGMGIEGJ":false,"sideIconName":"UI_AvatarIcon_Side_XianglingCostumeWinter","prefabManekinPathHash":11249329097296183000,"hide":false,"EONECOMHHCP":15592533477897634000,"quality":4,"GKMPKLBDEAO":false,"animatorConfigPathHash":18391637430908082000,"isDefault":false,"HAFPIAKNCLB":false,"prefabNpcPathHash":3662724982812999000,"imageNameHash":12560219265155160000,"itemId":340020,"prefabPathHash":804895169000894700,"jsonName":"Avatar_Girl_Pole_XianglingCostumeWinter","indexID":1,"nameTextMapHash":3584800114,"MENFBGJGLGM":13695067350863368000,"NBNOMKAAKPC":5896373471589186000,"frontIconName":"UI_AvatarIcon_XianglingCostumeWinter","skinId":202301,"prefabRemotePathHash":15717631072147569000,"controllerPathHash":5118180850961350000}},"10000024":{"202400":{"descTextMapHash":1844332810,"controllerRemotePathHash":0,"characterId":10000024,"BIMGGMGIEGJ":false,"sideIconName":"","prefabManekinPathHash":0,"hide":false,"EONECOMHHCP":0,"quality":0,"GKMPKLBDEAO":false,"animatorConfigPathHash":0,"isDefault":true,"HAFPIAKNCLB":false,"prefabNpcPathHash":0,"imageNameHash":0,"itemId":0,"prefabPathHash":0,"jsonName":"","indexID":0,"nameTextMapHash":2091122082,"MENFBGJGLGM":0,"NBNOMKAAKPC":0,"frontIconName":"","skinId":202400,"prefabRemotePathHash":0,"controllerPathHash":0}},"10000025":{"202500":{"descTextMapHash":1606071354,"controllerRemotePathHash":0,"characterId":10000025,"BIMGGMGIEGJ":false,"sideIconName":"","prefabManekinPathHash":0,"hide":false,"EONECOMHHCP":0,"quality":0,"GKMPKLBDEAO":false,"animatorConfigPathHash":0,"isDefault":true,"HAFPIAKNCLB":false,"prefabNpcPathHash":0,"imageNameHash":0,"itemId":0,"prefabPathHash":0,"jsonName":"","indexID":0,"nameTextMapHash":3118674250,"MENFBGJGLGM":0,"NBNOMKAAKPC":0,"frontIconName":"","skinId":202500,"prefabRemotePathHash":0,"controllerPathHash":0},"202501":{"descTextMapHash":2374826642,"controllerRemotePathHash":0,"characterId":10000025,"BIMGGMGIEGJ":false,"sideIconName":"UI_AvatarIcon_Side_XingqiuCostumeBamboo","prefabManekinPathHash":14993972050868744000,"hide":false,"EONECOMHHCP":0,"quality":4,"GKMPKLBDEAO":false,"animatorConfigPathHash":0,"isDefault":false,"HAFPIAKNCLB":false,"prefabNpcPathHash":1199989316314760400,"imageNameHash":16611982762112193000,"itemId":340016,"prefabPathHash":3120277132814718500,"jsonName":"Avatar_Boy_Sword_XingqiuCostumeBamboo","indexID":1,"nameTextMapHash":1935444386,"MENFBGJGLGM":3476514916662296600,"NBNOMKAAKPC":0,"frontIconName":"UI_AvatarIcon_XingqiuCostumeBamboo","skinId":202501,"prefabRemotePathHash":9952537578809033000,"controllerPathHash":0}},"10000026":{"202600":{"descTextMapHash":3291997178,"controllerRemotePathHash":0,"characterId":10000026,"BIMGGMGIEGJ":false,"sideIconName":"","prefabManekinPathHash":0,"hide":false,"EONECOMHHCP":0,"quality":0,"GKMPKLBDEAO":false,"animatorConfigPathHash":0,"isDefault":true,"HAFPIAKNCLB":false,"prefabNpcPathHash":0,"imageNameHash":0,"itemId":0,"prefabPathHash":0,"jsonName":"","indexID":0,"nameTextMapHash":2696933402,"MENFBGJGLGM":0,"NBNOMKAAKPC":0,"frontIconName":"","skinId":202600,"prefabRemotePathHash":0,"controllerPathHash":0}},"10000027":{"202700":{"descTextMapHash":3980318498,"controllerRemotePathHash":0,"characterId":10000027,"BIMGGMGIEGJ":false,"sideIconName":"","prefabManekinPathHash":0,"hide":false,"EONECOMHHCP":0,"quality":0,"GKMPKLBDEAO":false,"animatorConfigPathHash":0,"isDefault":true,"HAFPIAKNCLB":false,"prefabNpcPathHash":0,"imageNameHash":0,"itemId":0,"prefabPathHash":0,"jsonName":"","indexID":0,"nameTextMapHash":116451794,"MENFBGJGLGM":0,"NBNOMKAAKPC":0,"frontIconName":"","skinId":202700,"prefabRemotePathHash":0,"controllerPathHash":0},"202701":{"descTextMapHash":720597146,"controllerRemotePathHash":0,"characterId":10000027,"BIMGGMGIEGJ":false,"sideIconName":"UI_AvatarIcon_Side_NingguangCostumeFloral","prefabManekinPathHash":1433662792352814000,"hide":false,"EONECOMHHCP":0,"quality":4,"GKMPKLBDEAO":false,"animatorConfigPathHash":0,"isDefault":false,"HAFPIAKNCLB":false,"prefabNpcPathHash":9773804280703926000,"imageNameHash":13693364619168872000,"itemId":340002,"prefabPathHash":15863689246053601000,"jsonName":"Avatar_Lady_Catalyst_NingguangCostumeFloral","indexID":1,"nameTextMapHash":2572106930,"MENFBGJGLGM":5359129983543856000,"NBNOMKAAKPC":0,"frontIconName":"UI_AvatarIcon_NingguangCostumeFloral","skinId":202701,"prefabRemotePathHash":11681843191975356000,"controllerPathHash":0}},"10000029":{"202900":{"descTextMapHash":3488214794,"controllerRemotePathHash":0,"characterId":10000029,"BIMGGMGIEGJ":false,"sideIconName":"","prefabManekinPathHash":0,"hide":false,"EONECOMHHCP":0,"quality":0,"GKMPKLBDEAO":false,"animatorConfigPathHash":0,"isDefault":true,"HAFPIAKNCLB":false,"prefabNpcPathHash":0,"imageNameHash":0,"itemId":0,"prefabPathHash":0,"jsonName":"","indexID":0,"nameTextMapHash":1023505626,"MENFBGJGLGM":0,"NBNOMKAAKPC":0,"frontIconName":"","skinId":202900,"prefabRemotePathHash":0,"controllerPathHash":0},"202901":{"descTextMapHash":1807518842,"controllerRemotePathHash":5630855241666821000,"characterId":10000029,"BIMGGMGIEGJ":false,"sideIconName":"UI_AvatarIcon_Side_KleeCostumeWitch","prefabManekinPathHash":860060720579263700,"hide":false,"EONECOMHHCP":6652860410999361000,"quality":4,"GKMPKLBDEAO":false,"animatorConfigPathHash":6894630599703930000,"isDefault":false,"HAFPIAKNCLB":false,"prefabNpcPathHash":13685423552966791000,"imageNameHash":16796031080227060000,"itemId":340012,"prefabPathHash":14487796459102730000,"jsonName":"Avatar_Loli_Catalyst_KleeCostumeWitch","indexID":1,"nameTextMapHash":2343491290,"MENFBGJGLGM":18106315886010479000,"NBNOMKAAKPC":12132806731708700000,"frontIconName":"UI_AvatarIcon_KleeCostumeWitch","skinId":202901,"prefabRemotePathHash":13958116777399183000,"controllerPathHash":1552326239233510700}},"10000030":{"203000":{"descTextMapHash":2640185922,"controllerRemotePathHash":0,"characterId":10000030,"BIMGGMGIEGJ":false,"sideIconName":"","prefabManekinPathHash":0,"hide":false,"EONECOMHHCP":0,"quality":0,"GKMPKLBDEAO":false,"animatorConfigPathHash":0,"isDefault":true,"HAFPIAKNCLB":false,"prefabNpcPathHash":0,"imageNameHash":0,"itemId":0,"prefabPathHash":0,"jsonName":"","indexID":0,"nameTextMapHash":41327378,"MENFBGJGLGM":0,"NBNOMKAAKPC":0,"frontIconName":"","skinId":203000,"prefabRemotePathHash":0,"controllerPathHash":0}},"10000031":{"203100":{"descTextMapHash":4134576130,"controllerRemotePathHash":0,"characterId":10000031,"BIMGGMGIEGJ":false,"sideIconName":"","prefabManekinPathHash":0,"hide":false,"EONECOMHHCP":0,"quality":0,"GKMPKLBDEAO":false,"animatorConfigPathHash":0,"isDefault":true,"HAFPIAKNCLB":false,"prefabNpcPathHash":0,"imageNameHash":0,"itemId":0,"prefabPathHash":0,"jsonName":"","indexID":0,"nameTextMapHash":2969091354,"MENFBGJGLGM":0,"NBNOMKAAKPC":0,"frontIconName":"","skinId":203100,"prefabRemotePathHash":0,"controllerPathHash":0},"203101":{"descTextMapHash":2089933442,"controllerRemotePathHash":7514891772841965000,"characterId":10000031,"BIMGGMGIEGJ":false,"sideIconName":"UI_AvatarIcon_Side_FischlCostumeHighness","prefabManekinPathHash":1849563772142813400,"hide":false,"EONECOMHHCP":6775543031666606000,"quality":4,"GKMPKLBDEAO":false,"animatorConfigPathHash":16874910532900252000,"isDefault":false,"HAFPIAKNCLB":false,"prefabNpcPathHash":16733412713662534000,"imageNameHash":16903652226668882000,"itemId":340005,"prefabPathHash":13534430752549235000,"jsonName":"Avatar_Girl_Bow_FischlCostumeHighness","indexID":1,"nameTextMapHash":3162794298,"MENFBGJGLGM":13082938567402992000,"NBNOMKAAKPC":7155439830413171000,"frontIconName":"UI_AvatarIcon_FischlCostumeHighness","skinId":203101,"prefabRemotePathHash":1058632974177999900,"controllerPathHash":9561591276388174000}},"10000032":{"203200":{"descTextMapHash":3111188850,"controllerRemotePathHash":0,"characterId":10000032,"BIMGGMGIEGJ":false,"sideIconName":"","prefabManekinPathHash":0,"hide":false,"EONECOMHHCP":0,"quality":0,"GKMPKLBDEAO":false,"animatorConfigPathHash":0,"isDefault":true,"HAFPIAKNCLB":false,"prefabNpcPathHash":0,"imageNameHash":0,"itemId":0,"prefabPathHash":0,"jsonName":"","indexID":0,"nameTextMapHash":2359403186,"MENFBGJGLGM":0,"NBNOMKAAKPC":0,"frontIconName":"","skinId":203200,"prefabRemotePathHash":0,"controllerPathHash":0}},"10000033":{"203300":{"descTextMapHash":1165773426,"controllerRemotePathHash":0,"characterId":10000033,"BIMGGMGIEGJ":false,"sideIconName":"","prefabManekinPathHash":0,"hide":false,"EONECOMHHCP":0,"quality":0,"GKMPKLBDEAO":false,"animatorConfigPathHash":0,"isDefault":true,"HAFPIAKNCLB":false,"prefabNpcPathHash":0,"imageNameHash":0,"itemId":0,"prefabPathHash":0,"jsonName":"","indexID":0,"nameTextMapHash":369350914,"MENFBGJGLGM":0,"NBNOMKAAKPC":0,"frontIconName":"","skinId":203300,"prefabRemotePathHash":0,"controllerPathHash":0}},"10000034":{"203400":{"descTextMapHash":102807738,"controllerRemotePathHash":0,"characterId":10000034,"BIMGGMGIEGJ":false,"sideIconName":"","prefabManekinPathHash":0,"hide":false,"EONECOMHHCP":0,"quality":0,"GKMPKLBDEAO":false,"animatorConfigPathHash":0,"isDefault":true,"HAFPIAKNCLB":false,"prefabNpcPathHash":0,"imageNameHash":0,"itemId":0,"prefabPathHash":0,"jsonName":"","indexID":0,"nameTextMapHash":1660794338,"MENFBGJGLGM":0,"NBNOMKAAKPC":0,"frontIconName":"","skinId":203400,"prefabRemotePathHash":0,"controllerPathHash":0}},"10000035":{"203500":{"descTextMapHash":4056261530,"controllerRemotePathHash":0,"characterId":10000035,"BIMGGMGIEGJ":false,"sideIconName":"","prefabManekinPathHash":0,"hide":false,"EONECOMHHCP":0,"quality":0,"GKMPKLBDEAO":false,"animatorConfigPathHash":0,"isDefault":true,"HAFPIAKNCLB":false,"prefabNpcPathHash":0,"imageNameHash":0,"itemId":0,"prefabPathHash":0,"jsonName":"","indexID":0,"nameTextMapHash":2620016810,"MENFBGJGLGM":0,"NBNOMKAAKPC":0,"frontIconName":"","skinId":203500,"prefabRemotePathHash":0,"controllerPathHash":0}},"10000036":{"203600":{"descTextMapHash":3971237746,"controllerRemotePathHash":0,"characterId":10000036,"BIMGGMGIEGJ":false,"sideIconName":"","prefabManekinPathHash":0,"hide":false,"EONECOMHHCP":0,"quality":0,"GKMPKLBDEAO":false,"animatorConfigPathHash":0,"isDefault":true,"HAFPIAKNCLB":false,"prefabNpcPathHash":0,"imageNameHash":0,"itemId":0,"prefabPathHash":0,"jsonName":"","indexID":0,"nameTextMapHash":1142485354,"MENFBGJGLGM":0,"NBNOMKAAKPC":0,"frontIconName":"","skinId":203600,"prefabRemotePathHash":0,"controllerPathHash":0}},"10000037":{"203700":{"descTextMapHash":1209631242,"controllerRemotePathHash":0,"characterId":10000037,"BIMGGMGIEGJ":false,"sideIconName":"","prefabManekinPathHash":0,"hide":false,"EONECOMHHCP":0,"quality":0,"GKMPKLBDEAO":false,"animatorConfigPathHash":0,"isDefault":true,"HAFPIAKNCLB":false,"prefabNpcPathHash":0,"imageNameHash":0,"itemId":0,"prefabPathHash":0,"jsonName":"","indexID":0,"nameTextMapHash":4131676042,"MENFBGJGLGM":0,"NBNOMKAAKPC":0,"frontIconName":"","skinId":203700,"prefabRemotePathHash":0,"controllerPathHash":0},"203701":{"descTextMapHash":2352085090,"controllerRemotePathHash":13724098110668937000,"characterId":10000037,"BIMGGMGIEGJ":false,"sideIconName":"UI_AvatarIcon_Side_GanyuCostumeYu","prefabManekinPathHash":109831431656997900,"hide":false,"EONECOMHHCP":12545856595676686000,"quality":4,"GKMPKLBDEAO":false,"animatorConfigPathHash":10325762936017633000,"isDefault":false,"HAFPIAKNCLB":false,"prefabNpcPathHash":17066423753093830000,"imageNameHash":4484569006207970000,"itemId":340015,"prefabPathHash":7498173519010298000,"jsonName":"Avatar_Girl_Bow_GanyuCostumeYu","indexID":1,"nameTextMapHash":1442607890,"MENFBGJGLGM":16081736837206258000,"NBNOMKAAKPC":3881822365041315300,"frontIconName":"UI_AvatarIcon_GanyuCostumeYu","skinId":203701,"prefabRemotePathHash":13647647765974420000,"controllerPathHash":17301494551858321000}},"10000038":{"203800":{"descTextMapHash":310650770,"controllerRemotePathHash":0,"characterId":10000038,"BIMGGMGIEGJ":false,"sideIconName":"","prefabManekinPathHash":0,"hide":false,"EONECOMHHCP":0,"quality":0,"GKMPKLBDEAO":false,"animatorConfigPathHash":0,"isDefault":true,"HAFPIAKNCLB":false,"prefabNpcPathHash":0,"imageNameHash":0,"itemId":0,"prefabPathHash":0,"jsonName":"","indexID":0,"nameTextMapHash":3397577098,"MENFBGJGLGM":0,"NBNOMKAAKPC":0,"frontIconName":"","skinId":203800,"prefabRemotePathHash":0,"controllerPathHash":0}},"10000039":{"203900":{"descTextMapHash":670221618,"controllerRemotePathHash":0,"characterId":10000039,"BIMGGMGIEGJ":false,"sideIconName":"","prefabManekinPathHash":0,"hide":false,"EONECOMHHCP":0,"quality":0,"GKMPKLBDEAO":false,"animatorConfigPathHash":0,"isDefault":true,"HAFPIAKNCLB":false,"prefabNpcPathHash":0,"imageNameHash":0,"itemId":0,"prefabPathHash":0,"jsonName":"","indexID":0,"nameTextMapHash":2364432618,"MENFBGJGLGM":0,"NBNOMKAAKPC":0,"frontIconName":"","skinId":203900,"prefabRemotePathHash":0,"controllerPathHash":0}},"10000041":{"204100":{"descTextMapHash":871545986,"controllerRemotePathHash":0,"characterId":10000041,"BIMGGMGIEGJ":false,"sideIconName":"","prefabManekinPathHash":0,"hide":false,"EONECOMHHCP":0,"quality":0,"GKMPKLBDEAO":false,"animatorConfigPathHash":0,"isDefault":true,"HAFPIAKNCLB":true,"prefabNpcPathHash":0,"imageNameHash":0,"itemId":0,"prefabPathHash":0,"jsonName":"","indexID":0,"nameTextMapHash":4029369362,"MENFBGJGLGM":0,"NBNOMKAAKPC":0,"frontIconName":"","skinId":204100,"prefabRemotePathHash":0,"controllerPathHash":0},"204101":{"descTextMapHash":2912743770,"controllerRemotePathHash":0,"characterId":10000041,"BIMGGMGIEGJ":false,"sideIconName":"UI_AvatarIcon_Side_MonaCostumeWic","prefabManekinPathHash":5022057012086514000,"hide":true,"EONECOMHHCP":0,"quality":4,"GKMPKLBDEAO":true,"animatorConfigPathHash":0,"isDefault":false,"HAFPIAKNCLB":false,"prefabNpcPathHash":1127931153574195200,"imageNameHash":5743696895040121000,"itemId":340008,"prefabPathHash":15379405067054348000,"jsonName":"Avatar_Girl_Catalyst_MonaCostumeWic","indexID":1,"nameTextMapHash":1860400666,"MENFBGJGLGM":8177863288410569000,"NBNOMKAAKPC":0,"frontIconName":"UI_AvatarIcon_MonaCostumeWic","skinId":204101,"prefabRemotePathHash":16287308438257703000,"controllerPathHash":0}},"10000042":{"204200":{"descTextMapHash":1992333442,"controllerRemotePathHash":0,"characterId":10000042,"BIMGGMGIEGJ":false,"sideIconName":"","prefabManekinPathHash":0,"hide":false,"EONECOMHHCP":0,"quality":0,"GKMPKLBDEAO":false,"animatorConfigPathHash":0,"isDefault":true,"HAFPIAKNCLB":false,"prefabNpcPathHash":0,"imageNameHash":0,"itemId":0,"prefabPathHash":0,"jsonName":"","indexID":0,"nameTextMapHash":3714413314,"MENFBGJGLGM":0,"NBNOMKAAKPC":0,"frontIconName":"","skinId":204200,"prefabRemotePathHash":0,"controllerPathHash":0},"204201":{"descTextMapHash":1532026282,"controllerRemotePathHash":0,"characterId":10000042,"BIMGGMGIEGJ":false,"sideIconName":"UI_AvatarIcon_Side_KeqingCostumeFeather","prefabManekinPathHash":11708378725870790000,"hide":false,"EONECOMHHCP":0,"quality":4,"GKMPKLBDEAO":false,"animatorConfigPathHash":0,"isDefault":false,"HAFPIAKNCLB":false,"prefabNpcPathHash":12660355485795350000,"imageNameHash":8264683658462126000,"itemId":340003,"prefabPathHash":10364379182659254000,"jsonName":"Avatar_Girl_Sword_KeqingCostumeFeather","indexID":1,"nameTextMapHash":1613857666,"MENFBGJGLGM":105176600920367870,"NBNOMKAAKPC":0,"frontIconName":"UI_AvatarIcon_KeqingCostumeFeather","skinId":204201,"prefabRemotePathHash":6372458023003575000,"controllerPathHash":0}},"10000043":{"204300":{"descTextMapHash":4118239546,"controllerRemotePathHash":0,"characterId":10000043,"BIMGGMGIEGJ":false,"sideIconName":"","prefabManekinPathHash":0,"hide":false,"EONECOMHHCP":0,"quality":0,"GKMPKLBDEAO":false,"animatorConfigPathHash":0,"isDefault":true,"HAFPIAKNCLB":false,"prefabNpcPathHash":0,"imageNameHash":0,"itemId":0,"prefabPathHash":0,"jsonName":"","indexID":0,"nameTextMapHash":3529210914,"MENFBGJGLGM":0,"NBNOMKAAKPC":0,"frontIconName":"","skinId":204300,"prefabRemotePathHash":0,"controllerPathHash":0}},"10000044":{"204400":{"descTextMapHash":678376738,"controllerRemotePathHash":0,"characterId":10000044,"BIMGGMGIEGJ":false,"sideIconName":"","prefabManekinPathHash":0,"hide":false,"EONECOMHHCP":0,"quality":0,"GKMPKLBDEAO":false,"animatorConfigPathHash":0,"isDefault":true,"HAFPIAKNCLB":false,"prefabNpcPathHash":0,"imageNameHash":0,"itemId":0,"prefabPathHash":0,"jsonName":"","indexID":0,"nameTextMapHash":2768155290,"MENFBGJGLGM":0,"NBNOMKAAKPC":0,"frontIconName":"","skinId":204400,"prefabRemotePathHash":0,"controllerPathHash":0}},"10000045":{"204500":{"descTextMapHash":4067539010,"controllerRemotePathHash":0,"characterId":10000045,"BIMGGMGIEGJ":false,"sideIconName":"","prefabManekinPathHash":0,"hide":false,"EONECOMHHCP":0,"quality":0,"GKMPKLBDEAO":false,"animatorConfigPathHash":0,"isDefault":true,"HAFPIAKNCLB":true,"prefabNpcPathHash":0,"imageNameHash":0,"itemId":0,"prefabPathHash":0,"jsonName":"","indexID":0,"nameTextMapHash":772899890,"MENFBGJGLGM":0,"NBNOMKAAKPC":0,"frontIconName":"","skinId":204500,"prefabRemotePathHash":0,"controllerPathHash":0},"204501":{"descTextMapHash":3143995322,"controllerRemotePathHash":0,"characterId":10000045,"BIMGGMGIEGJ":false,"sideIconName":"UI_AvatarIcon_Side_RosariaCostumeWic","prefabManekinPathHash":12267662344150393000,"hide":true,"EONECOMHHCP":0,"quality":4,"GKMPKLBDEAO":true,"animatorConfigPathHash":0,"isDefault":false,"HAFPIAKNCLB":false,"prefabNpcPathHash":9648000434294862000,"imageNameHash":2832692351080435000,"itemId":340009,"prefabPathHash":12861565697458264000,"jsonName":"Avatar_Lady_Pole_RosariaCostumeWic","indexID":1,"nameTextMapHash":2412226586,"MENFBGJGLGM":18354298522384930000,"NBNOMKAAKPC":0,"frontIconName":"UI_AvatarIcon_RosariaCostumeWic","skinId":204501,"prefabRemotePathHash":10539667758355399000,"controllerPathHash":0}},"10000046":{"204600":{"descTextMapHash":1186495122,"controllerRemotePathHash":0,"characterId":10000046,"BIMGGMGIEGJ":false,"sideIconName":"","prefabManekinPathHash":0,"hide":false,"EONECOMHHCP":0,"quality":0,"GKMPKLBDEAO":false,"animatorConfigPathHash":0,"isDefault":true,"HAFPIAKNCLB":false,"prefabNpcPathHash":0,"imageNameHash":0,"itemId":0,"prefabPathHash":0,"jsonName":"","indexID":0,"nameTextMapHash":626284674,"MENFBGJGLGM":0,"NBNOMKAAKPC":0,"frontIconName":"","skinId":204600,"prefabRemotePathHash":0,"controllerPathHash":0},"204601":{"descTextMapHash":2668601314,"controllerRemotePathHash":11006397941994914000,"characterId":10000046,"BIMGGMGIEGJ":false,"sideIconName":"UI_AvatarIcon_Side_HutaoCostumeWinter","prefabManekinPathHash":15356684152533869000,"hide":false,"EONECOMHHCP":18383213453749969000,"quality":4,"GKMPKLBDEAO":false,"animatorConfigPathHash":16241742938618118000,"isDefault":false,"HAFPIAKNCLB":false,"prefabNpcPathHash":2559170119330606600,"imageNameHash":6092629661285393000,"itemId":340019,"prefabPathHash":7903959060443312000,"jsonName":"Avatar_Girl_Pole_HutaoCostumeWinter","indexID":1,"nameTextMapHash":4049779162,"MENFBGJGLGM":11233137367517288000,"NBNOMKAAKPC":15791559107331684000,"frontIconName":"UI_AvatarIcon_HutaoCostumeWinter","skinId":204601,"prefabRemotePathHash":9397532461476297000,"controllerPathHash":1303295852024473300}},"10000047":{"204700":{"descTextMapHash":973274738,"controllerRemotePathHash":0,"characterId":10000047,"BIMGGMGIEGJ":false,"sideIconName":"","prefabManekinPathHash":0,"hide":false,"EONECOMHHCP":0,"quality":0,"GKMPKLBDEAO":false,"animatorConfigPathHash":0,"isDefault":true,"HAFPIAKNCLB":false,"prefabNpcPathHash":0,"imageNameHash":0,"itemId":0,"prefabPathHash":0,"jsonName":"","indexID":0,"nameTextMapHash":3355624658,"MENFBGJGLGM":0,"NBNOMKAAKPC":0,"frontIconName":"","skinId":204700,"prefabRemotePathHash":0,"controllerPathHash":0}},"10000048":{"204800":{"descTextMapHash":3070176786,"controllerRemotePathHash":0,"characterId":10000048,"BIMGGMGIEGJ":false,"sideIconName":"","prefabManekinPathHash":0,"hide":false,"EONECOMHHCP":0,"quality":0,"GKMPKLBDEAO":false,"animatorConfigPathHash":0,"isDefault":true,"HAFPIAKNCLB":false,"prefabNpcPathHash":0,"imageNameHash":0,"itemId":0,"prefabPathHash":0,"jsonName":"","indexID":0,"nameTextMapHash":258962178,"MENFBGJGLGM":0,"NBNOMKAAKPC":0,"frontIconName":"","skinId":204800,"prefabRemotePathHash":0,"controllerPathHash":0}},"10000049":{"204900":{"descTextMapHash":984351202,"controllerRemotePathHash":0,"characterId":10000049,"BIMGGMGIEGJ":false,"sideIconName":"","prefabManekinPathHash":0,"hide":false,"EONECOMHHCP":0,"quality":0,"GKMPKLBDEAO":false,"animatorConfigPathHash":0,"isDefault":true,"HAFPIAKNCLB":false,"prefabNpcPathHash":0,"imageNameHash":0,"itemId":0,"prefabPathHash":0,"jsonName":"","indexID":0,"nameTextMapHash":2353136394,"MENFBGJGLGM":0,"NBNOMKAAKPC":0,"frontIconName":"","skinId":204900,"prefabRemotePathHash":0,"controllerPathHash":0}},"10000050":{"205000":{"descTextMapHash":1458439730,"controllerRemotePathHash":0,"characterId":10000050,"BIMGGMGIEGJ":false,"sideIconName":"","prefabManekinPathHash":0,"hide":false,"EONECOMHHCP":0,"quality":0,"GKMPKLBDEAO":false,"animatorConfigPathHash":0,"isDefault":true,"HAFPIAKNCLB":false,"prefabNpcPathHash":0,"imageNameHash":0,"itemId":0,"prefabPathHash":0,"jsonName":"","indexID":0,"nameTextMapHash":2040879098,"MENFBGJGLGM":0,"NBNOMKAAKPC":0,"frontIconName":"","skinId":205000,"prefabRemotePathHash":0,"controllerPathHash":0}},"10000051":{"205100":{"descTextMapHash":1419139450,"controllerRemotePathHash":0,"characterId":10000051,"BIMGGMGIEGJ":false,"sideIconName":"","prefabManekinPathHash":0,"hide":false,"EONECOMHHCP":0,"quality":0,"GKMPKLBDEAO":false,"animatorConfigPathHash":0,"isDefault":true,"HAFPIAKNCLB":false,"prefabNpcPathHash":0,"imageNameHash":0,"itemId":0,"prefabPathHash":0,"jsonName":"","indexID":0,"nameTextMapHash":301314714,"MENFBGJGLGM":0,"NBNOMKAAKPC":0,"frontIconName":"","skinId":205100,"prefabRemotePathHash":0,"controllerPathHash":0}},"10000052":{"205200":{"descTextMapHash":3412149506,"controllerRemotePathHash":0,"characterId":10000052,"BIMGGMGIEGJ":false,"sideIconName":"","prefabManekinPathHash":0,"hide":false,"EONECOMHHCP":0,"quality":0,"GKMPKLBDEAO":false,"animatorConfigPathHash":0,"isDefault":true,"HAFPIAKNCLB":false,"prefabNpcPathHash":0,"imageNameHash":0,"itemId":0,"prefabPathHash":0,"jsonName":"","indexID":0,"nameTextMapHash":2377779762,"MENFBGJGLGM":0,"NBNOMKAAKPC":0,"frontIconName":"","skinId":205200,"prefabRemotePathHash":0,"controllerPathHash":0}},"10000053":{"205300":{"descTextMapHash":2144597778,"controllerRemotePathHash":0,"characterId":10000053,"BIMGGMGIEGJ":false,"sideIconName":"","prefabManekinPathHash":0,"hide":false,"EONECOMHHCP":0,"quality":0,"GKMPKLBDEAO":false,"animatorConfigPathHash":0,"isDefault":true,"HAFPIAKNCLB":false,"prefabNpcPathHash":0,"imageNameHash":0,"itemId":0,"prefabPathHash":0,"jsonName":"","indexID":0,"nameTextMapHash":4048306346,"MENFBGJGLGM":0,"NBNOMKAAKPC":0,"frontIconName":"","skinId":205300,"prefabRemotePathHash":0,"controllerPathHash":0}},"10000054":{"205400":{"descTextMapHash":3173668642,"controllerRemotePathHash":0,"characterId":10000054,"BIMGGMGIEGJ":false,"sideIconName":"","prefabManekinPathHash":0,"hide":false,"EONECOMHHCP":0,"quality":0,"GKMPKLBDEAO":false,"animatorConfigPathHash":0,"isDefault":true,"HAFPIAKNCLB":false,"prefabNpcPathHash":0,"imageNameHash":0,"itemId":0,"prefabPathHash":0,"jsonName":"","indexID":0,"nameTextMapHash":2786415650,"MENFBGJGLGM":0,"NBNOMKAAKPC":0,"frontIconName":"","skinId":205400,"prefabRemotePathHash":0,"controllerPathHash":0}},"10000055":{"205500":{"descTextMapHash":990939858,"controllerRemotePathHash":0,"characterId":10000055,"BIMGGMGIEGJ":false,"sideIconName":"","prefabManekinPathHash":0,"hide":false,"EONECOMHHCP":0,"quality":0,"GKMPKLBDEAO":false,"animatorConfigPathHash":0,"isDefault":true,"HAFPIAKNCLB":false,"prefabNpcPathHash":0,"imageNameHash":0,"itemId":0,"prefabPathHash":0,"jsonName":"","indexID":0,"nameTextMapHash":3561880386,"MENFBGJGLGM":0,"NBNOMKAAKPC":0,"frontIconName":"","skinId":205500,"prefabRemotePathHash":0,"controllerPathHash":0}},"10000056":{"205600":{"descTextMapHash":1024066610,"controllerRemotePathHash":0,"characterId":10000056,"BIMGGMGIEGJ":false,"sideIconName":"","prefabManekinPathHash":0,"hide":false,"EONECOMHHCP":0,"quality":0,"GKMPKLBDEAO":false,"animatorConfigPathHash":0,"isDefault":true,"HAFPIAKNCLB":false,"prefabNpcPathHash":0,"imageNameHash":0,"itemId":0,"prefabPathHash":0,"jsonName":"","indexID":0,"nameTextMapHash":382710810,"MENFBGJGLGM":0,"NBNOMKAAKPC":0,"frontIconName":"","skinId":205600,"prefabRemotePathHash":0,"controllerPathHash":0}},"10000057":{"205700":{"descTextMapHash":4146650074,"controllerRemotePathHash":0,"characterId":10000057,"BIMGGMGIEGJ":false,"sideIconName":"","prefabManekinPathHash":0,"hide":false,"EONECOMHHCP":0,"quality":0,"GKMPKLBDEAO":false,"animatorConfigPathHash":0,"isDefault":true,"HAFPIAKNCLB":false,"prefabNpcPathHash":0,"imageNameHash":0,"itemId":0,"prefabPathHash":0,"jsonName":"","indexID":0,"nameTextMapHash":2006093914,"MENFBGJGLGM":0,"NBNOMKAAKPC":0,"frontIconName":"","skinId":205700,"prefabRemotePathHash":0,"controllerPathHash":0}},"10000058":{"205800":{"descTextMapHash":3314678434,"controllerRemotePathHash":0,"characterId":10000058,"BIMGGMGIEGJ":false,"sideIconName":"","prefabManekinPathHash":0,"hide":false,"EONECOMHHCP":0,"quality":0,"GKMPKLBDEAO":false,"animatorConfigPathHash":0,"isDefault":true,"HAFPIAKNCLB":false,"prefabNpcPathHash":0,"imageNameHash":0,"itemId":0,"prefabPathHash":0,"jsonName":"","indexID":0,"nameTextMapHash":1295363218,"MENFBGJGLGM":0,"NBNOMKAAKPC":0,"frontIconName":"","skinId":205800,"prefabRemotePathHash":0,"controllerPathHash":0}},"10000059":{"205900":{"descTextMapHash":3182680786,"controllerRemotePathHash":0,"characterId":10000059,"BIMGGMGIEGJ":false,"sideIconName":"","prefabManekinPathHash":0,"hide":false,"EONECOMHHCP":0,"quality":0,"GKMPKLBDEAO":false,"animatorConfigPathHash":0,"isDefault":true,"HAFPIAKNCLB":false,"prefabNpcPathHash":0,"imageNameHash":0,"itemId":0,"prefabPathHash":0,"jsonName":"","indexID":0,"nameTextMapHash":4029103562,"MENFBGJGLGM":0,"NBNOMKAAKPC":0,"frontIconName":"","skinId":205900,"prefabRemotePathHash":0,"controllerPathHash":0}},"10000060":{"206000":{"descTextMapHash":3407589218,"controllerRemotePathHash":0,"characterId":10000060,"BIMGGMGIEGJ":false,"sideIconName":"","prefabManekinPathHash":0,"hide":false,"EONECOMHHCP":0,"quality":0,"GKMPKLBDEAO":false,"animatorConfigPathHash":0,"isDefault":true,"HAFPIAKNCLB":false,"prefabNpcPathHash":0,"imageNameHash":0,"itemId":0,"prefabPathHash":0,"jsonName":"","indexID":0,"nameTextMapHash":2196179842,"MENFBGJGLGM":0,"NBNOMKAAKPC":0,"frontIconName":"","skinId":206000,"prefabRemotePathHash":0,"controllerPathHash":0}},"10000061":{"206100":{"descTextMapHash":1963076906,"controllerRemotePathHash":0,"characterId":10000061,"BIMGGMGIEGJ":false,"sideIconName":"","prefabManekinPathHash":0,"hide":false,"EONECOMHHCP":0,"quality":0,"GKMPKLBDEAO":false,"animatorConfigPathHash":0,"isDefault":true,"HAFPIAKNCLB":false,"prefabNpcPathHash":0,"imageNameHash":0,"itemId":0,"prefabPathHash":0,"jsonName":"","indexID":0,"nameTextMapHash":2136989794,"MENFBGJGLGM":0,"NBNOMKAAKPC":0,"frontIconName":"","skinId":206100,"prefabRemotePathHash":0,"controllerPathHash":0},"206101":{"descTextMapHash":3436513386,"controllerRemotePathHash":0,"characterId":10000061,"BIMGGMGIEGJ":false,"sideIconName":"UI_AvatarIcon_Side_MomokaCostumeErrantry","prefabManekinPathHash":4036157729036988400,"hide":false,"EONECOMHHCP":0,"quality":4,"GKMPKLBDEAO":false,"animatorConfigPathHash":0,"isDefault":false,"HAFPIAKNCLB":false,"prefabNpcPathHash":825434180871539000,"imageNameHash":15052980039107756000,"itemId":340018,"prefabPathHash":16777255381001413000,"jsonName":"Avatar_Girl_Sword_MomokaCostumeErrantry","indexID":1,"nameTextMapHash":443620306,"MENFBGJGLGM":16205836061132214000,"NBNOMKAAKPC":0,"frontIconName":"UI_AvatarIcon_MomokaCostumeErrantry","skinId":206101,"prefabRemotePathHash":16431064003003773000,"controllerPathHash":0}},"10000062":{"206200":{"descTextMapHash":271842858,"controllerRemotePathHash":0,"characterId":10000062,"BIMGGMGIEGJ":false,"sideIconName":"","prefabManekinPathHash":0,"hide":false,"EONECOMHHCP":0,"quality":0,"GKMPKLBDEAO":false,"animatorConfigPathHash":0,"isDefault":true,"HAFPIAKNCLB":false,"prefabNpcPathHash":0,"imageNameHash":0,"itemId":0,"prefabPathHash":0,"jsonName":"","indexID":0,"nameTextMapHash":3429415730,"MENFBGJGLGM":0,"NBNOMKAAKPC":0,"frontIconName":"","skinId":206200,"prefabRemotePathHash":0,"controllerPathHash":0}},"10000063":{"206300":{"descTextMapHash":3625334322,"controllerRemotePathHash":0,"characterId":10000063,"BIMGGMGIEGJ":false,"sideIconName":"","prefabManekinPathHash":0,"hide":false,"EONECOMHHCP":0,"quality":0,"GKMPKLBDEAO":false,"animatorConfigPathHash":0,"isDefault":true,"HAFPIAKNCLB":false,"prefabNpcPathHash":0,"imageNameHash":0,"itemId":0,"prefabPathHash":0,"jsonName":"","indexID":0,"nameTextMapHash":3671207274,"MENFBGJGLGM":0,"NBNOMKAAKPC":0,"frontIconName":"","skinId":206300,"prefabRemotePathHash":0,"controllerPathHash":0},"206301":{"descTextMapHash":4226591458,"controllerRemotePathHash":2079033779677266400,"characterId":10000063,"BIMGGMGIEGJ":false,"sideIconName":"UI_AvatarIcon_Side_ShenheCostumeDai","prefabManekinPathHash":15748877212258277000,"hide":false,"EONECOMHHCP":1016401806529336300,"quality":4,"GKMPKLBDEAO":false,"animatorConfigPathHash":8439775389633858000,"isDefault":false,"HAFPIAKNCLB":false,"prefabNpcPathHash":1019362221600152300,"imageNameHash":13551163907161750000,"itemId":340014,"prefabPathHash":6614232366381787000,"jsonName":"Avatar_Lady_Pole_ShenheCostumeDai","indexID":1,"nameTextMapHash":945735386,"MENFBGJGLGM":17372441489796878000,"NBNOMKAAKPC":10267055638635928000,"frontIconName":"UI_AvatarIcon_ShenheCostumeDai","skinId":206301,"prefabRemotePathHash":12983630808894763000,"controllerPathHash":3927025238145279000}},"10000064":{"206400":{"descTextMapHash":1261799770,"controllerRemotePathHash":0,"characterId":10000064,"BIMGGMGIEGJ":false,"sideIconName":"","prefabManekinPathHash":0,"hide":false,"EONECOMHHCP":0,"quality":0,"GKMPKLBDEAO":false,"animatorConfigPathHash":0,"isDefault":true,"HAFPIAKNCLB":false,"prefabNpcPathHash":0,"imageNameHash":0,"itemId":0,"prefabPathHash":0,"jsonName":"","indexID":0,"nameTextMapHash":2433262890,"MENFBGJGLGM":0,"NBNOMKAAKPC":0,"frontIconName":"","skinId":206400,"prefabRemotePathHash":0,"controllerPathHash":0}},"10000065":{"206500":{"descTextMapHash":3036913898,"controllerRemotePathHash":0,"characterId":10000065,"BIMGGMGIEGJ":false,"sideIconName":"","prefabManekinPathHash":0,"hide":false,"EONECOMHHCP":0,"quality":0,"GKMPKLBDEAO":false,"animatorConfigPathHash":0,"isDefault":true,"HAFPIAKNCLB":false,"prefabNpcPathHash":0,"imageNameHash":0,"itemId":0,"prefabPathHash":0,"jsonName":"","indexID":0,"nameTextMapHash":3245276834,"MENFBGJGLGM":0,"NBNOMKAAKPC":0,"frontIconName":"","skinId":206500,"prefabRemotePathHash":0,"controllerPathHash":0}},"10000066":{"206600":{"descTextMapHash":3093997674,"controllerRemotePathHash":0,"characterId":10000066,"BIMGGMGIEGJ":false,"sideIconName":"","prefabManekinPathHash":0,"hide":false,"EONECOMHHCP":0,"quality":0,"GKMPKLBDEAO":false,"animatorConfigPathHash":0,"isDefault":true,"HAFPIAKNCLB":false,"prefabNpcPathHash":0,"imageNameHash":0,"itemId":0,"prefabPathHash":0,"jsonName":"","indexID":0,"nameTextMapHash":3109032026,"MENFBGJGLGM":0,"NBNOMKAAKPC":0,"frontIconName":"","skinId":206600,"prefabRemotePathHash":0,"controllerPathHash":0}},"10000067":{"206700":{"descTextMapHash":2308150714,"controllerRemotePathHash":0,"characterId":10000067,"BIMGGMGIEGJ":false,"sideIconName":"","prefabManekinPathHash":0,"hide":false,"EONECOMHHCP":0,"quality":0,"GKMPKLBDEAO":false,"animatorConfigPathHash":0,"isDefault":true,"HAFPIAKNCLB":false,"prefabNpcPathHash":0,"imageNameHash":0,"itemId":0,"prefabPathHash":0,"jsonName":"","indexID":0,"nameTextMapHash":3135223450,"MENFBGJGLGM":0,"NBNOMKAAKPC":0,"frontIconName":"","skinId":206700,"prefabRemotePathHash":0,"controllerPathHash":0}},"10000068":{"206800":{"descTextMapHash":1616648506,"controllerRemotePathHash":0,"characterId":10000068,"BIMGGMGIEGJ":false,"sideIconName":"","prefabManekinPathHash":0,"hide":false,"EONECOMHHCP":0,"quality":0,"GKMPKLBDEAO":false,"animatorConfigPathHash":0,"isDefault":true,"HAFPIAKNCLB":false,"prefabNpcPathHash":0,"imageNameHash":0,"itemId":0,"prefabPathHash":0,"jsonName":"","indexID":0,"nameTextMapHash":3617396594,"MENFBGJGLGM":0,"NBNOMKAAKPC":0,"frontIconName":"","skinId":206800,"prefabRemotePathHash":0,"controllerPathHash":0}},"10000069":{"206900":{"descTextMapHash":510932922,"controllerRemotePathHash":0,"characterId":10000069,"BIMGGMGIEGJ":false,"sideIconName":"","prefabManekinPathHash":0,"hide":false,"EONECOMHHCP":0,"quality":0,"GKMPKLBDEAO":false,"animatorConfigPathHash":0,"isDefault":true,"HAFPIAKNCLB":false,"prefabNpcPathHash":0,"imageNameHash":0,"itemId":0,"prefabPathHash":0,"jsonName":"","indexID":0,"nameTextMapHash":1106979266,"MENFBGJGLGM":0,"NBNOMKAAKPC":0,"frontIconName":"","skinId":206900,"prefabRemotePathHash":0,"controllerPathHash":0}},"10000070":{"207000":{"descTextMapHash":1078022994,"controllerRemotePathHash":0,"characterId":10000070,"BIMGGMGIEGJ":false,"sideIconName":"","prefabManekinPathHash":0,"hide":false,"EONECOMHHCP":0,"quality":0,"GKMPKLBDEAO":false,"animatorConfigPathHash":0,"isDefault":true,"HAFPIAKNCLB":false,"prefabNpcPathHash":0,"imageNameHash":0,"itemId":0,"prefabPathHash":0,"jsonName":"","indexID":0,"nameTextMapHash":3647756106,"MENFBGJGLGM":0,"NBNOMKAAKPC":0,"frontIconName":"","skinId":207000,"prefabRemotePathHash":0,"controllerPathHash":0},"207001":{"descTextMapHash":491944378,"controllerRemotePathHash":3511864109650284000,"characterId":10000070,"BIMGGMGIEGJ":false,"sideIconName":"UI_AvatarIcon_Side_NilouCostumeFairy","prefabManekinPathHash":11915563518559973000,"hide":false,"EONECOMHHCP":13683135713588406000,"quality":4,"GKMPKLBDEAO":false,"animatorConfigPathHash":8251373390362341000,"isDefault":false,"HAFPIAKNCLB":false,"prefabNpcPathHash":3309731754659582000,"imageNameHash":13150361144103344000,"itemId":340017,"prefabPathHash":1722505538378271500,"jsonName":"Avatar_Girl_Sword_NilouCostumeFairy","indexID":1,"nameTextMapHash":1436816482,"MENFBGJGLGM":17779287142478619000,"NBNOMKAAKPC":12700779893789411000,"frontIconName":"UI_AvatarIcon_NilouCostumeFairy","skinId":207001,"prefabRemotePathHash":97694131069548980,"controllerPathHash":400676577291690500}},"10000071":{"207100":{"descTextMapHash":1864424082,"controllerRemotePathHash":0,"characterId":10000071,"BIMGGMGIEGJ":false,"sideIconName":"","prefabManekinPathHash":0,"hide":false,"EONECOMHHCP":0,"quality":0,"GKMPKLBDEAO":false,"animatorConfigPathHash":0,"isDefault":true,"HAFPIAKNCLB":false,"prefabNpcPathHash":0,"imageNameHash":0,"itemId":0,"prefabPathHash":0,"jsonName":"","indexID":0,"nameTextMapHash":3913661394,"MENFBGJGLGM":0,"NBNOMKAAKPC":0,"frontIconName":"","skinId":207100,"prefabRemotePathHash":0,"controllerPathHash":0}},"10000072":{"207200":{"descTextMapHash":2067286834,"controllerRemotePathHash":0,"characterId":10000072,"BIMGGMGIEGJ":false,"sideIconName":"","prefabManekinPathHash":0,"hide":false,"EONECOMHHCP":0,"quality":0,"GKMPKLBDEAO":false,"animatorConfigPathHash":0,"isDefault":true,"HAFPIAKNCLB":false,"prefabNpcPathHash":0,"imageNameHash":0,"itemId":0,"prefabPathHash":0,"jsonName":"","indexID":0,"nameTextMapHash":2665843154,"MENFBGJGLGM":0,"NBNOMKAAKPC":0,"frontIconName":"","skinId":207200,"prefabRemotePathHash":0,"controllerPathHash":0}},"10000073":{"207300":{"descTextMapHash":2151511386,"controllerRemotePathHash":0,"characterId":10000073,"BIMGGMGIEGJ":false,"sideIconName":"","prefabManekinPathHash":0,"hide":false,"EONECOMHHCP":0,"quality":0,"GKMPKLBDEAO":false,"animatorConfigPathHash":0,"isDefault":true,"HAFPIAKNCLB":false,"prefabNpcPathHash":0,"imageNameHash":0,"itemId":0,"prefabPathHash":0,"jsonName":"","indexID":0,"nameTextMapHash":2005565242,"MENFBGJGLGM":0,"NBNOMKAAKPC":0,"frontIconName":"","skinId":207300,"prefabRemotePathHash":0,"controllerPathHash":0}},"10000074":{"207400":{"descTextMapHash":3853124810,"controllerRemotePathHash":0,"characterId":10000074,"BIMGGMGIEGJ":false,"sideIconName":"","prefabManekinPathHash":0,"hide":false,"EONECOMHHCP":0,"quality":0,"GKMPKLBDEAO":false,"animatorConfigPathHash":0,"isDefault":true,"HAFPIAKNCLB":false,"prefabNpcPathHash":0,"imageNameHash":0,"itemId":0,"prefabPathHash":0,"jsonName":"","indexID":0,"nameTextMapHash":1128331378,"MENFBGJGLGM":0,"NBNOMKAAKPC":0,"frontIconName":"","skinId":207400,"prefabRemotePathHash":0,"controllerPathHash":0}},"10000075":{"207500":{"descTextMapHash":3246746458,"controllerRemotePathHash":0,"characterId":10000075,"BIMGGMGIEGJ":false,"sideIconName":"","prefabManekinPathHash":0,"hide":false,"EONECOMHHCP":0,"quality":0,"GKMPKLBDEAO":false,"animatorConfigPathHash":0,"isDefault":true,"HAFPIAKNCLB":false,"prefabNpcPathHash":0,"imageNameHash":0,"itemId":0,"prefabPathHash":0,"jsonName":"","indexID":0,"nameTextMapHash":4005813530,"MENFBGJGLGM":0,"NBNOMKAAKPC":0,"frontIconName":"","skinId":207500,"prefabRemotePathHash":0,"controllerPathHash":0}},"10000076":{"207600":{"descTextMapHash":3487496106,"controllerRemotePathHash":0,"characterId":10000076,"BIMGGMGIEGJ":false,"sideIconName":"","prefabManekinPathHash":0,"hide":false,"EONECOMHHCP":0,"quality":0,"GKMPKLBDEAO":false,"animatorConfigPathHash":0,"isDefault":true,"HAFPIAKNCLB":false,"prefabNpcPathHash":0,"imageNameHash":0,"itemId":0,"prefabPathHash":0,"jsonName":"","indexID":0,"nameTextMapHash":1487058818,"MENFBGJGLGM":0,"NBNOMKAAKPC":0,"frontIconName":"","skinId":207600,"prefabRemotePathHash":0,"controllerPathHash":0}},"10000077":{"207700":{"descTextMapHash":3911845442,"controllerRemotePathHash":0,"characterId":10000077,"BIMGGMGIEGJ":false,"sideIconName":"","prefabManekinPathHash":0,"hide":false,"EONECOMHHCP":0,"quality":0,"GKMPKLBDEAO":false,"animatorConfigPathHash":0,"isDefault":true,"HAFPIAKNCLB":false,"prefabNpcPathHash":0,"imageNameHash":0,"itemId":0,"prefabPathHash":0,"jsonName":"","indexID":0,"nameTextMapHash":1664916426,"MENFBGJGLGM":0,"NBNOMKAAKPC":0,"frontIconName":"","skinId":207700,"prefabRemotePathHash":0,"controllerPathHash":0}},"10000078":{"207800":{"descTextMapHash":39198106,"controllerRemotePathHash":0,"characterId":10000078,"BIMGGMGIEGJ":false,"sideIconName":"","prefabManekinPathHash":0,"hide":false,"EONECOMHHCP":0,"quality":0,"GKMPKLBDEAO":false,"animatorConfigPathHash":0,"isDefault":true,"HAFPIAKNCLB":false,"prefabNpcPathHash":0,"imageNameHash":0,"itemId":0,"prefabPathHash":0,"jsonName":"","indexID":0,"nameTextMapHash":3349227426,"MENFBGJGLGM":0,"NBNOMKAAKPC":0,"frontIconName":"","skinId":207800,"prefabRemotePathHash":0,"controllerPathHash":0}},"10000079":{"207900":{"descTextMapHash":140684002,"controllerRemotePathHash":0,"characterId":10000079,"BIMGGMGIEGJ":false,"sideIconName":"","prefabManekinPathHash":0,"hide":false,"EONECOMHHCP":0,"quality":0,"GKMPKLBDEAO":false,"animatorConfigPathHash":0,"isDefault":true,"HAFPIAKNCLB":false,"prefabNpcPathHash":0,"imageNameHash":0,"itemId":0,"prefabPathHash":0,"jsonName":"","indexID":0,"nameTextMapHash":4041199642,"MENFBGJGLGM":0,"NBNOMKAAKPC":0,"frontIconName":"","skinId":207900,"prefabRemotePathHash":0,"controllerPathHash":0}},"10000080":{"208000":{"descTextMapHash":3777257866,"controllerRemotePathHash":0,"characterId":10000080,"BIMGGMGIEGJ":false,"sideIconName":"","prefabManekinPathHash":0,"hide":false,"EONECOMHHCP":0,"quality":0,"GKMPKLBDEAO":false,"animatorConfigPathHash":0,"isDefault":true,"HAFPIAKNCLB":false,"prefabNpcPathHash":0,"imageNameHash":0,"itemId":0,"prefabPathHash":0,"jsonName":"","indexID":0,"nameTextMapHash":423812362,"MENFBGJGLGM":0,"NBNOMKAAKPC":0,"frontIconName":"","skinId":208000,"prefabRemotePathHash":0,"controllerPathHash":0}},"10000081":{"208100":{"descTextMapHash":3875251706,"controllerRemotePathHash":0,"characterId":10000081,"BIMGGMGIEGJ":false,"sideIconName":"","prefabManekinPathHash":0,"hide":false,"EONECOMHHCP":0,"quality":0,"GKMPKLBDEAO":false,"animatorConfigPathHash":0,"isDefault":true,"HAFPIAKNCLB":false,"prefabNpcPathHash":0,"imageNameHash":0,"itemId":0,"prefabPathHash":0,"jsonName":"","indexID":0,"nameTextMapHash":2460471634,"MENFBGJGLGM":0,"NBNOMKAAKPC":0,"frontIconName":"","skinId":208100,"prefabRemotePathHash":0,"controllerPathHash":0}},"10000082":{"208200":{"descTextMapHash":260008858,"controllerRemotePathHash":0,"characterId":10000082,"BIMGGMGIEGJ":false,"sideIconName":"","prefabManekinPathHash":0,"hide":false,"EONECOMHHCP":0,"quality":0,"GKMPKLBDEAO":false,"animatorConfigPathHash":0,"isDefault":true,"HAFPIAKNCLB":false,"prefabNpcPathHash":0,"imageNameHash":0,"itemId":0,"prefabPathHash":0,"jsonName":"","indexID":0,"nameTextMapHash":3539582602,"MENFBGJGLGM":0,"NBNOMKAAKPC":0,"frontIconName":"","skinId":208200,"prefabRemotePathHash":0,"controllerPathHash":0}},"10000083":{"208300":{"descTextMapHash":3142534786,"controllerRemotePathHash":0,"characterId":10000083,"BIMGGMGIEGJ":false,"sideIconName":"","prefabManekinPathHash":0,"hide":false,"EONECOMHHCP":0,"quality":0,"GKMPKLBDEAO":false,"animatorConfigPathHash":0,"isDefault":true,"HAFPIAKNCLB":false,"prefabNpcPathHash":0,"imageNameHash":0,"itemId":0,"prefabPathHash":0,"jsonName":"","indexID":0,"nameTextMapHash":1358526194,"MENFBGJGLGM":0,"NBNOMKAAKPC":0,"frontIconName":"","skinId":208300,"prefabRemotePathHash":0,"controllerPathHash":0}},"10000084":{"208400":{"descTextMapHash":2711601770,"controllerRemotePathHash":0,"characterId":10000084,"BIMGGMGIEGJ":false,"sideIconName":"","prefabManekinPathHash":0,"hide":false,"EONECOMHHCP":0,"quality":0,"GKMPKLBDEAO":false,"animatorConfigPathHash":0,"isDefault":true,"HAFPIAKNCLB":false,"prefabNpcPathHash":0,"imageNameHash":0,"itemId":0,"prefabPathHash":0,"jsonName":"","indexID":0,"nameTextMapHash":2247421522,"MENFBGJGLGM":0,"NBNOMKAAKPC":0,"frontIconName":"","skinId":208400,"prefabRemotePathHash":0,"controllerPathHash":0}},"10000085":{"208500":{"descTextMapHash":172373146,"controllerRemotePathHash":0,"characterId":10000085,"BIMGGMGIEGJ":false,"sideIconName":"","prefabManekinPathHash":0,"hide":false,"EONECOMHHCP":0,"quality":0,"GKMPKLBDEAO":false,"animatorConfigPathHash":0,"isDefault":true,"HAFPIAKNCLB":false,"prefabNpcPathHash":0,"imageNameHash":0,"itemId":0,"prefabPathHash":0,"jsonName":"","indexID":0,"nameTextMapHash":3741795914,"MENFBGJGLGM":0,"NBNOMKAAKPC":0,"frontIconName":"","skinId":208500,"prefabRemotePathHash":0,"controllerPathHash":0}},"10000086":{"208600":{"descTextMapHash":2942361602,"controllerRemotePathHash":0,"characterId":10000086,"BIMGGMGIEGJ":false,"sideIconName":"","prefabManekinPathHash":0,"hide":false,"EONECOMHHCP":0,"quality":0,"GKMPKLBDEAO":false,"animatorConfigPathHash":0,"isDefault":true,"HAFPIAKNCLB":false,"prefabNpcPathHash":0,"imageNameHash":0,"itemId":0,"prefabPathHash":0,"jsonName":"","indexID":0,"nameTextMapHash":3467014274,"MENFBGJGLGM":0,"NBNOMKAAKPC":0,"frontIconName":"","skinId":208600,"prefabRemotePathHash":0,"controllerPathHash":0}},"10000087":{"208700":{"descTextMapHash":3026362642,"controllerRemotePathHash":0,"characterId":10000087,"BIMGGMGIEGJ":false,"sideIconName":"","prefabManekinPathHash":0,"hide":false,"EONECOMHHCP":0,"quality":0,"GKMPKLBDEAO":false,"animatorConfigPathHash":0,"isDefault":true,"HAFPIAKNCLB":false,"prefabNpcPathHash":0,"imageNameHash":0,"itemId":0,"prefabPathHash":0,"jsonName":"","indexID":0,"nameTextMapHash":2356957482,"MENFBGJGLGM":0,"NBNOMKAAKPC":0,"frontIconName":"","skinId":208700,"prefabRemotePathHash":0,"controllerPathHash":0}},"10000088":{"208800":{"descTextMapHash":1262815914,"controllerRemotePathHash":0,"characterId":10000088,"BIMGGMGIEGJ":false,"sideIconName":"","prefabManekinPathHash":0,"hide":false,"EONECOMHHCP":0,"quality":0,"GKMPKLBDEAO":false,"animatorConfigPathHash":0,"isDefault":true,"HAFPIAKNCLB":false,"prefabNpcPathHash":0,"imageNameHash":0,"itemId":0,"prefabPathHash":0,"jsonName":"","indexID":0,"nameTextMapHash":626453522,"MENFBGJGLGM":0,"NBNOMKAAKPC":0,"frontIconName":"","skinId":208800,"prefabRemotePathHash":0,"controllerPathHash":0}},"10000089":{"208900":{"descTextMapHash":3717819226,"controllerRemotePathHash":0,"characterId":10000089,"BIMGGMGIEGJ":false,"sideIconName":"","prefabManekinPathHash":0,"hide":false,"EONECOMHHCP":0,"quality":0,"GKMPKLBDEAO":false,"animatorConfigPathHash":0,"isDefault":true,"HAFPIAKNCLB":false,"prefabNpcPathHash":0,"imageNameHash":0,"itemId":0,"prefabPathHash":0,"jsonName":"","indexID":0,"nameTextMapHash":1569690906,"MENFBGJGLGM":0,"NBNOMKAAKPC":0,"frontIconName":"","skinId":208900,"prefabRemotePathHash":0,"controllerPathHash":0}},"10000090":{"209000":{"descTextMapHash":2017338442,"controllerRemotePathHash":0,"characterId":10000090,"BIMGGMGIEGJ":false,"sideIconName":"","prefabManekinPathHash":0,"hide":false,"EONECOMHHCP":0,"quality":0,"GKMPKLBDEAO":false,"animatorConfigPathHash":0,"isDefault":true,"HAFPIAKNCLB":false,"prefabNpcPathHash":0,"imageNameHash":0,"itemId":0,"prefabPathHash":0,"jsonName":"","indexID":0,"nameTextMapHash":1001156090,"MENFBGJGLGM":0,"NBNOMKAAKPC":0,"frontIconName":"","skinId":209000,"prefabRemotePathHash":0,"controllerPathHash":0}},"10000091":{"209100":{"descTextMapHash":1185194346,"controllerRemotePathHash":0,"characterId":10000091,"BIMGGMGIEGJ":false,"sideIconName":"","prefabManekinPathHash":0,"hide":false,"EONECOMHHCP":0,"quality":0,"GKMPKLBDEAO":false,"animatorConfigPathHash":0,"isDefault":true,"HAFPIAKNCLB":false,"prefabNpcPathHash":0,"imageNameHash":0,"itemId":0,"prefabPathHash":0,"jsonName":"","indexID":0,"nameTextMapHash":3039352282,"MENFBGJGLGM":0,"NBNOMKAAKPC":0,"frontIconName":"","skinId":209100,"prefabRemotePathHash":0,"controllerPathHash":0}},"10000092":{"209200":{"descTextMapHash":3180242922,"controllerRemotePathHash":0,"characterId":10000092,"BIMGGMGIEGJ":false,"sideIconName":"","prefabManekinPathHash":0,"hide":false,"EONECOMHHCP":0,"quality":0,"GKMPKLBDEAO":false,"animatorConfigPathHash":0,"isDefault":true,"HAFPIAKNCLB":false,"prefabNpcPathHash":0,"imageNameHash":0,"itemId":0,"prefabPathHash":0,"jsonName":"","indexID":0,"nameTextMapHash":2007918858,"MENFBGJGLGM":0,"NBNOMKAAKPC":0,"frontIconName":"","skinId":209200,"prefabRemotePathHash":0,"controllerPathHash":0}},"10000093":{"209300":{"descTextMapHash":2353796746,"controllerRemotePathHash":0,"characterId":10000093,"BIMGGMGIEGJ":false,"sideIconName":"","prefabManekinPathHash":0,"hide":false,"EONECOMHHCP":0,"quality":0,"GKMPKLBDEAO":false,"animatorConfigPathHash":0,"isDefault":true,"HAFPIAKNCLB":false,"prefabNpcPathHash":0,"imageNameHash":0,"itemId":0,"prefabPathHash":0,"jsonName":"","indexID":0,"nameTextMapHash":2283589170,"MENFBGJGLGM":0,"NBNOMKAAKPC":0,"frontIconName":"","skinId":209300,"prefabRemotePathHash":0,"controllerPathHash":0}},"10000094":{"209400":{"descTextMapHash":1469088850,"controllerRemotePathHash":0,"characterId":10000094,"BIMGGMGIEGJ":false,"sideIconName":"","prefabManekinPathHash":0,"hide":false,"EONECOMHHCP":0,"quality":0,"GKMPKLBDEAO":false,"animatorConfigPathHash":0,"isDefault":true,"HAFPIAKNCLB":false,"prefabNpcPathHash":0,"imageNameHash":0,"itemId":0,"prefabPathHash":0,"jsonName":"","indexID":0,"nameTextMapHash":4268512138,"MENFBGJGLGM":0,"NBNOMKAAKPC":0,"frontIconName":"","skinId":209400,"prefabRemotePathHash":0,"controllerPathHash":0}},"10000095":{"209500":{"descTextMapHash":592486874,"controllerRemotePathHash":0,"characterId":10000095,"BIMGGMGIEGJ":false,"sideIconName":"","prefabManekinPathHash":0,"hide":false,"EONECOMHHCP":0,"quality":0,"GKMPKLBDEAO":false,"animatorConfigPathHash":0,"isDefault":true,"HAFPIAKNCLB":false,"prefabNpcPathHash":0,"imageNameHash":0,"itemId":0,"prefabPathHash":0,"jsonName":"","indexID":0,"nameTextMapHash":3959800498,"MENFBGJGLGM":0,"NBNOMKAAKPC":0,"frontIconName":"","skinId":209500,"prefabRemotePathHash":0,"controllerPathHash":0}},"10000096":{"209600":{"descTextMapHash":277557898,"controllerRemotePathHash":0,"characterId":10000096,"BIMGGMGIEGJ":false,"sideIconName":"","prefabManekinPathHash":0,"hide":false,"EONECOMHHCP":0,"quality":0,"GKMPKLBDEAO":false,"animatorConfigPathHash":0,"isDefault":true,"HAFPIAKNCLB":false,"prefabNpcPathHash":0,"imageNameHash":0,"itemId":0,"prefabPathHash":0,"jsonName":"","indexID":0,"nameTextMapHash":2341898930,"MENFBGJGLGM":0,"NBNOMKAAKPC":0,"frontIconName":"","skinId":209600,"prefabRemotePathHash":0,"controllerPathHash":0}},"10000097":{"209700":{"descTextMapHash":3716862146,"controllerRemotePathHash":0,"characterId":10000097,"BIMGGMGIEGJ":false,"sideIconName":"","prefabManekinPathHash":0,"hide":false,"EONECOMHHCP":0,"quality":0,"GKMPKLBDEAO":false,"animatorConfigPathHash":0,"isDefault":true,"HAFPIAKNCLB":false,"prefabNpcPathHash":0,"imageNameHash":0,"itemId":0,"prefabPathHash":0,"jsonName":"","indexID":0,"nameTextMapHash":1530706906,"MENFBGJGLGM":0,"NBNOMKAAKPC":0,"frontIconName":"","skinId":209700,"prefabRemotePathHash":0,"controllerPathHash":0}},"10000098":{"209800":{"descTextMapHash":2716291818,"controllerRemotePathHash":0,"characterId":10000098,"BIMGGMGIEGJ":false,"sideIconName":"","prefabManekinPathHash":0,"hide":false,"EONECOMHHCP":0,"quality":0,"GKMPKLBDEAO":false,"animatorConfigPathHash":0,"isDefault":true,"HAFPIAKNCLB":false,"prefabNpcPathHash":0,"imageNameHash":0,"itemId":0,"prefabPathHash":0,"jsonName":"","indexID":0,"nameTextMapHash":853988202,"MENFBGJGLGM":0,"NBNOMKAAKPC":0,"frontIconName":"","skinId":209800,"prefabRemotePathHash":0,"controllerPathHash":0}},"10000099":{"209900":{"descTextMapHash":1466883298,"controllerRemotePathHash":0,"characterId":10000099,"BIMGGMGIEGJ":false,"sideIconName":"","prefabManekinPathHash":0,"hide":false,"EONECOMHHCP":0,"quality":0,"GKMPKLBDEAO":false,"animatorConfigPathHash":0,"isDefault":true,"HAFPIAKNCLB":false,"prefabNpcPathHash":0,"imageNameHash":0,"itemId":0,"prefabPathHash":0,"jsonName":"","indexID":0,"nameTextMapHash":1187395194,"MENFBGJGLGM":0,"NBNOMKAAKPC":0,"frontIconName":"","skinId":209900,"prefabRemotePathHash":0,"controllerPathHash":0}},"10000100":{"210000":{"descTextMapHash":3592221418,"controllerRemotePathHash":0,"characterId":10000100,"BIMGGMGIEGJ":false,"sideIconName":"","prefabManekinPathHash":0,"hide":false,"EONECOMHHCP":0,"quality":0,"GKMPKLBDEAO":false,"animatorConfigPathHash":0,"isDefault":true,"HAFPIAKNCLB":false,"prefabNpcPathHash":0,"imageNameHash":0,"itemId":0,"prefabPathHash":0,"jsonName":"","indexID":0,"nameTextMapHash":2637368282,"MENFBGJGLGM":0,"NBNOMKAAKPC":0,"frontIconName":"","skinId":210000,"prefabRemotePathHash":0,"controllerPathHash":0}},"10000101":{"210100":{"descTextMapHash":836391874,"controllerRemotePathHash":0,"characterId":10000101,"BIMGGMGIEGJ":false,"sideIconName":"","prefabManekinPathHash":0,"hide":false,"EONECOMHHCP":0,"quality":0,"GKMPKLBDEAO":false,"animatorConfigPathHash":0,"isDefault":true,"HAFPIAKNCLB":false,"prefabNpcPathHash":0,"imageNameHash":0,"itemId":0,"prefabPathHash":0,"jsonName":"","indexID":0,"nameTextMapHash":3147713386,"MENFBGJGLGM":0,"NBNOMKAAKPC":0,"frontIconName":"","skinId":210100,"prefabRemotePathHash":0,"controllerPathHash":0}},"10000102":{"210200":{"descTextMapHash":2933314762,"controllerRemotePathHash":0,"characterId":10000102,"BIMGGMGIEGJ":false,"sideIconName":"","prefabManekinPathHash":0,"hide":false,"EONECOMHHCP":0,"quality":0,"GKMPKLBDEAO":false,"animatorConfigPathHash":0,"isDefault":true,"HAFPIAKNCLB":false,"prefabNpcPathHash":0,"imageNameHash":0,"itemId":0,"prefabPathHash":0,"jsonName":"","indexID":0,"nameTextMapHash":365492826,"MENFBGJGLGM":0,"NBNOMKAAKPC":0,"frontIconName":"","skinId":210200,"prefabRemotePathHash":0,"controllerPathHash":0}},"10000103":{"210300":{"descTextMapHash":2150942562,"controllerRemotePathHash":0,"characterId":10000103,"BIMGGMGIEGJ":false,"sideIconName":"","prefabManekinPathHash":0,"hide":false,"EONECOMHHCP":0,"quality":0,"GKMPKLBDEAO":false,"animatorConfigPathHash":0,"isDefault":true,"HAFPIAKNCLB":false,"prefabNpcPathHash":0,"imageNameHash":0,"itemId":0,"prefabPathHash":0,"jsonName":"","indexID":0,"nameTextMapHash":4097481770,"MENFBGJGLGM":0,"NBNOMKAAKPC":0,"frontIconName":"","skinId":210300,"prefabRemotePathHash":0,"controllerPathHash":0}},"10000104":{"210400":{"descTextMapHash":380573914,"controllerRemotePathHash":0,"characterId":10000104,"BIMGGMGIEGJ":false,"sideIconName":"","prefabManekinPathHash":0,"hide":false,"EONECOMHHCP":0,"quality":0,"GKMPKLBDEAO":false,"animatorConfigPathHash":0,"isDefault":true,"HAFPIAKNCLB":false,"prefabNpcPathHash":0,"imageNameHash":0,"itemId":0,"prefabPathHash":0,"jsonName":"","indexID":0,"nameTextMapHash":1880406722,"MENFBGJGLGM":0,"NBNOMKAAKPC":0,"frontIconName":"","skinId":210400,"prefabRemotePathHash":0,"controllerPathHash":0}},"10000105":{"210500":{"descTextMapHash":298110682,"controllerRemotePathHash":0,"characterId":10000105,"BIMGGMGIEGJ":false,"sideIconName":"","prefabManekinPathHash":0,"hide":false,"EONECOMHHCP":0,"quality":0,"GKMPKLBDEAO":false,"animatorConfigPathHash":0,"isDefault":true,"HAFPIAKNCLB":false,"prefabNpcPathHash":0,"imageNameHash":0,"itemId":0,"prefabPathHash":0,"jsonName":"","indexID":0,"nameTextMapHash":2720112890,"MENFBGJGLGM":0,"NBNOMKAAKPC":0,"frontIconName":"","skinId":210500,"prefabRemotePathHash":0,"controllerPathHash":0}},"10000106":{"210600":{"descTextMapHash":251932938,"controllerRemotePathHash":0,"characterId":10000106,"BIMGGMGIEGJ":false,"sideIconName":"","prefabManekinPathHash":0,"hide":false,"EONECOMHHCP":0,"quality":0,"GKMPKLBDEAO":false,"animatorConfigPathHash":0,"isDefault":true,"HAFPIAKNCLB":false,"prefabNpcPathHash":0,"imageNameHash":0,"itemId":0,"prefabPathHash":0,"jsonName":"","indexID":0,"nameTextMapHash":3903864042,"MENFBGJGLGM":0,"NBNOMKAAKPC":0,"frontIconName":"","skinId":210600,"prefabRemotePathHash":0,"controllerPathHash":0}},"10000107":{"210700":{"descTextMapHash":3454821586,"controllerRemotePathHash":0,"characterId":10000107,"BIMGGMGIEGJ":false,"sideIconName":"","prefabManekinPathHash":0,"hide":false,"EONECOMHHCP":0,"quality":0,"GKMPKLBDEAO":false,"animatorConfigPathHash":0,"isDefault":true,"HAFPIAKNCLB":false,"prefabNpcPathHash":0,"imageNameHash":0,"itemId":0,"prefabPathHash":0,"jsonName":"","indexID":0,"nameTextMapHash":3611122538,"MENFBGJGLGM":0,"NBNOMKAAKPC":0,"frontIconName":"","skinId":210700,"prefabRemotePathHash":0,"controllerPathHash":0}},"10000108":{"210800":{"descTextMapHash":1599599746,"controllerRemotePathHash":0,"characterId":10000108,"BIMGGMGIEGJ":false,"sideIconName":"","prefabManekinPathHash":0,"hide":false,"EONECOMHHCP":0,"quality":0,"GKMPKLBDEAO":false,"animatorConfigPathHash":0,"isDefault":true,"HAFPIAKNCLB":false,"prefabNpcPathHash":0,"imageNameHash":0,"itemId":0,"prefabPathHash":0,"jsonName":"","indexID":0,"nameTextMapHash":1522446634,"MENFBGJGLGM":0,"NBNOMKAAKPC":0,"frontIconName":"","skinId":210800,"prefabRemotePathHash":0,"controllerPathHash":0}},"10000109":{"210900":{"descTextMapHash":2880645482,"controllerRemotePathHash":0,"characterId":10000109,"BIMGGMGIEGJ":false,"sideIconName":"","prefabManekinPathHash":0,"hide":false,"EONECOMHHCP":0,"quality":0,"GKMPKLBDEAO":false,"animatorConfigPathHash":0,"isDefault":true,"HAFPIAKNCLB":false,"prefabNpcPathHash":0,"imageNameHash":0,"itemId":0,"prefabPathHash":0,"jsonName":"","indexID":0,"nameTextMapHash":1995417858,"MENFBGJGLGM":0,"NBNOMKAAKPC":0,"frontIconName":"","skinId":210900,"prefabRemotePathHash":0,"controllerPathHash":0}},"10000110":{"211000":{"descTextMapHash":582947802,"controllerRemotePathHash":0,"characterId":10000110,"BIMGGMGIEGJ":false,"sideIconName":"","prefabManekinPathHash":0,"hide":false,"EONECOMHHCP":0,"quality":0,"GKMPKLBDEAO":false,"animatorConfigPathHash":0,"isDefault":true,"HAFPIAKNCLB":false,"prefabNpcPathHash":0,"imageNameHash":0,"itemId":0,"prefabPathHash":0,"jsonName":"","indexID":0,"nameTextMapHash":2247799730,"MENFBGJGLGM":0,"NBNOMKAAKPC":0,"frontIconName":"","skinId":211000,"prefabRemotePathHash":0,"controllerPathHash":0}},"10000111":{"211100":{"descTextMapHash":2597074490,"controllerRemotePathHash":0,"characterId":10000111,"BIMGGMGIEGJ":false,"sideIconName":"","prefabManekinPathHash":0,"hide":false,"EONECOMHHCP":0,"quality":0,"GKMPKLBDEAO":false,"animatorConfigPathHash":0,"isDefault":true,"HAFPIAKNCLB":false,"prefabNpcPathHash":0,"imageNameHash":0,"itemId":0,"prefabPathHash":0,"jsonName":"","indexID":0,"nameTextMapHash":2109972426,"MENFBGJGLGM":0,"NBNOMKAAKPC":0,"frontIconName":"","skinId":211100,"prefabRemotePathHash":0,"controllerPathHash":0}},"10000112":{"211200":{"descTextMapHash":316091034,"controllerRemotePathHash":0,"characterId":10000112,"BIMGGMGIEGJ":false,"sideIconName":"","prefabManekinPathHash":0,"hide":false,"EONECOMHHCP":0,"quality":0,"GKMPKLBDEAO":false,"animatorConfigPathHash":0,"isDefault":true,"HAFPIAKNCLB":false,"prefabNpcPathHash":0,"imageNameHash":0,"itemId":0,"prefabPathHash":0,"jsonName":"","indexID":0,"nameTextMapHash":2158099930,"MENFBGJGLGM":0,"NBNOMKAAKPC":0,"frontIconName":"","skinId":211200,"prefabRemotePathHash":0,"controllerPathHash":0}},"10000113":{"211300":{"descTextMapHash":503922402,"controllerRemotePathHash":0,"characterId":10000113,"BIMGGMGIEGJ":false,"sideIconName":"","prefabManekinPathHash":0,"hide":false,"EONECOMHHCP":0,"quality":0,"GKMPKLBDEAO":false,"animatorConfigPathHash":0,"isDefault":true,"HAFPIAKNCLB":false,"prefabNpcPathHash":0,"imageNameHash":0,"itemId":0,"prefabPathHash":0,"jsonName":"","indexID":0,"nameTextMapHash":2608659810,"MENFBGJGLGM":0,"NBNOMKAAKPC":0,"frontIconName":"","skinId":211300,"prefabRemotePathHash":0,"controllerPathHash":0}},"10000114":{"211400":{"descTextMapHash":1977553594,"controllerRemotePathHash":0,"characterId":10000114,"BIMGGMGIEGJ":false,"sideIconName":"","prefabManekinPathHash":0,"hide":false,"EONECOMHHCP":0,"quality":0,"GKMPKLBDEAO":false,"animatorConfigPathHash":0,"isDefault":true,"HAFPIAKNCLB":false,"prefabNpcPathHash":0,"imageNameHash":0,"itemId":0,"prefabPathHash":0,"jsonName":"","indexID":0,"nameTextMapHash":1717594946,"MENFBGJGLGM":0,"NBNOMKAAKPC":0,"frontIconName":"","skinId":211400,"prefabRemotePathHash":0,"controllerPathHash":0}},"10000115":{"211500":{"descTextMapHash":2446572594,"controllerRemotePathHash":0,"characterId":10000115,"BIMGGMGIEGJ":false,"sideIconName":"","prefabManekinPathHash":0,"hide":false,"EONECOMHHCP":0,"quality":0,"GKMPKLBDEAO":false,"animatorConfigPathHash":0,"isDefault":true,"HAFPIAKNCLB":false,"prefabNpcPathHash":0,"imageNameHash":0,"itemId":0,"prefabPathHash":0,"jsonName":"","indexID":0,"nameTextMapHash":1898620778,"MENFBGJGLGM":0,"NBNOMKAAKPC":0,"frontIconName":"","skinId":211500,"prefabRemotePathHash":0,"controllerPathHash":0}},"10000901":{"290100":{"descTextMapHash":675658346,"controllerRemotePathHash":0,"characterId":10000901,"BIMGGMGIEGJ":false,"sideIconName":"","prefabManekinPathHash":0,"hide":false,"EONECOMHHCP":0,"quality":0,"GKMPKLBDEAO":false,"animatorConfigPathHash":0,"isDefault":true,"HAFPIAKNCLB":false,"prefabNpcPathHash":0,"imageNameHash":0,"itemId":0,"prefabPathHash":0,"jsonName":"","indexID":0,"nameTextMapHash":1521467930,"MENFBGJGLGM":0,"NBNOMKAAKPC":0,"frontIconName":"","skinId":290100,"prefabRemotePathHash":0,"controllerPathHash":0}},"10000902":{"290200":{"descTextMapHash":2635843370,"controllerRemotePathHash":0,"characterId":10000902,"BIMGGMGIEGJ":false,"sideIconName":"","prefabManekinPathHash":0,"hide":false,"EONECOMHHCP":0,"quality":0,"GKMPKLBDEAO":false,"animatorConfigPathHash":0,"isDefault":true,"HAFPIAKNCLB":false,"prefabNpcPathHash":0,"imageNameHash":0,"itemId":0,"prefabPathHash":0,"jsonName":"","indexID":0,"nameTextMapHash":1288269538,"MENFBGJGLGM":0,"NBNOMKAAKPC":0,"frontIconName":"","skinId":290200,"prefabRemotePathHash":0,"controllerPathHash":0}}}