{"1":{"curveInfos":[{"type":"GROW_CURVE_HP_S4","arith":"ARITH_MULTI","value":1},{"type":"GROW_CURVE_ATTACK_S4","arith":"ARITH_MULTI","value":1},{"type":"GROW_CURVE_HP_S5","arith":"ARITH_MULTI","value":1},{"type":"GROW_CURVE_ATTACK_S5","arith":"ARITH_MULTI","value":1}],"level":1},"2":{"curveInfos":[{"type":"GROW_CURVE_HP_S4","arith":"ARITH_MULTI","value":1.083},{"type":"GROW_CURVE_ATTACK_S4","arith":"ARITH_MULTI","value":1.083},{"type":"GROW_CURVE_HP_S5","arith":"ARITH_MULTI","value":1.083},{"type":"GROW_CURVE_ATTACK_S5","arith":"ARITH_MULTI","value":1.083}],"level":2},"3":{"curveInfos":[{"type":"GROW_CURVE_HP_S4","arith":"ARITH_MULTI","value":1.165},{"type":"GROW_CURVE_ATTACK_S4","arith":"ARITH_MULTI","value":1.165},{"type":"GROW_CURVE_HP_S5","arith":"ARITH_MULTI","value":1.166},{"type":"GROW_CURVE_ATTACK_S5","arith":"ARITH_MULTI","value":1.166}],"level":3},"4":{"curveInfos":[{"type":"GROW_CURVE_HP_S4","arith":"ARITH_MULTI","value":1.248},{"type":"GROW_CURVE_ATTACK_S4","arith":"ARITH_MULTI","value":1.248},{"type":"GROW_CURVE_HP_S5","arith":"ARITH_MULTI","value":1.25},{"type":"GROW_CURVE_ATTACK_S5","arith":"ARITH_MULTI","value":1.25}],"level":4},"5":{"curveInfos":[{"type":"GROW_CURVE_HP_S4","arith":"ARITH_MULTI","value":1.33},{"type":"GROW_CURVE_ATTACK_S4","arith":"ARITH_MULTI","value":1.33},{"type":"GROW_CURVE_HP_S5","arith":"ARITH_MULTI","value":1.333},{"type":"GROW_CURVE_ATTACK_S5","arith":"ARITH_MULTI","value":1.333}],"level":5},"6":{"curveInfos":[{"type":"GROW_CURVE_HP_S4","arith":"ARITH_MULTI","value":1.413},{"type":"GROW_CURVE_ATTACK_S4","arith":"ARITH_MULTI","value":1.413},{"type":"GROW_CURVE_HP_S5","arith":"ARITH_MULTI","value":1.417},{"type":"GROW_CURVE_ATTACK_S5","arith":"ARITH_MULTI","value":1.417}],"level":6},"7":{"curveInfos":[{"type":"GROW_CURVE_HP_S4","arith":"ARITH_MULTI","value":1.495},{"type":"GROW_CURVE_ATTACK_S4","arith":"ARITH_MULTI","value":1.495},{"type":"GROW_CURVE_HP_S5","arith":"ARITH_MULTI","value":1.5},{"type":"GROW_CURVE_ATTACK_S5","arith":"ARITH_MULTI","value":1.5}],"level":7},"8":{"curveInfos":[{"type":"GROW_CURVE_HP_S4","arith":"ARITH_MULTI","value":1.578},{"type":"GROW_CURVE_ATTACK_S4","arith":"ARITH_MULTI","value":1.578},{"type":"GROW_CURVE_HP_S5","arith":"ARITH_MULTI","value":1.584},{"type":"GROW_CURVE_ATTACK_S5","arith":"ARITH_MULTI","value":1.584}],"level":8},"9":{"curveInfos":[{"type":"GROW_CURVE_HP_S4","arith":"ARITH_MULTI","value":1.661},{"type":"GROW_CURVE_ATTACK_S4","arith":"ARITH_MULTI","value":1.661},{"type":"GROW_CURVE_HP_S5","arith":"ARITH_MULTI","value":1.668},{"type":"GROW_CURVE_ATTACK_S5","arith":"ARITH_MULTI","value":1.668}],"level":9},"10":{"curveInfos":[{"type":"GROW_CURVE_HP_S4","arith":"ARITH_MULTI","value":1.743},{"type":"GROW_CURVE_ATTACK_S4","arith":"ARITH_MULTI","value":1.743},{"type":"GROW_CURVE_HP_S5","arith":"ARITH_MULTI","value":1.751},{"type":"GROW_CURVE_ATTACK_S5","arith":"ARITH_MULTI","value":1.751}],"level":10},"11":{"curveInfos":[{"type":"GROW_CURVE_HP_S4","arith":"ARITH_MULTI","value":1.826},{"type":"GROW_CURVE_ATTACK_S4","arith":"ARITH_MULTI","value":1.826},{"type":"GROW_CURVE_HP_S5","arith":"ARITH_MULTI","value":1.835},{"type":"GROW_CURVE_ATTACK_S5","arith":"ARITH_MULTI","value":1.835}],"level":11},"12":{"curveInfos":[{"type":"GROW_CURVE_HP_S4","arith":"ARITH_MULTI","value":1.908},{"type":"GROW_CURVE_ATTACK_S4","arith":"ARITH_MULTI","value":1.908},{"type":"GROW_CURVE_HP_S5","arith":"ARITH_MULTI","value":1.919},{"type":"GROW_CURVE_ATTACK_S5","arith":"ARITH_MULTI","value":1.919}],"level":12},"13":{"curveInfos":[{"type":"GROW_CURVE_HP_S4","arith":"ARITH_MULTI","value":1.991},{"type":"GROW_CURVE_ATTACK_S4","arith":"ARITH_MULTI","value":1.991},{"type":"GROW_CURVE_HP_S5","arith":"ARITH_MULTI","value":2.003},{"type":"GROW_CURVE_ATTACK_S5","arith":"ARITH_MULTI","value":2.003}],"level":13},"14":{"curveInfos":[{"type":"GROW_CURVE_HP_S4","arith":"ARITH_MULTI","value":2.073},{"type":"GROW_CURVE_ATTACK_S4","arith":"ARITH_MULTI","value":2.073},{"type":"GROW_CURVE_HP_S5","arith":"ARITH_MULTI","value":2.088},{"type":"GROW_CURVE_ATTACK_S5","arith":"ARITH_MULTI","value":2.088}],"level":14},"15":{"curveInfos":[{"type":"GROW_CURVE_HP_S4","arith":"ARITH_MULTI","value":2.156},{"type":"GROW_CURVE_ATTACK_S4","arith":"ARITH_MULTI","value":2.156},{"type":"GROW_CURVE_HP_S5","arith":"ARITH_MULTI","value":2.172},{"type":"GROW_CURVE_ATTACK_S5","arith":"ARITH_MULTI","value":2.172}],"level":15},"16":{"curveInfos":[{"type":"GROW_CURVE_HP_S4","arith":"ARITH_MULTI","value":2.239},{"type":"GROW_CURVE_ATTACK_S4","arith":"ARITH_MULTI","value":2.239},{"type":"GROW_CURVE_HP_S5","arith":"ARITH_MULTI","value":2.256},{"type":"GROW_CURVE_ATTACK_S5","arith":"ARITH_MULTI","value":2.256}],"level":16},"17":{"curveInfos":[{"type":"GROW_CURVE_HP_S4","arith":"ARITH_MULTI","value":2.321},{"type":"GROW_CURVE_ATTACK_S4","arith":"ARITH_MULTI","value":2.321},{"type":"GROW_CURVE_HP_S5","arith":"ARITH_MULTI","value":2.341},{"type":"GROW_CURVE_ATTACK_S5","arith":"ARITH_MULTI","value":2.341}],"level":17},"18":{"curveInfos":[{"type":"GROW_CURVE_HP_S4","arith":"ARITH_MULTI","value":2.404},{"type":"GROW_CURVE_ATTACK_S4","arith":"ARITH_MULTI","value":2.404},{"type":"GROW_CURVE_HP_S5","arith":"ARITH_MULTI","value":2.425},{"type":"GROW_CURVE_ATTACK_S5","arith":"ARITH_MULTI","value":2.425}],"level":18},"19":{"curveInfos":[{"type":"GROW_CURVE_HP_S4","arith":"ARITH_MULTI","value":2.486},{"type":"GROW_CURVE_ATTACK_S4","arith":"ARITH_MULTI","value":2.486},{"type":"GROW_CURVE_HP_S5","arith":"ARITH_MULTI","value":2.51},{"type":"GROW_CURVE_ATTACK_S5","arith":"ARITH_MULTI","value":2.51}],"level":19},"20":{"curveInfos":[{"type":"GROW_CURVE_HP_S4","arith":"ARITH_MULTI","value":2.569},{"type":"GROW_CURVE_ATTACK_S4","arith":"ARITH_MULTI","value":2.569},{"type":"GROW_CURVE_HP_S5","arith":"ARITH_MULTI","value":2.594},{"type":"GROW_CURVE_ATTACK_S5","arith":"ARITH_MULTI","value":2.594}],"level":20},"21":{"curveInfos":[{"type":"GROW_CURVE_HP_S4","arith":"ARITH_MULTI","value":2.651},{"type":"GROW_CURVE_ATTACK_S4","arith":"ARITH_MULTI","value":2.651},{"type":"GROW_CURVE_HP_S5","arith":"ARITH_MULTI","value":2.679},{"type":"GROW_CURVE_ATTACK_S5","arith":"ARITH_MULTI","value":2.679}],"level":21},"22":{"curveInfos":[{"type":"GROW_CURVE_HP_S4","arith":"ARITH_MULTI","value":2.734},{"type":"GROW_CURVE_ATTACK_S4","arith":"ARITH_MULTI","value":2.734},{"type":"GROW_CURVE_HP_S5","arith":"ARITH_MULTI","value":2.764},{"type":"GROW_CURVE_ATTACK_S5","arith":"ARITH_MULTI","value":2.764}],"level":22},"23":{"curveInfos":[{"type":"GROW_CURVE_HP_S4","arith":"ARITH_MULTI","value":2.817},{"type":"GROW_CURVE_ATTACK_S4","arith":"ARITH_MULTI","value":2.817},{"type":"GROW_CURVE_HP_S5","arith":"ARITH_MULTI","value":2.849},{"type":"GROW_CURVE_ATTACK_S5","arith":"ARITH_MULTI","value":2.849}],"level":23},"24":{"curveInfos":[{"type":"GROW_CURVE_HP_S4","arith":"ARITH_MULTI","value":2.899},{"type":"GROW_CURVE_ATTACK_S4","arith":"ARITH_MULTI","value":2.899},{"type":"GROW_CURVE_HP_S5","arith":"ARITH_MULTI","value":2.934},{"type":"GROW_CURVE_ATTACK_S5","arith":"ARITH_MULTI","value":2.934}],"level":24},"25":{"curveInfos":[{"type":"GROW_CURVE_HP_S4","arith":"ARITH_MULTI","value":2.982},{"type":"GROW_CURVE_ATTACK_S4","arith":"ARITH_MULTI","value":2.982},{"type":"GROW_CURVE_HP_S5","arith":"ARITH_MULTI","value":3.019},{"type":"GROW_CURVE_ATTACK_S5","arith":"ARITH_MULTI","value":3.019}],"level":25},"26":{"curveInfos":[{"type":"GROW_CURVE_HP_S4","arith":"ARITH_MULTI","value":3.064},{"type":"GROW_CURVE_ATTACK_S4","arith":"ARITH_MULTI","value":3.064},{"type":"GROW_CURVE_HP_S5","arith":"ARITH_MULTI","value":3.105},{"type":"GROW_CURVE_ATTACK_S5","arith":"ARITH_MULTI","value":3.105}],"level":26},"27":{"curveInfos":[{"type":"GROW_CURVE_HP_S4","arith":"ARITH_MULTI","value":3.147},{"type":"GROW_CURVE_ATTACK_S4","arith":"ARITH_MULTI","value":3.147},{"type":"GROW_CURVE_HP_S5","arith":"ARITH_MULTI","value":3.19},{"type":"GROW_CURVE_ATTACK_S5","arith":"ARITH_MULTI","value":3.19}],"level":27},"28":{"curveInfos":[{"type":"GROW_CURVE_HP_S4","arith":"ARITH_MULTI","value":3.229},{"type":"GROW_CURVE_ATTACK_S4","arith":"ARITH_MULTI","value":3.229},{"type":"GROW_CURVE_HP_S5","arith":"ARITH_MULTI","value":3.275},{"type":"GROW_CURVE_ATTACK_S5","arith":"ARITH_MULTI","value":3.275}],"level":28},"29":{"curveInfos":[{"type":"GROW_CURVE_HP_S4","arith":"ARITH_MULTI","value":3.312},{"type":"GROW_CURVE_ATTACK_S4","arith":"ARITH_MULTI","value":3.312},{"type":"GROW_CURVE_HP_S5","arith":"ARITH_MULTI","value":3.361},{"type":"GROW_CURVE_ATTACK_S5","arith":"ARITH_MULTI","value":3.361}],"level":29},"30":{"curveInfos":[{"type":"GROW_CURVE_HP_S4","arith":"ARITH_MULTI","value":3.394},{"type":"GROW_CURVE_ATTACK_S4","arith":"ARITH_MULTI","value":3.394},{"type":"GROW_CURVE_HP_S5","arith":"ARITH_MULTI","value":3.446},{"type":"GROW_CURVE_ATTACK_S5","arith":"ARITH_MULTI","value":3.446}],"level":30},"31":{"curveInfos":[{"type":"GROW_CURVE_HP_S4","arith":"ARITH_MULTI","value":3.477},{"type":"GROW_CURVE_ATTACK_S4","arith":"ARITH_MULTI","value":3.477},{"type":"GROW_CURVE_HP_S5","arith":"ARITH_MULTI","value":3.532},{"type":"GROW_CURVE_ATTACK_S5","arith":"ARITH_MULTI","value":3.532}],"level":31},"32":{"curveInfos":[{"type":"GROW_CURVE_HP_S4","arith":"ARITH_MULTI","value":3.56},{"type":"GROW_CURVE_ATTACK_S4","arith":"ARITH_MULTI","value":3.56},{"type":"GROW_CURVE_HP_S5","arith":"ARITH_MULTI","value":3.618},{"type":"GROW_CURVE_ATTACK_S5","arith":"ARITH_MULTI","value":3.618}],"level":32},"33":{"curveInfos":[{"type":"GROW_CURVE_HP_S4","arith":"ARITH_MULTI","value":3.642},{"type":"GROW_CURVE_ATTACK_S4","arith":"ARITH_MULTI","value":3.642},{"type":"GROW_CURVE_HP_S5","arith":"ARITH_MULTI","value":3.704},{"type":"GROW_CURVE_ATTACK_S5","arith":"ARITH_MULTI","value":3.704}],"level":33},"34":{"curveInfos":[{"type":"GROW_CURVE_HP_S4","arith":"ARITH_MULTI","value":3.725},{"type":"GROW_CURVE_ATTACK_S4","arith":"ARITH_MULTI","value":3.725},{"type":"GROW_CURVE_HP_S5","arith":"ARITH_MULTI","value":3.789},{"type":"GROW_CURVE_ATTACK_S5","arith":"ARITH_MULTI","value":3.789}],"level":34},"35":{"curveInfos":[{"type":"GROW_CURVE_HP_S4","arith":"ARITH_MULTI","value":3.807},{"type":"GROW_CURVE_ATTACK_S4","arith":"ARITH_MULTI","value":3.807},{"type":"GROW_CURVE_HP_S5","arith":"ARITH_MULTI","value":3.875},{"type":"GROW_CURVE_ATTACK_S5","arith":"ARITH_MULTI","value":3.875}],"level":35},"36":{"curveInfos":[{"type":"GROW_CURVE_HP_S4","arith":"ARITH_MULTI","value":3.89},{"type":"GROW_CURVE_ATTACK_S4","arith":"ARITH_MULTI","value":3.89},{"type":"GROW_CURVE_HP_S5","arith":"ARITH_MULTI","value":3.962},{"type":"GROW_CURVE_ATTACK_S5","arith":"ARITH_MULTI","value":3.962}],"level":36},"37":{"curveInfos":[{"type":"GROW_CURVE_HP_S4","arith":"ARITH_MULTI","value":3.972},{"type":"GROW_CURVE_ATTACK_S4","arith":"ARITH_MULTI","value":3.972},{"type":"GROW_CURVE_HP_S5","arith":"ARITH_MULTI","value":4.048},{"type":"GROW_CURVE_ATTACK_S5","arith":"ARITH_MULTI","value":4.048}],"level":37},"38":{"curveInfos":[{"type":"GROW_CURVE_HP_S4","arith":"ARITH_MULTI","value":4.055},{"type":"GROW_CURVE_ATTACK_S4","arith":"ARITH_MULTI","value":4.055},{"type":"GROW_CURVE_HP_S5","arith":"ARITH_MULTI","value":4.134},{"type":"GROW_CURVE_ATTACK_S5","arith":"ARITH_MULTI","value":4.134}],"level":38},"39":{"curveInfos":[{"type":"GROW_CURVE_HP_S4","arith":"ARITH_MULTI","value":4.138},{"type":"GROW_CURVE_ATTACK_S4","arith":"ARITH_MULTI","value":4.138},{"type":"GROW_CURVE_HP_S5","arith":"ARITH_MULTI","value":4.22},{"type":"GROW_CURVE_ATTACK_S5","arith":"ARITH_MULTI","value":4.22}],"level":39},"40":{"curveInfos":[{"type":"GROW_CURVE_HP_S4","arith":"ARITH_MULTI","value":4.22},{"type":"GROW_CURVE_ATTACK_S4","arith":"ARITH_MULTI","value":4.22},{"type":"GROW_CURVE_HP_S5","arith":"ARITH_MULTI","value":4.307},{"type":"GROW_CURVE_ATTACK_S5","arith":"ARITH_MULTI","value":4.307}],"level":40},"41":{"curveInfos":[{"type":"GROW_CURVE_HP_S4","arith":"ARITH_MULTI","value":4.303},{"type":"GROW_CURVE_ATTACK_S4","arith":"ARITH_MULTI","value":4.303},{"type":"GROW_CURVE_HP_S5","arith":"ARITH_MULTI","value":4.393},{"type":"GROW_CURVE_ATTACK_S5","arith":"ARITH_MULTI","value":4.393}],"level":41},"42":{"curveInfos":[{"type":"GROW_CURVE_HP_S4","arith":"ARITH_MULTI","value":4.385},{"type":"GROW_CURVE_ATTACK_S4","arith":"ARITH_MULTI","value":4.385},{"type":"GROW_CURVE_HP_S5","arith":"ARITH_MULTI","value":4.48},{"type":"GROW_CURVE_ATTACK_S5","arith":"ARITH_MULTI","value":4.48}],"level":42},"43":{"curveInfos":[{"type":"GROW_CURVE_HP_S4","arith":"ARITH_MULTI","value":4.468},{"type":"GROW_CURVE_ATTACK_S4","arith":"ARITH_MULTI","value":4.468},{"type":"GROW_CURVE_HP_S5","arith":"ARITH_MULTI","value":4.567},{"type":"GROW_CURVE_ATTACK_S5","arith":"ARITH_MULTI","value":4.567}],"level":43},"44":{"curveInfos":[{"type":"GROW_CURVE_HP_S4","arith":"ARITH_MULTI","value":4.55},{"type":"GROW_CURVE_ATTACK_S4","arith":"ARITH_MULTI","value":4.55},{"type":"GROW_CURVE_HP_S5","arith":"ARITH_MULTI","value":4.653},{"type":"GROW_CURVE_ATTACK_S5","arith":"ARITH_MULTI","value":4.653}],"level":44},"45":{"curveInfos":[{"type":"GROW_CURVE_HP_S4","arith":"ARITH_MULTI","value":4.633},{"type":"GROW_CURVE_ATTACK_S4","arith":"ARITH_MULTI","value":4.633},{"type":"GROW_CURVE_HP_S5","arith":"ARITH_MULTI","value":4.74},{"type":"GROW_CURVE_ATTACK_S5","arith":"ARITH_MULTI","value":4.74}],"level":45},"46":{"curveInfos":[{"type":"GROW_CURVE_HP_S4","arith":"ARITH_MULTI","value":4.716},{"type":"GROW_CURVE_ATTACK_S4","arith":"ARITH_MULTI","value":4.716},{"type":"GROW_CURVE_HP_S5","arith":"ARITH_MULTI","value":4.827},{"type":"GROW_CURVE_ATTACK_S5","arith":"ARITH_MULTI","value":4.827}],"level":46},"47":{"curveInfos":[{"type":"GROW_CURVE_HP_S4","arith":"ARITH_MULTI","value":4.798},{"type":"GROW_CURVE_ATTACK_S4","arith":"ARITH_MULTI","value":4.798},{"type":"GROW_CURVE_HP_S5","arith":"ARITH_MULTI","value":4.914},{"type":"GROW_CURVE_ATTACK_S5","arith":"ARITH_MULTI","value":4.914}],"level":47},"48":{"curveInfos":[{"type":"GROW_CURVE_HP_S4","arith":"ARITH_MULTI","value":4.881},{"type":"GROW_CURVE_ATTACK_S4","arith":"ARITH_MULTI","value":4.881},{"type":"GROW_CURVE_HP_S5","arith":"ARITH_MULTI","value":5.001},{"type":"GROW_CURVE_ATTACK_S5","arith":"ARITH_MULTI","value":5.001}],"level":48},"49":{"curveInfos":[{"type":"GROW_CURVE_HP_S4","arith":"ARITH_MULTI","value":4.963},{"type":"GROW_CURVE_ATTACK_S4","arith":"ARITH_MULTI","value":4.963},{"type":"GROW_CURVE_HP_S5","arith":"ARITH_MULTI","value":5.089},{"type":"GROW_CURVE_ATTACK_S5","arith":"ARITH_MULTI","value":5.089}],"level":49},"50":{"curveInfos":[{"type":"GROW_CURVE_HP_S4","arith":"ARITH_MULTI","value":5.046},{"type":"GROW_CURVE_ATTACK_S4","arith":"ARITH_MULTI","value":5.046},{"type":"GROW_CURVE_HP_S5","arith":"ARITH_MULTI","value":5.176},{"type":"GROW_CURVE_ATTACK_S5","arith":"ARITH_MULTI","value":5.176}],"level":50},"51":{"curveInfos":[{"type":"GROW_CURVE_HP_S4","arith":"ARITH_MULTI","value":5.128},{"type":"GROW_CURVE_ATTACK_S4","arith":"ARITH_MULTI","value":5.128},{"type":"GROW_CURVE_HP_S5","arith":"ARITH_MULTI","value":5.263},{"type":"GROW_CURVE_ATTACK_S5","arith":"ARITH_MULTI","value":5.263}],"level":51},"52":{"curveInfos":[{"type":"GROW_CURVE_HP_S4","arith":"ARITH_MULTI","value":5.211},{"type":"GROW_CURVE_ATTACK_S4","arith":"ARITH_MULTI","value":5.211},{"type":"GROW_CURVE_HP_S5","arith":"ARITH_MULTI","value":5.351},{"type":"GROW_CURVE_ATTACK_S5","arith":"ARITH_MULTI","value":5.351}],"level":52},"53":{"curveInfos":[{"type":"GROW_CURVE_HP_S4","arith":"ARITH_MULTI","value":5.294},{"type":"GROW_CURVE_ATTACK_S4","arith":"ARITH_MULTI","value":5.294},{"type":"GROW_CURVE_HP_S5","arith":"ARITH_MULTI","value":5.438},{"type":"GROW_CURVE_ATTACK_S5","arith":"ARITH_MULTI","value":5.438}],"level":53},"54":{"curveInfos":[{"type":"GROW_CURVE_HP_S4","arith":"ARITH_MULTI","value":5.376},{"type":"GROW_CURVE_ATTACK_S4","arith":"ARITH_MULTI","value":5.376},{"type":"GROW_CURVE_HP_S5","arith":"ARITH_MULTI","value":5.526},{"type":"GROW_CURVE_ATTACK_S5","arith":"ARITH_MULTI","value":5.526}],"level":54},"55":{"curveInfos":[{"type":"GROW_CURVE_HP_S4","arith":"ARITH_MULTI","value":5.459},{"type":"GROW_CURVE_ATTACK_S4","arith":"ARITH_MULTI","value":5.459},{"type":"GROW_CURVE_HP_S5","arith":"ARITH_MULTI","value":5.614},{"type":"GROW_CURVE_ATTACK_S5","arith":"ARITH_MULTI","value":5.614}],"level":55},"56":{"curveInfos":[{"type":"GROW_CURVE_HP_S4","arith":"ARITH_MULTI","value":5.541},{"type":"GROW_CURVE_ATTACK_S4","arith":"ARITH_MULTI","value":5.541},{"type":"GROW_CURVE_HP_S5","arith":"ARITH_MULTI","value":5.702},{"type":"GROW_CURVE_ATTACK_S5","arith":"ARITH_MULTI","value":5.702}],"level":56},"57":{"curveInfos":[{"type":"GROW_CURVE_HP_S4","arith":"ARITH_MULTI","value":5.624},{"type":"GROW_CURVE_ATTACK_S4","arith":"ARITH_MULTI","value":5.624},{"type":"GROW_CURVE_HP_S5","arith":"ARITH_MULTI","value":5.79},{"type":"GROW_CURVE_ATTACK_S5","arith":"ARITH_MULTI","value":5.79}],"level":57},"58":{"curveInfos":[{"type":"GROW_CURVE_HP_S4","arith":"ARITH_MULTI","value":5.706},{"type":"GROW_CURVE_ATTACK_S4","arith":"ARITH_MULTI","value":5.706},{"type":"GROW_CURVE_HP_S5","arith":"ARITH_MULTI","value":5.878},{"type":"GROW_CURVE_ATTACK_S5","arith":"ARITH_MULTI","value":5.878}],"level":58},"59":{"curveInfos":[{"type":"GROW_CURVE_HP_S4","arith":"ARITH_MULTI","value":5.789},{"type":"GROW_CURVE_ATTACK_S4","arith":"ARITH_MULTI","value":5.789},{"type":"GROW_CURVE_HP_S5","arith":"ARITH_MULTI","value":5.966},{"type":"GROW_CURVE_ATTACK_S5","arith":"ARITH_MULTI","value":5.966}],"level":59},"60":{"curveInfos":[{"type":"GROW_CURVE_HP_S4","arith":"ARITH_MULTI","value":5.872},{"type":"GROW_CURVE_ATTACK_S4","arith":"ARITH_MULTI","value":5.872},{"type":"GROW_CURVE_HP_S5","arith":"ARITH_MULTI","value":6.054},{"type":"GROW_CURVE_ATTACK_S5","arith":"ARITH_MULTI","value":6.054}],"level":60},"61":{"curveInfos":[{"type":"GROW_CURVE_HP_S4","arith":"ARITH_MULTI","value":5.954},{"type":"GROW_CURVE_ATTACK_S4","arith":"ARITH_MULTI","value":5.954},{"type":"GROW_CURVE_HP_S5","arith":"ARITH_MULTI","value":6.142},{"type":"GROW_CURVE_ATTACK_S5","arith":"ARITH_MULTI","value":6.142}],"level":61},"62":{"curveInfos":[{"type":"GROW_CURVE_HP_S4","arith":"ARITH_MULTI","value":6.037},{"type":"GROW_CURVE_ATTACK_S4","arith":"ARITH_MULTI","value":6.037},{"type":"GROW_CURVE_HP_S5","arith":"ARITH_MULTI","value":6.23},{"type":"GROW_CURVE_ATTACK_S5","arith":"ARITH_MULTI","value":6.23}],"level":62},"63":{"curveInfos":[{"type":"GROW_CURVE_HP_S4","arith":"ARITH_MULTI","value":6.119},{"type":"GROW_CURVE_ATTACK_S4","arith":"ARITH_MULTI","value":6.119},{"type":"GROW_CURVE_HP_S5","arith":"ARITH_MULTI","value":6.319},{"type":"GROW_CURVE_ATTACK_S5","arith":"ARITH_MULTI","value":6.319}],"level":63},"64":{"curveInfos":[{"type":"GROW_CURVE_HP_S4","arith":"ARITH_MULTI","value":6.202},{"type":"GROW_CURVE_ATTACK_S4","arith":"ARITH_MULTI","value":6.202},{"type":"GROW_CURVE_HP_S5","arith":"ARITH_MULTI","value":6.407},{"type":"GROW_CURVE_ATTACK_S5","arith":"ARITH_MULTI","value":6.407}],"level":64},"65":{"curveInfos":[{"type":"GROW_CURVE_HP_S4","arith":"ARITH_MULTI","value":6.284},{"type":"GROW_CURVE_ATTACK_S4","arith":"ARITH_MULTI","value":6.284},{"type":"GROW_CURVE_HP_S5","arith":"ARITH_MULTI","value":6.496},{"type":"GROW_CURVE_ATTACK_S5","arith":"ARITH_MULTI","value":6.496}],"level":65},"66":{"curveInfos":[{"type":"GROW_CURVE_HP_S4","arith":"ARITH_MULTI","value":6.367},{"type":"GROW_CURVE_ATTACK_S4","arith":"ARITH_MULTI","value":6.367},{"type":"GROW_CURVE_HP_S5","arith":"ARITH_MULTI","value":6.585},{"type":"GROW_CURVE_ATTACK_S5","arith":"ARITH_MULTI","value":6.585}],"level":66},"67":{"curveInfos":[{"type":"GROW_CURVE_HP_S4","arith":"ARITH_MULTI","value":6.45},{"type":"GROW_CURVE_ATTACK_S4","arith":"ARITH_MULTI","value":6.45},{"type":"GROW_CURVE_HP_S5","arith":"ARITH_MULTI","value":6.673},{"type":"GROW_CURVE_ATTACK_S5","arith":"ARITH_MULTI","value":6.673}],"level":67},"68":{"curveInfos":[{"type":"GROW_CURVE_HP_S4","arith":"ARITH_MULTI","value":6.532},{"type":"GROW_CURVE_ATTACK_S4","arith":"ARITH_MULTI","value":6.532},{"type":"GROW_CURVE_HP_S5","arith":"ARITH_MULTI","value":6.762},{"type":"GROW_CURVE_ATTACK_S5","arith":"ARITH_MULTI","value":6.762}],"level":68},"69":{"curveInfos":[{"type":"GROW_CURVE_HP_S4","arith":"ARITH_MULTI","value":6.615},{"type":"GROW_CURVE_ATTACK_S4","arith":"ARITH_MULTI","value":6.615},{"type":"GROW_CURVE_HP_S5","arith":"ARITH_MULTI","value":6.851},{"type":"GROW_CURVE_ATTACK_S5","arith":"ARITH_MULTI","value":6.851}],"level":69},"70":{"curveInfos":[{"type":"GROW_CURVE_HP_S4","arith":"ARITH_MULTI","value":6.697},{"type":"GROW_CURVE_ATTACK_S4","arith":"ARITH_MULTI","value":6.697},{"type":"GROW_CURVE_HP_S5","arith":"ARITH_MULTI","value":6.94},{"type":"GROW_CURVE_ATTACK_S5","arith":"ARITH_MULTI","value":6.94}],"level":70},"71":{"curveInfos":[{"type":"GROW_CURVE_HP_S4","arith":"ARITH_MULTI","value":6.78},{"type":"GROW_CURVE_ATTACK_S4","arith":"ARITH_MULTI","value":6.78},{"type":"GROW_CURVE_HP_S5","arith":"ARITH_MULTI","value":7.029},{"type":"GROW_CURVE_ATTACK_S5","arith":"ARITH_MULTI","value":7.029}],"level":71},"72":{"curveInfos":[{"type":"GROW_CURVE_HP_S4","arith":"ARITH_MULTI","value":6.862},{"type":"GROW_CURVE_ATTACK_S4","arith":"ARITH_MULTI","value":6.862},{"type":"GROW_CURVE_HP_S5","arith":"ARITH_MULTI","value":7.119},{"type":"GROW_CURVE_ATTACK_S5","arith":"ARITH_MULTI","value":7.119}],"level":72},"73":{"curveInfos":[{"type":"GROW_CURVE_HP_S4","arith":"ARITH_MULTI","value":6.945},{"type":"GROW_CURVE_ATTACK_S4","arith":"ARITH_MULTI","value":6.945},{"type":"GROW_CURVE_HP_S5","arith":"ARITH_MULTI","value":7.208},{"type":"GROW_CURVE_ATTACK_S5","arith":"ARITH_MULTI","value":7.208}],"level":73},"74":{"curveInfos":[{"type":"GROW_CURVE_HP_S4","arith":"ARITH_MULTI","value":7.028},{"type":"GROW_CURVE_ATTACK_S4","arith":"ARITH_MULTI","value":7.028},{"type":"GROW_CURVE_HP_S5","arith":"ARITH_MULTI","value":7.297},{"type":"GROW_CURVE_ATTACK_S5","arith":"ARITH_MULTI","value":7.297}],"level":74},"75":{"curveInfos":[{"type":"GROW_CURVE_HP_S4","arith":"ARITH_MULTI","value":7.11},{"type":"GROW_CURVE_ATTACK_S4","arith":"ARITH_MULTI","value":7.11},{"type":"GROW_CURVE_HP_S5","arith":"ARITH_MULTI","value":7.387},{"type":"GROW_CURVE_ATTACK_S5","arith":"ARITH_MULTI","value":7.387}],"level":75},"76":{"curveInfos":[{"type":"GROW_CURVE_HP_S4","arith":"ARITH_MULTI","value":7.193},{"type":"GROW_CURVE_ATTACK_S4","arith":"ARITH_MULTI","value":7.193},{"type":"GROW_CURVE_HP_S5","arith":"ARITH_MULTI","value":7.476},{"type":"GROW_CURVE_ATTACK_S5","arith":"ARITH_MULTI","value":7.476}],"level":76},"77":{"curveInfos":[{"type":"GROW_CURVE_HP_S4","arith":"ARITH_MULTI","value":7.275},{"type":"GROW_CURVE_ATTACK_S4","arith":"ARITH_MULTI","value":7.275},{"type":"GROW_CURVE_HP_S5","arith":"ARITH_MULTI","value":7.566},{"type":"GROW_CURVE_ATTACK_S5","arith":"ARITH_MULTI","value":7.566}],"level":77},"78":{"curveInfos":[{"type":"GROW_CURVE_HP_S4","arith":"ARITH_MULTI","value":7.358},{"type":"GROW_CURVE_ATTACK_S4","arith":"ARITH_MULTI","value":7.358},{"type":"GROW_CURVE_HP_S5","arith":"ARITH_MULTI","value":7.656},{"type":"GROW_CURVE_ATTACK_S5","arith":"ARITH_MULTI","value":7.656}],"level":78},"79":{"curveInfos":[{"type":"GROW_CURVE_HP_S4","arith":"ARITH_MULTI","value":7.44},{"type":"GROW_CURVE_ATTACK_S4","arith":"ARITH_MULTI","value":7.44},{"type":"GROW_CURVE_HP_S5","arith":"ARITH_MULTI","value":7.746},{"type":"GROW_CURVE_ATTACK_S5","arith":"ARITH_MULTI","value":7.746}],"level":79},"80":{"curveInfos":[{"type":"GROW_CURVE_HP_S4","arith":"ARITH_MULTI","value":7.523},{"type":"GROW_CURVE_ATTACK_S4","arith":"ARITH_MULTI","value":7.523},{"type":"GROW_CURVE_HP_S5","arith":"ARITH_MULTI","value":7.836},{"type":"GROW_CURVE_ATTACK_S5","arith":"ARITH_MULTI","value":7.836}],"level":80},"81":{"curveInfos":[{"type":"GROW_CURVE_HP_S4","arith":"ARITH_MULTI","value":7.606},{"type":"GROW_CURVE_ATTACK_S4","arith":"ARITH_MULTI","value":7.606},{"type":"GROW_CURVE_HP_S5","arith":"ARITH_MULTI","value":7.926},{"type":"GROW_CURVE_ATTACK_S5","arith":"ARITH_MULTI","value":7.926}],"level":81},"82":{"curveInfos":[{"type":"GROW_CURVE_HP_S4","arith":"ARITH_MULTI","value":7.688},{"type":"GROW_CURVE_ATTACK_S4","arith":"ARITH_MULTI","value":7.688},{"type":"GROW_CURVE_HP_S5","arith":"ARITH_MULTI","value":8.016},{"type":"GROW_CURVE_ATTACK_S5","arith":"ARITH_MULTI","value":8.016}],"level":82},"83":{"curveInfos":[{"type":"GROW_CURVE_HP_S4","arith":"ARITH_MULTI","value":7.771},{"type":"GROW_CURVE_ATTACK_S4","arith":"ARITH_MULTI","value":7.771},{"type":"GROW_CURVE_HP_S5","arith":"ARITH_MULTI","value":8.106},{"type":"GROW_CURVE_ATTACK_S5","arith":"ARITH_MULTI","value":8.106}],"level":83},"84":{"curveInfos":[{"type":"GROW_CURVE_HP_S4","arith":"ARITH_MULTI","value":7.853},{"type":"GROW_CURVE_ATTACK_S4","arith":"ARITH_MULTI","value":7.853},{"type":"GROW_CURVE_HP_S5","arith":"ARITH_MULTI","value":8.196},{"type":"GROW_CURVE_ATTACK_S5","arith":"ARITH_MULTI","value":8.196}],"level":84},"85":{"curveInfos":[{"type":"GROW_CURVE_HP_S4","arith":"ARITH_MULTI","value":7.936},{"type":"GROW_CURVE_ATTACK_S4","arith":"ARITH_MULTI","value":7.936},{"type":"GROW_CURVE_HP_S5","arith":"ARITH_MULTI","value":8.286},{"type":"GROW_CURVE_ATTACK_S5","arith":"ARITH_MULTI","value":8.286}],"level":85},"86":{"curveInfos":[{"type":"GROW_CURVE_HP_S4","arith":"ARITH_MULTI","value":8.018},{"type":"GROW_CURVE_ATTACK_S4","arith":"ARITH_MULTI","value":8.018},{"type":"GROW_CURVE_HP_S5","arith":"ARITH_MULTI","value":8.377},{"type":"GROW_CURVE_ATTACK_S5","arith":"ARITH_MULTI","value":8.377}],"level":86},"87":{"curveInfos":[{"type":"GROW_CURVE_HP_S4","arith":"ARITH_MULTI","value":8.101},{"type":"GROW_CURVE_ATTACK_S4","arith":"ARITH_MULTI","value":8.101},{"type":"GROW_CURVE_HP_S5","arith":"ARITH_MULTI","value":8.467},{"type":"GROW_CURVE_ATTACK_S5","arith":"ARITH_MULTI","value":8.467}],"level":87},"88":{"curveInfos":[{"type":"GROW_CURVE_HP_S4","arith":"ARITH_MULTI","value":8.183},{"type":"GROW_CURVE_ATTACK_S4","arith":"ARITH_MULTI","value":8.183},{"type":"GROW_CURVE_HP_S5","arith":"ARITH_MULTI","value":8.558},{"type":"GROW_CURVE_ATTACK_S5","arith":"ARITH_MULTI","value":8.558}],"level":88},"89":{"curveInfos":[{"type":"GROW_CURVE_HP_S4","arith":"ARITH_MULTI","value":8.266},{"type":"GROW_CURVE_ATTACK_S4","arith":"ARITH_MULTI","value":8.266},{"type":"GROW_CURVE_HP_S5","arith":"ARITH_MULTI","value":8.649},{"type":"GROW_CURVE_ATTACK_S5","arith":"ARITH_MULTI","value":8.649}],"level":89},"90":{"curveInfos":[{"type":"GROW_CURVE_HP_S4","arith":"ARITH_MULTI","value":8.349},{"type":"GROW_CURVE_ATTACK_S4","arith":"ARITH_MULTI","value":8.349},{"type":"GROW_CURVE_HP_S5","arith":"ARITH_MULTI","value":8.739},{"type":"GROW_CURVE_ATTACK_S5","arith":"ARITH_MULTI","value":8.739}],"level":90},"91":{"curveInfos":[{"type":"GROW_CURVE_HP_S4","arith":"ARITH_MULTI","value":8.431},{"type":"GROW_CURVE_ATTACK_S4","arith":"ARITH_MULTI","value":8.431},{"type":"GROW_CURVE_HP_S5","arith":"ARITH_MULTI","value":8.83},{"type":"GROW_CURVE_ATTACK_S5","arith":"ARITH_MULTI","value":8.83}],"level":91},"92":{"curveInfos":[{"type":"GROW_CURVE_HP_S4","arith":"ARITH_MULTI","value":8.514},{"type":"GROW_CURVE_ATTACK_S4","arith":"ARITH_MULTI","value":8.514},{"type":"GROW_CURVE_HP_S5","arith":"ARITH_MULTI","value":8.921},{"type":"GROW_CURVE_ATTACK_S5","arith":"ARITH_MULTI","value":8.921}],"level":92},"93":{"curveInfos":[{"type":"GROW_CURVE_HP_S4","arith":"ARITH_MULTI","value":8.596},{"type":"GROW_CURVE_ATTACK_S4","arith":"ARITH_MULTI","value":8.596},{"type":"GROW_CURVE_HP_S5","arith":"ARITH_MULTI","value":9.012},{"type":"GROW_CURVE_ATTACK_S5","arith":"ARITH_MULTI","value":9.012}],"level":93},"94":{"curveInfos":[{"type":"GROW_CURVE_HP_S4","arith":"ARITH_MULTI","value":8.679},{"type":"GROW_CURVE_ATTACK_S4","arith":"ARITH_MULTI","value":8.679},{"type":"GROW_CURVE_HP_S5","arith":"ARITH_MULTI","value":9.103},{"type":"GROW_CURVE_ATTACK_S5","arith":"ARITH_MULTI","value":9.103}],"level":94},"95":{"curveInfos":[{"type":"GROW_CURVE_HP_S4","arith":"ARITH_MULTI","value":8.761},{"type":"GROW_CURVE_ATTACK_S4","arith":"ARITH_MULTI","value":8.761},{"type":"GROW_CURVE_HP_S5","arith":"ARITH_MULTI","value":9.195},{"type":"GROW_CURVE_ATTACK_S5","arith":"ARITH_MULTI","value":9.195}],"level":95},"96":{"curveInfos":[{"type":"GROW_CURVE_HP_S4","arith":"ARITH_MULTI","value":8.844},{"type":"GROW_CURVE_ATTACK_S4","arith":"ARITH_MULTI","value":8.844},{"type":"GROW_CURVE_HP_S5","arith":"ARITH_MULTI","value":9.286},{"type":"GROW_CURVE_ATTACK_S5","arith":"ARITH_MULTI","value":9.286}],"level":96},"97":{"curveInfos":[{"type":"GROW_CURVE_HP_S4","arith":"ARITH_MULTI","value":8.927},{"type":"GROW_CURVE_ATTACK_S4","arith":"ARITH_MULTI","value":8.927},{"type":"GROW_CURVE_HP_S5","arith":"ARITH_MULTI","value":9.377},{"type":"GROW_CURVE_ATTACK_S5","arith":"ARITH_MULTI","value":9.377}],"level":97},"98":{"curveInfos":[{"type":"GROW_CURVE_HP_S4","arith":"ARITH_MULTI","value":9.009},{"type":"GROW_CURVE_ATTACK_S4","arith":"ARITH_MULTI","value":9.009},{"type":"GROW_CURVE_HP_S5","arith":"ARITH_MULTI","value":9.469},{"type":"GROW_CURVE_ATTACK_S5","arith":"ARITH_MULTI","value":9.469}],"level":98},"99":{"curveInfos":[{"type":"GROW_CURVE_HP_S4","arith":"ARITH_MULTI","value":9.092},{"type":"GROW_CURVE_ATTACK_S4","arith":"ARITH_MULTI","value":9.092},{"type":"GROW_CURVE_HP_S5","arith":"ARITH_MULTI","value":9.56},{"type":"GROW_CURVE_ATTACK_S5","arith":"ARITH_MULTI","value":9.56}],"level":99},"100":{"curveInfos":[{"type":"GROW_CURVE_HP_S4","arith":"ARITH_MULTI","value":9.174},{"type":"GROW_CURVE_ATTACK_S4","arith":"ARITH_MULTI","value":9.174},{"type":"GROW_CURVE_HP_S5","arith":"ARITH_MULTI","value":9.652},{"type":"GROW_CURVE_ATTACK_S5","arith":"ARITH_MULTI","value":9.652}],"level":100}}