{"10000002":{"200200":{"nameTextMapHash":171482850,"characterId":10000002,"isDefault":true,"skinId":200200,"descTextMapHash":2373183578},"200201":{"controllerRemotePathHash":430291944493067840,"jsonName":"Avatar_Girl_Sword_AyakaCostumeFruhling","prefabPathHash":11012300754669183000,"controllerPathHash":17673295221370888000,"prefabManekinPathHash":8511293476587773000,"nameTextMapHash":2768521498,"quality":4,"prefabRemotePathHash":10678187531089930000,"prefabNpcPathHash":17569223125650117000,"imageNameHash":17153758638107736000,"characterId":10000002,"indexID":1,"sideIconName":"UI_AvatarIcon_Side_AyakaCostumeFruhling","animatorConfigPathHash":16603455789725430000,"itemId":340010,"KBOAHCIJBGA":"UI_AvatarIcon_AyakaCostumeFruhling","NBDBNPJGBLG":15674264965754194000,"skinId":200201,"GNJHJGFINBA":1066153760707115500,"descTextMapHash":2663678610,"NLAFNLGJIKC":10103075333299577000}},"10000003":{"200300":{"nameTextMapHash":2431528538,"domesticHideInArtPreview":true,"characterId":10000003,"isDefault":true,"skinId":200300,"descTextMapHash":248153650},"200301":{"jsonName":"Avatar_Lady_Sword_QinCostumeSea","prefabPathHash":9215865218573513000,"prefabManekinPathHash":16220654252350374000,"nameTextMapHash":1504245738,"quality":4,"prefabRemotePathHash":17992774763103844000,"prefabNpcPathHash":2693372009414780000,"imageNameHash":7856783315815955000,"characterId":10000003,"indexID":2,"sideIconName":"UI_AvatarIcon_Side_QinCostumeSea","itemId":340001,"KBOAHCIJBGA":"UI_AvatarIcon_QinCostumeSea","skinId":200301,"descTextMapHash":3529954098,"NLAFNLGJIKC":3634508134047269400},"200302":{"jsonName":"Avatar_Lady_Sword_QinCostumeWic","hide":true,"prefabPathHash":11789304378759268000,"prefabManekinPathHash":6257448215821890000,"nameTextMapHash":2691230306,"quality":4,"prefabRemotePathHash":2508262379750057000,"prefabNpcPathHash":8899383397730056000,"imageNameHash":2268507951203388000,"characterId":10000003,"indexID":1,"isDefaultUnlock":true,"sideIconName":"UI_AvatarIcon_Side_QinCostumeWic","itemId":340006,"KBOAHCIJBGA":"UI_AvatarIcon_QinCostumeWic","skinId":200302,"descTextMapHash":1553444314,"NLAFNLGJIKC":7419098755292597000}},"10000005":{"200500":{"nameTextMapHash":1648736450,"characterId":10000005,"isDefault":true,"skinId":200500,"descTextMapHash":2814665554}},"10000006":{"200600":{"nameTextMapHash":672166154,"characterId":10000006,"isDefault":true,"skinId":200600,"descTextMapHash":3946345210},"200601":{"controllerRemotePathHash":8887732179020530000,"jsonName":"Avatar_Lady_Catalyst_LisaCostumeStudentin","prefabPathHash":12600550299813160000,"controllerPathHash":3844565694031600600,"prefabManekinPathHash":9138671107307150000,"nameTextMapHash":2255412906,"quality":4,"prefabRemotePathHash":5893029251442558000,"prefabNpcPathHash":5639347602417794000,"imageNameHash":3666831924373171000,"characterId":10000006,"indexID":1,"sideIconName":"UI_AvatarIcon_Side_LisaCostumeStudentin","animatorConfigPathHash":5920923966167289000,"itemId":340011,"KBOAHCIJBGA":"UI_AvatarIcon_LisaCostumeStudentin","NBDBNPJGBLG":7252708095919229000,"skinId":200601,"GNJHJGFINBA":6743697234004768000,"descTextMapHash":2734308554,"NLAFNLGJIKC":12184526212600211000}},"10000007":{"200700":{"nameTextMapHash":3561662730,"characterId":10000007,"isDefault":true,"skinId":200700,"descTextMapHash":2020994066}},"10000014":{"201400":{"nameTextMapHash":2895548298,"characterId":10000014,"isDefault":true,"skinId":201400,"descTextMapHash":3092975850},"201401":{"jsonName":"Avatar_Girl_Catalyst_BarbaraCostumeSummertime","prefabPathHash":10565960914446858000,"prefabManekinPathHash":7590386921274555000,"nameTextMapHash":4121525482,"quality":4,"prefabRemotePathHash":10341761028724613000,"prefabNpcPathHash":5183081712927355000,"imageNameHash":16049450277489158000,"characterId":10000014,"indexID":1,"sideIconName":"UI_AvatarIcon_Side_BarbaraCostumeSummertime","itemId":340000,"KBOAHCIJBGA":"UI_AvatarIcon_BarbaraCostumeSummertime","skinId":201401,"descTextMapHash":2644173682,"NLAFNLGJIKC":17692349984920977000}},"10000015":{"201500":{"nameTextMapHash":4036813530,"characterId":10000015,"isDefault":true,"skinId":201500,"descTextMapHash":1523967378},"201501":{"jsonName":"Avatar_Male_Sword_KaeyaCostumeDancer","prefabPathHash":494681429835695000,"prefabManekinPathHash":5213861121553670000,"nameTextMapHash":177626138,"quality":4,"prefabRemotePathHash":15807700893622235000,"prefabNpcPathHash":477895560165567300,"imageNameHash":6823783867527131000,"characterId":10000015,"indexID":1,"sideIconName":"UI_AvatarIcon_Side_KaeyaCostumeDancer","itemId":340013,"KBOAHCIJBGA":"UI_AvatarIcon_KaeyaCostumeDancer","skinId":201501,"descTextMapHash":2590769514,"NLAFNLGJIKC":5002861976005417000}},"10000016":{"201600":{"nameTextMapHash":674973162,"characterId":10000016,"isDefault":true,"skinId":201600,"descTextMapHash":2401924570},"201601":{"controllerRemotePathHash":4585718866811975000,"jsonName":"Avatar_Male_Claymore_DilucCostumeFlamme","prefabPathHash":10368416818400608000,"controllerPathHash":9590652495663153000,"prefabManekinPathHash":13676438560609835000,"nameTextMapHash":1332852170,"quality":5,"prefabRemotePathHash":15335225919554738000,"prefabNpcPathHash":7202002721915920000,"imageNameHash":3029142693095236000,"characterId":10000016,"indexID":1,"sideIconName":"UI_AvatarIcon_Side_DilucCostumeFlamme","animatorConfigPathHash":17146454811973010000,"itemId":340004,"KBOAHCIJBGA":"UI_AvatarIcon_DilucCostumeFlamme","NBDBNPJGBLG":2983269504837449700,"skinId":201601,"GNJHJGFINBA":2641804271410635000,"descTextMapHash":3295060426,"NLAFNLGJIKC":17998867110601988000}},"10000020":{"202000":{"nameTextMapHash":1677296490,"characterId":10000020,"isDefault":true,"skinId":202000,"descTextMapHash":2955915298}},"10000021":{"202100":{"nameTextMapHash":690774682,"domesticHideInArtPreview":true,"characterId":10000021,"isDefault":true,"skinId":202100,"descTextMapHash":2978334658},"202101":{"jsonName":"Avatar_Girl_Bow_AmborCostumeWic","hide":true,"prefabPathHash":7122218723217693000,"prefabManekinPathHash":11555033508243667000,"nameTextMapHash":4237698530,"quality":4,"prefabRemotePathHash":14462486063824583000,"prefabNpcPathHash":16495873575277371000,"imageNameHash":1673287744058013000,"characterId":10000021,"indexID":1,"isDefaultUnlock":true,"sideIconName":"UI_AvatarIcon_Side_AmborCostumeWic","itemId":340007,"KBOAHCIJBGA":"UI_AvatarIcon_AmborCostumeWic","skinId":202101,"descTextMapHash":2955174482,"NLAFNLGJIKC":8585842464129120000}},"10000022":{"202200":{"nameTextMapHash":3806453578,"characterId":10000022,"isDefault":true,"skinId":202200,"descTextMapHash":3977341762}},"10000023":{"202300":{"nameTextMapHash":2926593050,"characterId":10000023,"isDefault":true,"skinId":202300,"descTextMapHash":2478839258},"202301":{"controllerRemotePathHash":10196403020682996000,"jsonName":"Avatar_Girl_Pole_XianglingCostumeWinter","prefabPathHash":804895169000894700,"controllerPathHash":5118180850961350000,"prefabManekinPathHash":11249329097296183000,"nameTextMapHash":3584800114,"quality":4,"prefabRemotePathHash":15717631072147569000,"prefabNpcPathHash":3662724982812999000,"imageNameHash":12560219265155160000,"characterId":10000023,"indexID":1,"sideIconName":"UI_AvatarIcon_Side_XianglingCostumeWinter","animatorConfigPathHash":18391637430908082000,"itemId":340020,"KBOAHCIJBGA":"UI_AvatarIcon_XianglingCostumeWinter","NBDBNPJGBLG":5896373471589186000,"skinId":202301,"GNJHJGFINBA":15592533477897634000,"descTextMapHash":3704801658,"NLAFNLGJIKC":13695067350863368000}},"10000024":{"202400":{"nameTextMapHash":2091122082,"characterId":10000024,"isDefault":true,"skinId":202400,"descTextMapHash":1844332810}},"10000025":{"202500":{"nameTextMapHash":3118674250,"characterId":10000025,"isDefault":true,"skinId":202500,"descTextMapHash":1606071354},"202501":{"jsonName":"Avatar_Boy_Sword_XingqiuCostumeBamboo","prefabPathHash":3120277132814718500,"prefabManekinPathHash":14993972050868744000,"nameTextMapHash":1935444386,"quality":4,"prefabRemotePathHash":9952537578809033000,"prefabNpcPathHash":1199989316314760400,"imageNameHash":16611982762112193000,"characterId":10000025,"indexID":1,"sideIconName":"UI_AvatarIcon_Side_XingqiuCostumeBamboo","itemId":340016,"KBOAHCIJBGA":"UI_AvatarIcon_XingqiuCostumeBamboo","skinId":202501,"descTextMapHash":2374826642,"NLAFNLGJIKC":3476514916662296600}},"10000026":{"202600":{"nameTextMapHash":2696933402,"characterId":10000026,"isDefault":true,"skinId":202600,"descTextMapHash":3291997178}},"10000027":{"202700":{"nameTextMapHash":116451794,"characterId":10000027,"isDefault":true,"skinId":202700,"descTextMapHash":3980318498},"202701":{"jsonName":"Avatar_Lady_Catalyst_NingguangCostumeFloral","prefabPathHash":15863689246053601000,"prefabManekinPathHash":1433662792352814000,"nameTextMapHash":2572106930,"quality":4,"prefabRemotePathHash":11681843191975356000,"prefabNpcPathHash":9773804280703926000,"imageNameHash":13693364619168872000,"characterId":10000027,"indexID":1,"sideIconName":"UI_AvatarIcon_Side_NingguangCostumeFloral","itemId":340002,"KBOAHCIJBGA":"UI_AvatarIcon_NingguangCostumeFloral","skinId":202701,"descTextMapHash":720597146,"NLAFNLGJIKC":5359129983543856000}},"10000029":{"202900":{"nameTextMapHash":1023505626,"characterId":10000029,"isDefault":true,"skinId":202900,"descTextMapHash":3488214794},"202901":{"controllerRemotePathHash":5630855241666821000,"jsonName":"Avatar_Loli_Catalyst_KleeCostumeWitch","prefabPathHash":14487796459102730000,"controllerPathHash":1552326239233510700,"prefabManekinPathHash":860060720579263700,"nameTextMapHash":2343491290,"quality":4,"prefabRemotePathHash":13958116777399183000,"prefabNpcPathHash":13685423552966791000,"imageNameHash":16796031080227060000,"characterId":10000029,"indexID":1,"sideIconName":"UI_AvatarIcon_Side_KleeCostumeWitch","animatorConfigPathHash":6894630599703930000,"itemId":340012,"KBOAHCIJBGA":"UI_AvatarIcon_KleeCostumeWitch","NBDBNPJGBLG":12132806731708700000,"skinId":202901,"GNJHJGFINBA":6652860410999361000,"descTextMapHash":1807518842,"NLAFNLGJIKC":18106315886010479000}},"10000030":{"203000":{"nameTextMapHash":41327378,"characterId":10000030,"isDefault":true,"skinId":203000,"descTextMapHash":2640185922}},"10000031":{"203100":{"nameTextMapHash":2969091354,"characterId":10000031,"isDefault":true,"skinId":203100,"descTextMapHash":4134576130},"203101":{"controllerRemotePathHash":7514891772841965000,"jsonName":"Avatar_Girl_Bow_FischlCostumeHighness","prefabPathHash":13534430752549235000,"controllerPathHash":9561591276388174000,"prefabManekinPathHash":1849563772142813400,"nameTextMapHash":3162794298,"quality":4,"prefabRemotePathHash":1058632974177999900,"prefabNpcPathHash":16733412713662534000,"imageNameHash":16903652226668882000,"characterId":10000031,"indexID":1,"sideIconName":"UI_AvatarIcon_Side_FischlCostumeHighness","animatorConfigPathHash":16874910532900252000,"itemId":340005,"KBOAHCIJBGA":"UI_AvatarIcon_FischlCostumeHighness","NBDBNPJGBLG":7155439830413171000,"skinId":203101,"GNJHJGFINBA":6775543031666606000,"descTextMapHash":2089933442,"NLAFNLGJIKC":13082938567402992000}},"10000032":{"203200":{"nameTextMapHash":2359403186,"characterId":10000032,"isDefault":true,"skinId":203200,"descTextMapHash":3111188850}},"10000033":{"203300":{"nameTextMapHash":369350914,"characterId":10000033,"isDefault":true,"skinId":203300,"descTextMapHash":1165773426}},"10000034":{"203400":{"nameTextMapHash":1660794338,"characterId":10000034,"isDefault":true,"skinId":203400,"descTextMapHash":102807738}},"10000035":{"203500":{"nameTextMapHash":2620016810,"characterId":10000035,"isDefault":true,"skinId":203500,"descTextMapHash":4056261530}},"10000036":{"203600":{"nameTextMapHash":1142485354,"characterId":10000036,"isDefault":true,"skinId":203600,"descTextMapHash":3971237746}},"10000037":{"203700":{"nameTextMapHash":4131676042,"characterId":10000037,"isDefault":true,"skinId":203700,"descTextMapHash":1209631242},"203701":{"controllerRemotePathHash":13724098110668937000,"jsonName":"Avatar_Girl_Bow_GanyuCostumeYu","prefabPathHash":7498173519010298000,"controllerPathHash":17301494551858321000,"prefabManekinPathHash":109831431656997900,"nameTextMapHash":1442607890,"quality":4,"prefabRemotePathHash":13647647765974420000,"prefabNpcPathHash":17066423753093830000,"imageNameHash":4484569006207970000,"characterId":10000037,"indexID":1,"sideIconName":"UI_AvatarIcon_Side_GanyuCostumeYu","animatorConfigPathHash":10325762936017633000,"itemId":340015,"KBOAHCIJBGA":"UI_AvatarIcon_GanyuCostumeYu","NBDBNPJGBLG":3881822365041315300,"skinId":203701,"GNJHJGFINBA":12545856595676686000,"descTextMapHash":2352085090,"NLAFNLGJIKC":16081736837206258000}},"10000038":{"203800":{"nameTextMapHash":3397577098,"characterId":10000038,"isDefault":true,"skinId":203800,"descTextMapHash":310650770}},"10000039":{"203900":{"nameTextMapHash":2364432618,"characterId":10000039,"isDefault":true,"skinId":203900,"descTextMapHash":670221618}},"10000041":{"204100":{"nameTextMapHash":4029369362,"domesticHideInArtPreview":true,"characterId":10000041,"isDefault":true,"skinId":204100,"descTextMapHash":871545986},"204101":{"jsonName":"Avatar_Girl_Catalyst_MonaCostumeWic","hide":true,"prefabPathHash":15379405067054348000,"prefabManekinPathHash":5022057012086514000,"nameTextMapHash":1860400666,"quality":4,"prefabRemotePathHash":16287308438257703000,"prefabNpcPathHash":1127931153574195200,"imageNameHash":5743696895040121000,"characterId":10000041,"indexID":1,"isDefaultUnlock":true,"sideIconName":"UI_AvatarIcon_Side_MonaCostumeWic","itemId":340008,"KBOAHCIJBGA":"UI_AvatarIcon_MonaCostumeWic","skinId":204101,"descTextMapHash":2912743770,"NLAFNLGJIKC":8177863288410569000}},"10000042":{"204200":{"nameTextMapHash":3714413314,"characterId":10000042,"isDefault":true,"skinId":204200,"descTextMapHash":1992333442},"204201":{"jsonName":"Avatar_Girl_Sword_KeqingCostumeFeather","prefabPathHash":10364379182659254000,"prefabManekinPathHash":11708378725870790000,"nameTextMapHash":1613857666,"quality":4,"prefabRemotePathHash":6372458023003575000,"prefabNpcPathHash":12660355485795350000,"imageNameHash":8264683658462126000,"characterId":10000042,"indexID":1,"sideIconName":"UI_AvatarIcon_Side_KeqingCostumeFeather","itemId":340003,"KBOAHCIJBGA":"UI_AvatarIcon_KeqingCostumeFeather","skinId":204201,"descTextMapHash":1532026282,"NLAFNLGJIKC":105176600920367870}},"10000043":{"204300":{"nameTextMapHash":3529210914,"characterId":10000043,"isDefault":true,"skinId":204300,"descTextMapHash":4118239546}},"10000044":{"204400":{"nameTextMapHash":2768155290,"characterId":10000044,"isDefault":true,"skinId":204400,"descTextMapHash":678376738}},"10000045":{"204500":{"nameTextMapHash":772899890,"domesticHideInArtPreview":true,"characterId":10000045,"isDefault":true,"skinId":204500,"descTextMapHash":4067539010},"204501":{"jsonName":"Avatar_Lady_Pole_RosariaCostumeWic","hide":true,"prefabPathHash":12861565697458264000,"prefabManekinPathHash":12267662344150393000,"nameTextMapHash":2412226586,"quality":4,"prefabRemotePathHash":10539667758355399000,"prefabNpcPathHash":9648000434294862000,"imageNameHash":2832692351080435000,"characterId":10000045,"indexID":1,"isDefaultUnlock":true,"sideIconName":"UI_AvatarIcon_Side_RosariaCostumeWic","itemId":340009,"KBOAHCIJBGA":"UI_AvatarIcon_RosariaCostumeWic","skinId":204501,"descTextMapHash":3143995322,"NLAFNLGJIKC":18354298522384930000}},"10000046":{"204600":{"nameTextMapHash":626284674,"characterId":10000046,"isDefault":true,"skinId":204600,"descTextMapHash":1186495122},"204601":{"controllerRemotePathHash":11006397941994914000,"jsonName":"Avatar_Girl_Pole_HutaoCostumeWinter","prefabPathHash":7903959060443312000,"controllerPathHash":1303295852024473300,"prefabManekinPathHash":15356684152533869000,"nameTextMapHash":4049779162,"quality":4,"prefabRemotePathHash":9397532461476297000,"prefabNpcPathHash":2559170119330606600,"imageNameHash":6092629661285393000,"characterId":10000046,"indexID":1,"sideIconName":"UI_AvatarIcon_Side_HutaoCostumeWinter","animatorConfigPathHash":16241742938618118000,"itemId":340019,"KBOAHCIJBGA":"UI_AvatarIcon_HutaoCostumeWinter","NBDBNPJGBLG":15791559107331684000,"skinId":204601,"GNJHJGFINBA":18383213453749969000,"descTextMapHash":2668601314,"NLAFNLGJIKC":11233137367517288000}},"10000047":{"204700":{"nameTextMapHash":3355624658,"characterId":10000047,"isDefault":true,"skinId":204700,"descTextMapHash":973274738}},"10000048":{"204800":{"nameTextMapHash":258962178,"characterId":10000048,"isDefault":true,"skinId":204800,"descTextMapHash":3070176786}},"10000049":{"204900":{"nameTextMapHash":2353136394,"characterId":10000049,"isDefault":true,"skinId":204900,"descTextMapHash":984351202}},"10000050":{"205000":{"nameTextMapHash":2040879098,"characterId":10000050,"isDefault":true,"skinId":205000,"descTextMapHash":1458439730}},"10000051":{"205100":{"nameTextMapHash":301314714,"characterId":10000051,"isDefault":true,"skinId":205100,"descTextMapHash":1419139450}},"10000052":{"205200":{"nameTextMapHash":2377779762,"characterId":10000052,"isDefault":true,"skinId":205200,"descTextMapHash":3412149506}},"10000053":{"205300":{"nameTextMapHash":4048306346,"characterId":10000053,"isDefault":true,"skinId":205300,"descTextMapHash":2144597778}},"10000054":{"205400":{"nameTextMapHash":2786415650,"characterId":10000054,"isDefault":true,"skinId":205400,"descTextMapHash":3173668642}},"10000055":{"205500":{"nameTextMapHash":3561880386,"characterId":10000055,"isDefault":true,"skinId":205500,"descTextMapHash":990939858}},"10000056":{"205600":{"nameTextMapHash":382710810,"characterId":10000056,"isDefault":true,"skinId":205600,"descTextMapHash":1024066610}},"10000057":{"205700":{"nameTextMapHash":2006093914,"characterId":10000057,"isDefault":true,"skinId":205700,"descTextMapHash":4146650074}},"10000058":{"205800":{"nameTextMapHash":1295363218,"characterId":10000058,"isDefault":true,"skinId":205800,"descTextMapHash":3314678434}},"10000059":{"205900":{"nameTextMapHash":4029103562,"characterId":10000059,"isDefault":true,"skinId":205900,"descTextMapHash":3182680786}},"10000060":{"206000":{"nameTextMapHash":2196179842,"characterId":10000060,"isDefault":true,"skinId":206000,"descTextMapHash":3407589218}},"10000061":{"206100":{"nameTextMapHash":2136989794,"characterId":10000061,"isDefault":true,"skinId":206100,"descTextMapHash":1963076906},"206101":{"jsonName":"Avatar_Girl_Sword_MomokaCostumeErrantry","prefabPathHash":16777255381001413000,"prefabManekinPathHash":4036157729036988400,"nameTextMapHash":443620306,"quality":4,"prefabRemotePathHash":16431064003003773000,"prefabNpcPathHash":825434180871539000,"imageNameHash":15052980039107756000,"characterId":10000061,"indexID":1,"sideIconName":"UI_AvatarIcon_Side_MomokaCostumeErrantry","itemId":340018,"KBOAHCIJBGA":"UI_AvatarIcon_MomokaCostumeErrantry","skinId":206101,"descTextMapHash":3436513386,"NLAFNLGJIKC":16205836061132214000}},"10000062":{"206200":{"nameTextMapHash":3429415730,"characterId":10000062,"isDefault":true,"skinId":206200,"descTextMapHash":271842858}},"10000063":{"206300":{"nameTextMapHash":3671207274,"characterId":10000063,"isDefault":true,"skinId":206300,"descTextMapHash":3625334322},"206301":{"controllerRemotePathHash":2079033779677266400,"jsonName":"Avatar_Lady_Pole_ShenheCostumeDai","prefabPathHash":6614232366381787000,"controllerPathHash":3927025238145279000,"prefabManekinPathHash":15748877212258277000,"nameTextMapHash":945735386,"quality":4,"prefabRemotePathHash":12983630808894763000,"prefabNpcPathHash":1019362221600152300,"imageNameHash":13551163907161750000,"characterId":10000063,"indexID":1,"sideIconName":"UI_AvatarIcon_Side_ShenheCostumeDai","animatorConfigPathHash":8439775389633858000,"itemId":340014,"KBOAHCIJBGA":"UI_AvatarIcon_ShenheCostumeDai","NBDBNPJGBLG":10267055638635928000,"skinId":206301,"GNJHJGFINBA":1016401806529336300,"descTextMapHash":4226591458,"NLAFNLGJIKC":17372441489796878000}},"10000064":{"206400":{"nameTextMapHash":2433262890,"characterId":10000064,"isDefault":true,"skinId":206400,"descTextMapHash":1261799770}},"10000065":{"206500":{"nameTextMapHash":3245276834,"characterId":10000065,"isDefault":true,"skinId":206500,"descTextMapHash":3036913898}},"10000066":{"206600":{"nameTextMapHash":3109032026,"characterId":10000066,"isDefault":true,"skinId":206600,"descTextMapHash":3093997674}},"10000067":{"206700":{"nameTextMapHash":3135223450,"characterId":10000067,"isDefault":true,"skinId":206700,"descTextMapHash":2308150714}},"10000068":{"206800":{"nameTextMapHash":3617396594,"characterId":10000068,"isDefault":true,"skinId":206800,"descTextMapHash":1616648506}},"10000069":{"206900":{"nameTextMapHash":1106979266,"characterId":10000069,"isDefault":true,"skinId":206900,"descTextMapHash":510932922}},"10000070":{"207000":{"nameTextMapHash":3647756106,"characterId":10000070,"isDefault":true,"skinId":207000,"descTextMapHash":1078022994},"207001":{"controllerRemotePathHash":3511864109650284000,"jsonName":"Avatar_Girl_Sword_NilouCostumeFairy","prefabPathHash":1722505538378271500,"controllerPathHash":400676577291690500,"prefabManekinPathHash":11915563518559973000,"nameTextMapHash":1436816482,"quality":4,"prefabRemotePathHash":97694131069548980,"prefabNpcPathHash":3309731754659582000,"imageNameHash":13150361144103344000,"characterId":10000070,"indexID":1,"sideIconName":"UI_AvatarIcon_Side_NilouCostumeFairy","animatorConfigPathHash":8251373390362341000,"itemId":340017,"KBOAHCIJBGA":"UI_AvatarIcon_NilouCostumeFairy","NBDBNPJGBLG":12700779893789411000,"skinId":207001,"GNJHJGFINBA":13683135713588406000,"descTextMapHash":491944378,"NLAFNLGJIKC":17779287142478619000}},"10000071":{"207100":{"nameTextMapHash":3913661394,"characterId":10000071,"isDefault":true,"skinId":207100,"descTextMapHash":1864424082}},"10000072":{"207200":{"nameTextMapHash":2665843154,"characterId":10000072,"isDefault":true,"skinId":207200,"descTextMapHash":2067286834}},"10000073":{"207300":{"nameTextMapHash":2005565242,"characterId":10000073,"isDefault":true,"skinId":207300,"descTextMapHash":2151511386}},"10000074":{"207400":{"nameTextMapHash":1128331378,"characterId":10000074,"isDefault":true,"skinId":207400,"descTextMapHash":3853124810}},"10000075":{"207500":{"nameTextMapHash":4005813530,"characterId":10000075,"isDefault":true,"skinId":207500,"descTextMapHash":3246746458}},"10000076":{"207600":{"nameTextMapHash":1487058818,"characterId":10000076,"isDefault":true,"skinId":207600,"descTextMapHash":3487496106}},"10000077":{"207700":{"nameTextMapHash":1664916426,"characterId":10000077,"isDefault":true,"skinId":207700,"descTextMapHash":3911845442}},"10000078":{"207800":{"nameTextMapHash":3349227426,"characterId":10000078,"isDefault":true,"skinId":207800,"descTextMapHash":39198106}},"10000079":{"207900":{"nameTextMapHash":4041199642,"characterId":10000079,"isDefault":true,"skinId":207900,"descTextMapHash":140684002}},"10000080":{"208000":{"nameTextMapHash":423812362,"characterId":10000080,"isDefault":true,"skinId":208000,"descTextMapHash":3777257866}},"10000081":{"208100":{"nameTextMapHash":2460471634,"characterId":10000081,"isDefault":true,"skinId":208100,"descTextMapHash":3875251706}},"10000082":{"208200":{"nameTextMapHash":3539582602,"characterId":10000082,"isDefault":true,"skinId":208200,"descTextMapHash":260008858}},"10000083":{"208300":{"nameTextMapHash":1358526194,"characterId":10000083,"isDefault":true,"skinId":208300,"descTextMapHash":3142534786}},"10000084":{"208400":{"nameTextMapHash":2247421522,"characterId":10000084,"isDefault":true,"skinId":208400,"descTextMapHash":2711601770}},"10000085":{"208500":{"nameTextMapHash":3741795914,"characterId":10000085,"isDefault":true,"skinId":208500,"descTextMapHash":172373146}},"10000086":{"208600":{"nameTextMapHash":3467014274,"characterId":10000086,"isDefault":true,"skinId":208600,"descTextMapHash":2942361602}},"10000087":{"208700":{"nameTextMapHash":2356957482,"characterId":10000087,"isDefault":true,"skinId":208700,"descTextMapHash":3026362642}},"10000088":{"208800":{"nameTextMapHash":626453522,"characterId":10000088,"isDefault":true,"skinId":208800,"descTextMapHash":1262815914}},"10000089":{"208900":{"nameTextMapHash":1569690906,"characterId":10000089,"isDefault":true,"skinId":208900,"descTextMapHash":3717819226}},"10000090":{"209000":{"nameTextMapHash":1001156090,"characterId":10000090,"isDefault":true,"skinId":209000,"descTextMapHash":2017338442}},"10000091":{"209100":{"nameTextMapHash":3039352282,"characterId":10000091,"isDefault":true,"skinId":209100,"descTextMapHash":1185194346}},"10000092":{"209200":{"nameTextMapHash":2007918858,"characterId":10000092,"isDefault":true,"skinId":209200,"descTextMapHash":3180242922}},"10000093":{"209300":{"nameTextMapHash":2283589170,"characterId":10000093,"isDefault":true,"skinId":209300,"descTextMapHash":2353796746}},"10000094":{"209400":{"nameTextMapHash":4268512138,"characterId":10000094,"isDefault":true,"skinId":209400,"descTextMapHash":1469088850}},"10000095":{"209500":{"nameTextMapHash":3959800498,"characterId":10000095,"isDefault":true,"skinId":209500,"descTextMapHash":592486874}},"10000096":{"209600":{"nameTextMapHash":2341898930,"characterId":10000096,"isDefault":true,"skinId":209600,"descTextMapHash":277557898}},"10000097":{"209700":{"nameTextMapHash":1530706906,"characterId":10000097,"isDefault":true,"skinId":209700,"descTextMapHash":3716862146}},"10000098":{"209800":{"nameTextMapHash":853988202,"characterId":10000098,"isDefault":true,"skinId":209800,"descTextMapHash":2716291818}},"10000099":{"209900":{"nameTextMapHash":1187395194,"characterId":10000099,"isDefault":true,"skinId":209900,"descTextMapHash":1466883298}},"10000100":{"210000":{"nameTextMapHash":2637368282,"characterId":10000100,"isDefault":true,"skinId":210000,"descTextMapHash":3592221418}},"10000101":{"210100":{"nameTextMapHash":3147713386,"characterId":10000101,"isDefault":true,"skinId":210100,"descTextMapHash":836391874}},"10000102":{"210200":{"nameTextMapHash":365492826,"characterId":10000102,"isDefault":true,"skinId":210200,"descTextMapHash":2933314762}},"10000103":{"210300":{"nameTextMapHash":4097481770,"characterId":10000103,"isDefault":true,"skinId":210300,"descTextMapHash":2150942562}},"10000104":{"210400":{"nameTextMapHash":1880406722,"characterId":10000104,"isDefault":true,"skinId":210400,"descTextMapHash":380573914}},"10000105":{"210500":{"nameTextMapHash":2720112890,"characterId":10000105,"isDefault":true,"skinId":210500,"descTextMapHash":298110682}},"10000106":{"210600":{"nameTextMapHash":3903864042,"characterId":10000106,"isDefault":true,"skinId":210600,"descTextMapHash":251932938}},"10000107":{"210700":{"nameTextMapHash":3611122538,"characterId":10000107,"isDefault":true,"skinId":210700,"descTextMapHash":3454821586}},"10000108":{"210800":{"nameTextMapHash":1522446634,"characterId":10000108,"isDefault":true,"skinId":210800,"descTextMapHash":1599599746}},"10000109":{"210900":{"nameTextMapHash":1995417858,"characterId":10000109,"isDefault":true,"skinId":210900,"descTextMapHash":2880645482}},"10000110":{"211000":{"nameTextMapHash":2247799730,"characterId":10000110,"isDefault":true,"skinId":211000,"descTextMapHash":582947802}},"10000111":{"211100":{"nameTextMapHash":2109972426,"characterId":10000111,"isDefault":true,"skinId":211100,"descTextMapHash":2597074490}},"10000901":{"290100":{"nameTextMapHash":1521467930,"characterId":10000901,"isDefault":true,"skinId":290100,"descTextMapHash":675658346}},"10000902":{"290200":{"nameTextMapHash":1288269538,"characterId":10000902,"isDefault":true,"skinId":290200,"descTextMapHash":2635843370}}}