[{"HKMDGBEFJKI":200301,"GMDIOGJIHBL":2,"nameTextMapHash":1504245738,"descTextMapHash":3529954098,"itemId":340001,"KADEICDMCBM":10000003,"jsonName":"Avatar_Lady_Sword_QinCostumeSea","LJDMDHBHKLC":9215865218573513000,"BHPKINONCIJ":17992774763103844000,"FAEIJLEFHHM":2693372009414780000,"KJLJGAPGNDG":16220654252350374000,"CBNLIKIKJII":4,"PCIKIELFNHI":"UI_AvatarIcon_QinCostumeSea","sideIconName":"UI_AvatarIcon_Side_QinCostumeSea","HCEGDEAINOH":7856783315815955000},{"HKMDGBEFJKI":201401,"GMDIOGJIHBL":1,"nameTextMapHash":4121525482,"descTextMapHash":2644173682,"itemId":340000,"KADEICDMCBM":10000014,"jsonName":"Avatar_Girl_Catalyst_BarbaraCostumeSummertime","LJDMDHBHKLC":10565960914446858000,"BHPKINONCIJ":10341761028724613000,"FAEIJLEFHHM":5183081712927355000,"KJLJGAPGNDG":7590386921274555000,"CBNLIKIKJII":4,"PCIKIELFNHI":"UI_AvatarIcon_BarbaraCostumeSummertime","sideIconName":"UI_AvatarIcon_Side_BarbaraCostumeSummertime","HCEGDEAINOH":16049450277489158000},{"HKMDGBEFJKI":202701,"GMDIOGJIHBL":1,"nameTextMapHash":2572106930,"descTextMapHash":720597146,"itemId":340002,"KADEICDMCBM":10000027,"jsonName":"Avatar_Lady_Catalyst_NingguangCostumeFloral","LJDMDHBHKLC":15863689246053601000,"BHPKINONCIJ":11681843191975356000,"FAEIJLEFHHM":9773804280703926000,"KJLJGAPGNDG":1433662792352814000,"CBNLIKIKJII":4,"PCIKIELFNHI":"UI_AvatarIcon_NingguangCostumeFloral","sideIconName":"UI_AvatarIcon_Side_NingguangCostumeFloral","HCEGDEAINOH":13693364619168872000},{"HKMDGBEFJKI":204201,"GMDIOGJIHBL":1,"nameTextMapHash":1613857666,"descTextMapHash":1532026282,"itemId":340003,"KADEICDMCBM":10000042,"jsonName":"Avatar_Girl_Sword_KeqingCostumeFeather","LJDMDHBHKLC":10364379182659254000,"BHPKINONCIJ":6372458023003575000,"FAEIJLEFHHM":12660355485795350000,"KJLJGAPGNDG":11708378725870790000,"CBNLIKIKJII":4,"PCIKIELFNHI":"UI_AvatarIcon_KeqingCostumeFeather","sideIconName":"UI_AvatarIcon_Side_KeqingCostumeFeather","HCEGDEAINOH":8264683658462126000},{"HKMDGBEFJKI":200302,"GMDIOGJIHBL":1,"nameTextMapHash":2691230306,"descTextMapHash":1553444314,"itemId":340006,"KADEICDMCBM":10000003,"jsonName":"Avatar_Lady_Sword_QinCostumeWic","LJDMDHBHKLC":11789304378759268000,"BHPKINONCIJ":2508262379750057000,"FAEIJLEFHHM":8899383397730056000,"KJLJGAPGNDG":6257448215821890000,"KGAGEIPJPPE":true,"CBNLIKIKJII":4,"hide":true,"PCIKIELFNHI":"UI_AvatarIcon_QinCostumeWic","sideIconName":"UI_AvatarIcon_Side_QinCostumeWic","HCEGDEAINOH":2268507951203388000},{"HKMDGBEFJKI":202101,"GMDIOGJIHBL":1,"nameTextMapHash":4237698530,"descTextMapHash":2955174482,"itemId":340007,"KADEICDMCBM":10000021,"jsonName":"Avatar_Girl_Bow_AmborCostumeWic","LJDMDHBHKLC":7122218723217693000,"BHPKINONCIJ":14462486063824583000,"FAEIJLEFHHM":16495873575277371000,"KJLJGAPGNDG":11555033508243667000,"KGAGEIPJPPE":true,"CBNLIKIKJII":4,"hide":true,"PCIKIELFNHI":"UI_AvatarIcon_AmborCostumeWic","sideIconName":"UI_AvatarIcon_Side_AmborCostumeWic","HCEGDEAINOH":1673287744058013000},{"HKMDGBEFJKI":204101,"GMDIOGJIHBL":1,"nameTextMapHash":1860400666,"descTextMapHash":2912743770,"itemId":340008,"KADEICDMCBM":10000041,"jsonName":"Avatar_Girl_Catalyst_MonaCostumeWic","LJDMDHBHKLC":15379405067054348000,"BHPKINONCIJ":16287308438257703000,"FAEIJLEFHHM":1127931153574195200,"KJLJGAPGNDG":5022057012086514000,"KGAGEIPJPPE":true,"CBNLIKIKJII":4,"hide":true,"PCIKIELFNHI":"UI_AvatarIcon_MonaCostumeWic","sideIconName":"UI_AvatarIcon_Side_MonaCostumeWic","HCEGDEAINOH":5743696895040121000},{"HKMDGBEFJKI":204501,"GMDIOGJIHBL":1,"nameTextMapHash":2412226586,"descTextMapHash":3143995322,"itemId":340009,"KADEICDMCBM":10000045,"jsonName":"Avatar_Lady_Pole_RosariaCostumeWic","LJDMDHBHKLC":12861565697458264000,"BHPKINONCIJ":10539667758355399000,"FAEIJLEFHHM":9648000434294862000,"KJLJGAPGNDG":12267662344150393000,"KGAGEIPJPPE":true,"CBNLIKIKJII":4,"hide":true,"PCIKIELFNHI":"UI_AvatarIcon_RosariaCostumeWic","sideIconName":"UI_AvatarIcon_Side_RosariaCostumeWic","HCEGDEAINOH":2832692351080435000},{"HKMDGBEFJKI":201601,"GMDIOGJIHBL":1,"nameTextMapHash":1332852170,"descTextMapHash":3295060426,"itemId":340004,"KADEICDMCBM":10000016,"jsonName":"Avatar_Male_Claymore_DilucCostumeFlamme","LJDMDHBHKLC":10368416818400608000,"BHPKINONCIJ":15335225919554738000,"FAEIJLEFHHM":7202002721915920000,"gachaImageNameHash":17146454811973010000,"KJLJGAPGNDG":13676438560609835000,"PHPPMDIGKEE":9590652495663153000,"EEBPDGMNMGM":4585718866811975000,"CBNLIKIKJII":5,"PCIKIELFNHI":"UI_AvatarIcon_DilucCostumeFlamme","sideIconName":"UI_AvatarIcon_Side_DilucCostumeFlamme","HCEGDEAINOH":3029142693095236000},{"HKMDGBEFJKI":203101,"GMDIOGJIHBL":1,"nameTextMapHash":3162794298,"descTextMapHash":2089933442,"itemId":340005,"KADEICDMCBM":10000031,"jsonName":"Avatar_Girl_Bow_FischlCostumeHighness","LJDMDHBHKLC":13534430752549235000,"BHPKINONCIJ":1058632974177999900,"FAEIJLEFHHM":16733412713662534000,"gachaImageNameHash":16874910532900252000,"KJLJGAPGNDG":1849563772142813400,"PHPPMDIGKEE":9561591276388174000,"EEBPDGMNMGM":7514891772841965000,"CBNLIKIKJII":4,"PCIKIELFNHI":"UI_AvatarIcon_FischlCostumeHighness","sideIconName":"UI_AvatarIcon_Side_FischlCostumeHighness","HCEGDEAINOH":16903652226668882000},{"HKMDGBEFJKI":200201,"GMDIOGJIHBL":1,"nameTextMapHash":2768521498,"descTextMapHash":2663678610,"itemId":340010,"KADEICDMCBM":10000002,"jsonName":"Avatar_Girl_Sword_AyakaCostumeFruhling","LJDMDHBHKLC":11012300754669183000,"BHPKINONCIJ":10678187531089930000,"FAEIJLEFHHM":17569223125650117000,"gachaImageNameHash":16603455789725430000,"KJLJGAPGNDG":8511293476587773000,"PHPPMDIGKEE":17673295221370888000,"EEBPDGMNMGM":430291944493067840,"CBNLIKIKJII":4,"PCIKIELFNHI":"UI_AvatarIcon_AyakaCostumeFruhling","sideIconName":"UI_AvatarIcon_Side_AyakaCostumeFruhling","HCEGDEAINOH":17153758638107736000},{"HKMDGBEFJKI":200601,"GMDIOGJIHBL":1,"nameTextMapHash":2255412906,"descTextMapHash":2734308554,"itemId":340011,"KADEICDMCBM":10000006,"jsonName":"Avatar_Lady_Catalyst_LisaCostumeStudentin","LJDMDHBHKLC":12600550299813160000,"BHPKINONCIJ":5893029251442558000,"FAEIJLEFHHM":5639347602417794000,"gachaImageNameHash":5920923966167289000,"KJLJGAPGNDG":9138671107307150000,"PHPPMDIGKEE":3844565694031600600,"EEBPDGMNMGM":8887732179020530000,"CBNLIKIKJII":4,"PCIKIELFNHI":"UI_AvatarIcon_LisaCostumeStudentin","sideIconName":"UI_AvatarIcon_Side_LisaCostumeStudentin","HCEGDEAINOH":3666831924373171000},{"HKMDGBEFJKI":200200,"nameTextMapHash":171482850,"descTextMapHash":2373183578,"KADEICDMCBM":10000002,"jsonName":"","isDefault":true,"PCIKIELFNHI":"","sideIconName":""},{"HKMDGBEFJKI":200300,"nameTextMapHash":2431528538,"descTextMapHash":248153650,"KADEICDMCBM":10000003,"jsonName":"","isDefault":true,"PCIKIELFNHI":"","sideIconName":"","EKILPNOCDAJ":true},{"HKMDGBEFJKI":200500,"nameTextMapHash":1648736450,"descTextMapHash":2814665554,"KADEICDMCBM":10000005,"jsonName":"","isDefault":true,"PCIKIELFNHI":"","sideIconName":""},{"HKMDGBEFJKI":200600,"nameTextMapHash":672166154,"descTextMapHash":3946345210,"KADEICDMCBM":10000006,"jsonName":"","isDefault":true,"PCIKIELFNHI":"","sideIconName":""},{"HKMDGBEFJKI":200700,"nameTextMapHash":3561662730,"descTextMapHash":2020994066,"KADEICDMCBM":10000007,"jsonName":"","isDefault":true,"PCIKIELFNHI":"","sideIconName":""},{"HKMDGBEFJKI":201400,"nameTextMapHash":2895548298,"descTextMapHash":3092975850,"KADEICDMCBM":10000014,"jsonName":"","isDefault":true,"PCIKIELFNHI":"","sideIconName":""},{"HKMDGBEFJKI":201500,"nameTextMapHash":4036813530,"descTextMapHash":1523967378,"KADEICDMCBM":10000015,"jsonName":"","isDefault":true,"PCIKIELFNHI":"","sideIconName":""},{"HKMDGBEFJKI":201600,"nameTextMapHash":674973162,"descTextMapHash":2401924570,"KADEICDMCBM":10000016,"jsonName":"","isDefault":true,"PCIKIELFNHI":"","sideIconName":""},{"HKMDGBEFJKI":202000,"nameTextMapHash":1677296490,"descTextMapHash":2955915298,"KADEICDMCBM":10000020,"jsonName":"","isDefault":true,"PCIKIELFNHI":"","sideIconName":""},{"HKMDGBEFJKI":202100,"nameTextMapHash":690774682,"descTextMapHash":2978334658,"KADEICDMCBM":10000021,"jsonName":"","isDefault":true,"PCIKIELFNHI":"","sideIconName":"","EKILPNOCDAJ":true},{"HKMDGBEFJKI":202200,"nameTextMapHash":3806453578,"descTextMapHash":3977341762,"KADEICDMCBM":10000022,"jsonName":"","isDefault":true,"PCIKIELFNHI":"","sideIconName":""},{"HKMDGBEFJKI":202300,"nameTextMapHash":2926593050,"descTextMapHash":2478839258,"KADEICDMCBM":10000023,"jsonName":"","isDefault":true,"PCIKIELFNHI":"","sideIconName":""},{"HKMDGBEFJKI":202400,"nameTextMapHash":2091122082,"descTextMapHash":1844332810,"KADEICDMCBM":10000024,"jsonName":"","isDefault":true,"PCIKIELFNHI":"","sideIconName":""},{"HKMDGBEFJKI":202500,"nameTextMapHash":3118674250,"descTextMapHash":1606071354,"KADEICDMCBM":10000025,"jsonName":"","isDefault":true,"PCIKIELFNHI":"","sideIconName":""},{"HKMDGBEFJKI":202600,"nameTextMapHash":2696933402,"descTextMapHash":3291997178,"KADEICDMCBM":10000026,"jsonName":"","isDefault":true,"PCIKIELFNHI":"","sideIconName":""},{"HKMDGBEFJKI":202700,"nameTextMapHash":116451794,"descTextMapHash":3980318498,"KADEICDMCBM":10000027,"jsonName":"","isDefault":true,"PCIKIELFNHI":"","sideIconName":""},{"HKMDGBEFJKI":202900,"nameTextMapHash":1023505626,"descTextMapHash":3488214794,"KADEICDMCBM":10000029,"jsonName":"","isDefault":true,"PCIKIELFNHI":"","sideIconName":""},{"HKMDGBEFJKI":203000,"nameTextMapHash":41327378,"descTextMapHash":2640185922,"KADEICDMCBM":10000030,"jsonName":"","isDefault":true,"PCIKIELFNHI":"","sideIconName":""},{"HKMDGBEFJKI":203100,"nameTextMapHash":2969091354,"descTextMapHash":4134576130,"KADEICDMCBM":10000031,"jsonName":"","isDefault":true,"PCIKIELFNHI":"","sideIconName":""},{"HKMDGBEFJKI":203200,"nameTextMapHash":2359403186,"descTextMapHash":3111188850,"KADEICDMCBM":10000032,"jsonName":"","isDefault":true,"PCIKIELFNHI":"","sideIconName":""},{"HKMDGBEFJKI":203300,"nameTextMapHash":369350914,"descTextMapHash":1165773426,"KADEICDMCBM":10000033,"jsonName":"","isDefault":true,"PCIKIELFNHI":"","sideIconName":""},{"HKMDGBEFJKI":203400,"nameTextMapHash":1660794338,"descTextMapHash":102807738,"KADEICDMCBM":10000034,"jsonName":"","isDefault":true,"PCIKIELFNHI":"","sideIconName":""},{"HKMDGBEFJKI":203500,"nameTextMapHash":2620016810,"descTextMapHash":4056261530,"KADEICDMCBM":10000035,"jsonName":"","isDefault":true,"PCIKIELFNHI":"","sideIconName":""},{"HKMDGBEFJKI":203600,"nameTextMapHash":1142485354,"descTextMapHash":3971237746,"KADEICDMCBM":10000036,"jsonName":"","isDefault":true,"PCIKIELFNHI":"","sideIconName":""},{"HKMDGBEFJKI":203700,"nameTextMapHash":4131676042,"descTextMapHash":1209631242,"KADEICDMCBM":10000037,"jsonName":"","isDefault":true,"PCIKIELFNHI":"","sideIconName":""},{"HKMDGBEFJKI":203800,"nameTextMapHash":3397577098,"descTextMapHash":310650770,"KADEICDMCBM":10000038,"jsonName":"","isDefault":true,"PCIKIELFNHI":"","sideIconName":""},{"HKMDGBEFJKI":203900,"nameTextMapHash":2364432618,"descTextMapHash":670221618,"KADEICDMCBM":10000039,"jsonName":"","isDefault":true,"PCIKIELFNHI":"","sideIconName":""},{"HKMDGBEFJKI":204100,"nameTextMapHash":4029369362,"descTextMapHash":871545986,"KADEICDMCBM":10000041,"jsonName":"","isDefault":true,"PCIKIELFNHI":"","sideIconName":"","EKILPNOCDAJ":true},{"HKMDGBEFJKI":204200,"nameTextMapHash":3714413314,"descTextMapHash":1992333442,"KADEICDMCBM":10000042,"jsonName":"","isDefault":true,"PCIKIELFNHI":"","sideIconName":""},{"HKMDGBEFJKI":204300,"nameTextMapHash":3529210914,"descTextMapHash":4118239546,"KADEICDMCBM":10000043,"jsonName":"","isDefault":true,"PCIKIELFNHI":"","sideIconName":""},{"HKMDGBEFJKI":204400,"nameTextMapHash":2768155290,"descTextMapHash":678376738,"KADEICDMCBM":10000044,"jsonName":"","isDefault":true,"PCIKIELFNHI":"","sideIconName":""},{"HKMDGBEFJKI":204500,"nameTextMapHash":772899890,"descTextMapHash":4067539010,"KADEICDMCBM":10000045,"jsonName":"","isDefault":true,"PCIKIELFNHI":"","sideIconName":"","EKILPNOCDAJ":true},{"HKMDGBEFJKI":204600,"nameTextMapHash":626284674,"descTextMapHash":1186495122,"KADEICDMCBM":10000046,"jsonName":"","isDefault":true,"PCIKIELFNHI":"","sideIconName":""},{"HKMDGBEFJKI":204700,"nameTextMapHash":3355624658,"descTextMapHash":973274738,"KADEICDMCBM":10000047,"jsonName":"","isDefault":true,"PCIKIELFNHI":"","sideIconName":""},{"HKMDGBEFJKI":204800,"nameTextMapHash":258962178,"descTextMapHash":3070176786,"KADEICDMCBM":10000048,"jsonName":"","isDefault":true,"PCIKIELFNHI":"","sideIconName":""},{"HKMDGBEFJKI":204900,"nameTextMapHash":2353136394,"descTextMapHash":984351202,"KADEICDMCBM":10000049,"jsonName":"","isDefault":true,"PCIKIELFNHI":"","sideIconName":""},{"HKMDGBEFJKI":205000,"nameTextMapHash":2040879098,"descTextMapHash":1458439730,"KADEICDMCBM":10000050,"jsonName":"","isDefault":true,"PCIKIELFNHI":"","sideIconName":""},{"HKMDGBEFJKI":205100,"nameTextMapHash":301314714,"descTextMapHash":1419139450,"KADEICDMCBM":10000051,"jsonName":"","isDefault":true,"PCIKIELFNHI":"","sideIconName":""},{"HKMDGBEFJKI":205200,"nameTextMapHash":2377779762,"descTextMapHash":3412149506,"KADEICDMCBM":10000052,"jsonName":"","isDefault":true,"PCIKIELFNHI":"","sideIconName":""},{"HKMDGBEFJKI":205300,"nameTextMapHash":4048306346,"descTextMapHash":2144597778,"KADEICDMCBM":10000053,"jsonName":"","isDefault":true,"PCIKIELFNHI":"","sideIconName":""},{"HKMDGBEFJKI":205400,"nameTextMapHash":2786415650,"descTextMapHash":3173668642,"KADEICDMCBM":10000054,"jsonName":"","isDefault":true,"PCIKIELFNHI":"","sideIconName":""},{"HKMDGBEFJKI":205500,"nameTextMapHash":3561880386,"descTextMapHash":990939858,"KADEICDMCBM":10000055,"jsonName":"","isDefault":true,"PCIKIELFNHI":"","sideIconName":""},{"HKMDGBEFJKI":205600,"nameTextMapHash":382710810,"descTextMapHash":1024066610,"KADEICDMCBM":10000056,"jsonName":"","isDefault":true,"PCIKIELFNHI":"","sideIconName":""},{"HKMDGBEFJKI":205700,"nameTextMapHash":2006093914,"descTextMapHash":4146650074,"KADEICDMCBM":10000057,"jsonName":"","isDefault":true,"PCIKIELFNHI":"","sideIconName":""},{"HKMDGBEFJKI":205800,"nameTextMapHash":1295363218,"descTextMapHash":3314678434,"KADEICDMCBM":10000058,"jsonName":"","isDefault":true,"PCIKIELFNHI":"","sideIconName":""},{"HKMDGBEFJKI":205900,"nameTextMapHash":4029103562,"descTextMapHash":3182680786,"KADEICDMCBM":10000059,"jsonName":"","isDefault":true,"PCIKIELFNHI":"","sideIconName":""},{"HKMDGBEFJKI":206000,"nameTextMapHash":2196179842,"descTextMapHash":3407589218,"KADEICDMCBM":10000060,"jsonName":"","isDefault":true,"PCIKIELFNHI":"","sideIconName":""},{"HKMDGBEFJKI":206200,"nameTextMapHash":3429415730,"descTextMapHash":271842858,"KADEICDMCBM":10000062,"jsonName":"","isDefault":true,"PCIKIELFNHI":"","sideIconName":""},{"HKMDGBEFJKI":206300,"nameTextMapHash":3671207274,"descTextMapHash":3625334322,"KADEICDMCBM":10000063,"jsonName":"","isDefault":true,"PCIKIELFNHI":"","sideIconName":""},{"HKMDGBEFJKI":206400,"nameTextMapHash":2433262890,"descTextMapHash":1261799770,"KADEICDMCBM":10000064,"jsonName":"","isDefault":true,"PCIKIELFNHI":"","sideIconName":""},{"HKMDGBEFJKI":206500,"nameTextMapHash":3245276834,"descTextMapHash":3036913898,"KADEICDMCBM":10000065,"jsonName":"","isDefault":true,"PCIKIELFNHI":"","sideIconName":""},{"HKMDGBEFJKI":206600,"nameTextMapHash":3109032026,"descTextMapHash":3093997674,"KADEICDMCBM":10000066,"jsonName":"","isDefault":true,"PCIKIELFNHI":"","sideIconName":""},{"HKMDGBEFJKI":206700,"nameTextMapHash":3135223450,"descTextMapHash":2308150714,"KADEICDMCBM":10000067,"jsonName":"","isDefault":true,"PCIKIELFNHI":"","sideIconName":""},{"HKMDGBEFJKI":206800,"nameTextMapHash":3617396594,"descTextMapHash":1616648506,"KADEICDMCBM":10000068,"jsonName":"","isDefault":true,"PCIKIELFNHI":"","sideIconName":""},{"HKMDGBEFJKI":206900,"nameTextMapHash":1106979266,"descTextMapHash":510932922,"KADEICDMCBM":10000069,"jsonName":"","isDefault":true,"PCIKIELFNHI":"","sideIconName":""},{"HKMDGBEFJKI":207000,"nameTextMapHash":3647756106,"descTextMapHash":1078022994,"KADEICDMCBM":10000070,"jsonName":"","isDefault":true,"PCIKIELFNHI":"","sideIconName":""},{"HKMDGBEFJKI":207100,"nameTextMapHash":3913661394,"descTextMapHash":1864424082,"KADEICDMCBM":10000071,"jsonName":"","isDefault":true,"PCIKIELFNHI":"","sideIconName":""},{"HKMDGBEFJKI":207200,"nameTextMapHash":2665843154,"descTextMapHash":2067286834,"KADEICDMCBM":10000072,"jsonName":"","isDefault":true,"PCIKIELFNHI":"","sideIconName":""},{"HKMDGBEFJKI":207300,"nameTextMapHash":2005565242,"descTextMapHash":2151511386,"KADEICDMCBM":10000073,"jsonName":"","isDefault":true,"PCIKIELFNHI":"","sideIconName":""},{"HKMDGBEFJKI":207400,"nameTextMapHash":1128331378,"descTextMapHash":3853124810,"KADEICDMCBM":10000074,"jsonName":"","isDefault":true,"PCIKIELFNHI":"","sideIconName":""},{"HKMDGBEFJKI":207500,"nameTextMapHash":4005813530,"descTextMapHash":3246746458,"KADEICDMCBM":10000075,"jsonName":"","isDefault":true,"PCIKIELFNHI":"","sideIconName":""},{"HKMDGBEFJKI":207600,"nameTextMapHash":1487058818,"descTextMapHash":3487496106,"KADEICDMCBM":10000076,"jsonName":"","isDefault":true,"PCIKIELFNHI":"","sideIconName":""},{"HKMDGBEFJKI":207700,"nameTextMapHash":1664916426,"descTextMapHash":3911845442,"KADEICDMCBM":10000077,"jsonName":"","isDefault":true,"PCIKIELFNHI":"","sideIconName":""},{"HKMDGBEFJKI":207800,"nameTextMapHash":3349227426,"descTextMapHash":39198106,"KADEICDMCBM":10000078,"jsonName":"","isDefault":true,"PCIKIELFNHI":"","sideIconName":""}]