[{"HDNDABLHJNC":200301,"BAEOIBGNBBJ":2,"nameTextMapHash":1504245738,"descTextMapHash":3529954098,"itemId":340001,"MKOMCPOMHDO":10000003,"jsonName":"Avatar_Lady_Sword_QinCostumeSea","LODLAHEFMLL":9215865218573513000,"OJHDMMJJPAK":17992774763103844000,"IBDPPHCEDAN":2693372009414780000,"FKDBDGCPEDM":16220654252350374000,"BNONBMHOPLJ":4,"FMJNMIMFBON":"UI_AvatarIcon_QinCostumeSea","sideIconName":"UI_AvatarIcon_Side_QinCostumeSea","PLGLOELJPBA":7856783315815955000},{"HDNDABLHJNC":201401,"BAEOIBGNBBJ":1,"nameTextMapHash":4121525482,"descTextMapHash":2644173682,"itemId":340000,"MKOMCPOMHDO":10000014,"jsonName":"Avatar_Girl_Catalyst_BarbaraCostumeSummertime","LODLAHEFMLL":10565960914446858000,"OJHDMMJJPAK":10341761028724613000,"IBDPPHCEDAN":5183081712927355000,"FKDBDGCPEDM":7590386921274555000,"BNONBMHOPLJ":4,"FMJNMIMFBON":"UI_AvatarIcon_BarbaraCostumeSummertime","sideIconName":"UI_AvatarIcon_Side_BarbaraCostumeSummertime","PLGLOELJPBA":16049450277489158000},{"HDNDABLHJNC":202701,"BAEOIBGNBBJ":1,"nameTextMapHash":2572106930,"descTextMapHash":720597146,"itemId":340002,"MKOMCPOMHDO":10000027,"jsonName":"Avatar_Lady_Catalyst_NingguangCostumeFloral","LODLAHEFMLL":15863689246053601000,"OJHDMMJJPAK":11681843191975356000,"IBDPPHCEDAN":9773804280703926000,"FKDBDGCPEDM":1433662792352814000,"BNONBMHOPLJ":4,"FMJNMIMFBON":"UI_AvatarIcon_NingguangCostumeFloral","sideIconName":"UI_AvatarIcon_Side_NingguangCostumeFloral","PLGLOELJPBA":13693364619168872000},{"HDNDABLHJNC":204201,"BAEOIBGNBBJ":1,"nameTextMapHash":1613857666,"descTextMapHash":1532026282,"itemId":340003,"MKOMCPOMHDO":10000042,"jsonName":"Avatar_Girl_Sword_KeqingCostumeFeather","LODLAHEFMLL":10364379182659254000,"OJHDMMJJPAK":6372458023003575000,"IBDPPHCEDAN":12660355485795350000,"FKDBDGCPEDM":11708378725870790000,"BNONBMHOPLJ":4,"FMJNMIMFBON":"UI_AvatarIcon_KeqingCostumeFeather","sideIconName":"UI_AvatarIcon_Side_KeqingCostumeFeather","PLGLOELJPBA":8264683658462126000},{"HDNDABLHJNC":200302,"BAEOIBGNBBJ":1,"nameTextMapHash":2691230306,"descTextMapHash":1553444314,"itemId":340006,"MKOMCPOMHDO":10000003,"jsonName":"Avatar_Lady_Sword_QinCostumeWic","LODLAHEFMLL":11789304378759268000,"OJHDMMJJPAK":2508262379750057000,"IBDPPHCEDAN":8899383397730056000,"FKDBDGCPEDM":6257448215821890000,"BGBDIOJAMOL":true,"BNONBMHOPLJ":4,"hide":true,"FMJNMIMFBON":"UI_AvatarIcon_QinCostumeWic","sideIconName":"UI_AvatarIcon_Side_QinCostumeWic","PLGLOELJPBA":2268507951203388000},{"HDNDABLHJNC":202101,"BAEOIBGNBBJ":1,"nameTextMapHash":4237698530,"descTextMapHash":2955174482,"itemId":340007,"MKOMCPOMHDO":10000021,"jsonName":"Avatar_Girl_Bow_AmborCostumeWic","LODLAHEFMLL":7122218723217693000,"OJHDMMJJPAK":14462486063824583000,"IBDPPHCEDAN":16495873575277371000,"FKDBDGCPEDM":11555033508243667000,"BGBDIOJAMOL":true,"BNONBMHOPLJ":4,"hide":true,"FMJNMIMFBON":"UI_AvatarIcon_AmborCostumeWic","sideIconName":"UI_AvatarIcon_Side_AmborCostumeWic","PLGLOELJPBA":1673287744058013000},{"HDNDABLHJNC":204101,"BAEOIBGNBBJ":1,"nameTextMapHash":1860400666,"descTextMapHash":2912743770,"itemId":340008,"MKOMCPOMHDO":10000041,"jsonName":"Avatar_Girl_Catalyst_MonaCostumeWic","LODLAHEFMLL":15379405067054348000,"OJHDMMJJPAK":16287308438257703000,"IBDPPHCEDAN":1127931153574195200,"FKDBDGCPEDM":5022057012086514000,"BGBDIOJAMOL":true,"BNONBMHOPLJ":4,"hide":true,"FMJNMIMFBON":"UI_AvatarIcon_MonaCostumeWic","sideIconName":"UI_AvatarIcon_Side_MonaCostumeWic","PLGLOELJPBA":5743696895040121000},{"HDNDABLHJNC":204501,"BAEOIBGNBBJ":1,"nameTextMapHash":2412226586,"descTextMapHash":3143995322,"itemId":340009,"MKOMCPOMHDO":10000045,"jsonName":"Avatar_Lady_Pole_RosariaCostumeWic","LODLAHEFMLL":12861565697458264000,"OJHDMMJJPAK":10539667758355399000,"IBDPPHCEDAN":9648000434294862000,"FKDBDGCPEDM":12267662344150393000,"BGBDIOJAMOL":true,"BNONBMHOPLJ":4,"hide":true,"FMJNMIMFBON":"UI_AvatarIcon_RosariaCostumeWic","sideIconName":"UI_AvatarIcon_Side_RosariaCostumeWic","PLGLOELJPBA":2832692351080435000},{"HDNDABLHJNC":201601,"BAEOIBGNBBJ":1,"nameTextMapHash":1332852170,"descTextMapHash":3295060426,"itemId":340004,"MKOMCPOMHDO":10000016,"jsonName":"Avatar_Male_Claymore_DilucCostumeFlamme","LODLAHEFMLL":10368416818400608000,"OJHDMMJJPAK":15335225919554738000,"IBDPPHCEDAN":7202002721915920000,"gachaImageNameHash":17146454811973010000,"FKDBDGCPEDM":13676438560609835000,"LCIDKDEMKJH":9590652495663153000,"AACNDFIDPAO":4585718866811975000,"BNONBMHOPLJ":5,"FMJNMIMFBON":"UI_AvatarIcon_DilucCostumeFlamme","sideIconName":"UI_AvatarIcon_Side_DilucCostumeFlamme","PLGLOELJPBA":3029142693095236000},{"HDNDABLHJNC":203101,"BAEOIBGNBBJ":1,"nameTextMapHash":3162794298,"descTextMapHash":2089933442,"itemId":340005,"MKOMCPOMHDO":10000031,"jsonName":"Avatar_Girl_Bow_FischlCostumeHighness","LODLAHEFMLL":13534430752549235000,"OJHDMMJJPAK":1058632974177999900,"IBDPPHCEDAN":16733412713662534000,"gachaImageNameHash":16874910532900252000,"FKDBDGCPEDM":1849563772142813400,"LCIDKDEMKJH":9561591276388174000,"AACNDFIDPAO":7514891772841965000,"BNONBMHOPLJ":4,"FMJNMIMFBON":"UI_AvatarIcon_FischlCostumeHighness","sideIconName":"UI_AvatarIcon_Side_FischlCostumeHighness","PLGLOELJPBA":16903652226668882000},{"HDNDABLHJNC":200201,"BAEOIBGNBBJ":1,"nameTextMapHash":2768521498,"descTextMapHash":2663678610,"itemId":340010,"MKOMCPOMHDO":10000002,"jsonName":"Avatar_Girl_Sword_AyakaCostumeFruhling","LODLAHEFMLL":11012300754669183000,"OJHDMMJJPAK":10678187531089930000,"IBDPPHCEDAN":17569223125650117000,"gachaImageNameHash":16603455789725430000,"FKDBDGCPEDM":8511293476587773000,"LCIDKDEMKJH":17673295221370888000,"AACNDFIDPAO":430291944493067840,"BNONBMHOPLJ":4,"FMJNMIMFBON":"UI_AvatarIcon_AyakaCostumeFruhling","sideIconName":"UI_AvatarIcon_Side_AyakaCostumeFruhling","PLGLOELJPBA":17153758638107736000},{"HDNDABLHJNC":200601,"BAEOIBGNBBJ":1,"nameTextMapHash":2255412906,"descTextMapHash":2734308554,"itemId":340011,"MKOMCPOMHDO":10000006,"jsonName":"Avatar_Lady_Catalyst_LisaCostumeStudentin","LODLAHEFMLL":12600550299813160000,"OJHDMMJJPAK":5893029251442558000,"IBDPPHCEDAN":5639347602417794000,"gachaImageNameHash":5920923966167289000,"FKDBDGCPEDM":9138671107307150000,"LCIDKDEMKJH":3844565694031600600,"AACNDFIDPAO":8887732179020530000,"BNONBMHOPLJ":4,"FMJNMIMFBON":"UI_AvatarIcon_LisaCostumeStudentin","sideIconName":"UI_AvatarIcon_Side_LisaCostumeStudentin","PLGLOELJPBA":3666831924373171000},{"HDNDABLHJNC":202901,"BAEOIBGNBBJ":1,"nameTextMapHash":2343491290,"descTextMapHash":1807518842,"itemId":340012,"MKOMCPOMHDO":10000029,"jsonName":"Avatar_Loli_Catalyst_KleeCostumeWitch","LODLAHEFMLL":14487796459102730000,"OJHDMMJJPAK":13958116777399183000,"IBDPPHCEDAN":13685423552966791000,"gachaImageNameHash":6894630599703930000,"FKDBDGCPEDM":860060720579263700,"LCIDKDEMKJH":1552326239233510700,"AACNDFIDPAO":5630855241666821000,"BNONBMHOPLJ":4,"FMJNMIMFBON":"UI_AvatarIcon_KleeCostumeWitch","sideIconName":"UI_AvatarIcon_Side_KleeCostumeWitch","PLGLOELJPBA":16796031080227060000},{"HDNDABLHJNC":201501,"BAEOIBGNBBJ":1,"nameTextMapHash":177626138,"descTextMapHash":2590769514,"itemId":340013,"MKOMCPOMHDO":10000015,"jsonName":"Avatar_Male_Sword_KaeyaCostumeDancer","LODLAHEFMLL":494681429835695000,"OJHDMMJJPAK":15807700893622235000,"IBDPPHCEDAN":477895560165567300,"FKDBDGCPEDM":5213861121553670000,"BNONBMHOPLJ":4,"FMJNMIMFBON":"UI_AvatarIcon_KaeyaCostumeDancer","sideIconName":"UI_AvatarIcon_Side_KaeyaCostumeDancer","PLGLOELJPBA":6823783867527131000},{"HDNDABLHJNC":200200,"nameTextMapHash":171482850,"descTextMapHash":2373183578,"MKOMCPOMHDO":10000002,"jsonName":"","isDefault":true,"FMJNMIMFBON":"","sideIconName":""},{"HDNDABLHJNC":200300,"nameTextMapHash":2431528538,"descTextMapHash":248153650,"MKOMCPOMHDO":10000003,"jsonName":"","isDefault":true,"FMJNMIMFBON":"","sideIconName":"","MCOBEAOOFMA":true},{"HDNDABLHJNC":200500,"nameTextMapHash":1648736450,"descTextMapHash":2814665554,"MKOMCPOMHDO":10000005,"jsonName":"","isDefault":true,"FMJNMIMFBON":"","sideIconName":""},{"HDNDABLHJNC":200600,"nameTextMapHash":672166154,"descTextMapHash":3946345210,"MKOMCPOMHDO":10000006,"jsonName":"","isDefault":true,"FMJNMIMFBON":"","sideIconName":""},{"HDNDABLHJNC":200700,"nameTextMapHash":3561662730,"descTextMapHash":2020994066,"MKOMCPOMHDO":10000007,"jsonName":"","isDefault":true,"FMJNMIMFBON":"","sideIconName":""},{"HDNDABLHJNC":201400,"nameTextMapHash":2895548298,"descTextMapHash":3092975850,"MKOMCPOMHDO":10000014,"jsonName":"","isDefault":true,"FMJNMIMFBON":"","sideIconName":""},{"HDNDABLHJNC":201500,"nameTextMapHash":4036813530,"descTextMapHash":1523967378,"MKOMCPOMHDO":10000015,"jsonName":"","isDefault":true,"FMJNMIMFBON":"","sideIconName":""},{"HDNDABLHJNC":201600,"nameTextMapHash":674973162,"descTextMapHash":2401924570,"MKOMCPOMHDO":10000016,"jsonName":"","isDefault":true,"FMJNMIMFBON":"","sideIconName":""},{"HDNDABLHJNC":202000,"nameTextMapHash":1677296490,"descTextMapHash":2955915298,"MKOMCPOMHDO":10000020,"jsonName":"","isDefault":true,"FMJNMIMFBON":"","sideIconName":""},{"HDNDABLHJNC":202100,"nameTextMapHash":690774682,"descTextMapHash":2978334658,"MKOMCPOMHDO":10000021,"jsonName":"","isDefault":true,"FMJNMIMFBON":"","sideIconName":"","MCOBEAOOFMA":true},{"HDNDABLHJNC":202200,"nameTextMapHash":3806453578,"descTextMapHash":3977341762,"MKOMCPOMHDO":10000022,"jsonName":"","isDefault":true,"FMJNMIMFBON":"","sideIconName":""},{"HDNDABLHJNC":202300,"nameTextMapHash":2926593050,"descTextMapHash":2478839258,"MKOMCPOMHDO":10000023,"jsonName":"","isDefault":true,"FMJNMIMFBON":"","sideIconName":""},{"HDNDABLHJNC":202400,"nameTextMapHash":2091122082,"descTextMapHash":1844332810,"MKOMCPOMHDO":10000024,"jsonName":"","isDefault":true,"FMJNMIMFBON":"","sideIconName":""},{"HDNDABLHJNC":202500,"nameTextMapHash":3118674250,"descTextMapHash":1606071354,"MKOMCPOMHDO":10000025,"jsonName":"","isDefault":true,"FMJNMIMFBON":"","sideIconName":""},{"HDNDABLHJNC":202600,"nameTextMapHash":2696933402,"descTextMapHash":3291997178,"MKOMCPOMHDO":10000026,"jsonName":"","isDefault":true,"FMJNMIMFBON":"","sideIconName":""},{"HDNDABLHJNC":202700,"nameTextMapHash":116451794,"descTextMapHash":3980318498,"MKOMCPOMHDO":10000027,"jsonName":"","isDefault":true,"FMJNMIMFBON":"","sideIconName":""},{"HDNDABLHJNC":202900,"nameTextMapHash":1023505626,"descTextMapHash":3488214794,"MKOMCPOMHDO":10000029,"jsonName":"","isDefault":true,"FMJNMIMFBON":"","sideIconName":""},{"HDNDABLHJNC":203000,"nameTextMapHash":41327378,"descTextMapHash":2640185922,"MKOMCPOMHDO":10000030,"jsonName":"","isDefault":true,"FMJNMIMFBON":"","sideIconName":""},{"HDNDABLHJNC":203100,"nameTextMapHash":2969091354,"descTextMapHash":4134576130,"MKOMCPOMHDO":10000031,"jsonName":"","isDefault":true,"FMJNMIMFBON":"","sideIconName":""},{"HDNDABLHJNC":203200,"nameTextMapHash":2359403186,"descTextMapHash":3111188850,"MKOMCPOMHDO":10000032,"jsonName":"","isDefault":true,"FMJNMIMFBON":"","sideIconName":""},{"HDNDABLHJNC":203300,"nameTextMapHash":369350914,"descTextMapHash":1165773426,"MKOMCPOMHDO":10000033,"jsonName":"","isDefault":true,"FMJNMIMFBON":"","sideIconName":""},{"HDNDABLHJNC":203400,"nameTextMapHash":1660794338,"descTextMapHash":102807738,"MKOMCPOMHDO":10000034,"jsonName":"","isDefault":true,"FMJNMIMFBON":"","sideIconName":""},{"HDNDABLHJNC":203500,"nameTextMapHash":2620016810,"descTextMapHash":4056261530,"MKOMCPOMHDO":10000035,"jsonName":"","isDefault":true,"FMJNMIMFBON":"","sideIconName":""},{"HDNDABLHJNC":203600,"nameTextMapHash":1142485354,"descTextMapHash":3971237746,"MKOMCPOMHDO":10000036,"jsonName":"","isDefault":true,"FMJNMIMFBON":"","sideIconName":""},{"HDNDABLHJNC":203700,"nameTextMapHash":4131676042,"descTextMapHash":1209631242,"MKOMCPOMHDO":10000037,"jsonName":"","isDefault":true,"FMJNMIMFBON":"","sideIconName":""},{"HDNDABLHJNC":203800,"nameTextMapHash":3397577098,"descTextMapHash":310650770,"MKOMCPOMHDO":10000038,"jsonName":"","isDefault":true,"FMJNMIMFBON":"","sideIconName":""},{"HDNDABLHJNC":203900,"nameTextMapHash":2364432618,"descTextMapHash":670221618,"MKOMCPOMHDO":10000039,"jsonName":"","isDefault":true,"FMJNMIMFBON":"","sideIconName":""},{"HDNDABLHJNC":204100,"nameTextMapHash":4029369362,"descTextMapHash":871545986,"MKOMCPOMHDO":10000041,"jsonName":"","isDefault":true,"FMJNMIMFBON":"","sideIconName":"","MCOBEAOOFMA":true},{"HDNDABLHJNC":204200,"nameTextMapHash":3714413314,"descTextMapHash":1992333442,"MKOMCPOMHDO":10000042,"jsonName":"","isDefault":true,"FMJNMIMFBON":"","sideIconName":""},{"HDNDABLHJNC":204300,"nameTextMapHash":3529210914,"descTextMapHash":4118239546,"MKOMCPOMHDO":10000043,"jsonName":"","isDefault":true,"FMJNMIMFBON":"","sideIconName":""},{"HDNDABLHJNC":204400,"nameTextMapHash":2768155290,"descTextMapHash":678376738,"MKOMCPOMHDO":10000044,"jsonName":"","isDefault":true,"FMJNMIMFBON":"","sideIconName":""},{"HDNDABLHJNC":204500,"nameTextMapHash":772899890,"descTextMapHash":4067539010,"MKOMCPOMHDO":10000045,"jsonName":"","isDefault":true,"FMJNMIMFBON":"","sideIconName":"","MCOBEAOOFMA":true},{"HDNDABLHJNC":204600,"nameTextMapHash":626284674,"descTextMapHash":1186495122,"MKOMCPOMHDO":10000046,"jsonName":"","isDefault":true,"FMJNMIMFBON":"","sideIconName":""},{"HDNDABLHJNC":204700,"nameTextMapHash":3355624658,"descTextMapHash":973274738,"MKOMCPOMHDO":10000047,"jsonName":"","isDefault":true,"FMJNMIMFBON":"","sideIconName":""},{"HDNDABLHJNC":204800,"nameTextMapHash":258962178,"descTextMapHash":3070176786,"MKOMCPOMHDO":10000048,"jsonName":"","isDefault":true,"FMJNMIMFBON":"","sideIconName":""},{"HDNDABLHJNC":204900,"nameTextMapHash":2353136394,"descTextMapHash":984351202,"MKOMCPOMHDO":10000049,"jsonName":"","isDefault":true,"FMJNMIMFBON":"","sideIconName":""},{"HDNDABLHJNC":205000,"nameTextMapHash":2040879098,"descTextMapHash":1458439730,"MKOMCPOMHDO":10000050,"jsonName":"","isDefault":true,"FMJNMIMFBON":"","sideIconName":""},{"HDNDABLHJNC":205100,"nameTextMapHash":301314714,"descTextMapHash":1419139450,"MKOMCPOMHDO":10000051,"jsonName":"","isDefault":true,"FMJNMIMFBON":"","sideIconName":""},{"HDNDABLHJNC":205200,"nameTextMapHash":2377779762,"descTextMapHash":3412149506,"MKOMCPOMHDO":10000052,"jsonName":"","isDefault":true,"FMJNMIMFBON":"","sideIconName":""},{"HDNDABLHJNC":205300,"nameTextMapHash":4048306346,"descTextMapHash":2144597778,"MKOMCPOMHDO":10000053,"jsonName":"","isDefault":true,"FMJNMIMFBON":"","sideIconName":""},{"HDNDABLHJNC":205400,"nameTextMapHash":2786415650,"descTextMapHash":3173668642,"MKOMCPOMHDO":10000054,"jsonName":"","isDefault":true,"FMJNMIMFBON":"","sideIconName":""},{"HDNDABLHJNC":205500,"nameTextMapHash":3561880386,"descTextMapHash":990939858,"MKOMCPOMHDO":10000055,"jsonName":"","isDefault":true,"FMJNMIMFBON":"","sideIconName":""},{"HDNDABLHJNC":205600,"nameTextMapHash":382710810,"descTextMapHash":1024066610,"MKOMCPOMHDO":10000056,"jsonName":"","isDefault":true,"FMJNMIMFBON":"","sideIconName":""},{"HDNDABLHJNC":205700,"nameTextMapHash":2006093914,"descTextMapHash":4146650074,"MKOMCPOMHDO":10000057,"jsonName":"","isDefault":true,"FMJNMIMFBON":"","sideIconName":""},{"HDNDABLHJNC":205800,"nameTextMapHash":1295363218,"descTextMapHash":3314678434,"MKOMCPOMHDO":10000058,"jsonName":"","isDefault":true,"FMJNMIMFBON":"","sideIconName":""},{"HDNDABLHJNC":205900,"nameTextMapHash":4029103562,"descTextMapHash":3182680786,"MKOMCPOMHDO":10000059,"jsonName":"","isDefault":true,"FMJNMIMFBON":"","sideIconName":""},{"HDNDABLHJNC":206000,"nameTextMapHash":2196179842,"descTextMapHash":3407589218,"MKOMCPOMHDO":10000060,"jsonName":"","isDefault":true,"FMJNMIMFBON":"","sideIconName":""},{"HDNDABLHJNC":206100,"nameTextMapHash":2136989794,"descTextMapHash":1963076906,"MKOMCPOMHDO":10000061,"jsonName":"","isDefault":true,"FMJNMIMFBON":"","sideIconName":""},{"HDNDABLHJNC":206200,"nameTextMapHash":3429415730,"descTextMapHash":271842858,"MKOMCPOMHDO":10000062,"jsonName":"","isDefault":true,"FMJNMIMFBON":"","sideIconName":""},{"HDNDABLHJNC":206300,"nameTextMapHash":3671207274,"descTextMapHash":3625334322,"MKOMCPOMHDO":10000063,"jsonName":"","isDefault":true,"FMJNMIMFBON":"","sideIconName":""},{"HDNDABLHJNC":206400,"nameTextMapHash":2433262890,"descTextMapHash":1261799770,"MKOMCPOMHDO":10000064,"jsonName":"","isDefault":true,"FMJNMIMFBON":"","sideIconName":""},{"HDNDABLHJNC":206500,"nameTextMapHash":3245276834,"descTextMapHash":3036913898,"MKOMCPOMHDO":10000065,"jsonName":"","isDefault":true,"FMJNMIMFBON":"","sideIconName":""},{"HDNDABLHJNC":206600,"nameTextMapHash":3109032026,"descTextMapHash":3093997674,"MKOMCPOMHDO":10000066,"jsonName":"","isDefault":true,"FMJNMIMFBON":"","sideIconName":""},{"HDNDABLHJNC":206700,"nameTextMapHash":3135223450,"descTextMapHash":2308150714,"MKOMCPOMHDO":10000067,"jsonName":"","isDefault":true,"FMJNMIMFBON":"","sideIconName":""},{"HDNDABLHJNC":206800,"nameTextMapHash":3617396594,"descTextMapHash":1616648506,"MKOMCPOMHDO":10000068,"jsonName":"","isDefault":true,"FMJNMIMFBON":"","sideIconName":""},{"HDNDABLHJNC":206900,"nameTextMapHash":1106979266,"descTextMapHash":510932922,"MKOMCPOMHDO":10000069,"jsonName":"","isDefault":true,"FMJNMIMFBON":"","sideIconName":""},{"HDNDABLHJNC":207000,"nameTextMapHash":3647756106,"descTextMapHash":1078022994,"MKOMCPOMHDO":10000070,"jsonName":"","isDefault":true,"FMJNMIMFBON":"","sideIconName":""},{"HDNDABLHJNC":207100,"nameTextMapHash":3913661394,"descTextMapHash":1864424082,"MKOMCPOMHDO":10000071,"jsonName":"","isDefault":true,"FMJNMIMFBON":"","sideIconName":""},{"HDNDABLHJNC":207200,"nameTextMapHash":2665843154,"descTextMapHash":2067286834,"MKOMCPOMHDO":10000072,"jsonName":"","isDefault":true,"FMJNMIMFBON":"","sideIconName":""},{"HDNDABLHJNC":207300,"nameTextMapHash":2005565242,"descTextMapHash":2151511386,"MKOMCPOMHDO":10000073,"jsonName":"","isDefault":true,"FMJNMIMFBON":"","sideIconName":""},{"HDNDABLHJNC":207400,"nameTextMapHash":1128331378,"descTextMapHash":3853124810,"MKOMCPOMHDO":10000074,"jsonName":"","isDefault":true,"FMJNMIMFBON":"","sideIconName":""},{"HDNDABLHJNC":207500,"nameTextMapHash":4005813530,"descTextMapHash":3246746458,"MKOMCPOMHDO":10000075,"jsonName":"","isDefault":true,"FMJNMIMFBON":"","sideIconName":""},{"HDNDABLHJNC":207600,"nameTextMapHash":1487058818,"descTextMapHash":3487496106,"MKOMCPOMHDO":10000076,"jsonName":"","isDefault":true,"FMJNMIMFBON":"","sideIconName":""},{"HDNDABLHJNC":207700,"nameTextMapHash":1664916426,"descTextMapHash":3911845442,"MKOMCPOMHDO":10000077,"jsonName":"","isDefault":true,"FMJNMIMFBON":"","sideIconName":""},{"HDNDABLHJNC":207800,"nameTextMapHash":3349227426,"descTextMapHash":39198106,"MKOMCPOMHDO":10000078,"jsonName":"","isDefault":true,"FMJNMIMFBON":"","sideIconName":""},{"HDNDABLHJNC":207900,"nameTextMapHash":4041199642,"descTextMapHash":140684002,"MKOMCPOMHDO":10000079,"jsonName":"","isDefault":true,"FMJNMIMFBON":"","sideIconName":""},{"HDNDABLHJNC":208000,"nameTextMapHash":423812362,"descTextMapHash":3777257866,"MKOMCPOMHDO":10000080,"jsonName":"","isDefault":true,"FMJNMIMFBON":"","sideIconName":""},{"HDNDABLHJNC":208100,"nameTextMapHash":2460471634,"descTextMapHash":3875251706,"MKOMCPOMHDO":10000081,"jsonName":"","isDefault":true,"FMJNMIMFBON":"","sideIconName":""},{"HDNDABLHJNC":208200,"nameTextMapHash":3539582602,"descTextMapHash":260008858,"MKOMCPOMHDO":10000082,"jsonName":"","isDefault":true,"FMJNMIMFBON":"","sideIconName":""},{"HDNDABLHJNC":208300,"nameTextMapHash":1358526194,"descTextMapHash":3142534786,"MKOMCPOMHDO":10000083,"jsonName":"","isDefault":true,"FMJNMIMFBON":"","sideIconName":""},{"HDNDABLHJNC":208400,"nameTextMapHash":2247421522,"descTextMapHash":2711601770,"MKOMCPOMHDO":10000084,"jsonName":"","isDefault":true,"FMJNMIMFBON":"","sideIconName":""},{"HDNDABLHJNC":208500,"nameTextMapHash":3741795914,"descTextMapHash":172373146,"MKOMCPOMHDO":10000085,"jsonName":"","isDefault":true,"FMJNMIMFBON":"","sideIconName":""}]