[{"KKGNHHIFAMD":200301,"BOKNDNFKIGE":2,"nameTextMapHash":1504245738,"descTextMapHash":3529954098,"itemId":340001,"PIJICPMEBIP":10000003,"jsonName":"Avatar_Lady_Sword_QinCostumeSea","JGPBEIOHAPP":9215865218573513000,"JBEMKLEMLOB":17992774763103844000,"IEHAIEJOHKJ":2693372009414780000,"PGCDEBDODIB":16220654252350374000,"NMGBGGFJBIA":4,"NGEMPNOFHLJ":"UI_AvatarIcon_QinCostumeSea","sideIconName":"UI_AvatarIcon_Side_QinCostumeSea","CEABIFHHIKH":7856783315815955000},{"KKGNHHIFAMD":201401,"BOKNDNFKIGE":1,"nameTextMapHash":4121525482,"descTextMapHash":2644173682,"itemId":340000,"PIJICPMEBIP":10000014,"jsonName":"Avatar_Girl_Catalyst_BarbaraCostumeSummertime","JGPBEIOHAPP":10565960914446858000,"JBEMKLEMLOB":10341761028724613000,"IEHAIEJOHKJ":5183081712927355000,"PGCDEBDODIB":7590386921274555000,"NMGBGGFJBIA":4,"NGEMPNOFHLJ":"UI_AvatarIcon_BarbaraCostumeSummertime","sideIconName":"UI_AvatarIcon_Side_BarbaraCostumeSummertime","CEABIFHHIKH":16049450277489158000},{"KKGNHHIFAMD":202701,"BOKNDNFKIGE":1,"nameTextMapHash":2572106930,"descTextMapHash":720597146,"itemId":340002,"PIJICPMEBIP":10000027,"jsonName":"Avatar_Lady_Catalyst_NingguangCostumeFloral","JGPBEIOHAPP":15863689246053601000,"JBEMKLEMLOB":11681843191975356000,"IEHAIEJOHKJ":9773804280703926000,"PGCDEBDODIB":1433662792352814000,"NMGBGGFJBIA":4,"NGEMPNOFHLJ":"UI_AvatarIcon_NingguangCostumeFloral","sideIconName":"UI_AvatarIcon_Side_NingguangCostumeFloral","CEABIFHHIKH":13693364619168872000},{"KKGNHHIFAMD":204201,"BOKNDNFKIGE":1,"nameTextMapHash":1613857666,"descTextMapHash":1532026282,"itemId":340003,"PIJICPMEBIP":10000042,"jsonName":"Avatar_Girl_Sword_KeqingCostumeFeather","JGPBEIOHAPP":10364379182659254000,"JBEMKLEMLOB":6372458023003575000,"IEHAIEJOHKJ":12660355485795350000,"PGCDEBDODIB":11708378725870790000,"NMGBGGFJBIA":4,"NGEMPNOFHLJ":"UI_AvatarIcon_KeqingCostumeFeather","sideIconName":"UI_AvatarIcon_Side_KeqingCostumeFeather","CEABIFHHIKH":8264683658462126000},{"KKGNHHIFAMD":200302,"BOKNDNFKIGE":1,"nameTextMapHash":2691230306,"descTextMapHash":1553444314,"itemId":340006,"PIJICPMEBIP":10000003,"jsonName":"Avatar_Lady_Sword_QinCostumeWic","JGPBEIOHAPP":11789304378759268000,"JBEMKLEMLOB":2508262379750057000,"IEHAIEJOHKJ":8899383397730056000,"PGCDEBDODIB":6257448215821890000,"ONLPMHKDKGF":true,"NMGBGGFJBIA":4,"hide":true,"NGEMPNOFHLJ":"UI_AvatarIcon_QinCostumeWic","sideIconName":"UI_AvatarIcon_Side_QinCostumeWic","CEABIFHHIKH":2268507951203388000},{"KKGNHHIFAMD":202101,"BOKNDNFKIGE":1,"nameTextMapHash":4237698530,"descTextMapHash":2955174482,"itemId":340007,"PIJICPMEBIP":10000021,"jsonName":"Avatar_Girl_Bow_AmborCostumeWic","JGPBEIOHAPP":7122218723217693000,"JBEMKLEMLOB":14462486063824583000,"IEHAIEJOHKJ":16495873575277371000,"PGCDEBDODIB":11555033508243667000,"ONLPMHKDKGF":true,"NMGBGGFJBIA":4,"hide":true,"NGEMPNOFHLJ":"UI_AvatarIcon_AmborCostumeWic","sideIconName":"UI_AvatarIcon_Side_AmborCostumeWic","CEABIFHHIKH":1673287744058013000},{"KKGNHHIFAMD":204101,"BOKNDNFKIGE":1,"nameTextMapHash":1860400666,"descTextMapHash":2912743770,"itemId":340008,"PIJICPMEBIP":10000041,"jsonName":"Avatar_Girl_Catalyst_MonaCostumeWic","JGPBEIOHAPP":15379405067054348000,"JBEMKLEMLOB":16287308438257703000,"IEHAIEJOHKJ":1127931153574195200,"PGCDEBDODIB":5022057012086514000,"ONLPMHKDKGF":true,"NMGBGGFJBIA":4,"hide":true,"NGEMPNOFHLJ":"UI_AvatarIcon_MonaCostumeWic","sideIconName":"UI_AvatarIcon_Side_MonaCostumeWic","CEABIFHHIKH":5743696895040121000},{"KKGNHHIFAMD":204501,"BOKNDNFKIGE":1,"nameTextMapHash":2412226586,"descTextMapHash":3143995322,"itemId":340009,"PIJICPMEBIP":10000045,"jsonName":"Avatar_Lady_Pole_RosariaCostumeWic","JGPBEIOHAPP":12861565697458264000,"JBEMKLEMLOB":10539667758355399000,"IEHAIEJOHKJ":9648000434294862000,"PGCDEBDODIB":12267662344150393000,"ONLPMHKDKGF":true,"NMGBGGFJBIA":4,"hide":true,"NGEMPNOFHLJ":"UI_AvatarIcon_RosariaCostumeWic","sideIconName":"UI_AvatarIcon_Side_RosariaCostumeWic","CEABIFHHIKH":2832692351080435000},{"KKGNHHIFAMD":201601,"BOKNDNFKIGE":1,"nameTextMapHash":1332852170,"descTextMapHash":3295060426,"itemId":340004,"PIJICPMEBIP":10000016,"jsonName":"Avatar_Male_Claymore_DilucCostumeFlamme","JGPBEIOHAPP":10368416818400608000,"JBEMKLEMLOB":15335225919554738000,"IEHAIEJOHKJ":7202002721915920000,"gachaImageNameHash":17146454811973010000,"PGCDEBDODIB":13676438560609835000,"PLHAIEIPNHJ":9590652495663153000,"LMMLPAJOCGE":4585718866811975000,"NMGBGGFJBIA":5,"NGEMPNOFHLJ":"UI_AvatarIcon_DilucCostumeFlamme","sideIconName":"UI_AvatarIcon_Side_DilucCostumeFlamme","CEABIFHHIKH":3029142693095236000},{"KKGNHHIFAMD":203101,"BOKNDNFKIGE":1,"nameTextMapHash":3162794298,"descTextMapHash":2089933442,"itemId":340005,"PIJICPMEBIP":10000031,"jsonName":"Avatar_Girl_Bow_FischlCostumeHighness","JGPBEIOHAPP":13534430752549235000,"JBEMKLEMLOB":1058632974177999900,"IEHAIEJOHKJ":16733412713662534000,"gachaImageNameHash":16874910532900252000,"PGCDEBDODIB":1849563772142813400,"PLHAIEIPNHJ":9561591276388174000,"LMMLPAJOCGE":7514891772841965000,"NMGBGGFJBIA":4,"NGEMPNOFHLJ":"UI_AvatarIcon_FischlCostumeHighness","sideIconName":"UI_AvatarIcon_Side_FischlCostumeHighness","CEABIFHHIKH":16903652226668882000},{"KKGNHHIFAMD":200201,"BOKNDNFKIGE":1,"nameTextMapHash":2768521498,"descTextMapHash":2663678610,"itemId":340010,"PIJICPMEBIP":10000002,"jsonName":"Avatar_Girl_Sword_AyakaCostumeFruhling","JGPBEIOHAPP":11012300754669183000,"JBEMKLEMLOB":10678187531089930000,"IEHAIEJOHKJ":17569223125650117000,"gachaImageNameHash":16603455789725430000,"PGCDEBDODIB":8511293476587773000,"PLHAIEIPNHJ":17673295221370888000,"LMMLPAJOCGE":430291944493067840,"NMGBGGFJBIA":4,"NGEMPNOFHLJ":"UI_AvatarIcon_AyakaCostumeFruhling","sideIconName":"UI_AvatarIcon_Side_AyakaCostumeFruhling","CEABIFHHIKH":17153758638107736000},{"KKGNHHIFAMD":200601,"BOKNDNFKIGE":1,"nameTextMapHash":2255412906,"descTextMapHash":2734308554,"itemId":340011,"PIJICPMEBIP":10000006,"jsonName":"Avatar_Lady_Catalyst_LisaCostumeStudentin","JGPBEIOHAPP":12600550299813160000,"JBEMKLEMLOB":5893029251442558000,"IEHAIEJOHKJ":5639347602417794000,"gachaImageNameHash":5920923966167289000,"PGCDEBDODIB":9138671107307150000,"PLHAIEIPNHJ":3844565694031600600,"LMMLPAJOCGE":8887732179020530000,"NMGBGGFJBIA":4,"NGEMPNOFHLJ":"UI_AvatarIcon_LisaCostumeStudentin","sideIconName":"UI_AvatarIcon_Side_LisaCostumeStudentin","CEABIFHHIKH":3666831924373171000},{"KKGNHHIFAMD":202901,"BOKNDNFKIGE":1,"nameTextMapHash":2343491290,"descTextMapHash":1807518842,"itemId":340012,"PIJICPMEBIP":10000029,"jsonName":"Avatar_Loli_Catalyst_KleeCostumeWitch","JGPBEIOHAPP":14487796459102730000,"JBEMKLEMLOB":13958116777399183000,"IEHAIEJOHKJ":13685423552966791000,"gachaImageNameHash":6894630599703930000,"PGCDEBDODIB":860060720579263700,"PLHAIEIPNHJ":1552326239233510700,"LMMLPAJOCGE":5630855241666821000,"NMGBGGFJBIA":4,"NGEMPNOFHLJ":"UI_AvatarIcon_KleeCostumeWitch","sideIconName":"UI_AvatarIcon_Side_KleeCostumeWitch","CEABIFHHIKH":16796031080227060000},{"KKGNHHIFAMD":201501,"BOKNDNFKIGE":1,"nameTextMapHash":177626138,"descTextMapHash":2590769514,"itemId":340013,"PIJICPMEBIP":10000015,"jsonName":"Avatar_Male_Sword_KaeyaCostumeDancer","JGPBEIOHAPP":494681429835695000,"JBEMKLEMLOB":15807700893622235000,"IEHAIEJOHKJ":477895560165567300,"PGCDEBDODIB":5213861121553670000,"NMGBGGFJBIA":4,"NGEMPNOFHLJ":"UI_AvatarIcon_KaeyaCostumeDancer","sideIconName":"UI_AvatarIcon_Side_KaeyaCostumeDancer","CEABIFHHIKH":6823783867527131000},{"KKGNHHIFAMD":200200,"nameTextMapHash":171482850,"descTextMapHash":2373183578,"PIJICPMEBIP":10000002,"jsonName":"","isDefault":true,"NGEMPNOFHLJ":"","sideIconName":""},{"KKGNHHIFAMD":200300,"nameTextMapHash":2431528538,"descTextMapHash":248153650,"PIJICPMEBIP":10000003,"jsonName":"","isDefault":true,"NGEMPNOFHLJ":"","sideIconName":"","KLIEMOFNOOA":true},{"KKGNHHIFAMD":200500,"nameTextMapHash":1648736450,"descTextMapHash":2814665554,"PIJICPMEBIP":10000005,"jsonName":"","isDefault":true,"NGEMPNOFHLJ":"","sideIconName":""},{"KKGNHHIFAMD":200600,"nameTextMapHash":672166154,"descTextMapHash":3946345210,"PIJICPMEBIP":10000006,"jsonName":"","isDefault":true,"NGEMPNOFHLJ":"","sideIconName":""},{"KKGNHHIFAMD":200700,"nameTextMapHash":3561662730,"descTextMapHash":2020994066,"PIJICPMEBIP":10000007,"jsonName":"","isDefault":true,"NGEMPNOFHLJ":"","sideIconName":""},{"KKGNHHIFAMD":201400,"nameTextMapHash":2895548298,"descTextMapHash":3092975850,"PIJICPMEBIP":10000014,"jsonName":"","isDefault":true,"NGEMPNOFHLJ":"","sideIconName":""},{"KKGNHHIFAMD":201500,"nameTextMapHash":4036813530,"descTextMapHash":1523967378,"PIJICPMEBIP":10000015,"jsonName":"","isDefault":true,"NGEMPNOFHLJ":"","sideIconName":""},{"KKGNHHIFAMD":201600,"nameTextMapHash":674973162,"descTextMapHash":2401924570,"PIJICPMEBIP":10000016,"jsonName":"","isDefault":true,"NGEMPNOFHLJ":"","sideIconName":""},{"KKGNHHIFAMD":202000,"nameTextMapHash":1677296490,"descTextMapHash":2955915298,"PIJICPMEBIP":10000020,"jsonName":"","isDefault":true,"NGEMPNOFHLJ":"","sideIconName":""},{"KKGNHHIFAMD":202100,"nameTextMapHash":690774682,"descTextMapHash":2978334658,"PIJICPMEBIP":10000021,"jsonName":"","isDefault":true,"NGEMPNOFHLJ":"","sideIconName":"","KLIEMOFNOOA":true},{"KKGNHHIFAMD":202200,"nameTextMapHash":3806453578,"descTextMapHash":3977341762,"PIJICPMEBIP":10000022,"jsonName":"","isDefault":true,"NGEMPNOFHLJ":"","sideIconName":""},{"KKGNHHIFAMD":202300,"nameTextMapHash":2926593050,"descTextMapHash":2478839258,"PIJICPMEBIP":10000023,"jsonName":"","isDefault":true,"NGEMPNOFHLJ":"","sideIconName":""},{"KKGNHHIFAMD":202400,"nameTextMapHash":2091122082,"descTextMapHash":1844332810,"PIJICPMEBIP":10000024,"jsonName":"","isDefault":true,"NGEMPNOFHLJ":"","sideIconName":""},{"KKGNHHIFAMD":202500,"nameTextMapHash":3118674250,"descTextMapHash":1606071354,"PIJICPMEBIP":10000025,"jsonName":"","isDefault":true,"NGEMPNOFHLJ":"","sideIconName":""},{"KKGNHHIFAMD":202600,"nameTextMapHash":2696933402,"descTextMapHash":3291997178,"PIJICPMEBIP":10000026,"jsonName":"","isDefault":true,"NGEMPNOFHLJ":"","sideIconName":""},{"KKGNHHIFAMD":202700,"nameTextMapHash":116451794,"descTextMapHash":3980318498,"PIJICPMEBIP":10000027,"jsonName":"","isDefault":true,"NGEMPNOFHLJ":"","sideIconName":""},{"KKGNHHIFAMD":202900,"nameTextMapHash":1023505626,"descTextMapHash":3488214794,"PIJICPMEBIP":10000029,"jsonName":"","isDefault":true,"NGEMPNOFHLJ":"","sideIconName":""},{"KKGNHHIFAMD":203000,"nameTextMapHash":41327378,"descTextMapHash":2640185922,"PIJICPMEBIP":10000030,"jsonName":"","isDefault":true,"NGEMPNOFHLJ":"","sideIconName":""},{"KKGNHHIFAMD":203100,"nameTextMapHash":2969091354,"descTextMapHash":4134576130,"PIJICPMEBIP":10000031,"jsonName":"","isDefault":true,"NGEMPNOFHLJ":"","sideIconName":""},{"KKGNHHIFAMD":203200,"nameTextMapHash":2359403186,"descTextMapHash":3111188850,"PIJICPMEBIP":10000032,"jsonName":"","isDefault":true,"NGEMPNOFHLJ":"","sideIconName":""},{"KKGNHHIFAMD":203300,"nameTextMapHash":369350914,"descTextMapHash":1165773426,"PIJICPMEBIP":10000033,"jsonName":"","isDefault":true,"NGEMPNOFHLJ":"","sideIconName":""},{"KKGNHHIFAMD":203400,"nameTextMapHash":1660794338,"descTextMapHash":102807738,"PIJICPMEBIP":10000034,"jsonName":"","isDefault":true,"NGEMPNOFHLJ":"","sideIconName":""},{"KKGNHHIFAMD":203500,"nameTextMapHash":2620016810,"descTextMapHash":4056261530,"PIJICPMEBIP":10000035,"jsonName":"","isDefault":true,"NGEMPNOFHLJ":"","sideIconName":""},{"KKGNHHIFAMD":203600,"nameTextMapHash":1142485354,"descTextMapHash":3971237746,"PIJICPMEBIP":10000036,"jsonName":"","isDefault":true,"NGEMPNOFHLJ":"","sideIconName":""},{"KKGNHHIFAMD":203700,"nameTextMapHash":4131676042,"descTextMapHash":1209631242,"PIJICPMEBIP":10000037,"jsonName":"","isDefault":true,"NGEMPNOFHLJ":"","sideIconName":""},{"KKGNHHIFAMD":203800,"nameTextMapHash":3397577098,"descTextMapHash":310650770,"PIJICPMEBIP":10000038,"jsonName":"","isDefault":true,"NGEMPNOFHLJ":"","sideIconName":""},{"KKGNHHIFAMD":203900,"nameTextMapHash":2364432618,"descTextMapHash":670221618,"PIJICPMEBIP":10000039,"jsonName":"","isDefault":true,"NGEMPNOFHLJ":"","sideIconName":""},{"KKGNHHIFAMD":204100,"nameTextMapHash":4029369362,"descTextMapHash":871545986,"PIJICPMEBIP":10000041,"jsonName":"","isDefault":true,"NGEMPNOFHLJ":"","sideIconName":"","KLIEMOFNOOA":true},{"KKGNHHIFAMD":204200,"nameTextMapHash":3714413314,"descTextMapHash":1992333442,"PIJICPMEBIP":10000042,"jsonName":"","isDefault":true,"NGEMPNOFHLJ":"","sideIconName":""},{"KKGNHHIFAMD":204300,"nameTextMapHash":3529210914,"descTextMapHash":4118239546,"PIJICPMEBIP":10000043,"jsonName":"","isDefault":true,"NGEMPNOFHLJ":"","sideIconName":""},{"KKGNHHIFAMD":204400,"nameTextMapHash":2768155290,"descTextMapHash":678376738,"PIJICPMEBIP":10000044,"jsonName":"","isDefault":true,"NGEMPNOFHLJ":"","sideIconName":""},{"KKGNHHIFAMD":204500,"nameTextMapHash":772899890,"descTextMapHash":4067539010,"PIJICPMEBIP":10000045,"jsonName":"","isDefault":true,"NGEMPNOFHLJ":"","sideIconName":"","KLIEMOFNOOA":true},{"KKGNHHIFAMD":204600,"nameTextMapHash":626284674,"descTextMapHash":1186495122,"PIJICPMEBIP":10000046,"jsonName":"","isDefault":true,"NGEMPNOFHLJ":"","sideIconName":""},{"KKGNHHIFAMD":204700,"nameTextMapHash":3355624658,"descTextMapHash":973274738,"PIJICPMEBIP":10000047,"jsonName":"","isDefault":true,"NGEMPNOFHLJ":"","sideIconName":""},{"KKGNHHIFAMD":204800,"nameTextMapHash":258962178,"descTextMapHash":3070176786,"PIJICPMEBIP":10000048,"jsonName":"","isDefault":true,"NGEMPNOFHLJ":"","sideIconName":""},{"KKGNHHIFAMD":204900,"nameTextMapHash":2353136394,"descTextMapHash":984351202,"PIJICPMEBIP":10000049,"jsonName":"","isDefault":true,"NGEMPNOFHLJ":"","sideIconName":""},{"KKGNHHIFAMD":205000,"nameTextMapHash":2040879098,"descTextMapHash":1458439730,"PIJICPMEBIP":10000050,"jsonName":"","isDefault":true,"NGEMPNOFHLJ":"","sideIconName":""},{"KKGNHHIFAMD":205100,"nameTextMapHash":301314714,"descTextMapHash":1419139450,"PIJICPMEBIP":10000051,"jsonName":"","isDefault":true,"NGEMPNOFHLJ":"","sideIconName":""},{"KKGNHHIFAMD":205200,"nameTextMapHash":2377779762,"descTextMapHash":3412149506,"PIJICPMEBIP":10000052,"jsonName":"","isDefault":true,"NGEMPNOFHLJ":"","sideIconName":""},{"KKGNHHIFAMD":205300,"nameTextMapHash":4048306346,"descTextMapHash":2144597778,"PIJICPMEBIP":10000053,"jsonName":"","isDefault":true,"NGEMPNOFHLJ":"","sideIconName":""},{"KKGNHHIFAMD":205400,"nameTextMapHash":2786415650,"descTextMapHash":3173668642,"PIJICPMEBIP":10000054,"jsonName":"","isDefault":true,"NGEMPNOFHLJ":"","sideIconName":""},{"KKGNHHIFAMD":205500,"nameTextMapHash":3561880386,"descTextMapHash":990939858,"PIJICPMEBIP":10000055,"jsonName":"","isDefault":true,"NGEMPNOFHLJ":"","sideIconName":""},{"KKGNHHIFAMD":205600,"nameTextMapHash":382710810,"descTextMapHash":1024066610,"PIJICPMEBIP":10000056,"jsonName":"","isDefault":true,"NGEMPNOFHLJ":"","sideIconName":""},{"KKGNHHIFAMD":205700,"nameTextMapHash":2006093914,"descTextMapHash":4146650074,"PIJICPMEBIP":10000057,"jsonName":"","isDefault":true,"NGEMPNOFHLJ":"","sideIconName":""},{"KKGNHHIFAMD":205800,"nameTextMapHash":1295363218,"descTextMapHash":3314678434,"PIJICPMEBIP":10000058,"jsonName":"","isDefault":true,"NGEMPNOFHLJ":"","sideIconName":""},{"KKGNHHIFAMD":205900,"nameTextMapHash":4029103562,"descTextMapHash":3182680786,"PIJICPMEBIP":10000059,"jsonName":"","isDefault":true,"NGEMPNOFHLJ":"","sideIconName":""},{"KKGNHHIFAMD":206000,"nameTextMapHash":2196179842,"descTextMapHash":3407589218,"PIJICPMEBIP":10000060,"jsonName":"","isDefault":true,"NGEMPNOFHLJ":"","sideIconName":""},{"KKGNHHIFAMD":206100,"nameTextMapHash":2136989794,"descTextMapHash":1963076906,"PIJICPMEBIP":10000061,"jsonName":"","isDefault":true,"NGEMPNOFHLJ":"","sideIconName":""},{"KKGNHHIFAMD":206200,"nameTextMapHash":3429415730,"descTextMapHash":271842858,"PIJICPMEBIP":10000062,"jsonName":"","isDefault":true,"NGEMPNOFHLJ":"","sideIconName":""},{"KKGNHHIFAMD":206300,"nameTextMapHash":3671207274,"descTextMapHash":3625334322,"PIJICPMEBIP":10000063,"jsonName":"","isDefault":true,"NGEMPNOFHLJ":"","sideIconName":""},{"KKGNHHIFAMD":206400,"nameTextMapHash":2433262890,"descTextMapHash":1261799770,"PIJICPMEBIP":10000064,"jsonName":"","isDefault":true,"NGEMPNOFHLJ":"","sideIconName":""},{"KKGNHHIFAMD":206500,"nameTextMapHash":3245276834,"descTextMapHash":3036913898,"PIJICPMEBIP":10000065,"jsonName":"","isDefault":true,"NGEMPNOFHLJ":"","sideIconName":""},{"KKGNHHIFAMD":206600,"nameTextMapHash":3109032026,"descTextMapHash":3093997674,"PIJICPMEBIP":10000066,"jsonName":"","isDefault":true,"NGEMPNOFHLJ":"","sideIconName":""},{"KKGNHHIFAMD":206700,"nameTextMapHash":3135223450,"descTextMapHash":2308150714,"PIJICPMEBIP":10000067,"jsonName":"","isDefault":true,"NGEMPNOFHLJ":"","sideIconName":""},{"KKGNHHIFAMD":206800,"nameTextMapHash":3617396594,"descTextMapHash":1616648506,"PIJICPMEBIP":10000068,"jsonName":"","isDefault":true,"NGEMPNOFHLJ":"","sideIconName":""},{"KKGNHHIFAMD":206900,"nameTextMapHash":1106979266,"descTextMapHash":510932922,"PIJICPMEBIP":10000069,"jsonName":"","isDefault":true,"NGEMPNOFHLJ":"","sideIconName":""},{"KKGNHHIFAMD":207000,"nameTextMapHash":3647756106,"descTextMapHash":1078022994,"PIJICPMEBIP":10000070,"jsonName":"","isDefault":true,"NGEMPNOFHLJ":"","sideIconName":""},{"KKGNHHIFAMD":207100,"nameTextMapHash":3913661394,"descTextMapHash":1864424082,"PIJICPMEBIP":10000071,"jsonName":"","isDefault":true,"NGEMPNOFHLJ":"","sideIconName":""},{"KKGNHHIFAMD":207200,"nameTextMapHash":2665843154,"descTextMapHash":2067286834,"PIJICPMEBIP":10000072,"jsonName":"","isDefault":true,"NGEMPNOFHLJ":"","sideIconName":""},{"KKGNHHIFAMD":207300,"nameTextMapHash":2005565242,"descTextMapHash":2151511386,"PIJICPMEBIP":10000073,"jsonName":"","isDefault":true,"NGEMPNOFHLJ":"","sideIconName":""},{"KKGNHHIFAMD":207400,"nameTextMapHash":1128331378,"descTextMapHash":3853124810,"PIJICPMEBIP":10000074,"jsonName":"","isDefault":true,"NGEMPNOFHLJ":"","sideIconName":""},{"KKGNHHIFAMD":207500,"nameTextMapHash":4005813530,"descTextMapHash":3246746458,"PIJICPMEBIP":10000075,"jsonName":"","isDefault":true,"NGEMPNOFHLJ":"","sideIconName":""},{"KKGNHHIFAMD":207600,"nameTextMapHash":1487058818,"descTextMapHash":3487496106,"PIJICPMEBIP":10000076,"jsonName":"","isDefault":true,"NGEMPNOFHLJ":"","sideIconName":""},{"KKGNHHIFAMD":207700,"nameTextMapHash":1664916426,"descTextMapHash":3911845442,"PIJICPMEBIP":10000077,"jsonName":"","isDefault":true,"NGEMPNOFHLJ":"","sideIconName":""},{"KKGNHHIFAMD":207800,"nameTextMapHash":3349227426,"descTextMapHash":39198106,"PIJICPMEBIP":10000078,"jsonName":"","isDefault":true,"NGEMPNOFHLJ":"","sideIconName":""},{"KKGNHHIFAMD":207900,"nameTextMapHash":4041199642,"descTextMapHash":140684002,"PIJICPMEBIP":10000079,"jsonName":"","isDefault":true,"NGEMPNOFHLJ":"","sideIconName":""},{"KKGNHHIFAMD":208000,"nameTextMapHash":423812362,"descTextMapHash":3777257866,"PIJICPMEBIP":10000080,"jsonName":"","isDefault":true,"NGEMPNOFHLJ":"","sideIconName":""},{"KKGNHHIFAMD":208100,"nameTextMapHash":2460471634,"descTextMapHash":3875251706,"PIJICPMEBIP":10000081,"jsonName":"","isDefault":true,"NGEMPNOFHLJ":"","sideIconName":""},{"KKGNHHIFAMD":208200,"nameTextMapHash":3539582602,"descTextMapHash":260008858,"PIJICPMEBIP":10000082,"jsonName":"","isDefault":true,"NGEMPNOFHLJ":"","sideIconName":""}]