{"101":{"attackModeSkill":0,"talentStarName":"","GALNBPJFAHI":0,"id":101,"energySkill":10014,"subSkills":[10300,10101,10102,10001],"IHAHAINHGLF":"None","KECIENNNCDD":0,"skillDepotAbilityGroup":"","leaderTalent":0,"inherentProudSkillOpens":[{"needAvatarPromoteLevel":0,"proudSkillGroupId":0},{"needAvatarPromoteLevel":0,"proudSkillGroupId":0},{"needAvatarPromoteLevel":0,"proudSkillGroupId":0},{"needAvatarPromoteLevel":0,"proudSkillGroupId":0},{"needAvatarPromoteLevel":0,"proudSkillGroupId":0}],"skills":[10011,10012,0,0],"talents":[0,0,0,0,0,0],"extraAbilities":["","",""],"PPPGIOHPFFB":0},"201":{"attackModeSkill":0,"talentStarName":"Talent_Ayaka","GALNBPJFAHI":0,"id":201,"energySkill":10019,"subSkills":[10020,10021,10052,10053,10111,10001,5002010],"IHAHAINHGLF":"None","KECIENNNCDD":0,"skillDepotAbilityGroup":"","leaderTalent":211,"inherentProudSkillOpens":[{"needAvatarPromoteLevel":1,"proudSkillGroupId":221},{"needAvatarPromoteLevel":4,"proudSkillGroupId":222},{"needAvatarPromoteLevel":0,"proudSkillGroupId":223},{"needAvatarPromoteLevel":0,"proudSkillGroupId":0},{"needAvatarPromoteLevel":0,"proudSkillGroupId":0}],"skills":[10024,10018,10013,0],"talents":[21,22,23,24,25,26],"extraAbilities":["","",""],"PPPGIOHPFFB":0},"301":{"attackModeSkill":0,"talentStarName":"Talent_Qin","GALNBPJFAHI":0,"id":301,"energySkill":10034,"subSkills":[10101,10001,10102,5003010],"IHAHAINHGLF":"None","KECIENNNCDD":0,"skillDepotAbilityGroup":"","leaderTalent":1300,"inherentProudSkillOpens":[{"needAvatarPromoteLevel":1,"proudSkillGroupId":321},{"needAvatarPromoteLevel":4,"proudSkillGroupId":322},{"needAvatarPromoteLevel":0,"proudSkillGroupId":323},{"needAvatarPromoteLevel":0,"proudSkillGroupId":0},{"needAvatarPromoteLevel":0,"proudSkillGroupId":0}],"skills":[10031,10033,0,0],"talents":[31,32,33,34,35,36],"extraAbilities":["","",""],"PPPGIOHPFFB":0},"501":{"attackModeSkill":0,"talentStarName":"","GALNBPJFAHI":0,"id":501,"energySkill":0,"subSkills":[10035,10101,10001,10102,5005010],"IHAHAINHGLF":"None","KECIENNNCDD":0,"skillDepotAbilityGroup":"Avatar_Player_AbilityGroup_Boy_Common","leaderTalent":0,"inherentProudSkillOpens":[{"needAvatarPromoteLevel":0,"proudSkillGroupId":0},{"needAvatarPromoteLevel":0,"proudSkillGroupId":0},{"needAvatarPromoteLevel":0,"proudSkillGroupId":0},{"needAvatarPromoteLevel":0,"proudSkillGroupId":0},{"needAvatarPromoteLevel":0,"proudSkillGroupId":0}],"skills":[100540,0,0,0],"talents":[0,0,0,0,0,0],"extraAbilities":["","",""],"PPPGIOHPFFB":0},"502":{"attackModeSkill":0,"talentStarName":"Talent_PlayerBoy_Fire","GALNBPJFAHI":0,"id":502,"energySkill":10098,"subSkills":[10001,10054,5005010,10099],"IHAHAINHGLF":"None","KECIENNNCDD":0,"skillDepotAbilityGroup":"Avatar_Player_AbilityGroup_Boy_Fire","leaderTalent":0,"inherentProudSkillOpens":[{"needAvatarPromoteLevel":1,"proudSkillGroupId":521},{"needAvatarPromoteLevel":4,"proudSkillGroupId":522},{"needAvatarPromoteLevel":0,"proudSkillGroupId":0},{"needAvatarPromoteLevel":0,"proudSkillGroupId":0},{"needAvatarPromoteLevel":0,"proudSkillGroupId":0}],"skills":[100541,10097,0,0],"talents":[51,52,53,54,55,56],"extraAbilities":["","",""],"PPPGIOHPFFB":0},"503":{"attackModeSkill":0,"talentStarName":"Talent_PlayerBoy_Water","GALNBPJFAHI":0,"id":503,"energySkill":10088,"subSkills":[10001,10054,5005010],"IHAHAINHGLF":"Ousia","KECIENNNCDD":0,"skillDepotAbilityGroup":"Avatar_Player_AbilityGroup_Boy_Water","leaderTalent":0,"inherentProudSkillOpens":[{"needAvatarPromoteLevel":1,"proudSkillGroupId":621},{"needAvatarPromoteLevel":4,"proudSkillGroupId":622},{"needAvatarPromoteLevel":0,"proudSkillGroupId":0},{"needAvatarPromoteLevel":0,"proudSkillGroupId":0},{"needAvatarPromoteLevel":0,"proudSkillGroupId":0}],"skills":[100542,10087,0,0],"talents":[61,62,63,64,65,66],"extraAbilities":["","",""],"PPPGIOHPFFB":0},"504":{"attackModeSkill":0,"talentStarName":"Talent_PlayerBoy_Wind","GALNBPJFAHI":0,"id":504,"energySkill":10068,"subSkills":[10101,10001,10102,10006,5005010],"IHAHAINHGLF":"None","KECIENNNCDD":0,"skillDepotAbilityGroup":"Avatar_Player_AbilityGroup_Boy_Wind","leaderTalent":1481,"inherentProudSkillOpens":[{"needAvatarPromoteLevel":1,"proudSkillGroupId":721},{"needAvatarPromoteLevel":4,"proudSkillGroupId":722},{"needAvatarPromoteLevel":0,"proudSkillGroupId":0},{"needAvatarPromoteLevel":0,"proudSkillGroupId":0},{"needAvatarPromoteLevel":0,"proudSkillGroupId":0}],"skills":[100543,10067,0,0],"talents":[71,72,73,74,75,76],"extraAbilities":["","",""],"PPPGIOHPFFB":0},"505":{"attackModeSkill":0,"talentStarName":"Talent_PlayerBoy_Ice","GALNBPJFAHI":0,"id":505,"energySkill":0,"subSkills":[10101,10001,10102,10054,5005010],"IHAHAINHGLF":"None","KECIENNNCDD":0,"skillDepotAbilityGroup":"","leaderTalent":0,"inherentProudSkillOpens":[{"needAvatarPromoteLevel":0,"proudSkillGroupId":0},{"needAvatarPromoteLevel":0,"proudSkillGroupId":0},{"needAvatarPromoteLevel":0,"proudSkillGroupId":0},{"needAvatarPromoteLevel":0,"proudSkillGroupId":0},{"needAvatarPromoteLevel":0,"proudSkillGroupId":0}],"skills":[100544,0,0,0],"talents":[0,0,0,0,0,0],"extraAbilities":["","",""],"PPPGIOHPFFB":0},"506":{"attackModeSkill":0,"talentStarName":"Talent_PlayerBoy_Rock","GALNBPJFAHI":0,"id":506,"energySkill":10078,"subSkills":[10101,10001,10102,5005010],"IHAHAINHGLF":"None","KECIENNNCDD":0,"skillDepotAbilityGroup":"Avatar_Player_AbilityGroup_Boy_Rock","leaderTalent":1641,"inherentProudSkillOpens":[{"needAvatarPromoteLevel":1,"proudSkillGroupId":921},{"needAvatarPromoteLevel":4,"proudSkillGroupId":922},{"needAvatarPromoteLevel":0,"proudSkillGroupId":0},{"needAvatarPromoteLevel":0,"proudSkillGroupId":0},{"needAvatarPromoteLevel":0,"proudSkillGroupId":0}],"skills":[100545,10077,0,0],"talents":[91,92,93,94,95,96],"extraAbilities":["","",""],"PPPGIOHPFFB":0},"507":{"attackModeSkill":0,"talentStarName":"Talent_PlayerBoy_Electric","GALNBPJFAHI":0,"id":507,"energySkill":10605,"subSkills":[10001,10054,5005010],"IHAHAINHGLF":"None","KECIENNNCDD":0,"skillDepotAbilityGroup":"Avatar_Player_AbilityGroup_Boy_Electric","leaderTalent":0,"inherentProudSkillOpens":[{"needAvatarPromoteLevel":1,"proudSkillGroupId":1021},{"needAvatarPromoteLevel":4,"proudSkillGroupId":1022},{"needAvatarPromoteLevel":0,"proudSkillGroupId":0},{"needAvatarPromoteLevel":0,"proudSkillGroupId":0},{"needAvatarPromoteLevel":0,"proudSkillGroupId":0}],"skills":[100546,10602,0,0],"talents":[101,102,103,104,105,106],"extraAbilities":["","",""],"PPPGIOHPFFB":0},"508":{"attackModeSkill":0,"talentStarName":"Talent_PlayerBoy_Grass","GALNBPJFAHI":0,"id":508,"energySkill":10118,"subSkills":[10001,10054,5005010],"IHAHAINHGLF":"None","KECIENNNCDD":0,"skillDepotAbilityGroup":"Avatar_Player_AbilityGroup_Boy_Grass","leaderTalent":0,"inherentProudSkillOpens":[{"needAvatarPromoteLevel":1,"proudSkillGroupId":1121},{"needAvatarPromoteLevel":4,"proudSkillGroupId":1122},{"needAvatarPromoteLevel":0,"proudSkillGroupId":0},{"needAvatarPromoteLevel":0,"proudSkillGroupId":0},{"needAvatarPromoteLevel":0,"proudSkillGroupId":0}],"skills":[100547,10117,0,0],"talents":[111,112,113,114,115,116],"extraAbilities":["","",""],"PPPGIOHPFFB":0},"601":{"attackModeSkill":0,"talentStarName":"Talent_Lisa","GALNBPJFAHI":0,"id":601,"energySkill":10062,"subSkills":[10101,10102,10003,5006010],"IHAHAINHGLF":"None","KECIENNNCDD":0,"skillDepotAbilityGroup":"","leaderTalent":1100,"inherentProudSkillOpens":[{"needAvatarPromoteLevel":1,"proudSkillGroupId":421},{"needAvatarPromoteLevel":4,"proudSkillGroupId":422},{"needAvatarPromoteLevel":0,"proudSkillGroupId":423},{"needAvatarPromoteLevel":0,"proudSkillGroupId":0},{"needAvatarPromoteLevel":0,"proudSkillGroupId":0}],"skills":[10060,10061,0,0],"talents":[41,42,43,44,45,46],"extraAbilities":["","",""],"PPPGIOHPFFB":0},"701":{"attackModeSkill":0,"talentStarName":"","GALNBPJFAHI":0,"id":701,"energySkill":0,"subSkills":[10035,10101,10001,10102,5007010],"IHAHAINHGLF":"None","KECIENNNCDD":0,"skillDepotAbilityGroup":"Avatar_Player_AbilityGroup_Girl_Common","leaderTalent":0,"inherentProudSkillOpens":[{"needAvatarPromoteLevel":0,"proudSkillGroupId":0},{"needAvatarPromoteLevel":0,"proudSkillGroupId":0},{"needAvatarPromoteLevel":0,"proudSkillGroupId":0},{"needAvatarPromoteLevel":0,"proudSkillGroupId":0},{"needAvatarPromoteLevel":0,"proudSkillGroupId":0}],"skills":[100550,0,0,0],"talents":[0,0,0,0,0,0],"extraAbilities":["","",""],"PPPGIOHPFFB":0},"702":{"attackModeSkill":0,"talentStarName":"Talent_PlayerGirl_Fire","GALNBPJFAHI":0,"id":702,"energySkill":10098,"subSkills":[10001,10055,5007010,10096],"IHAHAINHGLF":"None","KECIENNNCDD":0,"skillDepotAbilityGroup":"Avatar_Player_AbilityGroup_Girl_Fire","leaderTalent":0,"inherentProudSkillOpens":[{"needAvatarPromoteLevel":1,"proudSkillGroupId":521},{"needAvatarPromoteLevel":4,"proudSkillGroupId":522},{"needAvatarPromoteLevel":0,"proudSkillGroupId":0},{"needAvatarPromoteLevel":0,"proudSkillGroupId":0},{"needAvatarPromoteLevel":0,"proudSkillGroupId":0}],"skills":[100551,10097,0,0],"talents":[51,52,53,54,55,56],"extraAbilities":["","",""],"PPPGIOHPFFB":0},"703":{"attackModeSkill":0,"talentStarName":"Talent_PlayerGirl_Water","GALNBPJFAHI":0,"id":703,"energySkill":10088,"subSkills":[10001,10055,5007010],"IHAHAINHGLF":"Ousia","KECIENNNCDD":0,"skillDepotAbilityGroup":"Avatar_Player_AbilityGroup_Girl_Water","leaderTalent":0,"inherentProudSkillOpens":[{"needAvatarPromoteLevel":1,"proudSkillGroupId":621},{"needAvatarPromoteLevel":4,"proudSkillGroupId":622},{"needAvatarPromoteLevel":0,"proudSkillGroupId":0},{"needAvatarPromoteLevel":0,"proudSkillGroupId":0},{"needAvatarPromoteLevel":0,"proudSkillGroupId":0}],"skills":[100552,10087,0,0],"talents":[61,62,63,64,65,66],"extraAbilities":["","",""],"PPPGIOHPFFB":0},"704":{"attackModeSkill":0,"talentStarName":"Talent_PlayerGirl_Wind","GALNBPJFAHI":0,"id":704,"energySkill":10068,"subSkills":[10101,10001,10102,10006,5007010],"IHAHAINHGLF":"None","KECIENNNCDD":0,"skillDepotAbilityGroup":"Avatar_Player_AbilityGroup_Girl_Wind","leaderTalent":1481,"inherentProudSkillOpens":[{"needAvatarPromoteLevel":1,"proudSkillGroupId":721},{"needAvatarPromoteLevel":4,"proudSkillGroupId":722},{"needAvatarPromoteLevel":0,"proudSkillGroupId":0},{"needAvatarPromoteLevel":0,"proudSkillGroupId":0},{"needAvatarPromoteLevel":0,"proudSkillGroupId":0}],"skills":[100553,10067,0,0],"talents":[71,72,73,74,75,76],"extraAbilities":["","",""],"PPPGIOHPFFB":0},"705":{"attackModeSkill":0,"talentStarName":"Talent_PlayerGirl_Ice","GALNBPJFAHI":0,"id":705,"energySkill":0,"subSkills":[10101,10001,10102,10055,5007010],"IHAHAINHGLF":"None","KECIENNNCDD":0,"skillDepotAbilityGroup":"","leaderTalent":0,"inherentProudSkillOpens":[{"needAvatarPromoteLevel":0,"proudSkillGroupId":0},{"needAvatarPromoteLevel":0,"proudSkillGroupId":0},{"needAvatarPromoteLevel":0,"proudSkillGroupId":0},{"needAvatarPromoteLevel":0,"proudSkillGroupId":0},{"needAvatarPromoteLevel":0,"proudSkillGroupId":0}],"skills":[100554,0,0,0],"talents":[0,0,0,0,0,0],"extraAbilities":["","",""],"PPPGIOHPFFB":0},"706":{"attackModeSkill":0,"talentStarName":"Talent_PlayerGirl_Rock","GALNBPJFAHI":0,"id":706,"energySkill":10078,"subSkills":[10101,10001,10102,5007010],"IHAHAINHGLF":"None","KECIENNNCDD":0,"skillDepotAbilityGroup":"Avatar_Player_AbilityGroup_Girl_Rock","leaderTalent":1641,"inherentProudSkillOpens":[{"needAvatarPromoteLevel":1,"proudSkillGroupId":921},{"needAvatarPromoteLevel":4,"proudSkillGroupId":922},{"needAvatarPromoteLevel":0,"proudSkillGroupId":0},{"needAvatarPromoteLevel":0,"proudSkillGroupId":0},{"needAvatarPromoteLevel":0,"proudSkillGroupId":0}],"skills":[100555,10077,0,0],"talents":[91,92,93,94,95,96],"extraAbilities":["","",""],"PPPGIOHPFFB":0},"707":{"attackModeSkill":0,"talentStarName":"Talent_PlayerGirl_Electric","GALNBPJFAHI":0,"id":707,"energySkill":10605,"subSkills":[10001,10055,5007010],"IHAHAINHGLF":"None","KECIENNNCDD":0,"skillDepotAbilityGroup":"Avatar_Player_AbilityGroup_Girl_Electric","leaderTalent":0,"inherentProudSkillOpens":[{"needAvatarPromoteLevel":1,"proudSkillGroupId":1021},{"needAvatarPromoteLevel":4,"proudSkillGroupId":1022},{"needAvatarPromoteLevel":0,"proudSkillGroupId":0},{"needAvatarPromoteLevel":0,"proudSkillGroupId":0},{"needAvatarPromoteLevel":0,"proudSkillGroupId":0}],"skills":[100556,10602,0,0],"talents":[101,102,103,104,105,106],"extraAbilities":["","",""],"PPPGIOHPFFB":0},"708":{"attackModeSkill":0,"talentStarName":"Talent_PlayerGirl_Grass","GALNBPJFAHI":0,"id":708,"energySkill":10118,"subSkills":[10001,10055,5007010],"IHAHAINHGLF":"None","KECIENNNCDD":0,"skillDepotAbilityGroup":"Avatar_Player_AbilityGroup_Girl_Grass","leaderTalent":0,"inherentProudSkillOpens":[{"needAvatarPromoteLevel":1,"proudSkillGroupId":1121},{"needAvatarPromoteLevel":4,"proudSkillGroupId":1122},{"needAvatarPromoteLevel":0,"proudSkillGroupId":0},{"needAvatarPromoteLevel":0,"proudSkillGroupId":0},{"needAvatarPromoteLevel":0,"proudSkillGroupId":0}],"skills":[100557,10117,0,0],"talents":[111,112,113,114,115,116],"extraAbilities":["","",""],"PPPGIOHPFFB":0},"1401":{"attackModeSkill":0,"talentStarName":"Talent_Barbara","GALNBPJFAHI":0,"id":1401,"energySkill":10072,"subSkills":[10076,10079,10080,10101,10102,10003,5014010],"IHAHAINHGLF":"None","KECIENNNCDD":0,"skillDepotAbilityGroup":"","leaderTalent":1560,"inherentProudSkillOpens":[{"needAvatarPromoteLevel":1,"proudSkillGroupId":1421},{"needAvatarPromoteLevel":4,"proudSkillGroupId":1422},{"needAvatarPromoteLevel":0,"proudSkillGroupId":1423},{"needAvatarPromoteLevel":0,"proudSkillGroupId":0},{"needAvatarPromoteLevel":0,"proudSkillGroupId":0}],"skills":[10070,10071,0,0],"talents":[141,142,143,144,145,146],"extraAbilities":["","",""],"PPPGIOHPFFB":0},"1501":{"attackModeSkill":0,"talentStarName":"Talent_Kaeya","GALNBPJFAHI":0,"id":1501,"energySkill":10075,"subSkills":[10081,10101,10001,10102,5015010],"IHAHAINHGLF":"None","KECIENNNCDD":0,"skillDepotAbilityGroup":"","leaderTalent":1050,"inherentProudSkillOpens":[{"needAvatarPromoteLevel":1,"proudSkillGroupId":1521},{"needAvatarPromoteLevel":4,"proudSkillGroupId":1522},{"needAvatarPromoteLevel":0,"proudSkillGroupId":1523},{"needAvatarPromoteLevel":0,"proudSkillGroupId":0},{"needAvatarPromoteLevel":0,"proudSkillGroupId":0}],"skills":[10073,10074,0,0],"talents":[151,152,153,154,155,156],"extraAbilities":["","",""],"PPPGIOHPFFB":0},"1601":{"attackModeSkill":0,"talentStarName":"Talent_Diluc","GALNBPJFAHI":0,"id":1601,"energySkill":10165,"subSkills":[10162,10163,10101,10102,5016010],"IHAHAINHGLF":"None","KECIENNNCDD":0,"skillDepotAbilityGroup":"","leaderTalent":1400,"inherentProudSkillOpens":[{"needAvatarPromoteLevel":1,"proudSkillGroupId":1621},{"needAvatarPromoteLevel":4,"proudSkillGroupId":1622},{"needAvatarPromoteLevel":0,"proudSkillGroupId":1623},{"needAvatarPromoteLevel":0,"proudSkillGroupId":0},{"needAvatarPromoteLevel":0,"proudSkillGroupId":0}],"skills":[10160,10161,0,0],"talents":[161,162,163,164,165,166],"extraAbilities":["","",""],"PPPGIOHPFFB":0},"2001":{"attackModeSkill":0,"talentStarName":"Talent_Razor","GALNBPJFAHI":0,"id":2001,"energySkill":10203,"subSkills":[10204,10101,10102,5020010],"IHAHAINHGLF":"None","KECIENNNCDD":0,"skillDepotAbilityGroup":"","leaderTalent":2011,"inherentProudSkillOpens":[{"needAvatarPromoteLevel":1,"proudSkillGroupId":2021},{"needAvatarPromoteLevel":4,"proudSkillGroupId":2022},{"needAvatarPromoteLevel":0,"proudSkillGroupId":2023},{"needAvatarPromoteLevel":0,"proudSkillGroupId":0},{"needAvatarPromoteLevel":0,"proudSkillGroupId":0}],"skills":[10201,10202,0,0],"talents":[201,202,203,204,205,206],"extraAbilities":["","",""],"PPPGIOHPFFB":0},"2101":{"attackModeSkill":20000,"talentStarName":"Talent_Ambor","GALNBPJFAHI":0,"id":2101,"energySkill":10017,"subSkills":[10042,10043,10211,10101,10102,5021010],"IHAHAINHGLF":"None","KECIENNNCDD":0,"skillDepotAbilityGroup":"","leaderTalent":1000,"inherentProudSkillOpens":[{"needAvatarPromoteLevel":1,"proudSkillGroupId":2121},{"needAvatarPromoteLevel":4,"proudSkillGroupId":2122},{"needAvatarPromoteLevel":0,"proudSkillGroupId":2123},{"needAvatarPromoteLevel":0,"proudSkillGroupId":0},{"needAvatarPromoteLevel":0,"proudSkillGroupId":0}],"skills":[10041,10032,0,0],"talents":[211,212,213,214,215,216],"extraAbilities":["","",""],"PPPGIOHPFFB":0},"2201":{"attackModeSkill":20000,"talentStarName":"Talent_Venti","GALNBPJFAHI":0,"id":2201,"energySkill":10225,"subSkills":[10222,10223,10101,10102,5022010],"IHAHAINHGLF":"None","KECIENNNCDD":0,"skillDepotAbilityGroup":"","leaderTalent":2211,"inherentProudSkillOpens":[{"needAvatarPromoteLevel":1,"proudSkillGroupId":2221},{"needAvatarPromoteLevel":4,"proudSkillGroupId":2222},{"needAvatarPromoteLevel":0,"proudSkillGroupId":2223},{"needAvatarPromoteLevel":0,"proudSkillGroupId":0},{"needAvatarPromoteLevel":0,"proudSkillGroupId":0}],"skills":[10221,10224,0,0],"talents":[221,222,223,224,225,226],"extraAbilities":["","",""],"PPPGIOHPFFB":0},"2301":{"attackModeSkill":0,"talentStarName":"Talent_Xiangling","GALNBPJFAHI":0,"id":2301,"energySkill":10235,"subSkills":[10101,10002,10102,5023010],"IHAHAINHGLF":"None","KECIENNNCDD":0,"skillDepotAbilityGroup":"","leaderTalent":2311,"inherentProudSkillOpens":[{"needAvatarPromoteLevel":1,"proudSkillGroupId":2321},{"needAvatarPromoteLevel":4,"proudSkillGroupId":2322},{"needAvatarPromoteLevel":0,"proudSkillGroupId":2323},{"needAvatarPromoteLevel":0,"proudSkillGroupId":0},{"needAvatarPromoteLevel":0,"proudSkillGroupId":0}],"skills":[10231,10232,0,0],"talents":[231,232,233,234,235,236],"extraAbilities":["","",""],"PPPGIOHPFFB":0},"2401":{"attackModeSkill":0,"talentStarName":"Talent_Beidou","GALNBPJFAHI":0,"id":2401,"energySkill":10245,"subSkills":[10101,10102,5024010],"IHAHAINHGLF":"None","KECIENNNCDD":0,"skillDepotAbilityGroup":"","leaderTalent":0,"inherentProudSkillOpens":[{"needAvatarPromoteLevel":1,"proudSkillGroupId":2421},{"needAvatarPromoteLevel":4,"proudSkillGroupId":2422},{"needAvatarPromoteLevel":0,"proudSkillGroupId":2423},{"needAvatarPromoteLevel":0,"proudSkillGroupId":0},{"needAvatarPromoteLevel":0,"proudSkillGroupId":0}],"skills":[10241,10242,0,0],"talents":[241,242,243,244,245,246],"extraAbilities":["","",""],"PPPGIOHPFFB":0},"2501":{"attackModeSkill":0,"talentStarName":"Talent_Xingqiu","GALNBPJFAHI":0,"id":2501,"energySkill":10385,"subSkills":[10101,10102,10001,5025010],"IHAHAINHGLF":"None","KECIENNNCDD":0,"skillDepotAbilityGroup":"","leaderTalent":0,"inherentProudSkillOpens":[{"needAvatarPromoteLevel":1,"proudSkillGroupId":2521},{"needAvatarPromoteLevel":4,"proudSkillGroupId":2522},{"needAvatarPromoteLevel":0,"proudSkillGroupId":2523},{"needAvatarPromoteLevel":0,"proudSkillGroupId":0},{"needAvatarPromoteLevel":0,"proudSkillGroupId":0}],"skills":[10381,10382,0,0],"talents":[251,252,253,254,255,256],"extraAbilities":["","",""],"PPPGIOHPFFB":0},"2601":{"attackModeSkill":0,"talentStarName":"Talent_Xiao","GALNBPJFAHI":0,"id":2601,"energySkill":10265,"subSkills":[10101,10102,10002,10263,10264],"IHAHAINHGLF":"None","KECIENNNCDD":0,"skillDepotAbilityGroup":"","leaderTalent":0,"inherentProudSkillOpens":[{"needAvatarPromoteLevel":1,"proudSkillGroupId":2621},{"needAvatarPromoteLevel":4,"proudSkillGroupId":2622},{"needAvatarPromoteLevel":0,"proudSkillGroupId":2623},{"needAvatarPromoteLevel":0,"proudSkillGroupId":0},{"needAvatarPromoteLevel":0,"proudSkillGroupId":0}],"skills":[10261,10262,0,0],"talents":[261,262,263,264,265,266],"extraAbilities":["","",""],"PPPGIOHPFFB":0},"2701":{"attackModeSkill":0,"talentStarName":"Talent_Ningguang","GALNBPJFAHI":0,"id":2701,"energySkill":10274,"subSkills":[10101,10102,10003,10273,10275,5027010],"IHAHAINHGLF":"None","KECIENNNCDD":0,"skillDepotAbilityGroup":"","leaderTalent":0,"inherentProudSkillOpens":[{"needAvatarPromoteLevel":1,"proudSkillGroupId":2721},{"needAvatarPromoteLevel":4,"proudSkillGroupId":2722},{"needAvatarPromoteLevel":0,"proudSkillGroupId":2723},{"needAvatarPromoteLevel":0,"proudSkillGroupId":0},{"needAvatarPromoteLevel":0,"proudSkillGroupId":0}],"skills":[10271,10272,0,0],"talents":[271,272,273,274,275,276],"extraAbilities":["","",""],"PPPGIOHPFFB":0},"2901":{"attackModeSkill":0,"talentStarName":"Talent_Klee","GALNBPJFAHI":0,"id":2901,"energySkill":10295,"subSkills":[10300,10101,10102,10003,5029010],"IHAHAINHGLF":"None","KECIENNNCDD":0,"skillDepotAbilityGroup":"","leaderTalent":0,"inherentProudSkillOpens":[{"needAvatarPromoteLevel":1,"proudSkillGroupId":2921},{"needAvatarPromoteLevel":4,"proudSkillGroupId":2922},{"needAvatarPromoteLevel":0,"proudSkillGroupId":2923},{"needAvatarPromoteLevel":0,"proudSkillGroupId":0},{"needAvatarPromoteLevel":0,"proudSkillGroupId":0}],"skills":[10291,10292,0,0],"talents":[291,292,293,294,295,296],"extraAbilities":["","",""],"PPPGIOHPFFB":0},"3001":{"attackModeSkill":0,"talentStarName":"Talent_Zhongli","GALNBPJFAHI":0,"id":3001,"energySkill":10303,"subSkills":[10101,10102,10002,5030010],"IHAHAINHGLF":"None","KECIENNNCDD":0,"skillDepotAbilityGroup":"","leaderTalent":0,"inherentProudSkillOpens":[{"needAvatarPromoteLevel":1,"proudSkillGroupId":3021},{"needAvatarPromoteLevel":4,"proudSkillGroupId":3022},{"needAvatarPromoteLevel":0,"proudSkillGroupId":3023},{"needAvatarPromoteLevel":0,"proudSkillGroupId":0},{"needAvatarPromoteLevel":0,"proudSkillGroupId":0}],"skills":[10301,10302,0,0],"talents":[301,302,303,304,305,306],"extraAbilities":["","",""],"PPPGIOHPFFB":0},"3101":{"attackModeSkill":20000,"talentStarName":"Talent_Fischl","GALNBPJFAHI":0,"id":3101,"energySkill":10313,"subSkills":[10314,10315,10316,10101,10102,5031010],"IHAHAINHGLF":"None","KECIENNNCDD":0,"skillDepotAbilityGroup":"","leaderTalent":0,"inherentProudSkillOpens":[{"needAvatarPromoteLevel":1,"proudSkillGroupId":3121},{"needAvatarPromoteLevel":4,"proudSkillGroupId":3122},{"needAvatarPromoteLevel":0,"proudSkillGroupId":3123},{"needAvatarPromoteLevel":0,"proudSkillGroupId":0},{"needAvatarPromoteLevel":0,"proudSkillGroupId":0}],"skills":[10311,10312,0,0],"talents":[311,312,313,314,315,316],"extraAbilities":["","",""],"PPPGIOHPFFB":0},"3201":{"attackModeSkill":0,"talentStarName":"Talent_Bennett","GALNBPJFAHI":0,"id":3201,"energySkill":10323,"subSkills":[10101,10102,10001,5032010],"IHAHAINHGLF":"None","KECIENNNCDD":0,"skillDepotAbilityGroup":"","leaderTalent":0,"inherentProudSkillOpens":[{"needAvatarPromoteLevel":1,"proudSkillGroupId":3221},{"needAvatarPromoteLevel":4,"proudSkillGroupId":3222},{"needAvatarPromoteLevel":0,"proudSkillGroupId":3223},{"needAvatarPromoteLevel":0,"proudSkillGroupId":0},{"needAvatarPromoteLevel":0,"proudSkillGroupId":0}],"skills":[10321,10322,0,0],"talents":[321,322,323,324,325,326],"extraAbilities":["","",""],"PPPGIOHPFFB":0},"3301":{"attackModeSkill":20000,"talentStarName":"Talent_Tartaglia","GALNBPJFAHI":0,"id":3301,"energySkill":10333,"subSkills":[10334,10335,10336,10337,10101,10102,10001,5033010],"IHAHAINHGLF":"None","KECIENNNCDD":0,"skillDepotAbilityGroup":"","leaderTalent":0,"inherentProudSkillOpens":[{"needAvatarPromoteLevel":1,"proudSkillGroupId":3321},{"needAvatarPromoteLevel":4,"proudSkillGroupId":3322},{"needAvatarPromoteLevel":0,"proudSkillGroupId":3323},{"needAvatarPromoteLevel":0,"proudSkillGroupId":0},{"needAvatarPromoteLevel":0,"proudSkillGroupId":0}],"skills":[10331,10332,0,0],"talents":[331,332,333,334,335,336],"extraAbilities":["","",""],"PPPGIOHPFFB":0},"3401":{"attackModeSkill":0,"talentStarName":"Talent_Noel","GALNBPJFAHI":0,"id":3401,"energySkill":10343,"subSkills":[10344,10101,10102,5034010],"IHAHAINHGLF":"None","KECIENNNCDD":0,"skillDepotAbilityGroup":"","leaderTalent":0,"inherentProudSkillOpens":[{"needAvatarPromoteLevel":1,"proudSkillGroupId":3421},{"needAvatarPromoteLevel":4,"proudSkillGroupId":3422},{"needAvatarPromoteLevel":0,"proudSkillGroupId":3423},{"needAvatarPromoteLevel":0,"proudSkillGroupId":0},{"needAvatarPromoteLevel":0,"proudSkillGroupId":0}],"skills":[10341,10342,0,0],"talents":[341,342,343,344,345,346],"extraAbilities":["","",""],"PPPGIOHPFFB":0},"3501":{"attackModeSkill":0,"talentStarName":"Talent_Qiqi","GALNBPJFAHI":0,"id":3501,"energySkill":10353,"subSkills":[10101,10102,10355,10001,5035010],"IHAHAINHGLF":"None","KECIENNNCDD":0,"skillDepotAbilityGroup":"","leaderTalent":0,"inherentProudSkillOpens":[{"needAvatarPromoteLevel":1,"proudSkillGroupId":3521},{"needAvatarPromoteLevel":4,"proudSkillGroupId":3522},{"needAvatarPromoteLevel":0,"proudSkillGroupId":3523},{"needAvatarPromoteLevel":0,"proudSkillGroupId":0},{"needAvatarPromoteLevel":0,"proudSkillGroupId":0}],"skills":[10351,10352,0,0],"talents":[351,352,353,354,355,356],"extraAbilities":["","",""],"PPPGIOHPFFB":0},"3601":{"attackModeSkill":0,"talentStarName":"Talent_Chongyun","GALNBPJFAHI":0,"id":3601,"energySkill":10403,"subSkills":[10101,10102,5036010],"IHAHAINHGLF":"None","KECIENNNCDD":0,"skillDepotAbilityGroup":"","leaderTalent":0,"inherentProudSkillOpens":[{"needAvatarPromoteLevel":1,"proudSkillGroupId":3621},{"needAvatarPromoteLevel":4,"proudSkillGroupId":3622},{"needAvatarPromoteLevel":0,"proudSkillGroupId":3623},{"needAvatarPromoteLevel":0,"proudSkillGroupId":0},{"needAvatarPromoteLevel":0,"proudSkillGroupId":0}],"skills":[10401,10402,0,0],"talents":[361,362,363,364,365,366],"extraAbilities":["","",""],"PPPGIOHPFFB":0},"3701":{"attackModeSkill":20000,"talentStarName":"Talent_Ganyu","GALNBPJFAHI":0,"id":3701,"energySkill":10373,"subSkills":[10374,10101,10102,5037010],"IHAHAINHGLF":"None","KECIENNNCDD":0,"skillDepotAbilityGroup":"","leaderTalent":0,"inherentProudSkillOpens":[{"needAvatarPromoteLevel":1,"proudSkillGroupId":3721},{"needAvatarPromoteLevel":4,"proudSkillGroupId":3722},{"needAvatarPromoteLevel":0,"proudSkillGroupId":3723},{"needAvatarPromoteLevel":0,"proudSkillGroupId":0},{"needAvatarPromoteLevel":0,"proudSkillGroupId":0}],"skills":[10371,10372,0,0],"talents":[371,372,373,374,375,376],"extraAbilities":["","",""],"PPPGIOHPFFB":0},"3801":{"attackModeSkill":0,"talentStarName":"Talent_Albedo","GALNBPJFAHI":0,"id":3801,"energySkill":10388,"subSkills":[10101,10102,5038010,10001],"IHAHAINHGLF":"None","KECIENNNCDD":0,"skillDepotAbilityGroup":"","leaderTalent":0,"inherentProudSkillOpens":[{"needAvatarPromoteLevel":1,"proudSkillGroupId":3821},{"needAvatarPromoteLevel":4,"proudSkillGroupId":3822},{"needAvatarPromoteLevel":0,"proudSkillGroupId":3823},{"needAvatarPromoteLevel":0,"proudSkillGroupId":0},{"needAvatarPromoteLevel":0,"proudSkillGroupId":0}],"skills":[10386,10387,0,0],"talents":[381,382,383,384,385,386],"extraAbilities":["","",""],"PPPGIOHPFFB":0},"3901":{"attackModeSkill":20000,"talentStarName":"Talent_Diona","GALNBPJFAHI":0,"id":3901,"energySkill":10395,"subSkills":[10101,10102,10393,10394,5039010],"IHAHAINHGLF":"None","KECIENNNCDD":0,"skillDepotAbilityGroup":"","leaderTalent":0,"inherentProudSkillOpens":[{"needAvatarPromoteLevel":1,"proudSkillGroupId":3921},{"needAvatarPromoteLevel":4,"proudSkillGroupId":3922},{"needAvatarPromoteLevel":0,"proudSkillGroupId":3923},{"needAvatarPromoteLevel":0,"proudSkillGroupId":0},{"needAvatarPromoteLevel":0,"proudSkillGroupId":0}],"skills":[10391,10392,0,0],"talents":[391,392,393,394,395,396],"extraAbilities":["","",""],"PPPGIOHPFFB":0},"4101":{"attackModeSkill":0,"talentStarName":"Talent_Mona","GALNBPJFAHI":0,"id":4101,"energySkill":10415,"subSkills":[10101,10102,10003,5041010],"IHAHAINHGLF":"None","KECIENNNCDD":0,"skillDepotAbilityGroup":"","leaderTalent":0,"inherentProudSkillOpens":[{"needAvatarPromoteLevel":1,"proudSkillGroupId":4121},{"needAvatarPromoteLevel":4,"proudSkillGroupId":4122},{"needAvatarPromoteLevel":0,"proudSkillGroupId":4123},{"needAvatarPromoteLevel":0,"proudSkillGroupId":0},{"needAvatarPromoteLevel":0,"proudSkillGroupId":0}],"skills":[10411,10412,10413,0],"talents":[411,412,413,414,415,416],"extraAbilities":["","",""],"PPPGIOHPFFB":0},"4201":{"attackModeSkill":0,"talentStarName":"Talent_Keqing","GALNBPJFAHI":0,"id":4201,"energySkill":10425,"subSkills":[10001,10101,10102,10423,5042010],"IHAHAINHGLF":"None","KECIENNNCDD":0,"skillDepotAbilityGroup":"","leaderTalent":0,"inherentProudSkillOpens":[{"needAvatarPromoteLevel":1,"proudSkillGroupId":4221},{"needAvatarPromoteLevel":4,"proudSkillGroupId":4222},{"needAvatarPromoteLevel":0,"proudSkillGroupId":4223},{"needAvatarPromoteLevel":0,"proudSkillGroupId":0},{"needAvatarPromoteLevel":0,"proudSkillGroupId":0}],"skills":[10421,10422,0,0],"talents":[421,422,423,424,425,426],"extraAbilities":["","",""],"PPPGIOHPFFB":0},"4301":{"attackModeSkill":0,"talentStarName":"Talent_Sucrose","GALNBPJFAHI":0,"id":4301,"energySkill":10435,"subSkills":[10101,10102,10003,10433,5043010],"IHAHAINHGLF":"None","KECIENNNCDD":0,"skillDepotAbilityGroup":"","leaderTalent":0,"inherentProudSkillOpens":[{"needAvatarPromoteLevel":1,"proudSkillGroupId":4321},{"needAvatarPromoteLevel":4,"proudSkillGroupId":4322},{"needAvatarPromoteLevel":0,"proudSkillGroupId":4323},{"needAvatarPromoteLevel":0,"proudSkillGroupId":0},{"needAvatarPromoteLevel":0,"proudSkillGroupId":0}],"skills":[10431,10432,0,0],"talents":[431,432,433,434,435,436],"extraAbilities":["","",""],"PPPGIOHPFFB":0},"4401":{"attackModeSkill":0,"talentStarName":"Talent_Xinyan","GALNBPJFAHI":0,"id":4401,"energySkill":10443,"subSkills":[10101,10102,5044010],"IHAHAINHGLF":"None","KECIENNNCDD":0,"skillDepotAbilityGroup":"","leaderTalent":0,"inherentProudSkillOpens":[{"needAvatarPromoteLevel":1,"proudSkillGroupId":4421},{"needAvatarPromoteLevel":4,"proudSkillGroupId":4422},{"needAvatarPromoteLevel":0,"proudSkillGroupId":4423},{"needAvatarPromoteLevel":0,"proudSkillGroupId":0},{"needAvatarPromoteLevel":0,"proudSkillGroupId":0}],"skills":[10441,10442,0,0],"talents":[441,442,443,444,445,446],"extraAbilities":["","",""],"PPPGIOHPFFB":0},"4501":{"attackModeSkill":0,"talentStarName":"Talent_Rosaria","GALNBPJFAHI":0,"id":4501,"energySkill":10453,"subSkills":[10101,10102,10002,5045010],"IHAHAINHGLF":"None","KECIENNNCDD":0,"skillDepotAbilityGroup":"","leaderTalent":0,"inherentProudSkillOpens":[{"needAvatarPromoteLevel":1,"proudSkillGroupId":4521},{"needAvatarPromoteLevel":4,"proudSkillGroupId":4522},{"needAvatarPromoteLevel":0,"proudSkillGroupId":4523},{"needAvatarPromoteLevel":0,"proudSkillGroupId":0},{"needAvatarPromoteLevel":0,"proudSkillGroupId":0}],"skills":[10451,10452,0,0],"talents":[451,452,453,454,455,456],"extraAbilities":["","",""],"PPPGIOHPFFB":0},"4601":{"attackModeSkill":0,"talentStarName":"Talent_Hutao","GALNBPJFAHI":0,"id":4601,"energySkill":10463,"subSkills":[10101,10002,10102,10464,5046010],"IHAHAINHGLF":"None","KECIENNNCDD":0,"skillDepotAbilityGroup":"","leaderTalent":0,"inherentProudSkillOpens":[{"needAvatarPromoteLevel":1,"proudSkillGroupId":4621},{"needAvatarPromoteLevel":4,"proudSkillGroupId":4622},{"needAvatarPromoteLevel":0,"proudSkillGroupId":4623},{"needAvatarPromoteLevel":0,"proudSkillGroupId":0},{"needAvatarPromoteLevel":0,"proudSkillGroupId":0}],"skills":[10461,10462,0,0],"talents":[461,462,463,464,465,466],"extraAbilities":["","",""],"PPPGIOHPFFB":0},"4701":{"attackModeSkill":0,"talentStarName":"Talent_Kazuha","GALNBPJFAHI":0,"id":4701,"energySkill":10475,"subSkills":[10101,10102,10001,10473,10474,5047010],"IHAHAINHGLF":"None","KECIENNNCDD":0,"skillDepotAbilityGroup":"","leaderTalent":0,"inherentProudSkillOpens":[{"needAvatarPromoteLevel":1,"proudSkillGroupId":4721},{"needAvatarPromoteLevel":4,"proudSkillGroupId":4722},{"needAvatarPromoteLevel":0,"proudSkillGroupId":4723},{"needAvatarPromoteLevel":0,"proudSkillGroupId":0},{"needAvatarPromoteLevel":0,"proudSkillGroupId":0}],"skills":[10471,10472,0,0],"talents":[471,472,473,474,475,476],"extraAbilities":["","",""],"PPPGIOHPFFB":0},"4801":{"attackModeSkill":0,"talentStarName":"Talent_Feiyan","GALNBPJFAHI":0,"id":4801,"energySkill":10485,"subSkills":[10101,10102,10003,10473,5048010],"IHAHAINHGLF":"None","KECIENNNCDD":0,"skillDepotAbilityGroup":"","leaderTalent":0,"inherentProudSkillOpens":[{"needAvatarPromoteLevel":1,"proudSkillGroupId":4821},{"needAvatarPromoteLevel":4,"proudSkillGroupId":4822},{"needAvatarPromoteLevel":0,"proudSkillGroupId":4823},{"needAvatarPromoteLevel":0,"proudSkillGroupId":0},{"needAvatarPromoteLevel":0,"proudSkillGroupId":0}],"skills":[10481,10482,0,0],"talents":[481,482,483,484,485,486],"extraAbilities":["","",""],"PPPGIOHPFFB":0},"4901":{"attackModeSkill":20000,"talentStarName":"Talent_Yoimiya","GALNBPJFAHI":0,"id":4901,"energySkill":10495,"subSkills":[10493,5049010],"IHAHAINHGLF":"None","KECIENNNCDD":0,"skillDepotAbilityGroup":"","leaderTalent":0,"inherentProudSkillOpens":[{"needAvatarPromoteLevel":1,"proudSkillGroupId":4921},{"needAvatarPromoteLevel":4,"proudSkillGroupId":4922},{"needAvatarPromoteLevel":0,"proudSkillGroupId":4923},{"needAvatarPromoteLevel":0,"proudSkillGroupId":0},{"needAvatarPromoteLevel":0,"proudSkillGroupId":0}],"skills":[10491,10492,0,0],"talents":[491,492,493,494,495,496],"extraAbilities":["","",""],"PPPGIOHPFFB":0},"5001":{"attackModeSkill":0,"talentStarName":"Talent_Tohma","GALNBPJFAHI":0,"id":5001,"energySkill":10505,"subSkills":[10002,5050010],"IHAHAINHGLF":"None","KECIENNNCDD":0,"skillDepotAbilityGroup":"","leaderTalent":0,"inherentProudSkillOpens":[{"needAvatarPromoteLevel":1,"proudSkillGroupId":5021},{"needAvatarPromoteLevel":4,"proudSkillGroupId":5022},{"needAvatarPromoteLevel":0,"proudSkillGroupId":5023},{"needAvatarPromoteLevel":0,"proudSkillGroupId":0},{"needAvatarPromoteLevel":0,"proudSkillGroupId":0}],"skills":[10501,10502,0,0],"talents":[501,502,503,504,505,506],"extraAbilities":["","",""],"PPPGIOHPFFB":0},"5101":{"attackModeSkill":0,"talentStarName":"Talent_Eula","GALNBPJFAHI":0,"id":5101,"energySkill":10515,"subSkills":[10101,10102,5051010],"IHAHAINHGLF":"None","KECIENNNCDD":0,"skillDepotAbilityGroup":"","leaderTalent":0,"inherentProudSkillOpens":[{"needAvatarPromoteLevel":1,"proudSkillGroupId":5121},{"needAvatarPromoteLevel":4,"proudSkillGroupId":5122},{"needAvatarPromoteLevel":0,"proudSkillGroupId":5123},{"needAvatarPromoteLevel":0,"proudSkillGroupId":0},{"needAvatarPromoteLevel":0,"proudSkillGroupId":0}],"skills":[10511,10512,0,0],"talents":[511,512,513,514,515,516],"extraAbilities":["","",""],"PPPGIOHPFFB":0},"5201":{"attackModeSkill":0,"talentStarName":"Talent_Shougun","GALNBPJFAHI":0,"id":5201,"energySkill":10525,"subSkills":[10001,10002,5052010],"IHAHAINHGLF":"None","KECIENNNCDD":0,"skillDepotAbilityGroup":"","leaderTalent":0,"inherentProudSkillOpens":[{"needAvatarPromoteLevel":1,"proudSkillGroupId":5221},{"needAvatarPromoteLevel":4,"proudSkillGroupId":5222},{"needAvatarPromoteLevel":0,"proudSkillGroupId":5223},{"needAvatarPromoteLevel":0,"proudSkillGroupId":0},{"needAvatarPromoteLevel":0,"proudSkillGroupId":5225}],"skills":[10521,10522,0,0],"talents":[521,522,523,524,525,526],"extraAbilities":["","",""],"PPPGIOHPFFB":0},"5301":{"attackModeSkill":0,"talentStarName":"Talent_Sayu","GALNBPJFAHI":0,"id":5301,"energySkill":10535,"subSkills":[10533,5053010],"IHAHAINHGLF":"None","KECIENNNCDD":0,"skillDepotAbilityGroup":"","leaderTalent":0,"inherentProudSkillOpens":[{"needAvatarPromoteLevel":1,"proudSkillGroupId":5321},{"needAvatarPromoteLevel":4,"proudSkillGroupId":5322},{"needAvatarPromoteLevel":0,"proudSkillGroupId":5323},{"needAvatarPromoteLevel":0,"proudSkillGroupId":0},{"needAvatarPromoteLevel":0,"proudSkillGroupId":0}],"skills":[10531,10532,0,0],"talents":[531,532,533,534,535,536],"extraAbilities":["","",""],"PPPGIOHPFFB":0},"5401":{"attackModeSkill":0,"talentStarName":"Talent_Kokomi","GALNBPJFAHI":0,"id":5401,"energySkill":10545,"subSkills":[10003,5054010],"IHAHAINHGLF":"None","KECIENNNCDD":0,"skillDepotAbilityGroup":"","leaderTalent":0,"inherentProudSkillOpens":[{"needAvatarPromoteLevel":1,"proudSkillGroupId":5421},{"needAvatarPromoteLevel":4,"proudSkillGroupId":5422},{"needAvatarPromoteLevel":0,"proudSkillGroupId":5423},{"needAvatarPromoteLevel":0,"proudSkillGroupId":0},{"needAvatarPromoteLevel":0,"proudSkillGroupId":5425}],"skills":[10541,10542,0,0],"talents":[541,542,543,544,545,546],"extraAbilities":["","",""],"PPPGIOHPFFB":0},"5501":{"attackModeSkill":20000,"talentStarName":"Talent_Gorou","GALNBPJFAHI":0,"id":5501,"energySkill":10555,"subSkills":[10553,10554,5055010],"IHAHAINHGLF":"None","KECIENNNCDD":0,"skillDepotAbilityGroup":"","leaderTalent":0,"inherentProudSkillOpens":[{"needAvatarPromoteLevel":1,"proudSkillGroupId":5521},{"needAvatarPromoteLevel":4,"proudSkillGroupId":5522},{"needAvatarPromoteLevel":0,"proudSkillGroupId":5523},{"needAvatarPromoteLevel":0,"proudSkillGroupId":0},{"needAvatarPromoteLevel":0,"proudSkillGroupId":0}],"skills":[10551,10552,0,0],"talents":[551,552,553,554,555,556],"extraAbilities":["","",""],"PPPGIOHPFFB":0},"5601":{"attackModeSkill":20000,"talentStarName":"Talent_Sara","GALNBPJFAHI":0,"id":5601,"energySkill":10565,"subSkills":[10563,10564,5056010],"IHAHAINHGLF":"None","KECIENNNCDD":0,"skillDepotAbilityGroup":"","leaderTalent":0,"inherentProudSkillOpens":[{"needAvatarPromoteLevel":1,"proudSkillGroupId":5621},{"needAvatarPromoteLevel":4,"proudSkillGroupId":5622},{"needAvatarPromoteLevel":0,"proudSkillGroupId":5623},{"needAvatarPromoteLevel":0,"proudSkillGroupId":0},{"needAvatarPromoteLevel":0,"proudSkillGroupId":0}],"skills":[10561,10562,0,0],"talents":[561,562,563,564,565,566],"extraAbilities":["","",""],"PPPGIOHPFFB":0},"5701":{"attackModeSkill":0,"talentStarName":"Talent_Itto","GALNBPJFAHI":0,"id":5701,"energySkill":10575,"subSkills":[10004,10102,5057010],"IHAHAINHGLF":"None","KECIENNNCDD":0,"skillDepotAbilityGroup":"","leaderTalent":0,"inherentProudSkillOpens":[{"needAvatarPromoteLevel":1,"proudSkillGroupId":5721},{"needAvatarPromoteLevel":4,"proudSkillGroupId":5722},{"needAvatarPromoteLevel":0,"proudSkillGroupId":5723},{"needAvatarPromoteLevel":0,"proudSkillGroupId":0},{"needAvatarPromoteLevel":0,"proudSkillGroupId":0}],"skills":[10571,10572,0,0],"talents":[571,572,573,574,575,576],"extraAbilities":["","",""],"PPPGIOHPFFB":0},"5801":{"attackModeSkill":0,"talentStarName":"Talent_Yae","GALNBPJFAHI":0,"id":5801,"energySkill":10585,"subSkills":[10583,10003,5058010],"IHAHAINHGLF":"None","KECIENNNCDD":0,"skillDepotAbilityGroup":"","leaderTalent":0,"inherentProudSkillOpens":[{"needAvatarPromoteLevel":1,"proudSkillGroupId":5821},{"needAvatarPromoteLevel":4,"proudSkillGroupId":5822},{"needAvatarPromoteLevel":0,"proudSkillGroupId":5823},{"needAvatarPromoteLevel":0,"proudSkillGroupId":0},{"needAvatarPromoteLevel":0,"proudSkillGroupId":0}],"skills":[10581,10582,0,0],"talents":[581,582,583,584,585,586],"extraAbilities":["","",""],"PPPGIOHPFFB":0},"5901":{"attackModeSkill":0,"talentStarName":"Talent_Heizo","GALNBPJFAHI":0,"id":5901,"energySkill":10595,"subSkills":[10003,5059010],"IHAHAINHGLF":"None","KECIENNNCDD":0,"skillDepotAbilityGroup":"","leaderTalent":0,"inherentProudSkillOpens":[{"needAvatarPromoteLevel":1,"proudSkillGroupId":5921},{"needAvatarPromoteLevel":4,"proudSkillGroupId":5922},{"needAvatarPromoteLevel":0,"proudSkillGroupId":5923},{"needAvatarPromoteLevel":0,"proudSkillGroupId":0},{"needAvatarPromoteLevel":0,"proudSkillGroupId":0}],"skills":[10591,10592,0,0],"talents":[591,592,593,594,595,596],"extraAbilities":["","",""],"PPPGIOHPFFB":0},"6001":{"attackModeSkill":20000,"talentStarName":"Talent_Yelan","GALNBPJFAHI":0,"id":6001,"energySkill":10610,"subSkills":[10608,10609,5060010],"IHAHAINHGLF":"None","KECIENNNCDD":0,"skillDepotAbilityGroup":"","leaderTalent":0,"inherentProudSkillOpens":[{"needAvatarPromoteLevel":1,"proudSkillGroupId":6021},{"needAvatarPromoteLevel":4,"proudSkillGroupId":6022},{"needAvatarPromoteLevel":0,"proudSkillGroupId":6023},{"needAvatarPromoteLevel":0,"proudSkillGroupId":0},{"needAvatarPromoteLevel":0,"proudSkillGroupId":0}],"skills":[10606,10607,0,0],"talents":[601,602,603,604,605,606],"extraAbilities":["","",""],"PPPGIOHPFFB":0},"6101":{"attackModeSkill":0,"talentStarName":"Talent_Momoka","GALNBPJFAHI":0,"id":6101,"energySkill":10615,"subSkills":[10101,10102,10001,10613,5061010],"IHAHAINHGLF":"None","KECIENNNCDD":0,"skillDepotAbilityGroup":"","leaderTalent":0,"inherentProudSkillOpens":[{"needAvatarPromoteLevel":1,"proudSkillGroupId":6121},{"needAvatarPromoteLevel":4,"proudSkillGroupId":6122},{"needAvatarPromoteLevel":0,"proudSkillGroupId":6123},{"needAvatarPromoteLevel":0,"proudSkillGroupId":0},{"needAvatarPromoteLevel":0,"proudSkillGroupId":0}],"skills":[10611,10612,0,0],"talents":[611,612,613,614,615,616],"extraAbilities":["","",""],"PPPGIOHPFFB":0},"6201":{"attackModeSkill":20000,"talentStarName":"Talent_Aloy","GALNBPJFAHI":0,"id":6201,"energySkill":10625,"subSkills":[10623,10624,5062010],"IHAHAINHGLF":"None","KECIENNNCDD":0,"skillDepotAbilityGroup":"","leaderTalent":0,"inherentProudSkillOpens":[{"needAvatarPromoteLevel":1,"proudSkillGroupId":6221},{"needAvatarPromoteLevel":4,"proudSkillGroupId":6222},{"needAvatarPromoteLevel":0,"proudSkillGroupId":6223},{"needAvatarPromoteLevel":0,"proudSkillGroupId":0},{"needAvatarPromoteLevel":0,"proudSkillGroupId":0}],"skills":[10621,10622,0,0],"talents":[621,622,623,624,625,626],"extraAbilities":["","",""],"PPPGIOHPFFB":0},"6301":{"attackModeSkill":0,"talentStarName":"Talent_Shenhe","GALNBPJFAHI":0,"id":6301,"energySkill":10635,"subSkills":[10101,10102,10002,5063010],"IHAHAINHGLF":"None","KECIENNNCDD":0,"skillDepotAbilityGroup":"","leaderTalent":0,"inherentProudSkillOpens":[{"needAvatarPromoteLevel":1,"proudSkillGroupId":6321},{"needAvatarPromoteLevel":4,"proudSkillGroupId":6322},{"needAvatarPromoteLevel":0,"proudSkillGroupId":6323},{"needAvatarPromoteLevel":0,"proudSkillGroupId":0},{"needAvatarPromoteLevel":0,"proudSkillGroupId":0}],"skills":[10631,10632,0,0],"talents":[631,632,633,634,635,636],"extraAbilities":["","",""],"PPPGIOHPFFB":0},"6401":{"attackModeSkill":0,"talentStarName":"Talent_Yunjin","GALNBPJFAHI":0,"id":6401,"energySkill":10643,"subSkills":[10002,5064010],"IHAHAINHGLF":"None","KECIENNNCDD":0,"skillDepotAbilityGroup":"","leaderTalent":0,"inherentProudSkillOpens":[{"needAvatarPromoteLevel":1,"proudSkillGroupId":6421},{"needAvatarPromoteLevel":4,"proudSkillGroupId":6422},{"needAvatarPromoteLevel":0,"proudSkillGroupId":6423},{"needAvatarPromoteLevel":0,"proudSkillGroupId":0},{"needAvatarPromoteLevel":0,"proudSkillGroupId":0}],"skills":[10641,10642,0,0],"talents":[641,642,643,644,645,646],"extraAbilities":["","",""],"PPPGIOHPFFB":0},"6501":{"attackModeSkill":0,"talentStarName":"Talent_Shinobu","GALNBPJFAHI":0,"id":6501,"energySkill":10655,"subSkills":[10101,10102,10001,10656,10657,5065010],"IHAHAINHGLF":"None","KECIENNNCDD":0,"skillDepotAbilityGroup":"","leaderTalent":0,"inherentProudSkillOpens":[{"needAvatarPromoteLevel":1,"proudSkillGroupId":6521},{"needAvatarPromoteLevel":4,"proudSkillGroupId":6522},{"needAvatarPromoteLevel":0,"proudSkillGroupId":6523},{"needAvatarPromoteLevel":0,"proudSkillGroupId":0},{"needAvatarPromoteLevel":0,"proudSkillGroupId":0}],"skills":[10651,10652,0,0],"talents":[651,652,653,654,655,656],"extraAbilities":["","",""],"PPPGIOHPFFB":0},"6601":{"attackModeSkill":0,"talentStarName":"Talent_Ayato","GALNBPJFAHI":0,"id":6601,"energySkill":10665,"subSkills":[10001,10663,5066010],"IHAHAINHGLF":"None","KECIENNNCDD":0,"skillDepotAbilityGroup":"","leaderTalent":0,"inherentProudSkillOpens":[{"needAvatarPromoteLevel":1,"proudSkillGroupId":6621},{"needAvatarPromoteLevel":4,"proudSkillGroupId":6622},{"needAvatarPromoteLevel":0,"proudSkillGroupId":6623},{"needAvatarPromoteLevel":0,"proudSkillGroupId":0},{"needAvatarPromoteLevel":0,"proudSkillGroupId":0}],"skills":[10661,10662,0,0],"talents":[661,662,663,664,665,666],"extraAbilities":["","",""],"PPPGIOHPFFB":0},"6701":{"attackModeSkill":20000,"talentStarName":"Talent_Collei","GALNBPJFAHI":0,"id":6701,"energySkill":10675,"subSkills":[10674,5067010],"IHAHAINHGLF":"None","KECIENNNCDD":0,"skillDepotAbilityGroup":"","leaderTalent":0,"inherentProudSkillOpens":[{"needAvatarPromoteLevel":1,"proudSkillGroupId":6721},{"needAvatarPromoteLevel":4,"proudSkillGroupId":6722},{"needAvatarPromoteLevel":0,"proudSkillGroupId":6723},{"needAvatarPromoteLevel":0,"proudSkillGroupId":0},{"needAvatarPromoteLevel":0,"proudSkillGroupId":0}],"skills":[10671,10672,0,0],"talents":[671,672,673,674,675,676],"extraAbilities":["","",""],"PPPGIOHPFFB":0},"6801":{"attackModeSkill":0,"talentStarName":"Talent_Dori","GALNBPJFAHI":0,"id":6801,"energySkill":10685,"subSkills":[5068010],"IHAHAINHGLF":"None","KECIENNNCDD":0,"skillDepotAbilityGroup":"","leaderTalent":0,"inherentProudSkillOpens":[{"needAvatarPromoteLevel":1,"proudSkillGroupId":6821},{"needAvatarPromoteLevel":4,"proudSkillGroupId":6822},{"needAvatarPromoteLevel":0,"proudSkillGroupId":6823},{"needAvatarPromoteLevel":0,"proudSkillGroupId":0},{"needAvatarPromoteLevel":0,"proudSkillGroupId":0}],"skills":[10681,10682,0,0],"talents":[681,682,683,684,685,686],"extraAbilities":["","",""],"PPPGIOHPFFB":0},"6901":{"attackModeSkill":20000,"talentStarName":"Talent_Tighnari","GALNBPJFAHI":0,"id":6901,"energySkill":10695,"subSkills":[10693,5069010],"IHAHAINHGLF":"None","KECIENNNCDD":0,"skillDepotAbilityGroup":"","leaderTalent":0,"inherentProudSkillOpens":[{"needAvatarPromoteLevel":1,"proudSkillGroupId":6921},{"needAvatarPromoteLevel":4,"proudSkillGroupId":6922},{"needAvatarPromoteLevel":0,"proudSkillGroupId":6923},{"needAvatarPromoteLevel":0,"proudSkillGroupId":0},{"needAvatarPromoteLevel":0,"proudSkillGroupId":0}],"skills":[10691,10692,0,0],"talents":[691,692,693,694,695,696],"extraAbilities":["","",""],"PPPGIOHPFFB":0},"7001":{"attackModeSkill":0,"talentStarName":"Talent_Nilou","GALNBPJFAHI":0,"id":7001,"energySkill":10705,"subSkills":[10703,10704,10706,10707,10708,10001,10101,10102,5070010],"IHAHAINHGLF":"None","KECIENNNCDD":0,"skillDepotAbilityGroup":"","leaderTalent":0,"inherentProudSkillOpens":[{"needAvatarPromoteLevel":1,"proudSkillGroupId":7021},{"needAvatarPromoteLevel":4,"proudSkillGroupId":7022},{"needAvatarPromoteLevel":0,"proudSkillGroupId":7023},{"needAvatarPromoteLevel":0,"proudSkillGroupId":0},{"needAvatarPromoteLevel":0,"proudSkillGroupId":0}],"skills":[10701,10702,0,0],"talents":[701,702,703,704,705,706],"extraAbilities":["","",""],"PPPGIOHPFFB":0},"7101":{"attackModeSkill":0,"talentStarName":"Talent_Cyno","GALNBPJFAHI":0,"id":7101,"energySkill":10715,"subSkills":[10002,10713,5071010],"IHAHAINHGLF":"None","KECIENNNCDD":0,"skillDepotAbilityGroup":"","leaderTalent":0,"inherentProudSkillOpens":[{"needAvatarPromoteLevel":1,"proudSkillGroupId":7121},{"needAvatarPromoteLevel":4,"proudSkillGroupId":7122},{"needAvatarPromoteLevel":0,"proudSkillGroupId":7123},{"needAvatarPromoteLevel":0,"proudSkillGroupId":0},{"needAvatarPromoteLevel":0,"proudSkillGroupId":0}],"skills":[10711,10712,0,0],"talents":[711,712,713,714,715,716],"extraAbilities":["","",""],"PPPGIOHPFFB":0},"7201":{"attackModeSkill":0,"talentStarName":"Talent_Candace","GALNBPJFAHI":0,"id":7201,"energySkill":10725,"subSkills":[10002,5072010],"IHAHAINHGLF":"None","KECIENNNCDD":0,"skillDepotAbilityGroup":"","leaderTalent":0,"inherentProudSkillOpens":[{"needAvatarPromoteLevel":1,"proudSkillGroupId":7221},{"needAvatarPromoteLevel":4,"proudSkillGroupId":7222},{"needAvatarPromoteLevel":0,"proudSkillGroupId":7223},{"needAvatarPromoteLevel":0,"proudSkillGroupId":0},{"needAvatarPromoteLevel":0,"proudSkillGroupId":0}],"skills":[10721,10722,0,0],"talents":[721,722,723,724,725,726],"extraAbilities":["","",""],"PPPGIOHPFFB":0},"7301":{"attackModeSkill":0,"talentStarName":"Talent_Nahida","GALNBPJFAHI":0,"id":7301,"energySkill":10735,"subSkills":[10003,5073010],"IHAHAINHGLF":"None","KECIENNNCDD":0,"skillDepotAbilityGroup":"","leaderTalent":0,"inherentProudSkillOpens":[{"needAvatarPromoteLevel":1,"proudSkillGroupId":7321},{"needAvatarPromoteLevel":4,"proudSkillGroupId":7322},{"needAvatarPromoteLevel":0,"proudSkillGroupId":7323},{"needAvatarPromoteLevel":0,"proudSkillGroupId":0},{"needAvatarPromoteLevel":0,"proudSkillGroupId":0}],"skills":[10731,10732,0,0],"talents":[731,732,733,734,735,736],"extraAbilities":["","",""],"PPPGIOHPFFB":0},"7401":{"attackModeSkill":0,"talentStarName":"Talent_Layla","GALNBPJFAHI":0,"id":7401,"energySkill":10745,"subSkills":[10001,5074010],"IHAHAINHGLF":"None","KECIENNNCDD":0,"skillDepotAbilityGroup":"","leaderTalent":0,"inherentProudSkillOpens":[{"needAvatarPromoteLevel":1,"proudSkillGroupId":7421},{"needAvatarPromoteLevel":4,"proudSkillGroupId":7422},{"needAvatarPromoteLevel":0,"proudSkillGroupId":7423},{"needAvatarPromoteLevel":0,"proudSkillGroupId":0},{"needAvatarPromoteLevel":0,"proudSkillGroupId":0}],"skills":[10741,10742,0,0],"talents":[741,742,743,744,745,746],"extraAbilities":["","",""],"PPPGIOHPFFB":0},"7501":{"attackModeSkill":0,"talentStarName":"Talent_Wanderer","GALNBPJFAHI":0,"id":7501,"energySkill":10755,"subSkills":[10753,10756,10757,10758,10759,10750,10003,5075010],"IHAHAINHGLF":"None","KECIENNNCDD":0,"skillDepotAbilityGroup":"","leaderTalent":0,"inherentProudSkillOpens":[{"needAvatarPromoteLevel":1,"proudSkillGroupId":7521},{"needAvatarPromoteLevel":4,"proudSkillGroupId":7522},{"needAvatarPromoteLevel":0,"proudSkillGroupId":7523},{"needAvatarPromoteLevel":0,"proudSkillGroupId":0},{"needAvatarPromoteLevel":0,"proudSkillGroupId":0}],"skills":[10751,10752,0,0],"talents":[751,752,753,754,755,756],"extraAbilities":["","",""],"PPPGIOHPFFB":0},"7601":{"attackModeSkill":20000,"talentStarName":"Talent_Faruzan","GALNBPJFAHI":0,"id":7601,"energySkill":10765,"subSkills":[10764,10101,10102,5076010],"IHAHAINHGLF":"None","KECIENNNCDD":0,"skillDepotAbilityGroup":"","leaderTalent":0,"inherentProudSkillOpens":[{"needAvatarPromoteLevel":1,"proudSkillGroupId":7621},{"needAvatarPromoteLevel":4,"proudSkillGroupId":7622},{"needAvatarPromoteLevel":0,"proudSkillGroupId":7623},{"needAvatarPromoteLevel":0,"proudSkillGroupId":0},{"needAvatarPromoteLevel":0,"proudSkillGroupId":0}],"skills":[10761,10762,0,0],"talents":[761,762,763,764,765,766],"extraAbilities":["","",""],"PPPGIOHPFFB":0},"7701":{"attackModeSkill":0,"talentStarName":"Talent_Yaoyao","GALNBPJFAHI":0,"id":7701,"energySkill":10775,"subSkills":[10101,10102,10002,5077010],"IHAHAINHGLF":"None","KECIENNNCDD":0,"skillDepotAbilityGroup":"","leaderTalent":0,"inherentProudSkillOpens":[{"needAvatarPromoteLevel":1,"proudSkillGroupId":7721},{"needAvatarPromoteLevel":4,"proudSkillGroupId":7722},{"needAvatarPromoteLevel":0,"proudSkillGroupId":7723},{"needAvatarPromoteLevel":0,"proudSkillGroupId":0},{"needAvatarPromoteLevel":0,"proudSkillGroupId":0}],"skills":[10771,10772,0,0],"talents":[771,772,773,774,775,776],"extraAbilities":["","",""],"PPPGIOHPFFB":0},"7801":{"attackModeSkill":0,"talentStarName":"Talent_Alhatham","GALNBPJFAHI":0,"id":7801,"energySkill":10785,"subSkills":[10001,5078010],"IHAHAINHGLF":"None","KECIENNNCDD":0,"skillDepotAbilityGroup":"","leaderTalent":0,"inherentProudSkillOpens":[{"needAvatarPromoteLevel":1,"proudSkillGroupId":7821},{"needAvatarPromoteLevel":4,"proudSkillGroupId":7822},{"needAvatarPromoteLevel":0,"proudSkillGroupId":7823},{"needAvatarPromoteLevel":0,"proudSkillGroupId":0},{"needAvatarPromoteLevel":0,"proudSkillGroupId":0}],"skills":[10781,10782,0,0],"talents":[781,782,783,784,785,786],"extraAbilities":["","",""],"PPPGIOHPFFB":0},"7901":{"attackModeSkill":0,"talentStarName":"Talent_Dehya","GALNBPJFAHI":0,"id":7901,"energySkill":10795,"subSkills":[10004,10102,10793,10794,5079010],"IHAHAINHGLF":"None","KECIENNNCDD":0,"skillDepotAbilityGroup":"","leaderTalent":0,"inherentProudSkillOpens":[{"needAvatarPromoteLevel":1,"proudSkillGroupId":7921},{"needAvatarPromoteLevel":4,"proudSkillGroupId":7922},{"needAvatarPromoteLevel":0,"proudSkillGroupId":7923},{"needAvatarPromoteLevel":0,"proudSkillGroupId":0},{"needAvatarPromoteLevel":0,"proudSkillGroupId":0}],"skills":[10791,10792,0,0],"talents":[791,792,793,794,795,796],"extraAbilities":["","",""],"PPPGIOHPFFB":0},"8001":{"attackModeSkill":0,"talentStarName":"Talent_Mika","GALNBPJFAHI":0,"id":8001,"energySkill":10805,"subSkills":[10002,5080010],"IHAHAINHGLF":"None","KECIENNNCDD":0,"skillDepotAbilityGroup":"","leaderTalent":0,"inherentProudSkillOpens":[{"needAvatarPromoteLevel":1,"proudSkillGroupId":8021},{"needAvatarPromoteLevel":4,"proudSkillGroupId":8022},{"needAvatarPromoteLevel":0,"proudSkillGroupId":8023},{"needAvatarPromoteLevel":0,"proudSkillGroupId":0},{"needAvatarPromoteLevel":0,"proudSkillGroupId":0}],"skills":[10801,10802,0,0],"talents":[801,802,803,804,805,806],"extraAbilities":["","",""],"PPPGIOHPFFB":0},"8011":{"attackModeSkill":0,"talentStarName":"","GALNBPJFAHI":0,"id":8011,"energySkill":0,"subSkills":[],"IHAHAINHGLF":"None","KECIENNNCDD":0,"skillDepotAbilityGroup":"","leaderTalent":0,"inherentProudSkillOpens":[{"needAvatarPromoteLevel":0,"proudSkillGroupId":0},{"needAvatarPromoteLevel":0,"proudSkillGroupId":0},{"needAvatarPromoteLevel":0,"proudSkillGroupId":0},{"needAvatarPromoteLevel":0,"proudSkillGroupId":0},{"needAvatarPromoteLevel":0,"proudSkillGroupId":0}],"skills":[0,0,0,0],"talents":[0,0,0,0,0,0],"extraAbilities":["","",""],"PPPGIOHPFFB":0},"8101":{"attackModeSkill":0,"talentStarName":"Talent_Kaveh","GALNBPJFAHI":0,"id":8101,"energySkill":10815,"subSkills":[10004,10102,5081010],"IHAHAINHGLF":"None","KECIENNNCDD":0,"skillDepotAbilityGroup":"","leaderTalent":0,"inherentProudSkillOpens":[{"needAvatarPromoteLevel":1,"proudSkillGroupId":8121},{"needAvatarPromoteLevel":4,"proudSkillGroupId":8122},{"needAvatarPromoteLevel":0,"proudSkillGroupId":8123},{"needAvatarPromoteLevel":0,"proudSkillGroupId":0},{"needAvatarPromoteLevel":0,"proudSkillGroupId":0}],"skills":[10811,10812,0,0],"talents":[811,812,813,814,815,816],"extraAbilities":["","",""],"PPPGIOHPFFB":0},"8201":{"attackModeSkill":0,"talentStarName":"Talent_Baizhuer","GALNBPJFAHI":0,"id":8201,"energySkill":10825,"subSkills":[10003,5082010],"IHAHAINHGLF":"None","KECIENNNCDD":0,"skillDepotAbilityGroup":"","leaderTalent":0,"inherentProudSkillOpens":[{"needAvatarPromoteLevel":1,"proudSkillGroupId":8221},{"needAvatarPromoteLevel":4,"proudSkillGroupId":8222},{"needAvatarPromoteLevel":0,"proudSkillGroupId":8223},{"needAvatarPromoteLevel":0,"proudSkillGroupId":0},{"needAvatarPromoteLevel":0,"proudSkillGroupId":0}],"skills":[10821,10822,0,0],"talents":[821,822,823,824,825,826],"extraAbilities":["","",""],"PPPGIOHPFFB":0},"8301":{"attackModeSkill":0,"talentStarName":"Talent_Linette","GALNBPJFAHI":0,"id":8301,"energySkill":10835,"subSkills":[10833,10001,5083010],"IHAHAINHGLF":"Pneuma","KECIENNNCDD":0,"skillDepotAbilityGroup":"","leaderTalent":0,"inherentProudSkillOpens":[{"needAvatarPromoteLevel":1,"proudSkillGroupId":8321},{"needAvatarPromoteLevel":4,"proudSkillGroupId":8322},{"needAvatarPromoteLevel":0,"proudSkillGroupId":8323},{"needAvatarPromoteLevel":0,"proudSkillGroupId":0},{"needAvatarPromoteLevel":0,"proudSkillGroupId":0}],"skills":[10831,10832,0,0],"talents":[831,832,833,834,835,836],"extraAbilities":["","",""],"PPPGIOHPFFB":0},"8401":{"attackModeSkill":20000,"talentStarName":"Talent_Liney","GALNBPJFAHI":0,"id":8401,"energySkill":10845,"subSkills":[10843,10844,5084010],"IHAHAINHGLF":"Ousia","KECIENNNCDD":0,"skillDepotAbilityGroup":"","leaderTalent":0,"inherentProudSkillOpens":[{"needAvatarPromoteLevel":1,"proudSkillGroupId":8421},{"needAvatarPromoteLevel":4,"proudSkillGroupId":8422},{"needAvatarPromoteLevel":0,"proudSkillGroupId":8423},{"needAvatarPromoteLevel":0,"proudSkillGroupId":0},{"needAvatarPromoteLevel":0,"proudSkillGroupId":0}],"skills":[10841,10842,0,0],"talents":[841,842,843,844,845,846],"extraAbilities":["","",""],"PPPGIOHPFFB":0},"8501":{"attackModeSkill":0,"talentStarName":"Talent_Freminet","GALNBPJFAHI":0,"id":8501,"energySkill":10855,"subSkills":[10004,10853,10854,5085010],"IHAHAINHGLF":"Ousia","KECIENNNCDD":0,"skillDepotAbilityGroup":"","leaderTalent":0,"inherentProudSkillOpens":[{"needAvatarPromoteLevel":1,"proudSkillGroupId":8521},{"needAvatarPromoteLevel":4,"proudSkillGroupId":8522},{"needAvatarPromoteLevel":0,"proudSkillGroupId":8523},{"needAvatarPromoteLevel":0,"proudSkillGroupId":0},{"needAvatarPromoteLevel":0,"proudSkillGroupId":0}],"skills":[10851,10852,0,0],"talents":[851,852,853,854,855,856],"extraAbilities":["","",""],"PPPGIOHPFFB":0},"8601":{"attackModeSkill":0,"talentStarName":"Talent_Wriothesley","GALNBPJFAHI":0,"id":8601,"energySkill":10865,"subSkills":[10003,5086010],"IHAHAINHGLF":"Pneuma","KECIENNNCDD":0,"skillDepotAbilityGroup":"","leaderTalent":0,"inherentProudSkillOpens":[{"needAvatarPromoteLevel":1,"proudSkillGroupId":8621},{"needAvatarPromoteLevel":4,"proudSkillGroupId":8622},{"needAvatarPromoteLevel":0,"proudSkillGroupId":8623},{"needAvatarPromoteLevel":0,"proudSkillGroupId":0},{"needAvatarPromoteLevel":0,"proudSkillGroupId":0}],"skills":[10861,10862,0,0],"talents":[861,862,863,864,865,866],"extraAbilities":["","",""],"PPPGIOHPFFB":0},"8701":{"attackModeSkill":0,"talentStarName":"Talent_Neuvillette","GALNBPJFAHI":0,"id":8701,"energySkill":10875,"subSkills":[10003,5087010],"IHAHAINHGLF":"Ousia","KECIENNNCDD":0,"skillDepotAbilityGroup":"","leaderTalent":0,"inherentProudSkillOpens":[{"needAvatarPromoteLevel":1,"proudSkillGroupId":8721},{"needAvatarPromoteLevel":4,"proudSkillGroupId":8722},{"needAvatarPromoteLevel":0,"proudSkillGroupId":8723},{"needAvatarPromoteLevel":0,"proudSkillGroupId":0},{"needAvatarPromoteLevel":0,"proudSkillGroupId":0}],"skills":[10871,10872,0,0],"talents":[871,872,873,874,875,876],"extraAbilities":["","",""],"PPPGIOHPFFB":0},"8801":{"attackModeSkill":0,"talentStarName":"Talent_Charlotte","GALNBPJFAHI":0,"id":8801,"energySkill":10885,"subSkills":[10003,5088010],"IHAHAINHGLF":"Ousia","KECIENNNCDD":0,"skillDepotAbilityGroup":"","leaderTalent":0,"inherentProudSkillOpens":[{"needAvatarPromoteLevel":1,"proudSkillGroupId":8821},{"needAvatarPromoteLevel":4,"proudSkillGroupId":8822},{"needAvatarPromoteLevel":0,"proudSkillGroupId":8823},{"needAvatarPromoteLevel":0,"proudSkillGroupId":0},{"needAvatarPromoteLevel":0,"proudSkillGroupId":0}],"skills":[10881,10882,0,0],"talents":[881,882,883,884,885,886],"extraAbilities":["","",""],"PPPGIOHPFFB":0},"8901":{"attackModeSkill":0,"talentStarName":"Talent_Furina","GALNBPJFAHI":0,"id":8901,"energySkill":10895,"subSkills":[10001,5089010,10893],"IHAHAINHGLF":"Furina","KECIENNNCDD":0,"skillDepotAbilityGroup":"","leaderTalent":0,"inherentProudSkillOpens":[{"needAvatarPromoteLevel":1,"proudSkillGroupId":8921},{"needAvatarPromoteLevel":4,"proudSkillGroupId":8922},{"needAvatarPromoteLevel":0,"proudSkillGroupId":8923},{"needAvatarPromoteLevel":0,"proudSkillGroupId":0},{"needAvatarPromoteLevel":0,"proudSkillGroupId":0}],"skills":[10891,10892,0,0],"talents":[891,892,893,894,895,896],"extraAbilities":["","",""],"PPPGIOHPFFB":0},"9001":{"attackModeSkill":0,"talentStarName":"Talent_Chevreuse","GALNBPJFAHI":0,"id":9001,"energySkill":10905,"subSkills":[10002,5090010],"IHAHAINHGLF":"Pneuma","KECIENNNCDD":0,"skillDepotAbilityGroup":"","leaderTalent":0,"inherentProudSkillOpens":[{"needAvatarPromoteLevel":1,"proudSkillGroupId":9021},{"needAvatarPromoteLevel":4,"proudSkillGroupId":9022},{"needAvatarPromoteLevel":0,"proudSkillGroupId":9023},{"needAvatarPromoteLevel":0,"proudSkillGroupId":0},{"needAvatarPromoteLevel":0,"proudSkillGroupId":0}],"skills":[10901,10902,0,0],"talents":[901,902,903,904,905,906],"extraAbilities":["","",""],"PPPGIOHPFFB":0},"9011":{"attackModeSkill":0,"talentStarName":"","GALNBPJFAHI":0,"id":9011,"energySkill":0,"subSkills":[],"IHAHAINHGLF":"None","KECIENNNCDD":0,"skillDepotAbilityGroup":"","leaderTalent":0,"inherentProudSkillOpens":[{"needAvatarPromoteLevel":0,"proudSkillGroupId":0},{"needAvatarPromoteLevel":0,"proudSkillGroupId":0},{"needAvatarPromoteLevel":0,"proudSkillGroupId":0},{"needAvatarPromoteLevel":0,"proudSkillGroupId":0},{"needAvatarPromoteLevel":0,"proudSkillGroupId":0}],"skills":[0,0,0,0],"talents":[0,0,0,0,0,0],"extraAbilities":["","",""],"PPPGIOHPFFB":0},"9101":{"attackModeSkill":0,"talentStarName":"Talent_Navia","GALNBPJFAHI":0,"id":9101,"energySkill":10915,"subSkills":[10004,10102,5091010],"IHAHAINHGLF":"Pneuma","KECIENNNCDD":0,"skillDepotAbilityGroup":"","leaderTalent":0,"inherentProudSkillOpens":[{"needAvatarPromoteLevel":1,"proudSkillGroupId":9121},{"needAvatarPromoteLevel":4,"proudSkillGroupId":9122},{"needAvatarPromoteLevel":0,"proudSkillGroupId":9123},{"needAvatarPromoteLevel":0,"proudSkillGroupId":0},{"needAvatarPromoteLevel":0,"proudSkillGroupId":0}],"skills":[10911,10912,0,0],"talents":[911,912,913,914,915,916],"extraAbilities":["","",""],"PPPGIOHPFFB":0},"9201":{"attackModeSkill":0,"talentStarName":"Talent_Gaming","GALNBPJFAHI":0,"id":9201,"energySkill":10925,"subSkills":[10004,10102,10923,5092010],"IHAHAINHGLF":"None","KECIENNNCDD":0,"skillDepotAbilityGroup":"","leaderTalent":0,"inherentProudSkillOpens":[{"needAvatarPromoteLevel":1,"proudSkillGroupId":9221},{"needAvatarPromoteLevel":4,"proudSkillGroupId":9222},{"needAvatarPromoteLevel":0,"proudSkillGroupId":9223},{"needAvatarPromoteLevel":0,"proudSkillGroupId":0},{"needAvatarPromoteLevel":0,"proudSkillGroupId":0}],"skills":[10921,10922,0,0],"talents":[921,922,923,924,925,926],"extraAbilities":["","",""],"PPPGIOHPFFB":0},"9301":{"attackModeSkill":0,"talentStarName":"Talent_Liuyun","GALNBPJFAHI":0,"id":9301,"energySkill":10935,"subSkills":[10003,10933,10936,10937,10934,5093010],"IHAHAINHGLF":"None","KECIENNNCDD":0,"skillDepotAbilityGroup":"","leaderTalent":0,"inherentProudSkillOpens":[{"needAvatarPromoteLevel":1,"proudSkillGroupId":9321},{"needAvatarPromoteLevel":4,"proudSkillGroupId":9322},{"needAvatarPromoteLevel":0,"proudSkillGroupId":9323},{"needAvatarPromoteLevel":0,"proudSkillGroupId":0},{"needAvatarPromoteLevel":0,"proudSkillGroupId":0}],"skills":[10931,10932,0,0],"talents":[931,932,933,934,935,936],"extraAbilities":["","",""],"PPPGIOHPFFB":0},"9401":{"attackModeSkill":0,"talentStarName":"Talent_Chiori","GALNBPJFAHI":0,"id":9401,"energySkill":10945,"subSkills":[10001,10944,5094010],"IHAHAINHGLF":"None","KECIENNNCDD":0,"skillDepotAbilityGroup":"","leaderTalent":0,"inherentProudSkillOpens":[{"needAvatarPromoteLevel":1,"proudSkillGroupId":9421},{"needAvatarPromoteLevel":4,"proudSkillGroupId":9422},{"needAvatarPromoteLevel":0,"proudSkillGroupId":9423},{"needAvatarPromoteLevel":0,"proudSkillGroupId":0},{"needAvatarPromoteLevel":0,"proudSkillGroupId":0}],"skills":[10941,10942,0,0],"talents":[941,942,943,944,945,946],"extraAbilities":["","",""],"PPPGIOHPFFB":0},"9501":{"attackModeSkill":20000,"talentStarName":"Talent_Sigewinne","GALNBPJFAHI":0,"id":9501,"energySkill":10955,"subSkills":[10953,5095010],"IHAHAINHGLF":"Pneuma","KECIENNNCDD":0,"skillDepotAbilityGroup":"","leaderTalent":0,"inherentProudSkillOpens":[{"needAvatarPromoteLevel":1,"proudSkillGroupId":9521},{"needAvatarPromoteLevel":4,"proudSkillGroupId":9522},{"needAvatarPromoteLevel":0,"proudSkillGroupId":9523},{"needAvatarPromoteLevel":0,"proudSkillGroupId":0},{"needAvatarPromoteLevel":0,"proudSkillGroupId":0}],"skills":[10951,10952,0,0],"talents":[951,952,953,954,955,956],"extraAbilities":["","",""],"PPPGIOHPFFB":0},"9601":{"attackModeSkill":0,"talentStarName":"Talent_Arlecchino","GALNBPJFAHI":0,"id":9601,"energySkill":10965,"subSkills":[10002,10966,10967,5096010],"IHAHAINHGLF":"None","KECIENNNCDD":0,"skillDepotAbilityGroup":"","leaderTalent":0,"inherentProudSkillOpens":[{"needAvatarPromoteLevel":1,"proudSkillGroupId":9621},{"needAvatarPromoteLevel":4,"proudSkillGroupId":9622},{"needAvatarPromoteLevel":0,"proudSkillGroupId":9623},{"needAvatarPromoteLevel":0,"proudSkillGroupId":0},{"needAvatarPromoteLevel":0,"proudSkillGroupId":0}],"skills":[10961,10962,0,0],"talents":[961,962,963,964,965,966],"extraAbilities":["","",""],"PPPGIOHPFFB":0},"9701":{"attackModeSkill":20000,"talentStarName":"Talent_Sethos","GALNBPJFAHI":0,"id":9701,"energySkill":10975,"subSkills":[10974,5097010],"IHAHAINHGLF":"None","KECIENNNCDD":0,"skillDepotAbilityGroup":"","leaderTalent":0,"inherentProudSkillOpens":[{"needAvatarPromoteLevel":1,"proudSkillGroupId":9721},{"needAvatarPromoteLevel":4,"proudSkillGroupId":9722},{"needAvatarPromoteLevel":0,"proudSkillGroupId":9723},{"needAvatarPromoteLevel":0,"proudSkillGroupId":0},{"needAvatarPromoteLevel":0,"proudSkillGroupId":0}],"skills":[10971,10972,0,0],"talents":[971,972,973,974,975,976],"extraAbilities":["","",""],"PPPGIOHPFFB":0},"9801":{"attackModeSkill":0,"talentStarName":"Talent_Clorinde","GALNBPJFAHI":0,"id":9801,"energySkill":10985,"subSkills":[10001,10983,10984,5098010],"IHAHAINHGLF":"Pneuma","KECIENNNCDD":0,"skillDepotAbilityGroup":"","leaderTalent":0,"inherentProudSkillOpens":[{"needAvatarPromoteLevel":1,"proudSkillGroupId":9821},{"needAvatarPromoteLevel":4,"proudSkillGroupId":9822},{"needAvatarPromoteLevel":0,"proudSkillGroupId":9823},{"needAvatarPromoteLevel":0,"proudSkillGroupId":0},{"needAvatarPromoteLevel":0,"proudSkillGroupId":0}],"skills":[10981,10982,0,0],"talents":[981,982,983,984,985,986],"extraAbilities":["","",""],"PPPGIOHPFFB":0},"9901":{"attackModeSkill":0,"talentStarName":"Talent_Emilie","GALNBPJFAHI":0,"id":9901,"energySkill":10995,"subSkills":[10002,5099010],"IHAHAINHGLF":"Ousia","KECIENNNCDD":0,"skillDepotAbilityGroup":"","leaderTalent":0,"inherentProudSkillOpens":[{"needAvatarPromoteLevel":1,"proudSkillGroupId":9921},{"needAvatarPromoteLevel":4,"proudSkillGroupId":9922},{"needAvatarPromoteLevel":0,"proudSkillGroupId":9923},{"needAvatarPromoteLevel":0,"proudSkillGroupId":0},{"needAvatarPromoteLevel":0,"proudSkillGroupId":0}],"skills":[10991,10992,0,0],"talents":[991,992,993,994,995,996],"extraAbilities":["","",""],"PPPGIOHPFFB":0},"10001":{"attackModeSkill":0,"talentStarName":"Talent_Kachina","GALNBPJFAHI":0,"id":10001,"energySkill":11005,"subSkills":[11003,11004,11006,11007,11008,10002,5100010],"IHAHAINHGLF":"None","KECIENNNCDD":0,"skillDepotAbilityGroup":"","leaderTalent":0,"inherentProudSkillOpens":[{"needAvatarPromoteLevel":1,"proudSkillGroupId":10021},{"needAvatarPromoteLevel":4,"proudSkillGroupId":10022},{"needAvatarPromoteLevel":0,"proudSkillGroupId":10023},{"needAvatarPromoteLevel":0,"proudSkillGroupId":0},{"needAvatarPromoteLevel":0,"proudSkillGroupId":10025}],"skills":[11001,11002,0,0],"talents":[1001,1002,1003,1004,1005,1006],"extraAbilities":["","",""],"PPPGIOHPFFB":0},"10011":{"attackModeSkill":0,"talentStarName":"","GALNBPJFAHI":0,"id":10011,"energySkill":0,"subSkills":[],"IHAHAINHGLF":"None","KECIENNNCDD":0,"skillDepotAbilityGroup":"","leaderTalent":0,"inherentProudSkillOpens":[{"needAvatarPromoteLevel":0,"proudSkillGroupId":0},{"needAvatarPromoteLevel":0,"proudSkillGroupId":0},{"needAvatarPromoteLevel":0,"proudSkillGroupId":0},{"needAvatarPromoteLevel":0,"proudSkillGroupId":0},{"needAvatarPromoteLevel":0,"proudSkillGroupId":0}],"skills":[0,0,0,0],"talents":[0,0,0,0,0,0],"extraAbilities":["","",""],"PPPGIOHPFFB":0},"10101":{"attackModeSkill":0,"talentStarName":"Talent_Kinich","GALNBPJFAHI":0,"id":10101,"energySkill":11015,"subSkills":[10004,11013,11014,11016,11017,11018,11019,5101010],"IHAHAINHGLF":"None","KECIENNNCDD":0,"skillDepotAbilityGroup":"","leaderTalent":0,"inherentProudSkillOpens":[{"needAvatarPromoteLevel":1,"proudSkillGroupId":10121},{"needAvatarPromoteLevel":4,"proudSkillGroupId":10122},{"needAvatarPromoteLevel":0,"proudSkillGroupId":10123},{"needAvatarPromoteLevel":0,"proudSkillGroupId":0},{"needAvatarPromoteLevel":0,"proudSkillGroupId":10125}],"skills":[11011,11012,0,0],"talents":[1011,1012,1013,1014,1015,1016],"extraAbilities":["","",""],"PPPGIOHPFFB":0},"10201":{"attackModeSkill":0,"talentStarName":"Talent_Mualani","GALNBPJFAHI":0,"id":10201,"energySkill":30007,"subSkills":[30003,30004,30005,30006,30008,30009,30010,30011,10003,5102010],"IHAHAINHGLF":"None","KECIENNNCDD":0,"skillDepotAbilityGroup":"","leaderTalent":0,"inherentProudSkillOpens":[{"needAvatarPromoteLevel":1,"proudSkillGroupId":10221},{"needAvatarPromoteLevel":4,"proudSkillGroupId":10222},{"needAvatarPromoteLevel":0,"proudSkillGroupId":10223},{"needAvatarPromoteLevel":0,"proudSkillGroupId":0},{"needAvatarPromoteLevel":0,"proudSkillGroupId":10225}],"skills":[30000,30002,0,0],"talents":[1021,1022,1023,1024,1025,1026],"extraAbilities":["","",""],"PPPGIOHPFFB":0},"10301":{"attackModeSkill":0,"talentStarName":"Talent_Xilonen","GALNBPJFAHI":0,"id":10301,"energySkill":11035,"subSkills":[10001,11033,11034,11036,11037,5103010],"IHAHAINHGLF":"None","KECIENNNCDD":0,"skillDepotAbilityGroup":"","leaderTalent":0,"inherentProudSkillOpens":[{"needAvatarPromoteLevel":1,"proudSkillGroupId":10321},{"needAvatarPromoteLevel":4,"proudSkillGroupId":10322},{"needAvatarPromoteLevel":0,"proudSkillGroupId":10323},{"needAvatarPromoteLevel":0,"proudSkillGroupId":0},{"needAvatarPromoteLevel":0,"proudSkillGroupId":10325}],"skills":[11031,11032,0,0],"talents":[1031,1032,1033,1034,1035,1036],"extraAbilities":["","",""],"PPPGIOHPFFB":0},"10401":{"attackModeSkill":20000,"talentStarName":"Talent_Chasca","GALNBPJFAHI":0,"id":10401,"energySkill":11045,"subSkills":[11043,11044,11046,11047,11048,11049,11040,5104010],"IHAHAINHGLF":"None","KECIENNNCDD":0,"skillDepotAbilityGroup":"","leaderTalent":0,"inherentProudSkillOpens":[{"needAvatarPromoteLevel":1,"proudSkillGroupId":10421},{"needAvatarPromoteLevel":4,"proudSkillGroupId":10422},{"needAvatarPromoteLevel":0,"proudSkillGroupId":10423},{"needAvatarPromoteLevel":0,"proudSkillGroupId":0},{"needAvatarPromoteLevel":0,"proudSkillGroupId":10425}],"skills":[11041,11042,0,0],"talents":[1041,1042,1043,1044,1045,1046],"extraAbilities":["","",""],"PPPGIOHPFFB":0},"10501":{"attackModeSkill":20000,"talentStarName":"Talent_Olorun","GALNBPJFAHI":0,"id":10501,"energySkill":30505,"subSkills":[30503,30504,5105010],"IHAHAINHGLF":"None","KECIENNNCDD":0,"skillDepotAbilityGroup":"","leaderTalent":0,"inherentProudSkillOpens":[{"needAvatarPromoteLevel":1,"proudSkillGroupId":10521},{"needAvatarPromoteLevel":4,"proudSkillGroupId":10522},{"needAvatarPromoteLevel":0,"proudSkillGroupId":10523},{"needAvatarPromoteLevel":0,"proudSkillGroupId":0},{"needAvatarPromoteLevel":0,"proudSkillGroupId":10525}],"skills":[30501,30502,0,30506],"talents":[1051,1052,1053,1054,1055,1056],"extraAbilities":["","",""],"PPPGIOHPFFB":0},"10601":{"attackModeSkill":0,"talentStarName":"Talent_Mavuika","GALNBPJFAHI":0,"id":10601,"energySkill":11065,"subSkills":[10004,11063,11064,11066,11067,11068,11069,5106010],"IHAHAINHGLF":"None","KECIENNNCDD":0,"skillDepotAbilityGroup":"","leaderTalent":0,"inherentProudSkillOpens":[{"needAvatarPromoteLevel":1,"proudSkillGroupId":10621},{"needAvatarPromoteLevel":4,"proudSkillGroupId":10622},{"needAvatarPromoteLevel":0,"proudSkillGroupId":10623},{"needAvatarPromoteLevel":0,"proudSkillGroupId":0},{"needAvatarPromoteLevel":0,"proudSkillGroupId":10625}],"skills":[11061,11062,0,0],"talents":[1061,1062,1063,1064,1065,1066],"extraAbilities":["","",""],"PPPGIOHPFFB":0},"10701":{"attackModeSkill":0,"talentStarName":"Talent_Citlali","GALNBPJFAHI":0,"id":10701,"energySkill":11075,"subSkills":[10003,11073,5107010],"IHAHAINHGLF":"None","KECIENNNCDD":0,"skillDepotAbilityGroup":"","leaderTalent":0,"inherentProudSkillOpens":[{"needAvatarPromoteLevel":1,"proudSkillGroupId":10721},{"needAvatarPromoteLevel":4,"proudSkillGroupId":10722},{"needAvatarPromoteLevel":0,"proudSkillGroupId":10723},{"needAvatarPromoteLevel":0,"proudSkillGroupId":0},{"needAvatarPromoteLevel":0,"proudSkillGroupId":10725}],"skills":[11071,11072,0,11076],"talents":[1071,1072,1073,1074,1075,1076],"extraAbilities":["","",""],"PPPGIOHPFFB":0},"10801":{"attackModeSkill":0,"talentStarName":"Talent_Lanyan","GALNBPJFAHI":0,"id":10801,"energySkill":11085,"subSkills":[10003,11083,5108010],"IHAHAINHGLF":"None","KECIENNNCDD":0,"skillDepotAbilityGroup":"","leaderTalent":0,"inherentProudSkillOpens":[{"needAvatarPromoteLevel":1,"proudSkillGroupId":10821},{"needAvatarPromoteLevel":4,"proudSkillGroupId":10822},{"needAvatarPromoteLevel":0,"proudSkillGroupId":10823},{"needAvatarPromoteLevel":0,"proudSkillGroupId":0},{"needAvatarPromoteLevel":0,"proudSkillGroupId":0}],"skills":[11081,11082,0,0],"talents":[1081,1082,1083,1084,1085,1086],"extraAbilities":["","",""],"PPPGIOHPFFB":0},"10901":{"attackModeSkill":0,"talentStarName":"Talent_Mizuki","GALNBPJFAHI":0,"id":10901,"energySkill":11095,"subSkills":[10003,11093,11094,11096,5109010],"IHAHAINHGLF":"None","KECIENNNCDD":0,"skillDepotAbilityGroup":"","leaderTalent":0,"inherentProudSkillOpens":[{"needAvatarPromoteLevel":1,"proudSkillGroupId":10921},{"needAvatarPromoteLevel":4,"proudSkillGroupId":10922},{"needAvatarPromoteLevel":0,"proudSkillGroupId":10923},{"needAvatarPromoteLevel":0,"proudSkillGroupId":0},{"needAvatarPromoteLevel":0,"proudSkillGroupId":0}],"skills":[11091,11092,0,0],"talents":[1091,1092,1093,1094,1095,1096],"extraAbilities":["","",""],"PPPGIOHPFFB":0},"11001":{"attackModeSkill":0,"talentStarName":"Talent_Iansan","GALNBPJFAHI":0,"id":11001,"energySkill":11105,"subSkills":[10002,11103,11104,11106,11107,11108,5110010],"IHAHAINHGLF":"None","KECIENNNCDD":0,"skillDepotAbilityGroup":"","leaderTalent":0,"inherentProudSkillOpens":[{"needAvatarPromoteLevel":1,"proudSkillGroupId":11021},{"needAvatarPromoteLevel":4,"proudSkillGroupId":11022},{"needAvatarPromoteLevel":0,"proudSkillGroupId":11023},{"needAvatarPromoteLevel":0,"proudSkillGroupId":0},{"needAvatarPromoteLevel":0,"proudSkillGroupId":11025}],"skills":[11101,11102,0,0],"talents":[1101,1102,1103,1104,1105,1106],"extraAbilities":["","",""],"PPPGIOHPFFB":0},"11101":{"attackModeSkill":0,"talentStarName":"Talent_Varesa","GALNBPJFAHI":0,"id":11101,"energySkill":11115,"subSkills":[10003,11113,11114,11116,11117,11118,11119,5111010],"IHAHAINHGLF":"None","KECIENNNCDD":0,"skillDepotAbilityGroup":"","leaderTalent":0,"inherentProudSkillOpens":[{"needAvatarPromoteLevel":1,"proudSkillGroupId":11121},{"needAvatarPromoteLevel":4,"proudSkillGroupId":11122},{"needAvatarPromoteLevel":0,"proudSkillGroupId":11123},{"needAvatarPromoteLevel":0,"proudSkillGroupId":0},{"needAvatarPromoteLevel":0,"proudSkillGroupId":11125}],"skills":[11111,11112,0,0],"talents":[1111,1112,1113,1114,1115,1116],"extraAbilities":["","",""],"PPPGIOHPFFB":0},"11201":{"attackModeSkill":0,"talentStarName":"Talent_Escoffier","GALNBPJFAHI":0,"id":11201,"energySkill":11125,"subSkills":[10002,5099010,5112010],"IHAHAINHGLF":"Pneuma","KECIENNNCDD":0,"skillDepotAbilityGroup":"","leaderTalent":0,"inherentProudSkillOpens":[{"needAvatarPromoteLevel":1,"proudSkillGroupId":11221},{"needAvatarPromoteLevel":4,"proudSkillGroupId":11222},{"needAvatarPromoteLevel":0,"proudSkillGroupId":11223},{"needAvatarPromoteLevel":0,"proudSkillGroupId":0},{"needAvatarPromoteLevel":0,"proudSkillGroupId":0}],"skills":[11121,11122,0,0],"talents":[1121,1122,1123,1124,1125,1126],"extraAbilities":["","",""],"PPPGIOHPFFB":0},"11301":{"attackModeSkill":0,"talentStarName":"Talent_Ifa","GALNBPJFAHI":0,"id":11301,"energySkill":11135,"subSkills":[10003,11136,11137,11133,11138,11139,5113010],"IHAHAINHGLF":"None","KECIENNNCDD":0,"skillDepotAbilityGroup":"","leaderTalent":0,"inherentProudSkillOpens":[{"needAvatarPromoteLevel":1,"proudSkillGroupId":11321},{"needAvatarPromoteLevel":4,"proudSkillGroupId":11322},{"needAvatarPromoteLevel":0,"proudSkillGroupId":11323},{"needAvatarPromoteLevel":0,"proudSkillGroupId":0},{"needAvatarPromoteLevel":0,"proudSkillGroupId":11325}],"skills":[11131,11132,0,0],"talents":[1131,1132,1133,1134,1135,1136],"extraAbilities":["","",""],"PPPGIOHPFFB":0},"11401":{"attackModeSkill":0,"talentStarName":"Talent_SkirkNew","GALNBPJFAHI":0,"id":11401,"energySkill":11145,"subSkills":[10001,5114010,11146,11147],"IHAHAINHGLF":"None","KECIENNNCDD":0,"skillDepotAbilityGroup":"","leaderTalent":0,"inherentProudSkillOpens":[{"needAvatarPromoteLevel":1,"proudSkillGroupId":11421},{"needAvatarPromoteLevel":4,"proudSkillGroupId":11422},{"needAvatarPromoteLevel":0,"proudSkillGroupId":11423},{"needAvatarPromoteLevel":0,"proudSkillGroupId":0},{"needAvatarPromoteLevel":0,"proudSkillGroupId":0}],"skills":[11141,11142,0,0],"talents":[1141,1142,1143,1144,1145,1146],"extraAbilities":["","",""],"PPPGIOHPFFB":0},"11501":{"attackModeSkill":0,"talentStarName":"Talent_Dahlia","GALNBPJFAHI":0,"id":11501,"energySkill":11155,"subSkills":[10001,5115010,11156],"IHAHAINHGLF":"None","KECIENNNCDD":0,"skillDepotAbilityGroup":"","leaderTalent":0,"inherentProudSkillOpens":[{"needAvatarPromoteLevel":1,"proudSkillGroupId":11521},{"needAvatarPromoteLevel":4,"proudSkillGroupId":11522},{"needAvatarPromoteLevel":0,"proudSkillGroupId":11523},{"needAvatarPromoteLevel":0,"proudSkillGroupId":0},{"needAvatarPromoteLevel":0,"proudSkillGroupId":0}],"skills":[11151,11152,0,0],"talents":[1151,1152,1153,1154,1155,1156],"extraAbilities":["","",""],"PPPGIOHPFFB":0},"12011":{"attackModeSkill":0,"talentStarName":"","GALNBPJFAHI":0,"id":12011,"energySkill":0,"subSkills":[],"IHAHAINHGLF":"None","KECIENNNCDD":0,"skillDepotAbilityGroup":"","leaderTalent":0,"inherentProudSkillOpens":[{"needAvatarPromoteLevel":0,"proudSkillGroupId":0},{"needAvatarPromoteLevel":0,"proudSkillGroupId":0},{"needAvatarPromoteLevel":0,"proudSkillGroupId":0},{"needAvatarPromoteLevel":0,"proudSkillGroupId":0},{"needAvatarPromoteLevel":0,"proudSkillGroupId":0}],"skills":[0,0,0,0],"talents":[0,0,0,0,0,0],"extraAbilities":["","",""],"PPPGIOHPFFB":0},"13011":{"attackModeSkill":0,"talentStarName":"","GALNBPJFAHI":0,"id":13011,"energySkill":0,"subSkills":[],"IHAHAINHGLF":"None","KECIENNNCDD":0,"skillDepotAbilityGroup":"","leaderTalent":0,"inherentProudSkillOpens":[{"needAvatarPromoteLevel":0,"proudSkillGroupId":0},{"needAvatarPromoteLevel":0,"proudSkillGroupId":0},{"needAvatarPromoteLevel":0,"proudSkillGroupId":0},{"needAvatarPromoteLevel":0,"proudSkillGroupId":0},{"needAvatarPromoteLevel":0,"proudSkillGroupId":0}],"skills":[0,0,0,0],"talents":[0,0,0,0,0,0],"extraAbilities":["","",""],"PPPGIOHPFFB":0},"25011":{"attackModeSkill":20000,"talentStarName":"","GALNBPJFAHI":0,"id":25011,"energySkill":10255,"subSkills":[10252,10253,10101,10102],"IHAHAINHGLF":"None","KECIENNNCDD":0,"skillDepotAbilityGroup":"","leaderTalent":0,"inherentProudSkillOpens":[{"needAvatarPromoteLevel":0,"proudSkillGroupId":0},{"needAvatarPromoteLevel":0,"proudSkillGroupId":0},{"needAvatarPromoteLevel":0,"proudSkillGroupId":0},{"needAvatarPromoteLevel":0,"proudSkillGroupId":0},{"needAvatarPromoteLevel":0,"proudSkillGroupId":0}],"skills":[10251,10362,0,0],"talents":[0,0,0,0,0,0],"extraAbilities":["","",""],"PPPGIOHPFFB":0},"28011":{"attackModeSkill":0,"talentStarName":"","GALNBPJFAHI":0,"id":28011,"energySkill":10283,"subSkills":[10101,10102],"IHAHAINHGLF":"None","KECIENNNCDD":0,"skillDepotAbilityGroup":"","leaderTalent":0,"inherentProudSkillOpens":[{"needAvatarPromoteLevel":0,"proudSkillGroupId":0},{"needAvatarPromoteLevel":0,"proudSkillGroupId":0},{"needAvatarPromoteLevel":0,"proudSkillGroupId":0},{"needAvatarPromoteLevel":0,"proudSkillGroupId":0},{"needAvatarPromoteLevel":0,"proudSkillGroupId":0}],"skills":[10281,10282,0,0],"talents":[0,0,0,0,0,0],"extraAbilities":["","",""],"PPPGIOHPFFB":0},"30011":{"attackModeSkill":0,"talentStarName":"","GALNBPJFAHI":0,"id":30011,"energySkill":11305,"subSkills":[10101,10102],"IHAHAINHGLF":"None","KECIENNNCDD":0,"skillDepotAbilityGroup":"","leaderTalent":0,"inherentProudSkillOpens":[{"needAvatarPromoteLevel":1,"proudSkillGroupId":3121},{"needAvatarPromoteLevel":4,"proudSkillGroupId":3122},{"needAvatarPromoteLevel":0,"proudSkillGroupId":3123},{"needAvatarPromoteLevel":0,"proudSkillGroupId":0},{"needAvatarPromoteLevel":0,"proudSkillGroupId":0}],"skills":[11301,11302,0,0],"talents":[311,312,313,314,315,316],"extraAbilities":["","",""],"PPPGIOHPFFB":0},"37011":{"attackModeSkill":20000,"talentStarName":"Talent_Test_NoStar","GALNBPJFAHI":0,"id":37011,"energySkill":11373,"subSkills":[11374,11375,10101,10102],"IHAHAINHGLF":"None","KECIENNNCDD":0,"skillDepotAbilityGroup":"","leaderTalent":0,"inherentProudSkillOpens":[{"needAvatarPromoteLevel":0,"proudSkillGroupId":0},{"needAvatarPromoteLevel":0,"proudSkillGroupId":0},{"needAvatarPromoteLevel":0,"proudSkillGroupId":0},{"needAvatarPromoteLevel":0,"proudSkillGroupId":0},{"needAvatarPromoteLevel":0,"proudSkillGroupId":0}],"skills":[11371,11372,0,0],"talents":[0,0,0,0,0,0],"extraAbilities":["","",""],"PPPGIOHPFFB":0},"38001":{"attackModeSkill":0,"talentStarName":"","GALNBPJFAHI":0,"id":38001,"energySkill":10362,"subSkills":[10101,10102,10364],"IHAHAINHGLF":"None","KECIENNNCDD":0,"skillDepotAbilityGroup":"","leaderTalent":0,"inherentProudSkillOpens":[{"needAvatarPromoteLevel":0,"proudSkillGroupId":0},{"needAvatarPromoteLevel":0,"proudSkillGroupId":0},{"needAvatarPromoteLevel":0,"proudSkillGroupId":0},{"needAvatarPromoteLevel":0,"proudSkillGroupId":0},{"needAvatarPromoteLevel":0,"proudSkillGroupId":0}],"skills":[100540,10365,0,0],"talents":[0,0,0,0,0,0],"extraAbilities":["","",""],"PPPGIOHPFFB":0},"40001":{"attackModeSkill":0,"talentStarName":"","GALNBPJFAHI":0,"id":40001,"energySkill":30007,"subSkills":[30003,30004,30005,30006,30008,30009,30010,30011,10003],"IHAHAINHGLF":"None","KECIENNNCDD":0,"skillDepotAbilityGroup":"","leaderTalent":0,"inherentProudSkillOpens":[{"needAvatarPromoteLevel":0,"proudSkillGroupId":0},{"needAvatarPromoteLevel":0,"proudSkillGroupId":0},{"needAvatarPromoteLevel":0,"proudSkillGroupId":0},{"needAvatarPromoteLevel":0,"proudSkillGroupId":0},{"needAvatarPromoteLevel":0,"proudSkillGroupId":0}],"skills":[30000,30002,0,0],"talents":[0,0,0,0,0,0],"extraAbilities":["","",""],"PPPGIOHPFFB":0},"40002":{"attackModeSkill":0,"talentStarName":"","GALNBPJFAHI":0,"id":40002,"energySkill":30105,"subSkills":[30103,30104],"IHAHAINHGLF":"None","KECIENNNCDD":0,"skillDepotAbilityGroup":"","leaderTalent":0,"inherentProudSkillOpens":[{"needAvatarPromoteLevel":0,"proudSkillGroupId":0},{"needAvatarPromoteLevel":0,"proudSkillGroupId":0},{"needAvatarPromoteLevel":0,"proudSkillGroupId":0},{"needAvatarPromoteLevel":0,"proudSkillGroupId":0},{"needAvatarPromoteLevel":0,"proudSkillGroupId":0}],"skills":[30101,30102,0,0],"talents":[0,0,0,0,0,0],"extraAbilities":["","",""],"PPPGIOHPFFB":0},"40003":{"attackModeSkill":0,"talentStarName":"","GALNBPJFAHI":0,"id":40003,"energySkill":30205,"subSkills":[30203,30204,30206],"IHAHAINHGLF":"None","KECIENNNCDD":0,"skillDepotAbilityGroup":"","leaderTalent":0,"inherentProudSkillOpens":[{"needAvatarPromoteLevel":0,"proudSkillGroupId":0},{"needAvatarPromoteLevel":0,"proudSkillGroupId":0},{"needAvatarPromoteLevel":0,"proudSkillGroupId":0},{"needAvatarPromoteLevel":0,"proudSkillGroupId":0},{"needAvatarPromoteLevel":0,"proudSkillGroupId":0}],"skills":[30201,30202,0,0],"talents":[0,0,0,0,0,0],"extraAbilities":["","",""],"PPPGIOHPFFB":0},"46011":{"attackModeSkill":0,"talentStarName":"Talent_Kaeya","GALNBPJFAHI":0,"id":46011,"energySkill":10463,"subSkills":[10081,10101,10001,10102],"IHAHAINHGLF":"None","KECIENNNCDD":0,"skillDepotAbilityGroup":"","leaderTalent":0,"inherentProudSkillOpens":[{"needAvatarPromoteLevel":0,"proudSkillGroupId":0},{"needAvatarPromoteLevel":0,"proudSkillGroupId":0},{"needAvatarPromoteLevel":0,"proudSkillGroupId":0},{"needAvatarPromoteLevel":0,"proudSkillGroupId":0},{"needAvatarPromoteLevel":0,"proudSkillGroupId":0}],"skills":[10461,10462,0,0],"talents":[0,0,0,0,0,0],"extraAbilities":["","",""],"PPPGIOHPFFB":0}}