[{"GIGOGHBMCND":200301,"JBDALLHLDLN":2,"nameTextMapHash":1504245738,"descTextMapHash":3529954098,"itemId":340001,"OOJDBLPMLDD":10000003,"jsonName":"Avatar_Lady_Sword_QinCostumeSea","LMFEKDEOONK":9215865218573513000,"FIOHANGCCNF":17992774763103844000,"FIDFIDLDEDE":2693372009414780000,"MNALJOIJMMD":16220654252350374000,"COGDOMABGGA":4,"PKPHLKMPHAH":"UI_AvatarIcon_QinCostumeSea","sideIconName":"UI_AvatarIcon_Side_QinCostumeSea","JPOCFCHFPAN":7856783315815955000},{"GIGOGHBMCND":201401,"JBDALLHLDLN":1,"nameTextMapHash":4121525482,"descTextMapHash":2644173682,"itemId":340000,"OOJDBLPMLDD":10000014,"jsonName":"Avatar_Girl_Catalyst_BarbaraCostumeSummertime","LMFEKDEOONK":10565960914446858000,"FIOHANGCCNF":10341761028724613000,"FIDFIDLDEDE":5183081712927355000,"MNALJOIJMMD":7590386921274555000,"COGDOMABGGA":4,"PKPHLKMPHAH":"UI_AvatarIcon_BarbaraCostumeSummertime","sideIconName":"UI_AvatarIcon_Side_BarbaraCostumeSummertime","JPOCFCHFPAN":16049450277489158000},{"GIGOGHBMCND":202701,"JBDALLHLDLN":1,"nameTextMapHash":2572106930,"descTextMapHash":720597146,"itemId":340002,"OOJDBLPMLDD":10000027,"jsonName":"Avatar_Lady_Catalyst_NingguangCostumeFloral","LMFEKDEOONK":15863689246053601000,"FIOHANGCCNF":11681843191975356000,"FIDFIDLDEDE":9773804280703926000,"MNALJOIJMMD":1433662792352814000,"COGDOMABGGA":4,"PKPHLKMPHAH":"UI_AvatarIcon_NingguangCostumeFloral","sideIconName":"UI_AvatarIcon_Side_NingguangCostumeFloral","JPOCFCHFPAN":13693364619168872000},{"GIGOGHBMCND":204201,"JBDALLHLDLN":1,"nameTextMapHash":1613857666,"descTextMapHash":1532026282,"itemId":340003,"OOJDBLPMLDD":10000042,"jsonName":"Avatar_Girl_Sword_KeqingCostumeFeather","LMFEKDEOONK":10364379182659254000,"FIOHANGCCNF":6372458023003575000,"FIDFIDLDEDE":12660355485795350000,"MNALJOIJMMD":11708378725870790000,"COGDOMABGGA":4,"PKPHLKMPHAH":"UI_AvatarIcon_KeqingCostumeFeather","sideIconName":"UI_AvatarIcon_Side_KeqingCostumeFeather","JPOCFCHFPAN":8264683658462126000},{"GIGOGHBMCND":200302,"JBDALLHLDLN":1,"nameTextMapHash":2691230306,"descTextMapHash":1553444314,"itemId":340006,"OOJDBLPMLDD":10000003,"jsonName":"Avatar_Lady_Sword_QinCostumeWic","LMFEKDEOONK":11789304378759268000,"FIOHANGCCNF":2508262379750057000,"FIDFIDLDEDE":8899383397730056000,"MNALJOIJMMD":6257448215821890000,"DMAFAJNKPME":true,"COGDOMABGGA":4,"hide":true,"PKPHLKMPHAH":"UI_AvatarIcon_QinCostumeWic","sideIconName":"UI_AvatarIcon_Side_QinCostumeWic","JPOCFCHFPAN":2268507951203388000},{"GIGOGHBMCND":202101,"JBDALLHLDLN":1,"nameTextMapHash":4237698530,"descTextMapHash":2955174482,"itemId":340007,"OOJDBLPMLDD":10000021,"jsonName":"Avatar_Girl_Bow_AmborCostumeWic","LMFEKDEOONK":7122218723217693000,"FIOHANGCCNF":14462486063824583000,"FIDFIDLDEDE":16495873575277371000,"MNALJOIJMMD":11555033508243667000,"DMAFAJNKPME":true,"COGDOMABGGA":4,"hide":true,"PKPHLKMPHAH":"UI_AvatarIcon_AmborCostumeWic","sideIconName":"UI_AvatarIcon_Side_AmborCostumeWic","JPOCFCHFPAN":1673287744058013000},{"GIGOGHBMCND":204101,"JBDALLHLDLN":1,"nameTextMapHash":1860400666,"descTextMapHash":2912743770,"itemId":340008,"OOJDBLPMLDD":10000041,"jsonName":"Avatar_Girl_Catalyst_MonaCostumeWic","LMFEKDEOONK":15379405067054348000,"FIOHANGCCNF":16287308438257703000,"FIDFIDLDEDE":1127931153574195200,"MNALJOIJMMD":5022057012086514000,"DMAFAJNKPME":true,"COGDOMABGGA":4,"hide":true,"PKPHLKMPHAH":"UI_AvatarIcon_MonaCostumeWic","sideIconName":"UI_AvatarIcon_Side_MonaCostumeWic","JPOCFCHFPAN":5743696895040121000},{"GIGOGHBMCND":204501,"JBDALLHLDLN":1,"nameTextMapHash":2412226586,"descTextMapHash":3143995322,"itemId":340009,"OOJDBLPMLDD":10000045,"jsonName":"Avatar_Lady_Pole_RosariaCostumeWic","LMFEKDEOONK":12861565697458264000,"FIOHANGCCNF":10539667758355399000,"FIDFIDLDEDE":9648000434294862000,"MNALJOIJMMD":12267662344150393000,"DMAFAJNKPME":true,"COGDOMABGGA":4,"hide":true,"PKPHLKMPHAH":"UI_AvatarIcon_RosariaCostumeWic","sideIconName":"UI_AvatarIcon_Side_RosariaCostumeWic","JPOCFCHFPAN":2832692351080435000},{"GIGOGHBMCND":201601,"JBDALLHLDLN":1,"nameTextMapHash":1332852170,"descTextMapHash":3295060426,"itemId":340004,"OOJDBLPMLDD":10000016,"jsonName":"Avatar_Male_Claymore_DilucCostumeFlamme","LMFEKDEOONK":10368416818400608000,"FIOHANGCCNF":15335225919554738000,"FIDFIDLDEDE":7202002721915920000,"gachaImageNameHash":17146454811973010000,"MNALJOIJMMD":13676438560609835000,"AKEKAAMLHPM":9590652495663153000,"INAPKEEHGLM":4585718866811975000,"COGDOMABGGA":5,"PKPHLKMPHAH":"UI_AvatarIcon_DilucCostumeFlamme","sideIconName":"UI_AvatarIcon_Side_DilucCostumeFlamme","JPOCFCHFPAN":3029142693095236000},{"GIGOGHBMCND":203101,"JBDALLHLDLN":1,"nameTextMapHash":3162794298,"descTextMapHash":2089933442,"itemId":340005,"OOJDBLPMLDD":10000031,"jsonName":"Avatar_Girl_Bow_FischlCostumeHighness","LMFEKDEOONK":13534430752549235000,"FIOHANGCCNF":1058632974177999900,"FIDFIDLDEDE":16733412713662534000,"gachaImageNameHash":16874910532900252000,"MNALJOIJMMD":1849563772142813400,"AKEKAAMLHPM":9561591276388174000,"INAPKEEHGLM":7514891772841965000,"COGDOMABGGA":4,"PKPHLKMPHAH":"UI_AvatarIcon_FischlCostumeHighness","sideIconName":"UI_AvatarIcon_Side_FischlCostumeHighness","JPOCFCHFPAN":16903652226668882000},{"GIGOGHBMCND":200201,"JBDALLHLDLN":1,"nameTextMapHash":2768521498,"descTextMapHash":2663678610,"itemId":340010,"OOJDBLPMLDD":10000002,"jsonName":"Avatar_Girl_Sword_AyakaCostumeFruhling","LMFEKDEOONK":11012300754669183000,"FIOHANGCCNF":10678187531089930000,"FIDFIDLDEDE":17569223125650117000,"gachaImageNameHash":16603455789725430000,"MNALJOIJMMD":8511293476587773000,"AKEKAAMLHPM":17673295221370888000,"INAPKEEHGLM":430291944493067840,"COGDOMABGGA":4,"PKPHLKMPHAH":"UI_AvatarIcon_AyakaCostumeFruhling","sideIconName":"UI_AvatarIcon_Side_AyakaCostumeFruhling","JPOCFCHFPAN":17153758638107736000},{"GIGOGHBMCND":200601,"JBDALLHLDLN":1,"nameTextMapHash":2255412906,"descTextMapHash":2734308554,"itemId":340011,"OOJDBLPMLDD":10000006,"jsonName":"Avatar_Lady_Catalyst_LisaCostumeStudentin","LMFEKDEOONK":12600550299813160000,"FIOHANGCCNF":5893029251442558000,"FIDFIDLDEDE":5639347602417794000,"gachaImageNameHash":5920923966167289000,"MNALJOIJMMD":9138671107307150000,"AKEKAAMLHPM":3844565694031600600,"INAPKEEHGLM":8887732179020530000,"COGDOMABGGA":4,"PKPHLKMPHAH":"UI_AvatarIcon_LisaCostumeStudentin","sideIconName":"UI_AvatarIcon_Side_LisaCostumeStudentin","JPOCFCHFPAN":3666831924373171000},{"GIGOGHBMCND":200200,"nameTextMapHash":171482850,"descTextMapHash":2373183578,"OOJDBLPMLDD":10000002,"jsonName":"","isDefault":true,"PKPHLKMPHAH":"","sideIconName":""},{"GIGOGHBMCND":200300,"nameTextMapHash":2431528538,"descTextMapHash":248153650,"OOJDBLPMLDD":10000003,"jsonName":"","isDefault":true,"PKPHLKMPHAH":"","sideIconName":"","OELCGCPMFKJ":true},{"GIGOGHBMCND":200500,"nameTextMapHash":1648736450,"descTextMapHash":2814665554,"OOJDBLPMLDD":10000005,"jsonName":"","isDefault":true,"PKPHLKMPHAH":"","sideIconName":""},{"GIGOGHBMCND":200600,"nameTextMapHash":672166154,"descTextMapHash":3946345210,"OOJDBLPMLDD":10000006,"jsonName":"","isDefault":true,"PKPHLKMPHAH":"","sideIconName":""},{"GIGOGHBMCND":200700,"nameTextMapHash":3561662730,"descTextMapHash":2020994066,"OOJDBLPMLDD":10000007,"jsonName":"","isDefault":true,"PKPHLKMPHAH":"","sideIconName":""},{"GIGOGHBMCND":201400,"nameTextMapHash":2895548298,"descTextMapHash":3092975850,"OOJDBLPMLDD":10000014,"jsonName":"","isDefault":true,"PKPHLKMPHAH":"","sideIconName":""},{"GIGOGHBMCND":201500,"nameTextMapHash":4036813530,"descTextMapHash":1523967378,"OOJDBLPMLDD":10000015,"jsonName":"","isDefault":true,"PKPHLKMPHAH":"","sideIconName":""},{"GIGOGHBMCND":201600,"nameTextMapHash":674973162,"descTextMapHash":2401924570,"OOJDBLPMLDD":10000016,"jsonName":"","isDefault":true,"PKPHLKMPHAH":"","sideIconName":""},{"GIGOGHBMCND":202000,"nameTextMapHash":1677296490,"descTextMapHash":2955915298,"OOJDBLPMLDD":10000020,"jsonName":"","isDefault":true,"PKPHLKMPHAH":"","sideIconName":""},{"GIGOGHBMCND":202100,"nameTextMapHash":690774682,"descTextMapHash":2978334658,"OOJDBLPMLDD":10000021,"jsonName":"","isDefault":true,"PKPHLKMPHAH":"","sideIconName":"","OELCGCPMFKJ":true},{"GIGOGHBMCND":202200,"nameTextMapHash":3806453578,"descTextMapHash":3977341762,"OOJDBLPMLDD":10000022,"jsonName":"","isDefault":true,"PKPHLKMPHAH":"","sideIconName":""},{"GIGOGHBMCND":202300,"nameTextMapHash":2926593050,"descTextMapHash":2478839258,"OOJDBLPMLDD":10000023,"jsonName":"","isDefault":true,"PKPHLKMPHAH":"","sideIconName":""},{"GIGOGHBMCND":202400,"nameTextMapHash":2091122082,"descTextMapHash":1844332810,"OOJDBLPMLDD":10000024,"jsonName":"","isDefault":true,"PKPHLKMPHAH":"","sideIconName":""},{"GIGOGHBMCND":202500,"nameTextMapHash":3118674250,"descTextMapHash":1606071354,"OOJDBLPMLDD":10000025,"jsonName":"","isDefault":true,"PKPHLKMPHAH":"","sideIconName":""},{"GIGOGHBMCND":202600,"nameTextMapHash":2696933402,"descTextMapHash":3291997178,"OOJDBLPMLDD":10000026,"jsonName":"","isDefault":true,"PKPHLKMPHAH":"","sideIconName":""},{"GIGOGHBMCND":202700,"nameTextMapHash":116451794,"descTextMapHash":3980318498,"OOJDBLPMLDD":10000027,"jsonName":"","isDefault":true,"PKPHLKMPHAH":"","sideIconName":""},{"GIGOGHBMCND":202900,"nameTextMapHash":1023505626,"descTextMapHash":3488214794,"OOJDBLPMLDD":10000029,"jsonName":"","isDefault":true,"PKPHLKMPHAH":"","sideIconName":""},{"GIGOGHBMCND":203000,"nameTextMapHash":41327378,"descTextMapHash":2640185922,"OOJDBLPMLDD":10000030,"jsonName":"","isDefault":true,"PKPHLKMPHAH":"","sideIconName":""},{"GIGOGHBMCND":203100,"nameTextMapHash":2969091354,"descTextMapHash":4134576130,"OOJDBLPMLDD":10000031,"jsonName":"","isDefault":true,"PKPHLKMPHAH":"","sideIconName":""},{"GIGOGHBMCND":203200,"nameTextMapHash":2359403186,"descTextMapHash":3111188850,"OOJDBLPMLDD":10000032,"jsonName":"","isDefault":true,"PKPHLKMPHAH":"","sideIconName":""},{"GIGOGHBMCND":203300,"nameTextMapHash":369350914,"descTextMapHash":1165773426,"OOJDBLPMLDD":10000033,"jsonName":"","isDefault":true,"PKPHLKMPHAH":"","sideIconName":""},{"GIGOGHBMCND":203400,"nameTextMapHash":1660794338,"descTextMapHash":102807738,"OOJDBLPMLDD":10000034,"jsonName":"","isDefault":true,"PKPHLKMPHAH":"","sideIconName":""},{"GIGOGHBMCND":203500,"nameTextMapHash":2620016810,"descTextMapHash":4056261530,"OOJDBLPMLDD":10000035,"jsonName":"","isDefault":true,"PKPHLKMPHAH":"","sideIconName":""},{"GIGOGHBMCND":203600,"nameTextMapHash":1142485354,"descTextMapHash":3971237746,"OOJDBLPMLDD":10000036,"jsonName":"","isDefault":true,"PKPHLKMPHAH":"","sideIconName":""},{"GIGOGHBMCND":203700,"nameTextMapHash":4131676042,"descTextMapHash":1209631242,"OOJDBLPMLDD":10000037,"jsonName":"","isDefault":true,"PKPHLKMPHAH":"","sideIconName":""},{"GIGOGHBMCND":203800,"nameTextMapHash":3397577098,"descTextMapHash":310650770,"OOJDBLPMLDD":10000038,"jsonName":"","isDefault":true,"PKPHLKMPHAH":"","sideIconName":""},{"GIGOGHBMCND":203900,"nameTextMapHash":2364432618,"descTextMapHash":670221618,"OOJDBLPMLDD":10000039,"jsonName":"","isDefault":true,"PKPHLKMPHAH":"","sideIconName":""},{"GIGOGHBMCND":204100,"nameTextMapHash":4029369362,"descTextMapHash":871545986,"OOJDBLPMLDD":10000041,"jsonName":"","isDefault":true,"PKPHLKMPHAH":"","sideIconName":"","OELCGCPMFKJ":true},{"GIGOGHBMCND":204200,"nameTextMapHash":3714413314,"descTextMapHash":1992333442,"OOJDBLPMLDD":10000042,"jsonName":"","isDefault":true,"PKPHLKMPHAH":"","sideIconName":""},{"GIGOGHBMCND":204300,"nameTextMapHash":3529210914,"descTextMapHash":4118239546,"OOJDBLPMLDD":10000043,"jsonName":"","isDefault":true,"PKPHLKMPHAH":"","sideIconName":""},{"GIGOGHBMCND":204400,"nameTextMapHash":2768155290,"descTextMapHash":678376738,"OOJDBLPMLDD":10000044,"jsonName":"","isDefault":true,"PKPHLKMPHAH":"","sideIconName":""},{"GIGOGHBMCND":204500,"nameTextMapHash":772899890,"descTextMapHash":4067539010,"OOJDBLPMLDD":10000045,"jsonName":"","isDefault":true,"PKPHLKMPHAH":"","sideIconName":"","OELCGCPMFKJ":true},{"GIGOGHBMCND":204600,"nameTextMapHash":626284674,"descTextMapHash":1186495122,"OOJDBLPMLDD":10000046,"jsonName":"","isDefault":true,"PKPHLKMPHAH":"","sideIconName":""},{"GIGOGHBMCND":204700,"nameTextMapHash":3355624658,"descTextMapHash":973274738,"OOJDBLPMLDD":10000047,"jsonName":"","isDefault":true,"PKPHLKMPHAH":"","sideIconName":""},{"GIGOGHBMCND":204800,"nameTextMapHash":258962178,"descTextMapHash":3070176786,"OOJDBLPMLDD":10000048,"jsonName":"","isDefault":true,"PKPHLKMPHAH":"","sideIconName":""},{"GIGOGHBMCND":204900,"nameTextMapHash":2353136394,"descTextMapHash":984351202,"OOJDBLPMLDD":10000049,"jsonName":"","isDefault":true,"PKPHLKMPHAH":"","sideIconName":""},{"GIGOGHBMCND":205000,"nameTextMapHash":2040879098,"descTextMapHash":1458439730,"OOJDBLPMLDD":10000050,"jsonName":"","isDefault":true,"PKPHLKMPHAH":"","sideIconName":""},{"GIGOGHBMCND":205100,"nameTextMapHash":301314714,"descTextMapHash":1419139450,"OOJDBLPMLDD":10000051,"jsonName":"","isDefault":true,"PKPHLKMPHAH":"","sideIconName":""},{"GIGOGHBMCND":205200,"nameTextMapHash":2377779762,"descTextMapHash":3412149506,"OOJDBLPMLDD":10000052,"jsonName":"","isDefault":true,"PKPHLKMPHAH":"","sideIconName":""},{"GIGOGHBMCND":205300,"nameTextMapHash":4048306346,"descTextMapHash":2144597778,"OOJDBLPMLDD":10000053,"jsonName":"","isDefault":true,"PKPHLKMPHAH":"","sideIconName":""},{"GIGOGHBMCND":205400,"nameTextMapHash":2786415650,"descTextMapHash":3173668642,"OOJDBLPMLDD":10000054,"jsonName":"","isDefault":true,"PKPHLKMPHAH":"","sideIconName":""},{"GIGOGHBMCND":205500,"nameTextMapHash":3561880386,"descTextMapHash":990939858,"OOJDBLPMLDD":10000055,"jsonName":"","isDefault":true,"PKPHLKMPHAH":"","sideIconName":""},{"GIGOGHBMCND":205600,"nameTextMapHash":382710810,"descTextMapHash":1024066610,"OOJDBLPMLDD":10000056,"jsonName":"","isDefault":true,"PKPHLKMPHAH":"","sideIconName":""},{"GIGOGHBMCND":205700,"nameTextMapHash":2006093914,"descTextMapHash":4146650074,"OOJDBLPMLDD":10000057,"jsonName":"","isDefault":true,"PKPHLKMPHAH":"","sideIconName":""},{"GIGOGHBMCND":205800,"nameTextMapHash":1295363218,"descTextMapHash":3314678434,"OOJDBLPMLDD":10000058,"jsonName":"","isDefault":true,"PKPHLKMPHAH":"","sideIconName":""},{"GIGOGHBMCND":205900,"nameTextMapHash":4029103562,"descTextMapHash":3182680786,"OOJDBLPMLDD":10000059,"jsonName":"","isDefault":true,"PKPHLKMPHAH":"","sideIconName":""},{"GIGOGHBMCND":206000,"nameTextMapHash":2196179842,"descTextMapHash":3407589218,"OOJDBLPMLDD":10000060,"jsonName":"","isDefault":true,"PKPHLKMPHAH":"","sideIconName":""},{"GIGOGHBMCND":206200,"nameTextMapHash":3429415730,"descTextMapHash":271842858,"OOJDBLPMLDD":10000062,"jsonName":"","isDefault":true,"PKPHLKMPHAH":"","sideIconName":""},{"GIGOGHBMCND":206300,"nameTextMapHash":3671207274,"descTextMapHash":3625334322,"OOJDBLPMLDD":10000063,"jsonName":"","isDefault":true,"PKPHLKMPHAH":"","sideIconName":""},{"GIGOGHBMCND":206400,"nameTextMapHash":2433262890,"descTextMapHash":1261799770,"OOJDBLPMLDD":10000064,"jsonName":"","isDefault":true,"PKPHLKMPHAH":"","sideIconName":""},{"GIGOGHBMCND":206500,"nameTextMapHash":3245276834,"descTextMapHash":3036913898,"OOJDBLPMLDD":10000065,"jsonName":"","isDefault":true,"PKPHLKMPHAH":"","sideIconName":""},{"GIGOGHBMCND":206600,"nameTextMapHash":3109032026,"descTextMapHash":3093997674,"OOJDBLPMLDD":10000066,"jsonName":"","isDefault":true,"PKPHLKMPHAH":"","sideIconName":""},{"GIGOGHBMCND":206700,"nameTextMapHash":3135223450,"descTextMapHash":2308150714,"OOJDBLPMLDD":10000067,"jsonName":"","isDefault":true,"PKPHLKMPHAH":"","sideIconName":""},{"GIGOGHBMCND":206800,"nameTextMapHash":3617396594,"descTextMapHash":1616648506,"OOJDBLPMLDD":10000068,"jsonName":"","isDefault":true,"PKPHLKMPHAH":"","sideIconName":""},{"GIGOGHBMCND":206900,"nameTextMapHash":1106979266,"descTextMapHash":510932922,"OOJDBLPMLDD":10000069,"jsonName":"","isDefault":true,"PKPHLKMPHAH":"","sideIconName":""},{"GIGOGHBMCND":207000,"nameTextMapHash":3647756106,"descTextMapHash":1078022994,"OOJDBLPMLDD":10000070,"jsonName":"","isDefault":true,"PKPHLKMPHAH":"","sideIconName":""},{"GIGOGHBMCND":207100,"nameTextMapHash":3913661394,"descTextMapHash":1864424082,"OOJDBLPMLDD":10000071,"jsonName":"","isDefault":true,"PKPHLKMPHAH":"","sideIconName":""},{"GIGOGHBMCND":207200,"nameTextMapHash":2665843154,"descTextMapHash":2067286834,"OOJDBLPMLDD":10000072,"jsonName":"","isDefault":true,"PKPHLKMPHAH":"","sideIconName":""},{"GIGOGHBMCND":207300,"nameTextMapHash":2005565242,"descTextMapHash":2151511386,"OOJDBLPMLDD":10000073,"jsonName":"","isDefault":true,"PKPHLKMPHAH":"","sideIconName":""},{"GIGOGHBMCND":207400,"nameTextMapHash":1128331378,"descTextMapHash":3853124810,"OOJDBLPMLDD":10000074,"jsonName":"","isDefault":true,"PKPHLKMPHAH":"","sideIconName":""},{"GIGOGHBMCND":207500,"nameTextMapHash":4005813530,"descTextMapHash":3246746458,"OOJDBLPMLDD":10000075,"jsonName":"","isDefault":true,"PKPHLKMPHAH":"","sideIconName":""},{"GIGOGHBMCND":207600,"nameTextMapHash":1487058818,"descTextMapHash":3487496106,"OOJDBLPMLDD":10000076,"jsonName":"","isDefault":true,"PKPHLKMPHAH":"","sideIconName":""},{"GIGOGHBMCND":207700,"nameTextMapHash":1664916426,"descTextMapHash":3911845442,"OOJDBLPMLDD":10000077,"jsonName":"","isDefault":true,"PKPHLKMPHAH":"","sideIconName":""},{"GIGOGHBMCND":207800,"nameTextMapHash":3349227426,"descTextMapHash":39198106,"OOJDBLPMLDD":10000078,"jsonName":"","isDefault":true,"PKPHLKMPHAH":"","sideIconName":""},{"GIGOGHBMCND":207900,"nameTextMapHash":4041199642,"descTextMapHash":140684002,"OOJDBLPMLDD":10000079,"jsonName":"","isDefault":true,"PKPHLKMPHAH":"","sideIconName":""},{"GIGOGHBMCND":208000,"nameTextMapHash":423812362,"descTextMapHash":3777257866,"OOJDBLPMLDD":10000080,"jsonName":"","isDefault":true,"PKPHLKMPHAH":"","sideIconName":""}]