[{"level":1,"curveInfos":[{"type":"GROW_CURVE_HP_S4","arith":"ARITH_MULTI","value":1},{"type":"GROW_CURVE_ATTACK_S4","arith":"ARITH_MULTI","value":1},{"type":"GROW_CURVE_HP_S5","arith":"ARITH_MULTI","value":1},{"type":"GROW_CURVE_ATTACK_S5","arith":"ARITH_MULTI","value":1}]},{"level":2,"curveInfos":[{"type":"GROW_CURVE_HP_S4","arith":"ARITH_MULTI","value":1.0829999446868896},{"type":"GROW_CURVE_ATTACK_S4","arith":"ARITH_MULTI","value":1.0829999446868896},{"type":"GROW_CURVE_HP_S5","arith":"ARITH_MULTI","value":1.0829999446868896},{"type":"GROW_CURVE_ATTACK_S5","arith":"ARITH_MULTI","value":1.0829999446868896}]},{"level":3,"curveInfos":[{"type":"GROW_CURVE_HP_S4","arith":"ARITH_MULTI","value":1.1649999618530273},{"type":"GROW_CURVE_ATTACK_S4","arith":"ARITH_MULTI","value":1.1649999618530273},{"type":"GROW_CURVE_HP_S5","arith":"ARITH_MULTI","value":1.1660000085830688},{"type":"GROW_CURVE_ATTACK_S5","arith":"ARITH_MULTI","value":1.1660000085830688}]},{"level":4,"curveInfos":[{"type":"GROW_CURVE_HP_S4","arith":"ARITH_MULTI","value":1.2480000257492065},{"type":"GROW_CURVE_ATTACK_S4","arith":"ARITH_MULTI","value":1.2480000257492065},{"type":"GROW_CURVE_HP_S5","arith":"ARITH_MULTI","value":1.25},{"type":"GROW_CURVE_ATTACK_S5","arith":"ARITH_MULTI","value":1.25}]},{"level":5,"curveInfos":[{"type":"GROW_CURVE_HP_S4","arith":"ARITH_MULTI","value":1.3300000429153442},{"type":"GROW_CURVE_ATTACK_S4","arith":"ARITH_MULTI","value":1.3300000429153442},{"type":"GROW_CURVE_HP_S5","arith":"ARITH_MULTI","value":1.3329999446868896},{"type":"GROW_CURVE_ATTACK_S5","arith":"ARITH_MULTI","value":1.3329999446868896}]},{"level":6,"curveInfos":[{"type":"GROW_CURVE_HP_S4","arith":"ARITH_MULTI","value":1.4129999876022339},{"type":"GROW_CURVE_ATTACK_S4","arith":"ARITH_MULTI","value":1.4129999876022339},{"type":"GROW_CURVE_HP_S5","arith":"ARITH_MULTI","value":1.4170000553131104},{"type":"GROW_CURVE_ATTACK_S5","arith":"ARITH_MULTI","value":1.4170000553131104}]},{"level":7,"curveInfos":[{"type":"GROW_CURVE_HP_S4","arith":"ARITH_MULTI","value":1.4950000047683716},{"type":"GROW_CURVE_ATTACK_S4","arith":"ARITH_MULTI","value":1.4950000047683716},{"type":"GROW_CURVE_HP_S5","arith":"ARITH_MULTI","value":1.5},{"type":"GROW_CURVE_ATTACK_S5","arith":"ARITH_MULTI","value":1.5}]},{"level":8,"curveInfos":[{"type":"GROW_CURVE_HP_S4","arith":"ARITH_MULTI","value":1.5779999494552612},{"type":"GROW_CURVE_ATTACK_S4","arith":"ARITH_MULTI","value":1.5779999494552612},{"type":"GROW_CURVE_HP_S5","arith":"ARITH_MULTI","value":1.5839999914169312},{"type":"GROW_CURVE_ATTACK_S5","arith":"ARITH_MULTI","value":1.5839999914169312}]},{"level":9,"curveInfos":[{"type":"GROW_CURVE_HP_S4","arith":"ARITH_MULTI","value":1.6610000133514404},{"type":"GROW_CURVE_ATTACK_S4","arith":"ARITH_MULTI","value":1.6610000133514404},{"type":"GROW_CURVE_HP_S5","arith":"ARITH_MULTI","value":1.6679999828338623},{"type":"GROW_CURVE_ATTACK_S5","arith":"ARITH_MULTI","value":1.6679999828338623}]},{"level":10,"curveInfos":[{"type":"GROW_CURVE_HP_S4","arith":"ARITH_MULTI","value":1.7430000305175781},{"type":"GROW_CURVE_ATTACK_S4","arith":"ARITH_MULTI","value":1.7430000305175781},{"type":"GROW_CURVE_HP_S5","arith":"ARITH_MULTI","value":1.7510000467300415},{"type":"GROW_CURVE_ATTACK_S5","arith":"ARITH_MULTI","value":1.7510000467300415}]},{"level":11,"curveInfos":[{"type":"GROW_CURVE_HP_S4","arith":"ARITH_MULTI","value":1.8259999752044678},{"type":"GROW_CURVE_ATTACK_S4","arith":"ARITH_MULTI","value":1.8259999752044678},{"type":"GROW_CURVE_HP_S5","arith":"ARITH_MULTI","value":1.8350000381469727},{"type":"GROW_CURVE_ATTACK_S5","arith":"ARITH_MULTI","value":1.8350000381469727}]},{"level":12,"curveInfos":[{"type":"GROW_CURVE_HP_S4","arith":"ARITH_MULTI","value":1.9079999923706055},{"type":"GROW_CURVE_ATTACK_S4","arith":"ARITH_MULTI","value":1.9079999923706055},{"type":"GROW_CURVE_HP_S5","arith":"ARITH_MULTI","value":1.9190000295639038},{"type":"GROW_CURVE_ATTACK_S5","arith":"ARITH_MULTI","value":1.9190000295639038}]},{"level":13,"curveInfos":[{"type":"GROW_CURVE_HP_S4","arith":"ARITH_MULTI","value":1.9910000562667847},{"type":"GROW_CURVE_ATTACK_S4","arith":"ARITH_MULTI","value":1.9910000562667847},{"type":"GROW_CURVE_HP_S5","arith":"ARITH_MULTI","value":2.003000020980835},{"type":"GROW_CURVE_ATTACK_S5","arith":"ARITH_MULTI","value":2.003000020980835}]},{"level":14,"curveInfos":[{"type":"GROW_CURVE_HP_S4","arith":"ARITH_MULTI","value":2.072999954223633},{"type":"GROW_CURVE_ATTACK_S4","arith":"ARITH_MULTI","value":2.072999954223633},{"type":"GROW_CURVE_HP_S5","arith":"ARITH_MULTI","value":2.0880000591278076},{"type":"GROW_CURVE_ATTACK_S5","arith":"ARITH_MULTI","value":2.0880000591278076}]},{"level":15,"curveInfos":[{"type":"GROW_CURVE_HP_S4","arith":"ARITH_MULTI","value":2.1559998989105225},{"type":"GROW_CURVE_ATTACK_S4","arith":"ARITH_MULTI","value":2.1559998989105225},{"type":"GROW_CURVE_HP_S5","arith":"ARITH_MULTI","value":2.171999931335449},{"type":"GROW_CURVE_ATTACK_S5","arith":"ARITH_MULTI","value":2.171999931335449}]},{"level":16,"curveInfos":[{"type":"GROW_CURVE_HP_S4","arith":"ARITH_MULTI","value":2.239000082015991},{"type":"GROW_CURVE_ATTACK_S4","arith":"ARITH_MULTI","value":2.239000082015991},{"type":"GROW_CURVE_HP_S5","arith":"ARITH_MULTI","value":2.25600004196167},{"type":"GROW_CURVE_ATTACK_S5","arith":"ARITH_MULTI","value":2.25600004196167}]},{"level":17,"curveInfos":[{"type":"GROW_CURVE_HP_S4","arith":"ARITH_MULTI","value":2.321000099182129},{"type":"GROW_CURVE_ATTACK_S4","arith":"ARITH_MULTI","value":2.321000099182129},{"type":"GROW_CURVE_HP_S5","arith":"ARITH_MULTI","value":2.3410000801086426},{"type":"GROW_CURVE_ATTACK_S5","arith":"ARITH_MULTI","value":2.3410000801086426}]},{"level":18,"curveInfos":[{"type":"GROW_CURVE_HP_S4","arith":"ARITH_MULTI","value":2.4040000438690186},{"type":"GROW_CURVE_ATTACK_S4","arith":"ARITH_MULTI","value":2.4040000438690186},{"type":"GROW_CURVE_HP_S5","arith":"ARITH_MULTI","value":2.424999952316284},{"type":"GROW_CURVE_ATTACK_S5","arith":"ARITH_MULTI","value":2.424999952316284}]},{"level":19,"curveInfos":[{"type":"GROW_CURVE_HP_S4","arith":"ARITH_MULTI","value":2.4860000610351562},{"type":"GROW_CURVE_ATTACK_S4","arith":"ARITH_MULTI","value":2.4860000610351562},{"type":"GROW_CURVE_HP_S5","arith":"ARITH_MULTI","value":2.509999990463257},{"type":"GROW_CURVE_ATTACK_S5","arith":"ARITH_MULTI","value":2.509999990463257}]},{"level":20,"curveInfos":[{"type":"GROW_CURVE_HP_S4","arith":"ARITH_MULTI","value":2.569000005722046},{"type":"GROW_CURVE_ATTACK_S4","arith":"ARITH_MULTI","value":2.569000005722046},{"type":"GROW_CURVE_HP_S5","arith":"ARITH_MULTI","value":2.5940001010894775},{"type":"GROW_CURVE_ATTACK_S5","arith":"ARITH_MULTI","value":2.5940001010894775}]},{"level":21,"curveInfos":[{"type":"GROW_CURVE_HP_S4","arith":"ARITH_MULTI","value":2.6510000228881836},{"type":"GROW_CURVE_ATTACK_S4","arith":"ARITH_MULTI","value":2.6510000228881836},{"type":"GROW_CURVE_HP_S5","arith":"ARITH_MULTI","value":2.678999900817871},{"type":"GROW_CURVE_ATTACK_S5","arith":"ARITH_MULTI","value":2.678999900817871}]},{"level":22,"curveInfos":[{"type":"GROW_CURVE_HP_S4","arith":"ARITH_MULTI","value":2.7339999675750732},{"type":"GROW_CURVE_ATTACK_S4","arith":"ARITH_MULTI","value":2.7339999675750732},{"type":"GROW_CURVE_HP_S5","arith":"ARITH_MULTI","value":2.7639999389648438},{"type":"GROW_CURVE_ATTACK_S5","arith":"ARITH_MULTI","value":2.7639999389648438}]},{"level":23,"curveInfos":[{"type":"GROW_CURVE_HP_S4","arith":"ARITH_MULTI","value":2.816999912261963},{"type":"GROW_CURVE_ATTACK_S4","arith":"ARITH_MULTI","value":2.816999912261963},{"type":"GROW_CURVE_HP_S5","arith":"ARITH_MULTI","value":2.8489999771118164},{"type":"GROW_CURVE_ATTACK_S5","arith":"ARITH_MULTI","value":2.8489999771118164}]},{"level":24,"curveInfos":[{"type":"GROW_CURVE_HP_S4","arith":"ARITH_MULTI","value":2.8989999294281006},{"type":"GROW_CURVE_ATTACK_S4","arith":"ARITH_MULTI","value":2.8989999294281006},{"type":"GROW_CURVE_HP_S5","arith":"ARITH_MULTI","value":2.934000015258789},{"type":"GROW_CURVE_ATTACK_S5","arith":"ARITH_MULTI","value":2.934000015258789}]},{"level":25,"curveInfos":[{"type":"GROW_CURVE_HP_S4","arith":"ARITH_MULTI","value":2.9820001125335693},{"type":"GROW_CURVE_ATTACK_S4","arith":"ARITH_MULTI","value":2.9820001125335693},{"type":"GROW_CURVE_HP_S5","arith":"ARITH_MULTI","value":3.0190000534057617},{"type":"GROW_CURVE_ATTACK_S5","arith":"ARITH_MULTI","value":3.0190000534057617}]},{"level":26,"curveInfos":[{"type":"GROW_CURVE_HP_S4","arith":"ARITH_MULTI","value":3.063999891281128},{"type":"GROW_CURVE_ATTACK_S4","arith":"ARITH_MULTI","value":3.063999891281128},{"type":"GROW_CURVE_HP_S5","arith":"ARITH_MULTI","value":3.1050000190734863},{"type":"GROW_CURVE_ATTACK_S5","arith":"ARITH_MULTI","value":3.1050000190734863}]},{"level":27,"curveInfos":[{"type":"GROW_CURVE_HP_S4","arith":"ARITH_MULTI","value":3.1470000743865967},{"type":"GROW_CURVE_ATTACK_S4","arith":"ARITH_MULTI","value":3.1470000743865967},{"type":"GROW_CURVE_HP_S5","arith":"ARITH_MULTI","value":3.190000057220459},{"type":"GROW_CURVE_ATTACK_S5","arith":"ARITH_MULTI","value":3.190000057220459}]},{"level":28,"curveInfos":[{"type":"GROW_CURVE_HP_S4","arith":"ARITH_MULTI","value":3.2290000915527344},{"type":"GROW_CURVE_ATTACK_S4","arith":"ARITH_MULTI","value":3.2290000915527344},{"type":"GROW_CURVE_HP_S5","arith":"ARITH_MULTI","value":3.2750000953674316},{"type":"GROW_CURVE_ATTACK_S5","arith":"ARITH_MULTI","value":3.2750000953674316}]},{"level":29,"curveInfos":[{"type":"GROW_CURVE_HP_S4","arith":"ARITH_MULTI","value":3.312000036239624},{"type":"GROW_CURVE_ATTACK_S4","arith":"ARITH_MULTI","value":3.312000036239624},{"type":"GROW_CURVE_HP_S5","arith":"ARITH_MULTI","value":3.3610000610351562},{"type":"GROW_CURVE_ATTACK_S5","arith":"ARITH_MULTI","value":3.3610000610351562}]},{"level":30,"curveInfos":[{"type":"GROW_CURVE_HP_S4","arith":"ARITH_MULTI","value":3.3940000534057617},{"type":"GROW_CURVE_ATTACK_S4","arith":"ARITH_MULTI","value":3.3940000534057617},{"type":"GROW_CURVE_HP_S5","arith":"ARITH_MULTI","value":3.446000099182129},{"type":"GROW_CURVE_ATTACK_S5","arith":"ARITH_MULTI","value":3.446000099182129}]},{"level":31,"curveInfos":[{"type":"GROW_CURVE_HP_S4","arith":"ARITH_MULTI","value":3.4769999980926514},{"type":"GROW_CURVE_ATTACK_S4","arith":"ARITH_MULTI","value":3.4769999980926514},{"type":"GROW_CURVE_HP_S5","arith":"ARITH_MULTI","value":3.5320000648498535},{"type":"GROW_CURVE_ATTACK_S5","arith":"ARITH_MULTI","value":3.5320000648498535}]},{"level":32,"curveInfos":[{"type":"GROW_CURVE_HP_S4","arith":"ARITH_MULTI","value":3.559999942779541},{"type":"GROW_CURVE_ATTACK_S4","arith":"ARITH_MULTI","value":3.559999942779541},{"type":"GROW_CURVE_HP_S5","arith":"ARITH_MULTI","value":3.618000030517578},{"type":"GROW_CURVE_ATTACK_S5","arith":"ARITH_MULTI","value":3.618000030517578}]},{"level":33,"curveInfos":[{"type":"GROW_CURVE_HP_S4","arith":"ARITH_MULTI","value":3.6419999599456787},{"type":"GROW_CURVE_ATTACK_S4","arith":"ARITH_MULTI","value":3.6419999599456787},{"type":"GROW_CURVE_HP_S5","arith":"ARITH_MULTI","value":3.7039999961853027},{"type":"GROW_CURVE_ATTACK_S5","arith":"ARITH_MULTI","value":3.7039999961853027}]},{"level":34,"curveInfos":[{"type":"GROW_CURVE_HP_S4","arith":"ARITH_MULTI","value":3.7249999046325684},{"type":"GROW_CURVE_ATTACK_S4","arith":"ARITH_MULTI","value":3.7249999046325684},{"type":"GROW_CURVE_HP_S5","arith":"ARITH_MULTI","value":3.7890000343322754},{"type":"GROW_CURVE_ATTACK_S5","arith":"ARITH_MULTI","value":3.7890000343322754}]},{"level":35,"curveInfos":[{"type":"GROW_CURVE_HP_S4","arith":"ARITH_MULTI","value":3.806999921798706},{"type":"GROW_CURVE_ATTACK_S4","arith":"ARITH_MULTI","value":3.806999921798706},{"type":"GROW_CURVE_HP_S5","arith":"ARITH_MULTI","value":3.875},{"type":"GROW_CURVE_ATTACK_S5","arith":"ARITH_MULTI","value":3.875}]},{"level":36,"curveInfos":[{"type":"GROW_CURVE_HP_S4","arith":"ARITH_MULTI","value":3.890000104904175},{"type":"GROW_CURVE_ATTACK_S4","arith":"ARITH_MULTI","value":3.890000104904175},{"type":"GROW_CURVE_HP_S5","arith":"ARITH_MULTI","value":3.9619998931884766},{"type":"GROW_CURVE_ATTACK_S5","arith":"ARITH_MULTI","value":3.9619998931884766}]},{"level":37,"curveInfos":[{"type":"GROW_CURVE_HP_S4","arith":"ARITH_MULTI","value":3.9719998836517334},{"type":"GROW_CURVE_ATTACK_S4","arith":"ARITH_MULTI","value":3.9719998836517334},{"type":"GROW_CURVE_HP_S5","arith":"ARITH_MULTI","value":4.047999858856201},{"type":"GROW_CURVE_ATTACK_S5","arith":"ARITH_MULTI","value":4.047999858856201}]},{"level":38,"curveInfos":[{"type":"GROW_CURVE_HP_S4","arith":"ARITH_MULTI","value":4.054999828338623},{"type":"GROW_CURVE_ATTACK_S4","arith":"ARITH_MULTI","value":4.054999828338623},{"type":"GROW_CURVE_HP_S5","arith":"ARITH_MULTI","value":4.133999824523926},{"type":"GROW_CURVE_ATTACK_S5","arith":"ARITH_MULTI","value":4.133999824523926}]},{"level":39,"curveInfos":[{"type":"GROW_CURVE_HP_S4","arith":"ARITH_MULTI","value":4.138000011444092},{"type":"GROW_CURVE_ATTACK_S4","arith":"ARITH_MULTI","value":4.138000011444092},{"type":"GROW_CURVE_HP_S5","arith":"ARITH_MULTI","value":4.21999979019165},{"type":"GROW_CURVE_ATTACK_S5","arith":"ARITH_MULTI","value":4.21999979019165}]},{"level":40,"curveInfos":[{"type":"GROW_CURVE_HP_S4","arith":"ARITH_MULTI","value":4.21999979019165},{"type":"GROW_CURVE_ATTACK_S4","arith":"ARITH_MULTI","value":4.21999979019165},{"type":"GROW_CURVE_HP_S5","arith":"ARITH_MULTI","value":4.307000160217285},{"type":"GROW_CURVE_ATTACK_S5","arith":"ARITH_MULTI","value":4.307000160217285}]},{"level":41,"curveInfos":[{"type":"GROW_CURVE_HP_S4","arith":"ARITH_MULTI","value":4.302999973297119},{"type":"GROW_CURVE_ATTACK_S4","arith":"ARITH_MULTI","value":4.302999973297119},{"type":"GROW_CURVE_HP_S5","arith":"ARITH_MULTI","value":4.39300012588501},{"type":"GROW_CURVE_ATTACK_S5","arith":"ARITH_MULTI","value":4.39300012588501}]},{"level":42,"curveInfos":[{"type":"GROW_CURVE_HP_S4","arith":"ARITH_MULTI","value":4.385000228881836},{"type":"GROW_CURVE_ATTACK_S4","arith":"ARITH_MULTI","value":4.385000228881836},{"type":"GROW_CURVE_HP_S5","arith":"ARITH_MULTI","value":4.480000019073486},{"type":"GROW_CURVE_ATTACK_S5","arith":"ARITH_MULTI","value":4.480000019073486}]},{"level":43,"curveInfos":[{"type":"GROW_CURVE_HP_S4","arith":"ARITH_MULTI","value":4.4679999351501465},{"type":"GROW_CURVE_ATTACK_S4","arith":"ARITH_MULTI","value":4.4679999351501465},{"type":"GROW_CURVE_HP_S5","arith":"ARITH_MULTI","value":4.566999912261963},{"type":"GROW_CURVE_ATTACK_S5","arith":"ARITH_MULTI","value":4.566999912261963}]},{"level":44,"curveInfos":[{"type":"GROW_CURVE_HP_S4","arith":"ARITH_MULTI","value":4.550000190734863},{"type":"GROW_CURVE_ATTACK_S4","arith":"ARITH_MULTI","value":4.550000190734863},{"type":"GROW_CURVE_HP_S5","arith":"ARITH_MULTI","value":4.6529998779296875},{"type":"GROW_CURVE_ATTACK_S5","arith":"ARITH_MULTI","value":4.6529998779296875}]},{"level":45,"curveInfos":[{"type":"GROW_CURVE_HP_S4","arith":"ARITH_MULTI","value":4.632999897003174},{"type":"GROW_CURVE_ATTACK_S4","arith":"ARITH_MULTI","value":4.632999897003174},{"type":"GROW_CURVE_HP_S5","arith":"ARITH_MULTI","value":4.739999771118164},{"type":"GROW_CURVE_ATTACK_S5","arith":"ARITH_MULTI","value":4.739999771118164}]},{"level":46,"curveInfos":[{"type":"GROW_CURVE_HP_S4","arith":"ARITH_MULTI","value":4.716000080108643},{"type":"GROW_CURVE_ATTACK_S4","arith":"ARITH_MULTI","value":4.716000080108643},{"type":"GROW_CURVE_HP_S5","arith":"ARITH_MULTI","value":4.827000141143799},{"type":"GROW_CURVE_ATTACK_S5","arith":"ARITH_MULTI","value":4.827000141143799}]},{"level":47,"curveInfos":[{"type":"GROW_CURVE_HP_S4","arith":"ARITH_MULTI","value":4.797999858856201},{"type":"GROW_CURVE_ATTACK_S4","arith":"ARITH_MULTI","value":4.797999858856201},{"type":"GROW_CURVE_HP_S5","arith":"ARITH_MULTI","value":4.914000034332275},{"type":"GROW_CURVE_ATTACK_S5","arith":"ARITH_MULTI","value":4.914000034332275}]},{"level":48,"curveInfos":[{"type":"GROW_CURVE_HP_S4","arith":"ARITH_MULTI","value":4.88100004196167},{"type":"GROW_CURVE_ATTACK_S4","arith":"ARITH_MULTI","value":4.88100004196167},{"type":"GROW_CURVE_HP_S5","arith":"ARITH_MULTI","value":5.000999927520752},{"type":"GROW_CURVE_ATTACK_S5","arith":"ARITH_MULTI","value":5.000999927520752}]},{"level":49,"curveInfos":[{"type":"GROW_CURVE_HP_S4","arith":"ARITH_MULTI","value":4.9629998207092285},{"type":"GROW_CURVE_ATTACK_S4","arith":"ARITH_MULTI","value":4.9629998207092285},{"type":"GROW_CURVE_HP_S5","arith":"ARITH_MULTI","value":5.089000225067139},{"type":"GROW_CURVE_ATTACK_S5","arith":"ARITH_MULTI","value":5.089000225067139}]},{"level":50,"curveInfos":[{"type":"GROW_CURVE_HP_S4","arith":"ARITH_MULTI","value":5.046000003814697},{"type":"GROW_CURVE_ATTACK_S4","arith":"ARITH_MULTI","value":5.046000003814697},{"type":"GROW_CURVE_HP_S5","arith":"ARITH_MULTI","value":5.176000118255615},{"type":"GROW_CURVE_ATTACK_S5","arith":"ARITH_MULTI","value":5.176000118255615}]},{"level":51,"curveInfos":[{"type":"GROW_CURVE_HP_S4","arith":"ARITH_MULTI","value":5.127999782562256},{"type":"GROW_CURVE_ATTACK_S4","arith":"ARITH_MULTI","value":5.127999782562256},{"type":"GROW_CURVE_HP_S5","arith":"ARITH_MULTI","value":5.263000011444092},{"type":"GROW_CURVE_ATTACK_S5","arith":"ARITH_MULTI","value":5.263000011444092}]},{"level":52,"curveInfos":[{"type":"GROW_CURVE_HP_S4","arith":"ARITH_MULTI","value":5.210999965667725},{"type":"GROW_CURVE_ATTACK_S4","arith":"ARITH_MULTI","value":5.210999965667725},{"type":"GROW_CURVE_HP_S5","arith":"ARITH_MULTI","value":5.35099983215332},{"type":"GROW_CURVE_ATTACK_S5","arith":"ARITH_MULTI","value":5.35099983215332}]},{"level":53,"curveInfos":[{"type":"GROW_CURVE_HP_S4","arith":"ARITH_MULTI","value":5.294000148773193},{"type":"GROW_CURVE_ATTACK_S4","arith":"ARITH_MULTI","value":5.294000148773193},{"type":"GROW_CURVE_HP_S5","arith":"ARITH_MULTI","value":5.438000202178955},{"type":"GROW_CURVE_ATTACK_S5","arith":"ARITH_MULTI","value":5.438000202178955}]},{"level":54,"curveInfos":[{"type":"GROW_CURVE_HP_S4","arith":"ARITH_MULTI","value":5.375999927520752},{"type":"GROW_CURVE_ATTACK_S4","arith":"ARITH_MULTI","value":5.375999927520752},{"type":"GROW_CURVE_HP_S5","arith":"ARITH_MULTI","value":5.526000022888184},{"type":"GROW_CURVE_ATTACK_S5","arith":"ARITH_MULTI","value":5.526000022888184}]},{"level":55,"curveInfos":[{"type":"GROW_CURVE_HP_S4","arith":"ARITH_MULTI","value":5.459000110626221},{"type":"GROW_CURVE_ATTACK_S4","arith":"ARITH_MULTI","value":5.459000110626221},{"type":"GROW_CURVE_HP_S5","arith":"ARITH_MULTI","value":5.613999843597412},{"type":"GROW_CURVE_ATTACK_S5","arith":"ARITH_MULTI","value":5.613999843597412}]},{"level":56,"curveInfos":[{"type":"GROW_CURVE_HP_S4","arith":"ARITH_MULTI","value":5.540999889373779},{"type":"GROW_CURVE_ATTACK_S4","arith":"ARITH_MULTI","value":5.540999889373779},{"type":"GROW_CURVE_HP_S5","arith":"ARITH_MULTI","value":5.702000141143799},{"type":"GROW_CURVE_ATTACK_S5","arith":"ARITH_MULTI","value":5.702000141143799}]},{"level":57,"curveInfos":[{"type":"GROW_CURVE_HP_S4","arith":"ARITH_MULTI","value":5.624000072479248},{"type":"GROW_CURVE_ATTACK_S4","arith":"ARITH_MULTI","value":5.624000072479248},{"type":"GROW_CURVE_HP_S5","arith":"ARITH_MULTI","value":5.789999961853027},{"type":"GROW_CURVE_ATTACK_S5","arith":"ARITH_MULTI","value":5.789999961853027}]},{"level":58,"curveInfos":[{"type":"GROW_CURVE_HP_S4","arith":"ARITH_MULTI","value":5.705999851226807},{"type":"GROW_CURVE_ATTACK_S4","arith":"ARITH_MULTI","value":5.705999851226807},{"type":"GROW_CURVE_HP_S5","arith":"ARITH_MULTI","value":5.877999782562256},{"type":"GROW_CURVE_ATTACK_S5","arith":"ARITH_MULTI","value":5.877999782562256}]},{"level":59,"curveInfos":[{"type":"GROW_CURVE_HP_S4","arith":"ARITH_MULTI","value":5.789000034332275},{"type":"GROW_CURVE_ATTACK_S4","arith":"ARITH_MULTI","value":5.789000034332275},{"type":"GROW_CURVE_HP_S5","arith":"ARITH_MULTI","value":5.966000080108643},{"type":"GROW_CURVE_ATTACK_S5","arith":"ARITH_MULTI","value":5.966000080108643}]},{"level":60,"curveInfos":[{"type":"GROW_CURVE_HP_S4","arith":"ARITH_MULTI","value":5.872000217437744},{"type":"GROW_CURVE_ATTACK_S4","arith":"ARITH_MULTI","value":5.872000217437744},{"type":"GROW_CURVE_HP_S5","arith":"ARITH_MULTI","value":6.053999900817871},{"type":"GROW_CURVE_ATTACK_S5","arith":"ARITH_MULTI","value":6.053999900817871}]},{"level":61,"curveInfos":[{"type":"GROW_CURVE_HP_S4","arith":"ARITH_MULTI","value":5.953999996185303},{"type":"GROW_CURVE_ATTACK_S4","arith":"ARITH_MULTI","value":5.953999996185303},{"type":"GROW_CURVE_HP_S5","arith":"ARITH_MULTI","value":6.142000198364258},{"type":"GROW_CURVE_ATTACK_S5","arith":"ARITH_MULTI","value":6.142000198364258}]},{"level":62,"curveInfos":[{"type":"GROW_CURVE_HP_S4","arith":"ARITH_MULTI","value":6.0370001792907715},{"type":"GROW_CURVE_ATTACK_S4","arith":"ARITH_MULTI","value":6.0370001792907715},{"type":"GROW_CURVE_HP_S5","arith":"ARITH_MULTI","value":6.230000019073486},{"type":"GROW_CURVE_ATTACK_S5","arith":"ARITH_MULTI","value":6.230000019073486}]},{"level":63,"curveInfos":[{"type":"GROW_CURVE_HP_S4","arith":"ARITH_MULTI","value":6.11899995803833},{"type":"GROW_CURVE_ATTACK_S4","arith":"ARITH_MULTI","value":6.11899995803833},{"type":"GROW_CURVE_HP_S5","arith":"ARITH_MULTI","value":6.318999767303467},{"type":"GROW_CURVE_ATTACK_S5","arith":"ARITH_MULTI","value":6.318999767303467}]},{"level":64,"curveInfos":[{"type":"GROW_CURVE_HP_S4","arith":"ARITH_MULTI","value":6.202000141143799},{"type":"GROW_CURVE_ATTACK_S4","arith":"ARITH_MULTI","value":6.202000141143799},{"type":"GROW_CURVE_HP_S5","arith":"ARITH_MULTI","value":6.4070000648498535},{"type":"GROW_CURVE_ATTACK_S5","arith":"ARITH_MULTI","value":6.4070000648498535}]},{"level":65,"curveInfos":[{"type":"GROW_CURVE_HP_S4","arith":"ARITH_MULTI","value":6.283999919891357},{"type":"GROW_CURVE_ATTACK_S4","arith":"ARITH_MULTI","value":6.283999919891357},{"type":"GROW_CURVE_HP_S5","arith":"ARITH_MULTI","value":6.495999813079834},{"type":"GROW_CURVE_ATTACK_S5","arith":"ARITH_MULTI","value":6.495999813079834}]},{"level":66,"curveInfos":[{"type":"GROW_CURVE_HP_S4","arith":"ARITH_MULTI","value":6.367000102996826},{"type":"GROW_CURVE_ATTACK_S4","arith":"ARITH_MULTI","value":6.367000102996826},{"type":"GROW_CURVE_HP_S5","arith":"ARITH_MULTI","value":6.585000038146973},{"type":"GROW_CURVE_ATTACK_S5","arith":"ARITH_MULTI","value":6.585000038146973}]},{"level":67,"curveInfos":[{"type":"GROW_CURVE_HP_S4","arith":"ARITH_MULTI","value":6.449999809265137},{"type":"GROW_CURVE_ATTACK_S4","arith":"ARITH_MULTI","value":6.449999809265137},{"type":"GROW_CURVE_HP_S5","arith":"ARITH_MULTI","value":6.672999858856201},{"type":"GROW_CURVE_ATTACK_S5","arith":"ARITH_MULTI","value":6.672999858856201}]},{"level":68,"curveInfos":[{"type":"GROW_CURVE_HP_S4","arith":"ARITH_MULTI","value":6.5320000648498535},{"type":"GROW_CURVE_ATTACK_S4","arith":"ARITH_MULTI","value":6.5320000648498535},{"type":"GROW_CURVE_HP_S5","arith":"ARITH_MULTI","value":6.76200008392334},{"type":"GROW_CURVE_ATTACK_S5","arith":"ARITH_MULTI","value":6.76200008392334}]},{"level":69,"curveInfos":[{"type":"GROW_CURVE_HP_S4","arith":"ARITH_MULTI","value":6.614999771118164},{"type":"GROW_CURVE_ATTACK_S4","arith":"ARITH_MULTI","value":6.614999771118164},{"type":"GROW_CURVE_HP_S5","arith":"ARITH_MULTI","value":6.85099983215332},{"type":"GROW_CURVE_ATTACK_S5","arith":"ARITH_MULTI","value":6.85099983215332}]},{"level":70,"curveInfos":[{"type":"GROW_CURVE_HP_S4","arith":"ARITH_MULTI","value":6.697000026702881},{"type":"GROW_CURVE_ATTACK_S4","arith":"ARITH_MULTI","value":6.697000026702881},{"type":"GROW_CURVE_HP_S5","arith":"ARITH_MULTI","value":6.940000057220459},{"type":"GROW_CURVE_ATTACK_S5","arith":"ARITH_MULTI","value":6.940000057220459}]},{"level":71,"curveInfos":[{"type":"GROW_CURVE_HP_S4","arith":"ARITH_MULTI","value":6.78000020980835},{"type":"GROW_CURVE_ATTACK_S4","arith":"ARITH_MULTI","value":6.78000020980835},{"type":"GROW_CURVE_HP_S5","arith":"ARITH_MULTI","value":7.0289998054504395},{"type":"GROW_CURVE_ATTACK_S5","arith":"ARITH_MULTI","value":7.0289998054504395}]},{"level":72,"curveInfos":[{"type":"GROW_CURVE_HP_S4","arith":"ARITH_MULTI","value":6.861999988555908},{"type":"GROW_CURVE_ATTACK_S4","arith":"ARITH_MULTI","value":6.861999988555908},{"type":"GROW_CURVE_HP_S5","arith":"ARITH_MULTI","value":7.11899995803833},{"type":"GROW_CURVE_ATTACK_S5","arith":"ARITH_MULTI","value":7.11899995803833}]},{"level":73,"curveInfos":[{"type":"GROW_CURVE_HP_S4","arith":"ARITH_MULTI","value":6.945000171661377},{"type":"GROW_CURVE_ATTACK_S4","arith":"ARITH_MULTI","value":6.945000171661377},{"type":"GROW_CURVE_HP_S5","arith":"ARITH_MULTI","value":7.208000183105469},{"type":"GROW_CURVE_ATTACK_S5","arith":"ARITH_MULTI","value":7.208000183105469}]},{"level":74,"curveInfos":[{"type":"GROW_CURVE_HP_S4","arith":"ARITH_MULTI","value":7.0279998779296875},{"type":"GROW_CURVE_ATTACK_S4","arith":"ARITH_MULTI","value":7.0279998779296875},{"type":"GROW_CURVE_HP_S5","arith":"ARITH_MULTI","value":7.296999931335449},{"type":"GROW_CURVE_ATTACK_S5","arith":"ARITH_MULTI","value":7.296999931335449}]},{"level":75,"curveInfos":[{"type":"GROW_CURVE_HP_S4","arith":"ARITH_MULTI","value":7.110000133514404},{"type":"GROW_CURVE_ATTACK_S4","arith":"ARITH_MULTI","value":7.110000133514404},{"type":"GROW_CURVE_HP_S5","arith":"ARITH_MULTI","value":7.38700008392334},{"type":"GROW_CURVE_ATTACK_S5","arith":"ARITH_MULTI","value":7.38700008392334}]},{"level":76,"curveInfos":[{"type":"GROW_CURVE_HP_S4","arith":"ARITH_MULTI","value":7.192999839782715},{"type":"GROW_CURVE_ATTACK_S4","arith":"ARITH_MULTI","value":7.192999839782715},{"type":"GROW_CURVE_HP_S5","arith":"ARITH_MULTI","value":7.47599983215332},{"type":"GROW_CURVE_ATTACK_S5","arith":"ARITH_MULTI","value":7.47599983215332}]},{"level":77,"curveInfos":[{"type":"GROW_CURVE_HP_S4","arith":"ARITH_MULTI","value":7.275000095367432},{"type":"GROW_CURVE_ATTACK_S4","arith":"ARITH_MULTI","value":7.275000095367432},{"type":"GROW_CURVE_HP_S5","arith":"ARITH_MULTI","value":7.565999984741211},{"type":"GROW_CURVE_ATTACK_S5","arith":"ARITH_MULTI","value":7.565999984741211}]},{"level":78,"curveInfos":[{"type":"GROW_CURVE_HP_S4","arith":"ARITH_MULTI","value":7.357999801635742},{"type":"GROW_CURVE_ATTACK_S4","arith":"ARITH_MULTI","value":7.357999801635742},{"type":"GROW_CURVE_HP_S5","arith":"ARITH_MULTI","value":7.656000137329102},{"type":"GROW_CURVE_ATTACK_S5","arith":"ARITH_MULTI","value":7.656000137329102}]},{"level":79,"curveInfos":[{"type":"GROW_CURVE_HP_S4","arith":"ARITH_MULTI","value":7.440000057220459},{"type":"GROW_CURVE_ATTACK_S4","arith":"ARITH_MULTI","value":7.440000057220459},{"type":"GROW_CURVE_HP_S5","arith":"ARITH_MULTI","value":7.745999813079834},{"type":"GROW_CURVE_ATTACK_S5","arith":"ARITH_MULTI","value":7.745999813079834}]},{"level":80,"curveInfos":[{"type":"GROW_CURVE_HP_S4","arith":"ARITH_MULTI","value":7.5229997634887695},{"type":"GROW_CURVE_ATTACK_S4","arith":"ARITH_MULTI","value":7.5229997634887695},{"type":"GROW_CURVE_HP_S5","arith":"ARITH_MULTI","value":7.835999965667725},{"type":"GROW_CURVE_ATTACK_S5","arith":"ARITH_MULTI","value":7.835999965667725}]},{"level":81,"curveInfos":[{"type":"GROW_CURVE_HP_S4","arith":"ARITH_MULTI","value":7.605999946594238},{"type":"GROW_CURVE_ATTACK_S4","arith":"ARITH_MULTI","value":7.605999946594238},{"type":"GROW_CURVE_HP_S5","arith":"ARITH_MULTI","value":7.926000118255615},{"type":"GROW_CURVE_ATTACK_S5","arith":"ARITH_MULTI","value":7.926000118255615}]},{"level":82,"curveInfos":[{"type":"GROW_CURVE_HP_S4","arith":"ARITH_MULTI","value":7.688000202178955},{"type":"GROW_CURVE_ATTACK_S4","arith":"ARITH_MULTI","value":7.688000202178955},{"type":"GROW_CURVE_HP_S5","arith":"ARITH_MULTI","value":8.015999794006348},{"type":"GROW_CURVE_ATTACK_S5","arith":"ARITH_MULTI","value":8.015999794006348}]},{"level":83,"curveInfos":[{"type":"GROW_CURVE_HP_S4","arith":"ARITH_MULTI","value":7.770999908447266},{"type":"GROW_CURVE_ATTACK_S4","arith":"ARITH_MULTI","value":7.770999908447266},{"type":"GROW_CURVE_HP_S5","arith":"ARITH_MULTI","value":8.105999946594238},{"type":"GROW_CURVE_ATTACK_S5","arith":"ARITH_MULTI","value":8.105999946594238}]},{"level":84,"curveInfos":[{"type":"GROW_CURVE_HP_S4","arith":"ARITH_MULTI","value":7.853000164031982},{"type":"GROW_CURVE_ATTACK_S4","arith":"ARITH_MULTI","value":7.853000164031982},{"type":"GROW_CURVE_HP_S5","arith":"ARITH_MULTI","value":8.196000099182129},{"type":"GROW_CURVE_ATTACK_S5","arith":"ARITH_MULTI","value":8.196000099182129}]},{"level":85,"curveInfos":[{"type":"GROW_CURVE_HP_S4","arith":"ARITH_MULTI","value":7.935999870300293},{"type":"GROW_CURVE_ATTACK_S4","arith":"ARITH_MULTI","value":7.935999870300293},{"type":"GROW_CURVE_HP_S5","arith":"ARITH_MULTI","value":8.28600025177002},{"type":"GROW_CURVE_ATTACK_S5","arith":"ARITH_MULTI","value":8.28600025177002}]},{"level":86,"curveInfos":[{"type":"GROW_CURVE_HP_S4","arith":"ARITH_MULTI","value":8.017999649047852},{"type":"GROW_CURVE_ATTACK_S4","arith":"ARITH_MULTI","value":8.017999649047852},{"type":"GROW_CURVE_HP_S5","arith":"ARITH_MULTI","value":8.376999855041504},{"type":"GROW_CURVE_ATTACK_S5","arith":"ARITH_MULTI","value":8.376999855041504}]},{"level":87,"curveInfos":[{"type":"GROW_CURVE_HP_S4","arith":"ARITH_MULTI","value":8.10099983215332},{"type":"GROW_CURVE_ATTACK_S4","arith":"ARITH_MULTI","value":8.10099983215332},{"type":"GROW_CURVE_HP_S5","arith":"ARITH_MULTI","value":8.467000007629395},{"type":"GROW_CURVE_ATTACK_S5","arith":"ARITH_MULTI","value":8.467000007629395}]},{"level":88,"curveInfos":[{"type":"GROW_CURVE_HP_S4","arith":"ARITH_MULTI","value":8.182999610900879},{"type":"GROW_CURVE_ATTACK_S4","arith":"ARITH_MULTI","value":8.182999610900879},{"type":"GROW_CURVE_HP_S5","arith":"ARITH_MULTI","value":8.557999610900879},{"type":"GROW_CURVE_ATTACK_S5","arith":"ARITH_MULTI","value":8.557999610900879}]},{"level":89,"curveInfos":[{"type":"GROW_CURVE_HP_S4","arith":"ARITH_MULTI","value":8.265999794006348},{"type":"GROW_CURVE_ATTACK_S4","arith":"ARITH_MULTI","value":8.265999794006348},{"type":"GROW_CURVE_HP_S5","arith":"ARITH_MULTI","value":8.64900016784668},{"type":"GROW_CURVE_ATTACK_S5","arith":"ARITH_MULTI","value":8.64900016784668}]},{"level":90,"curveInfos":[{"type":"GROW_CURVE_HP_S4","arith":"ARITH_MULTI","value":8.348999977111816},{"type":"GROW_CURVE_ATTACK_S4","arith":"ARITH_MULTI","value":8.348999977111816},{"type":"GROW_CURVE_HP_S5","arith":"ARITH_MULTI","value":8.73900032043457},{"type":"GROW_CURVE_ATTACK_S5","arith":"ARITH_MULTI","value":8.73900032043457}]},{"level":91,"curveInfos":[{"type":"GROW_CURVE_HP_S4","arith":"ARITH_MULTI","value":8.430999755859375},{"type":"GROW_CURVE_ATTACK_S4","arith":"ARITH_MULTI","value":8.430999755859375},{"type":"GROW_CURVE_HP_S5","arith":"ARITH_MULTI","value":8.829999923706055},{"type":"GROW_CURVE_ATTACK_S5","arith":"ARITH_MULTI","value":8.829999923706055}]},{"level":92,"curveInfos":[{"type":"GROW_CURVE_HP_S4","arith":"ARITH_MULTI","value":8.513999938964844},{"type":"GROW_CURVE_ATTACK_S4","arith":"ARITH_MULTI","value":8.513999938964844},{"type":"GROW_CURVE_HP_S5","arith":"ARITH_MULTI","value":8.920999526977539},{"type":"GROW_CURVE_ATTACK_S5","arith":"ARITH_MULTI","value":8.920999526977539}]},{"level":93,"curveInfos":[{"type":"GROW_CURVE_HP_S4","arith":"ARITH_MULTI","value":8.595999717712402},{"type":"GROW_CURVE_ATTACK_S4","arith":"ARITH_MULTI","value":8.595999717712402},{"type":"GROW_CURVE_HP_S5","arith":"ARITH_MULTI","value":9.01200008392334},{"type":"GROW_CURVE_ATTACK_S5","arith":"ARITH_MULTI","value":9.01200008392334}]},{"level":94,"curveInfos":[{"type":"GROW_CURVE_HP_S4","arith":"ARITH_MULTI","value":8.678999900817871},{"type":"GROW_CURVE_ATTACK_S4","arith":"ARITH_MULTI","value":8.678999900817871},{"type":"GROW_CURVE_HP_S5","arith":"ARITH_MULTI","value":9.102999687194824},{"type":"GROW_CURVE_ATTACK_S5","arith":"ARITH_MULTI","value":9.102999687194824}]},{"level":95,"curveInfos":[{"type":"GROW_CURVE_HP_S4","arith":"ARITH_MULTI","value":8.76099967956543},{"type":"GROW_CURVE_ATTACK_S4","arith":"ARITH_MULTI","value":8.76099967956543},{"type":"GROW_CURVE_HP_S5","arith":"ARITH_MULTI","value":9.194999694824219},{"type":"GROW_CURVE_ATTACK_S5","arith":"ARITH_MULTI","value":9.194999694824219}]},{"level":96,"curveInfos":[{"type":"GROW_CURVE_HP_S4","arith":"ARITH_MULTI","value":8.843999862670898},{"type":"GROW_CURVE_ATTACK_S4","arith":"ARITH_MULTI","value":8.843999862670898},{"type":"GROW_CURVE_HP_S5","arith":"ARITH_MULTI","value":9.28600025177002},{"type":"GROW_CURVE_ATTACK_S5","arith":"ARITH_MULTI","value":9.28600025177002}]},{"level":97,"curveInfos":[{"type":"GROW_CURVE_HP_S4","arith":"ARITH_MULTI","value":8.927000045776367},{"type":"GROW_CURVE_ATTACK_S4","arith":"ARITH_MULTI","value":8.927000045776367},{"type":"GROW_CURVE_HP_S5","arith":"ARITH_MULTI","value":9.376999855041504},{"type":"GROW_CURVE_ATTACK_S5","arith":"ARITH_MULTI","value":9.376999855041504}]},{"level":98,"curveInfos":[{"type":"GROW_CURVE_HP_S4","arith":"ARITH_MULTI","value":9.008999824523926},{"type":"GROW_CURVE_ATTACK_S4","arith":"ARITH_MULTI","value":9.008999824523926},{"type":"GROW_CURVE_HP_S5","arith":"ARITH_MULTI","value":9.468999862670898},{"type":"GROW_CURVE_ATTACK_S5","arith":"ARITH_MULTI","value":9.468999862670898}]},{"level":99,"curveInfos":[{"type":"GROW_CURVE_HP_S4","arith":"ARITH_MULTI","value":9.092000007629395},{"type":"GROW_CURVE_ATTACK_S4","arith":"ARITH_MULTI","value":9.092000007629395},{"type":"GROW_CURVE_HP_S5","arith":"ARITH_MULTI","value":9.5600004196167},{"type":"GROW_CURVE_ATTACK_S5","arith":"ARITH_MULTI","value":9.5600004196167}]},{"level":100,"curveInfos":[{"type":"GROW_CURVE_HP_S4","arith":"ARITH_MULTI","value":9.173999786376953},{"type":"GROW_CURVE_ATTACK_S4","arith":"ARITH_MULTI","value":9.173999786376953},{"type":"GROW_CURVE_HP_S5","arith":"ARITH_MULTI","value":9.652000427246094},{"type":"GROW_CURVE_ATTACK_S5","arith":"ARITH_MULTI","value":9.652000427246094}]}]