[{"EMHIFNAHCOA":200301,"BPFFKCBDIGI":2,"nameTextMapHash":1504245738,"descTextMapHash":3529954098,"itemId":340001,"DHIPGFMDBEN":10000003,"jsonName":"Avatar_Lady_Sword_QinCostumeSea","PDKOJNHALEA":9215865218573513000,"DABMFAPBLMA":17992774763103844000,"BBMFPCDNMND":2693372009414780000,"GKGCIBMKJIH":16220654252350374000,"AEBIGPPLCFF":4,"NGDIFAOMOHA":"UI_AvatarIcon_QinCostumeSea","sideIconName":"UI_AvatarIcon_Side_QinCostumeSea","LHOBJKLEJNC":7856783315815955000},{"EMHIFNAHCOA":201401,"BPFFKCBDIGI":1,"nameTextMapHash":4121525482,"descTextMapHash":2644173682,"itemId":340000,"DHIPGFMDBEN":10000014,"jsonName":"Avatar_Girl_Catalyst_BarbaraCostumeSummertime","PDKOJNHALEA":10565960914446858000,"DABMFAPBLMA":10341761028724613000,"BBMFPCDNMND":5183081712927355000,"GKGCIBMKJIH":7590386921274555000,"AEBIGPPLCFF":4,"NGDIFAOMOHA":"UI_AvatarIcon_BarbaraCostumeSummertime","sideIconName":"UI_AvatarIcon_Side_BarbaraCostumeSummertime","LHOBJKLEJNC":16049450277489158000},{"EMHIFNAHCOA":202701,"BPFFKCBDIGI":1,"nameTextMapHash":2572106930,"descTextMapHash":720597146,"itemId":340002,"DHIPGFMDBEN":10000027,"jsonName":"Avatar_Lady_Catalyst_NingguangCostumeFloral","PDKOJNHALEA":15863689246053601000,"DABMFAPBLMA":11681843191975356000,"BBMFPCDNMND":9773804280703926000,"GKGCIBMKJIH":1433662792352814000,"AEBIGPPLCFF":4,"NGDIFAOMOHA":"UI_AvatarIcon_NingguangCostumeFloral","sideIconName":"UI_AvatarIcon_Side_NingguangCostumeFloral","LHOBJKLEJNC":13693364619168872000},{"EMHIFNAHCOA":204201,"BPFFKCBDIGI":1,"nameTextMapHash":1613857666,"descTextMapHash":1532026282,"itemId":340003,"DHIPGFMDBEN":10000042,"jsonName":"Avatar_Girl_Sword_KeqingCostumeFeather","PDKOJNHALEA":10364379182659254000,"DABMFAPBLMA":6372458023003575000,"BBMFPCDNMND":12660355485795350000,"GKGCIBMKJIH":11708378725870790000,"AEBIGPPLCFF":4,"NGDIFAOMOHA":"UI_AvatarIcon_KeqingCostumeFeather","sideIconName":"UI_AvatarIcon_Side_KeqingCostumeFeather","LHOBJKLEJNC":8264683658462126000},{"EMHIFNAHCOA":200302,"BPFFKCBDIGI":1,"nameTextMapHash":2691230306,"descTextMapHash":1553444314,"itemId":340006,"DHIPGFMDBEN":10000003,"jsonName":"Avatar_Lady_Sword_QinCostumeWic","PDKOJNHALEA":11789304378759268000,"DABMFAPBLMA":2508262379750057000,"BBMFPCDNMND":8899383397730056000,"GKGCIBMKJIH":6257448215821890000,"IAJPFHLLCLD":true,"AEBIGPPLCFF":4,"hide":true,"NGDIFAOMOHA":"UI_AvatarIcon_QinCostumeWic","sideIconName":"UI_AvatarIcon_Side_QinCostumeWic","LHOBJKLEJNC":2268507951203388000},{"EMHIFNAHCOA":202101,"BPFFKCBDIGI":1,"nameTextMapHash":4237698530,"descTextMapHash":2955174482,"itemId":340007,"DHIPGFMDBEN":10000021,"jsonName":"Avatar_Girl_Bow_AmborCostumeWic","PDKOJNHALEA":7122218723217693000,"DABMFAPBLMA":14462486063824583000,"BBMFPCDNMND":16495873575277371000,"GKGCIBMKJIH":11555033508243667000,"IAJPFHLLCLD":true,"AEBIGPPLCFF":4,"hide":true,"NGDIFAOMOHA":"UI_AvatarIcon_AmborCostumeWic","sideIconName":"UI_AvatarIcon_Side_AmborCostumeWic","LHOBJKLEJNC":1673287744058013000},{"EMHIFNAHCOA":204101,"BPFFKCBDIGI":1,"nameTextMapHash":1860400666,"descTextMapHash":2912743770,"itemId":340008,"DHIPGFMDBEN":10000041,"jsonName":"Avatar_Girl_Catalyst_MonaCostumeWic","PDKOJNHALEA":15379405067054348000,"DABMFAPBLMA":16287308438257703000,"BBMFPCDNMND":1127931153574195200,"GKGCIBMKJIH":5022057012086514000,"IAJPFHLLCLD":true,"AEBIGPPLCFF":4,"hide":true,"NGDIFAOMOHA":"UI_AvatarIcon_MonaCostumeWic","sideIconName":"UI_AvatarIcon_Side_MonaCostumeWic","LHOBJKLEJNC":5743696895040121000},{"EMHIFNAHCOA":204501,"BPFFKCBDIGI":1,"nameTextMapHash":2412226586,"descTextMapHash":3143995322,"itemId":340009,"DHIPGFMDBEN":10000045,"jsonName":"Avatar_Lady_Pole_RosariaCostumeWic","PDKOJNHALEA":12861565697458264000,"DABMFAPBLMA":10539667758355399000,"BBMFPCDNMND":9648000434294862000,"GKGCIBMKJIH":12267662344150393000,"IAJPFHLLCLD":true,"AEBIGPPLCFF":4,"hide":true,"NGDIFAOMOHA":"UI_AvatarIcon_RosariaCostumeWic","sideIconName":"UI_AvatarIcon_Side_RosariaCostumeWic","LHOBJKLEJNC":2832692351080435000},{"EMHIFNAHCOA":201601,"BPFFKCBDIGI":1,"nameTextMapHash":1332852170,"descTextMapHash":3295060426,"itemId":340004,"DHIPGFMDBEN":10000016,"jsonName":"Avatar_Male_Claymore_DilucCostumeFlamme","PDKOJNHALEA":10368416818400608000,"DABMFAPBLMA":15335225919554738000,"BBMFPCDNMND":7202002721915920000,"gachaImageNameHash":17146454811973010000,"GKGCIBMKJIH":13676438560609835000,"AOHNBIEBEDI":9590652495663153000,"HMMJHKPDPEM":4585718866811975000,"AEBIGPPLCFF":5,"NGDIFAOMOHA":"UI_AvatarIcon_DilucCostumeFlamme","sideIconName":"UI_AvatarIcon_Side_DilucCostumeFlamme","LHOBJKLEJNC":3029142693095236000},{"EMHIFNAHCOA":203101,"BPFFKCBDIGI":1,"nameTextMapHash":3162794298,"descTextMapHash":2089933442,"itemId":340005,"DHIPGFMDBEN":10000031,"jsonName":"Avatar_Girl_Bow_FischlCostumeHighness","PDKOJNHALEA":13534430752549235000,"DABMFAPBLMA":1058632974177999900,"BBMFPCDNMND":16733412713662534000,"gachaImageNameHash":16874910532900252000,"GKGCIBMKJIH":1849563772142813400,"AOHNBIEBEDI":9561591276388174000,"HMMJHKPDPEM":7514891772841965000,"AEBIGPPLCFF":4,"NGDIFAOMOHA":"UI_AvatarIcon_FischlCostumeHighness","sideIconName":"UI_AvatarIcon_Side_FischlCostumeHighness","LHOBJKLEJNC":16903652226668882000},{"EMHIFNAHCOA":200200,"nameTextMapHash":171482850,"descTextMapHash":2373183578,"DHIPGFMDBEN":10000002,"jsonName":"","isDefault":true,"NGDIFAOMOHA":"","sideIconName":""},{"EMHIFNAHCOA":200300,"nameTextMapHash":2431528538,"descTextMapHash":248153650,"DHIPGFMDBEN":10000003,"jsonName":"","isDefault":true,"NGDIFAOMOHA":"","sideIconName":"","FNPKMKNEGED":true},{"EMHIFNAHCOA":200500,"nameTextMapHash":1648736450,"descTextMapHash":2814665554,"DHIPGFMDBEN":10000005,"jsonName":"","isDefault":true,"NGDIFAOMOHA":"","sideIconName":""},{"EMHIFNAHCOA":200600,"nameTextMapHash":672166154,"descTextMapHash":3946345210,"DHIPGFMDBEN":10000006,"jsonName":"","isDefault":true,"NGDIFAOMOHA":"","sideIconName":""},{"EMHIFNAHCOA":200700,"nameTextMapHash":3561662730,"descTextMapHash":2020994066,"DHIPGFMDBEN":10000007,"jsonName":"","isDefault":true,"NGDIFAOMOHA":"","sideIconName":""},{"EMHIFNAHCOA":201400,"nameTextMapHash":2895548298,"descTextMapHash":3092975850,"DHIPGFMDBEN":10000014,"jsonName":"","isDefault":true,"NGDIFAOMOHA":"","sideIconName":""},{"EMHIFNAHCOA":201500,"nameTextMapHash":4036813530,"descTextMapHash":1523967378,"DHIPGFMDBEN":10000015,"jsonName":"","isDefault":true,"NGDIFAOMOHA":"","sideIconName":""},{"EMHIFNAHCOA":201600,"nameTextMapHash":674973162,"descTextMapHash":2401924570,"DHIPGFMDBEN":10000016,"jsonName":"","isDefault":true,"NGDIFAOMOHA":"","sideIconName":""},{"EMHIFNAHCOA":202000,"nameTextMapHash":1677296490,"descTextMapHash":2955915298,"DHIPGFMDBEN":10000020,"jsonName":"","isDefault":true,"NGDIFAOMOHA":"","sideIconName":""},{"EMHIFNAHCOA":202100,"nameTextMapHash":690774682,"descTextMapHash":2978334658,"DHIPGFMDBEN":10000021,"jsonName":"","isDefault":true,"NGDIFAOMOHA":"","sideIconName":"","FNPKMKNEGED":true},{"EMHIFNAHCOA":202200,"nameTextMapHash":3806453578,"descTextMapHash":3977341762,"DHIPGFMDBEN":10000022,"jsonName":"","isDefault":true,"NGDIFAOMOHA":"","sideIconName":""},{"EMHIFNAHCOA":202300,"nameTextMapHash":2926593050,"descTextMapHash":2478839258,"DHIPGFMDBEN":10000023,"jsonName":"","isDefault":true,"NGDIFAOMOHA":"","sideIconName":""},{"EMHIFNAHCOA":202400,"nameTextMapHash":2091122082,"descTextMapHash":1844332810,"DHIPGFMDBEN":10000024,"jsonName":"","isDefault":true,"NGDIFAOMOHA":"","sideIconName":""},{"EMHIFNAHCOA":202500,"nameTextMapHash":3118674250,"descTextMapHash":1606071354,"DHIPGFMDBEN":10000025,"jsonName":"","isDefault":true,"NGDIFAOMOHA":"","sideIconName":""},{"EMHIFNAHCOA":202600,"nameTextMapHash":2696933402,"descTextMapHash":3291997178,"DHIPGFMDBEN":10000026,"jsonName":"","isDefault":true,"NGDIFAOMOHA":"","sideIconName":""},{"EMHIFNAHCOA":202700,"nameTextMapHash":116451794,"descTextMapHash":3980318498,"DHIPGFMDBEN":10000027,"jsonName":"","isDefault":true,"NGDIFAOMOHA":"","sideIconName":""},{"EMHIFNAHCOA":202900,"nameTextMapHash":1023505626,"descTextMapHash":3488214794,"DHIPGFMDBEN":10000029,"jsonName":"","isDefault":true,"NGDIFAOMOHA":"","sideIconName":""},{"EMHIFNAHCOA":203000,"nameTextMapHash":41327378,"descTextMapHash":2640185922,"DHIPGFMDBEN":10000030,"jsonName":"","isDefault":true,"NGDIFAOMOHA":"","sideIconName":""},{"EMHIFNAHCOA":203100,"nameTextMapHash":2969091354,"descTextMapHash":4134576130,"DHIPGFMDBEN":10000031,"jsonName":"","isDefault":true,"NGDIFAOMOHA":"","sideIconName":""},{"EMHIFNAHCOA":203200,"nameTextMapHash":2359403186,"descTextMapHash":3111188850,"DHIPGFMDBEN":10000032,"jsonName":"","isDefault":true,"NGDIFAOMOHA":"","sideIconName":""},{"EMHIFNAHCOA":203300,"nameTextMapHash":369350914,"descTextMapHash":1165773426,"DHIPGFMDBEN":10000033,"jsonName":"","isDefault":true,"NGDIFAOMOHA":"","sideIconName":""},{"EMHIFNAHCOA":203400,"nameTextMapHash":1660794338,"descTextMapHash":102807738,"DHIPGFMDBEN":10000034,"jsonName":"","isDefault":true,"NGDIFAOMOHA":"","sideIconName":""},{"EMHIFNAHCOA":203500,"nameTextMapHash":2620016810,"descTextMapHash":4056261530,"DHIPGFMDBEN":10000035,"jsonName":"","isDefault":true,"NGDIFAOMOHA":"","sideIconName":""},{"EMHIFNAHCOA":203600,"nameTextMapHash":1142485354,"descTextMapHash":3971237746,"DHIPGFMDBEN":10000036,"jsonName":"","isDefault":true,"NGDIFAOMOHA":"","sideIconName":""},{"EMHIFNAHCOA":203700,"nameTextMapHash":4131676042,"descTextMapHash":1209631242,"DHIPGFMDBEN":10000037,"jsonName":"","isDefault":true,"NGDIFAOMOHA":"","sideIconName":""},{"EMHIFNAHCOA":203800,"nameTextMapHash":3397577098,"descTextMapHash":310650770,"DHIPGFMDBEN":10000038,"jsonName":"","isDefault":true,"NGDIFAOMOHA":"","sideIconName":""},{"EMHIFNAHCOA":203900,"nameTextMapHash":2364432618,"descTextMapHash":670221618,"DHIPGFMDBEN":10000039,"jsonName":"","isDefault":true,"NGDIFAOMOHA":"","sideIconName":""},{"EMHIFNAHCOA":204100,"nameTextMapHash":4029369362,"descTextMapHash":871545986,"DHIPGFMDBEN":10000041,"jsonName":"","isDefault":true,"NGDIFAOMOHA":"","sideIconName":"","FNPKMKNEGED":true},{"EMHIFNAHCOA":204200,"nameTextMapHash":3714413314,"descTextMapHash":1992333442,"DHIPGFMDBEN":10000042,"jsonName":"","isDefault":true,"NGDIFAOMOHA":"","sideIconName":""},{"EMHIFNAHCOA":204300,"nameTextMapHash":3529210914,"descTextMapHash":4118239546,"DHIPGFMDBEN":10000043,"jsonName":"","isDefault":true,"NGDIFAOMOHA":"","sideIconName":""},{"EMHIFNAHCOA":204400,"nameTextMapHash":2768155290,"descTextMapHash":678376738,"DHIPGFMDBEN":10000044,"jsonName":"","isDefault":true,"NGDIFAOMOHA":"","sideIconName":""},{"EMHIFNAHCOA":204500,"nameTextMapHash":772899890,"descTextMapHash":4067539010,"DHIPGFMDBEN":10000045,"jsonName":"","isDefault":true,"NGDIFAOMOHA":"","sideIconName":"","FNPKMKNEGED":true},{"EMHIFNAHCOA":204600,"nameTextMapHash":626284674,"descTextMapHash":1186495122,"DHIPGFMDBEN":10000046,"jsonName":"","isDefault":true,"NGDIFAOMOHA":"","sideIconName":""},{"EMHIFNAHCOA":204700,"nameTextMapHash":3355624658,"descTextMapHash":973274738,"DHIPGFMDBEN":10000047,"jsonName":"","isDefault":true,"NGDIFAOMOHA":"","sideIconName":""},{"EMHIFNAHCOA":204800,"nameTextMapHash":258962178,"descTextMapHash":3070176786,"DHIPGFMDBEN":10000048,"jsonName":"","isDefault":true,"NGDIFAOMOHA":"","sideIconName":""},{"EMHIFNAHCOA":204900,"nameTextMapHash":2353136394,"descTextMapHash":984351202,"DHIPGFMDBEN":10000049,"jsonName":"","isDefault":true,"NGDIFAOMOHA":"","sideIconName":""},{"EMHIFNAHCOA":205000,"nameTextMapHash":2040879098,"descTextMapHash":1458439730,"DHIPGFMDBEN":10000050,"jsonName":"","isDefault":true,"NGDIFAOMOHA":"","sideIconName":""},{"EMHIFNAHCOA":205100,"nameTextMapHash":301314714,"descTextMapHash":1419139450,"DHIPGFMDBEN":10000051,"jsonName":"","isDefault":true,"NGDIFAOMOHA":"","sideIconName":""},{"EMHIFNAHCOA":205200,"nameTextMapHash":2377779762,"descTextMapHash":3412149506,"DHIPGFMDBEN":10000052,"jsonName":"","isDefault":true,"NGDIFAOMOHA":"","sideIconName":""},{"EMHIFNAHCOA":205300,"nameTextMapHash":4048306346,"descTextMapHash":2144597778,"DHIPGFMDBEN":10000053,"jsonName":"","isDefault":true,"NGDIFAOMOHA":"","sideIconName":""},{"EMHIFNAHCOA":205400,"nameTextMapHash":2786415650,"descTextMapHash":3173668642,"DHIPGFMDBEN":10000054,"jsonName":"","isDefault":true,"NGDIFAOMOHA":"","sideIconName":""},{"EMHIFNAHCOA":205500,"nameTextMapHash":3561880386,"descTextMapHash":990939858,"DHIPGFMDBEN":10000055,"jsonName":"","isDefault":true,"NGDIFAOMOHA":"","sideIconName":""},{"EMHIFNAHCOA":205600,"nameTextMapHash":382710810,"descTextMapHash":1024066610,"DHIPGFMDBEN":10000056,"jsonName":"","isDefault":true,"NGDIFAOMOHA":"","sideIconName":""},{"EMHIFNAHCOA":205700,"nameTextMapHash":2006093914,"descTextMapHash":4146650074,"DHIPGFMDBEN":10000057,"jsonName":"","isDefault":true,"NGDIFAOMOHA":"","sideIconName":""},{"EMHIFNAHCOA":205800,"nameTextMapHash":1295363218,"descTextMapHash":3314678434,"DHIPGFMDBEN":10000058,"jsonName":"","isDefault":true,"NGDIFAOMOHA":"","sideIconName":""},{"EMHIFNAHCOA":205900,"nameTextMapHash":4029103562,"descTextMapHash":3182680786,"DHIPGFMDBEN":10000059,"jsonName":"","isDefault":true,"NGDIFAOMOHA":"","sideIconName":""},{"EMHIFNAHCOA":206000,"nameTextMapHash":2196179842,"descTextMapHash":3407589218,"DHIPGFMDBEN":10000060,"jsonName":"","isDefault":true,"NGDIFAOMOHA":"","sideIconName":""},{"EMHIFNAHCOA":206200,"nameTextMapHash":3429415730,"descTextMapHash":271842858,"DHIPGFMDBEN":10000062,"jsonName":"","isDefault":true,"NGDIFAOMOHA":"","sideIconName":""},{"EMHIFNAHCOA":206300,"nameTextMapHash":3671207274,"descTextMapHash":3625334322,"DHIPGFMDBEN":10000063,"jsonName":"","isDefault":true,"NGDIFAOMOHA":"","sideIconName":""},{"EMHIFNAHCOA":206400,"nameTextMapHash":2433262890,"descTextMapHash":1261799770,"DHIPGFMDBEN":10000064,"jsonName":"","isDefault":true,"NGDIFAOMOHA":"","sideIconName":""},{"EMHIFNAHCOA":206500,"nameTextMapHash":3245276834,"descTextMapHash":3036913898,"DHIPGFMDBEN":10000065,"jsonName":"","isDefault":true,"NGDIFAOMOHA":"","sideIconName":""},{"EMHIFNAHCOA":206600,"nameTextMapHash":3109032026,"descTextMapHash":3093997674,"DHIPGFMDBEN":10000066,"jsonName":"","isDefault":true,"NGDIFAOMOHA":"","sideIconName":""},{"EMHIFNAHCOA":206700,"nameTextMapHash":3135223450,"descTextMapHash":2308150714,"DHIPGFMDBEN":10000067,"jsonName":"","isDefault":true,"NGDIFAOMOHA":"","sideIconName":""},{"EMHIFNAHCOA":206800,"nameTextMapHash":3617396594,"descTextMapHash":1616648506,"DHIPGFMDBEN":10000068,"jsonName":"","isDefault":true,"NGDIFAOMOHA":"","sideIconName":""},{"EMHIFNAHCOA":206900,"nameTextMapHash":1106979266,"descTextMapHash":510932922,"DHIPGFMDBEN":10000069,"jsonName":"","isDefault":true,"NGDIFAOMOHA":"","sideIconName":""},{"EMHIFNAHCOA":207000,"nameTextMapHash":3647756106,"descTextMapHash":1078022994,"DHIPGFMDBEN":10000070,"jsonName":"","isDefault":true,"NGDIFAOMOHA":"","sideIconName":""},{"EMHIFNAHCOA":207100,"nameTextMapHash":3913661394,"descTextMapHash":1864424082,"DHIPGFMDBEN":10000071,"jsonName":"","isDefault":true,"NGDIFAOMOHA":"","sideIconName":""},{"EMHIFNAHCOA":207200,"nameTextMapHash":2665843154,"descTextMapHash":2067286834,"DHIPGFMDBEN":10000072,"jsonName":"","isDefault":true,"NGDIFAOMOHA":"","sideIconName":""},{"EMHIFNAHCOA":207300,"nameTextMapHash":2005565242,"descTextMapHash":2151511386,"DHIPGFMDBEN":10000073,"jsonName":"","isDefault":true,"NGDIFAOMOHA":"","sideIconName":""},{"EMHIFNAHCOA":207400,"nameTextMapHash":1128331378,"descTextMapHash":3853124810,"DHIPGFMDBEN":10000074,"jsonName":"","isDefault":true,"NGDIFAOMOHA":"","sideIconName":""},{"EMHIFNAHCOA":207500,"nameTextMapHash":4005813530,"descTextMapHash":3246746458,"DHIPGFMDBEN":10000075,"jsonName":"","isDefault":true,"NGDIFAOMOHA":"","sideIconName":""},{"EMHIFNAHCOA":207600,"nameTextMapHash":1487058818,"descTextMapHash":3487496106,"DHIPGFMDBEN":10000076,"jsonName":"","isDefault":true,"NGDIFAOMOHA":"","sideIconName":""}]