[{"MBJCMMCNPNF":200301,"GHHCAHJDHJK":2,"nameTextMapHash":1504245738,"descTextMapHash":3529954098,"itemId":340001,"PEKIKHAENJO":10000003,"jsonName":"Avatar_Lady_Sword_QinCostumeSea","NJOLLOBNNPL":9215865218573513000,"PKAHPELONEO":17992774763103844000,"HPGCILMLMFF":2693372009414780000,"BHFIPJELMOG":16220654252350374000,"PNPHOGFGBLM":4,"PCBPAJCNPPM":"UI_AvatarIcon_QinCostumeSea","sideIconName":"UI_AvatarIcon_Side_QinCostumeSea","DPJKHKKOICC":7856783315815955000},{"MBJCMMCNPNF":201401,"GHHCAHJDHJK":1,"nameTextMapHash":4121525482,"descTextMapHash":2644173682,"itemId":340000,"PEKIKHAENJO":10000014,"jsonName":"Avatar_Girl_Catalyst_BarbaraCostumeSummertime","NJOLLOBNNPL":10565960914446858000,"PKAHPELONEO":10341761028724613000,"HPGCILMLMFF":5183081712927355000,"BHFIPJELMOG":7590386921274555000,"PNPHOGFGBLM":4,"PCBPAJCNPPM":"UI_AvatarIcon_BarbaraCostumeSummertime","sideIconName":"UI_AvatarIcon_Side_BarbaraCostumeSummertime","DPJKHKKOICC":16049450277489158000},{"MBJCMMCNPNF":202701,"GHHCAHJDHJK":1,"nameTextMapHash":2572106930,"descTextMapHash":720597146,"itemId":340002,"PEKIKHAENJO":10000027,"jsonName":"Avatar_Lady_Catalyst_NingguangCostumeFloral","NJOLLOBNNPL":15863689246053601000,"PKAHPELONEO":11681843191975356000,"HPGCILMLMFF":9773804280703926000,"BHFIPJELMOG":1433662792352814000,"PNPHOGFGBLM":4,"PCBPAJCNPPM":"UI_AvatarIcon_NingguangCostumeFloral","sideIconName":"UI_AvatarIcon_Side_NingguangCostumeFloral","DPJKHKKOICC":13693364619168872000},{"MBJCMMCNPNF":204201,"GHHCAHJDHJK":1,"nameTextMapHash":1613857666,"descTextMapHash":1532026282,"itemId":340003,"PEKIKHAENJO":10000042,"jsonName":"Avatar_Girl_Sword_KeqingCostumeFeather","NJOLLOBNNPL":10364379182659254000,"PKAHPELONEO":6372458023003575000,"HPGCILMLMFF":12660355485795350000,"BHFIPJELMOG":11708378725870790000,"PNPHOGFGBLM":4,"PCBPAJCNPPM":"UI_AvatarIcon_KeqingCostumeFeather","sideIconName":"UI_AvatarIcon_Side_KeqingCostumeFeather","DPJKHKKOICC":8264683658462126000},{"MBJCMMCNPNF":200302,"GHHCAHJDHJK":1,"nameTextMapHash":2691230306,"descTextMapHash":1553444314,"itemId":340006,"PEKIKHAENJO":10000003,"jsonName":"Avatar_Lady_Sword_QinCostumeWic","NJOLLOBNNPL":11789304378759268000,"PKAHPELONEO":2508262379750057000,"HPGCILMLMFF":8899383397730056000,"BHFIPJELMOG":6257448215821890000,"GBEONILEOBA":true,"PNPHOGFGBLM":4,"hide":true,"PCBPAJCNPPM":"UI_AvatarIcon_QinCostumeWic","sideIconName":"UI_AvatarIcon_Side_QinCostumeWic","DPJKHKKOICC":2268507951203388000},{"MBJCMMCNPNF":202101,"GHHCAHJDHJK":1,"nameTextMapHash":4237698530,"descTextMapHash":2955174482,"itemId":340007,"PEKIKHAENJO":10000021,"jsonName":"Avatar_Girl_Bow_AmborCostumeWic","NJOLLOBNNPL":7122218723217693000,"PKAHPELONEO":14462486063824583000,"HPGCILMLMFF":16495873575277371000,"BHFIPJELMOG":11555033508243667000,"GBEONILEOBA":true,"PNPHOGFGBLM":4,"hide":true,"PCBPAJCNPPM":"UI_AvatarIcon_AmborCostumeWic","sideIconName":"UI_AvatarIcon_Side_AmborCostumeWic","DPJKHKKOICC":1673287744058013000},{"MBJCMMCNPNF":204101,"GHHCAHJDHJK":1,"nameTextMapHash":1860400666,"descTextMapHash":2912743770,"itemId":340008,"PEKIKHAENJO":10000041,"jsonName":"Avatar_Girl_Catalyst_MonaCostumeWic","NJOLLOBNNPL":15379405067054348000,"PKAHPELONEO":16287308438257703000,"HPGCILMLMFF":1127931153574195200,"BHFIPJELMOG":5022057012086514000,"GBEONILEOBA":true,"PNPHOGFGBLM":4,"hide":true,"PCBPAJCNPPM":"UI_AvatarIcon_MonaCostumeWic","sideIconName":"UI_AvatarIcon_Side_MonaCostumeWic","DPJKHKKOICC":5743696895040121000},{"MBJCMMCNPNF":204501,"GHHCAHJDHJK":1,"nameTextMapHash":2412226586,"descTextMapHash":3143995322,"itemId":340009,"PEKIKHAENJO":10000045,"jsonName":"Avatar_Lady_Pole_RosariaCostumeWic","NJOLLOBNNPL":12861565697458264000,"PKAHPELONEO":10539667758355399000,"HPGCILMLMFF":9648000434294862000,"BHFIPJELMOG":12267662344150393000,"GBEONILEOBA":true,"PNPHOGFGBLM":4,"hide":true,"PCBPAJCNPPM":"UI_AvatarIcon_RosariaCostumeWic","sideIconName":"UI_AvatarIcon_Side_RosariaCostumeWic","DPJKHKKOICC":2832692351080435000},{"MBJCMMCNPNF":201601,"GHHCAHJDHJK":1,"nameTextMapHash":1332852170,"descTextMapHash":3295060426,"itemId":340004,"PEKIKHAENJO":10000016,"jsonName":"Avatar_Male_Claymore_DilucCostumeFlamme","NJOLLOBNNPL":10368416818400608000,"PKAHPELONEO":15335225919554738000,"HPGCILMLMFF":7202002721915920000,"gachaImageNameHash":17146454811973010000,"BHFIPJELMOG":13676438560609835000,"AJCNMGBCAJJ":9590652495663153000,"HANFJAKODLD":4585718866811975000,"PNPHOGFGBLM":5,"PCBPAJCNPPM":"UI_AvatarIcon_DilucCostumeFlamme","sideIconName":"UI_AvatarIcon_Side_DilucCostumeFlamme","DPJKHKKOICC":3029142693095236000},{"MBJCMMCNPNF":203101,"GHHCAHJDHJK":1,"nameTextMapHash":3162794298,"descTextMapHash":2089933442,"itemId":340005,"PEKIKHAENJO":10000031,"jsonName":"Avatar_Girl_Bow_FischlCostumeHighness","NJOLLOBNNPL":13534430752549235000,"PKAHPELONEO":1058632974177999900,"HPGCILMLMFF":16733412713662534000,"gachaImageNameHash":16874910532900252000,"BHFIPJELMOG":1849563772142813400,"AJCNMGBCAJJ":9561591276388174000,"HANFJAKODLD":7514891772841965000,"PNPHOGFGBLM":4,"PCBPAJCNPPM":"UI_AvatarIcon_FischlCostumeHighness","sideIconName":"UI_AvatarIcon_Side_FischlCostumeHighness","DPJKHKKOICC":16903652226668882000},{"MBJCMMCNPNF":200201,"GHHCAHJDHJK":1,"nameTextMapHash":2768521498,"descTextMapHash":2663678610,"itemId":340010,"PEKIKHAENJO":10000002,"jsonName":"Avatar_Girl_Sword_AyakaCostumeFruhling","NJOLLOBNNPL":11012300754669183000,"PKAHPELONEO":10678187531089930000,"HPGCILMLMFF":17569223125650117000,"gachaImageNameHash":16603455789725430000,"BHFIPJELMOG":8511293476587773000,"AJCNMGBCAJJ":17673295221370888000,"HANFJAKODLD":430291944493067840,"PNPHOGFGBLM":4,"PCBPAJCNPPM":"UI_AvatarIcon_AyakaCostumeFruhling","sideIconName":"UI_AvatarIcon_Side_AyakaCostumeFruhling","DPJKHKKOICC":17153758638107736000},{"MBJCMMCNPNF":200601,"GHHCAHJDHJK":1,"nameTextMapHash":2255412906,"descTextMapHash":2734308554,"itemId":340011,"PEKIKHAENJO":10000006,"jsonName":"Avatar_Lady_Catalyst_LisaCostumeStudentin","NJOLLOBNNPL":12600550299813160000,"PKAHPELONEO":5893029251442558000,"HPGCILMLMFF":5639347602417794000,"gachaImageNameHash":5920923966167289000,"BHFIPJELMOG":9138671107307150000,"AJCNMGBCAJJ":3844565694031600600,"HANFJAKODLD":8887732179020530000,"PNPHOGFGBLM":4,"PCBPAJCNPPM":"UI_AvatarIcon_LisaCostumeStudentin","sideIconName":"UI_AvatarIcon_Side_LisaCostumeStudentin","DPJKHKKOICC":3666831924373171000},{"MBJCMMCNPNF":200200,"nameTextMapHash":171482850,"descTextMapHash":2373183578,"PEKIKHAENJO":10000002,"jsonName":"","isDefault":true,"PCBPAJCNPPM":"","sideIconName":""},{"MBJCMMCNPNF":200300,"nameTextMapHash":2431528538,"descTextMapHash":248153650,"PEKIKHAENJO":10000003,"jsonName":"","isDefault":true,"PCBPAJCNPPM":"","sideIconName":"","HAGLBFHIOBB":true},{"MBJCMMCNPNF":200500,"nameTextMapHash":1648736450,"descTextMapHash":2814665554,"PEKIKHAENJO":10000005,"jsonName":"","isDefault":true,"PCBPAJCNPPM":"","sideIconName":""},{"MBJCMMCNPNF":200600,"nameTextMapHash":672166154,"descTextMapHash":3946345210,"PEKIKHAENJO":10000006,"jsonName":"","isDefault":true,"PCBPAJCNPPM":"","sideIconName":""},{"MBJCMMCNPNF":200700,"nameTextMapHash":3561662730,"descTextMapHash":2020994066,"PEKIKHAENJO":10000007,"jsonName":"","isDefault":true,"PCBPAJCNPPM":"","sideIconName":""},{"MBJCMMCNPNF":201400,"nameTextMapHash":2895548298,"descTextMapHash":3092975850,"PEKIKHAENJO":10000014,"jsonName":"","isDefault":true,"PCBPAJCNPPM":"","sideIconName":""},{"MBJCMMCNPNF":201500,"nameTextMapHash":4036813530,"descTextMapHash":1523967378,"PEKIKHAENJO":10000015,"jsonName":"","isDefault":true,"PCBPAJCNPPM":"","sideIconName":""},{"MBJCMMCNPNF":201600,"nameTextMapHash":674973162,"descTextMapHash":2401924570,"PEKIKHAENJO":10000016,"jsonName":"","isDefault":true,"PCBPAJCNPPM":"","sideIconName":""},{"MBJCMMCNPNF":202000,"nameTextMapHash":1677296490,"descTextMapHash":2955915298,"PEKIKHAENJO":10000020,"jsonName":"","isDefault":true,"PCBPAJCNPPM":"","sideIconName":""},{"MBJCMMCNPNF":202100,"nameTextMapHash":690774682,"descTextMapHash":2978334658,"PEKIKHAENJO":10000021,"jsonName":"","isDefault":true,"PCBPAJCNPPM":"","sideIconName":"","HAGLBFHIOBB":true},{"MBJCMMCNPNF":202200,"nameTextMapHash":3806453578,"descTextMapHash":3977341762,"PEKIKHAENJO":10000022,"jsonName":"","isDefault":true,"PCBPAJCNPPM":"","sideIconName":""},{"MBJCMMCNPNF":202300,"nameTextMapHash":2926593050,"descTextMapHash":2478839258,"PEKIKHAENJO":10000023,"jsonName":"","isDefault":true,"PCBPAJCNPPM":"","sideIconName":""},{"MBJCMMCNPNF":202400,"nameTextMapHash":2091122082,"descTextMapHash":1844332810,"PEKIKHAENJO":10000024,"jsonName":"","isDefault":true,"PCBPAJCNPPM":"","sideIconName":""},{"MBJCMMCNPNF":202500,"nameTextMapHash":3118674250,"descTextMapHash":1606071354,"PEKIKHAENJO":10000025,"jsonName":"","isDefault":true,"PCBPAJCNPPM":"","sideIconName":""},{"MBJCMMCNPNF":202600,"nameTextMapHash":2696933402,"descTextMapHash":3291997178,"PEKIKHAENJO":10000026,"jsonName":"","isDefault":true,"PCBPAJCNPPM":"","sideIconName":""},{"MBJCMMCNPNF":202700,"nameTextMapHash":116451794,"descTextMapHash":3980318498,"PEKIKHAENJO":10000027,"jsonName":"","isDefault":true,"PCBPAJCNPPM":"","sideIconName":""},{"MBJCMMCNPNF":202900,"nameTextMapHash":1023505626,"descTextMapHash":3488214794,"PEKIKHAENJO":10000029,"jsonName":"","isDefault":true,"PCBPAJCNPPM":"","sideIconName":""},{"MBJCMMCNPNF":203000,"nameTextMapHash":41327378,"descTextMapHash":2640185922,"PEKIKHAENJO":10000030,"jsonName":"","isDefault":true,"PCBPAJCNPPM":"","sideIconName":""},{"MBJCMMCNPNF":203100,"nameTextMapHash":2969091354,"descTextMapHash":4134576130,"PEKIKHAENJO":10000031,"jsonName":"","isDefault":true,"PCBPAJCNPPM":"","sideIconName":""},{"MBJCMMCNPNF":203200,"nameTextMapHash":2359403186,"descTextMapHash":3111188850,"PEKIKHAENJO":10000032,"jsonName":"","isDefault":true,"PCBPAJCNPPM":"","sideIconName":""},{"MBJCMMCNPNF":203300,"nameTextMapHash":369350914,"descTextMapHash":1165773426,"PEKIKHAENJO":10000033,"jsonName":"","isDefault":true,"PCBPAJCNPPM":"","sideIconName":""},{"MBJCMMCNPNF":203400,"nameTextMapHash":1660794338,"descTextMapHash":102807738,"PEKIKHAENJO":10000034,"jsonName":"","isDefault":true,"PCBPAJCNPPM":"","sideIconName":""},{"MBJCMMCNPNF":203500,"nameTextMapHash":2620016810,"descTextMapHash":4056261530,"PEKIKHAENJO":10000035,"jsonName":"","isDefault":true,"PCBPAJCNPPM":"","sideIconName":""},{"MBJCMMCNPNF":203600,"nameTextMapHash":1142485354,"descTextMapHash":3971237746,"PEKIKHAENJO":10000036,"jsonName":"","isDefault":true,"PCBPAJCNPPM":"","sideIconName":""},{"MBJCMMCNPNF":203700,"nameTextMapHash":4131676042,"descTextMapHash":1209631242,"PEKIKHAENJO":10000037,"jsonName":"","isDefault":true,"PCBPAJCNPPM":"","sideIconName":""},{"MBJCMMCNPNF":203800,"nameTextMapHash":3397577098,"descTextMapHash":310650770,"PEKIKHAENJO":10000038,"jsonName":"","isDefault":true,"PCBPAJCNPPM":"","sideIconName":""},{"MBJCMMCNPNF":203900,"nameTextMapHash":2364432618,"descTextMapHash":670221618,"PEKIKHAENJO":10000039,"jsonName":"","isDefault":true,"PCBPAJCNPPM":"","sideIconName":""},{"MBJCMMCNPNF":204100,"nameTextMapHash":4029369362,"descTextMapHash":871545986,"PEKIKHAENJO":10000041,"jsonName":"","isDefault":true,"PCBPAJCNPPM":"","sideIconName":"","HAGLBFHIOBB":true},{"MBJCMMCNPNF":204200,"nameTextMapHash":3714413314,"descTextMapHash":1992333442,"PEKIKHAENJO":10000042,"jsonName":"","isDefault":true,"PCBPAJCNPPM":"","sideIconName":""},{"MBJCMMCNPNF":204300,"nameTextMapHash":3529210914,"descTextMapHash":4118239546,"PEKIKHAENJO":10000043,"jsonName":"","isDefault":true,"PCBPAJCNPPM":"","sideIconName":""},{"MBJCMMCNPNF":204400,"nameTextMapHash":2768155290,"descTextMapHash":678376738,"PEKIKHAENJO":10000044,"jsonName":"","isDefault":true,"PCBPAJCNPPM":"","sideIconName":""},{"MBJCMMCNPNF":204500,"nameTextMapHash":772899890,"descTextMapHash":4067539010,"PEKIKHAENJO":10000045,"jsonName":"","isDefault":true,"PCBPAJCNPPM":"","sideIconName":"","HAGLBFHIOBB":true},{"MBJCMMCNPNF":204600,"nameTextMapHash":626284674,"descTextMapHash":1186495122,"PEKIKHAENJO":10000046,"jsonName":"","isDefault":true,"PCBPAJCNPPM":"","sideIconName":""},{"MBJCMMCNPNF":204700,"nameTextMapHash":3355624658,"descTextMapHash":973274738,"PEKIKHAENJO":10000047,"jsonName":"","isDefault":true,"PCBPAJCNPPM":"","sideIconName":""},{"MBJCMMCNPNF":204800,"nameTextMapHash":258962178,"descTextMapHash":3070176786,"PEKIKHAENJO":10000048,"jsonName":"","isDefault":true,"PCBPAJCNPPM":"","sideIconName":""},{"MBJCMMCNPNF":204900,"nameTextMapHash":2353136394,"descTextMapHash":984351202,"PEKIKHAENJO":10000049,"jsonName":"","isDefault":true,"PCBPAJCNPPM":"","sideIconName":""},{"MBJCMMCNPNF":205000,"nameTextMapHash":2040879098,"descTextMapHash":1458439730,"PEKIKHAENJO":10000050,"jsonName":"","isDefault":true,"PCBPAJCNPPM":"","sideIconName":""},{"MBJCMMCNPNF":205100,"nameTextMapHash":301314714,"descTextMapHash":1419139450,"PEKIKHAENJO":10000051,"jsonName":"","isDefault":true,"PCBPAJCNPPM":"","sideIconName":""},{"MBJCMMCNPNF":205200,"nameTextMapHash":2377779762,"descTextMapHash":3412149506,"PEKIKHAENJO":10000052,"jsonName":"","isDefault":true,"PCBPAJCNPPM":"","sideIconName":""},{"MBJCMMCNPNF":205300,"nameTextMapHash":4048306346,"descTextMapHash":2144597778,"PEKIKHAENJO":10000053,"jsonName":"","isDefault":true,"PCBPAJCNPPM":"","sideIconName":""},{"MBJCMMCNPNF":205400,"nameTextMapHash":2786415650,"descTextMapHash":3173668642,"PEKIKHAENJO":10000054,"jsonName":"","isDefault":true,"PCBPAJCNPPM":"","sideIconName":""},{"MBJCMMCNPNF":205500,"nameTextMapHash":3561880386,"descTextMapHash":990939858,"PEKIKHAENJO":10000055,"jsonName":"","isDefault":true,"PCBPAJCNPPM":"","sideIconName":""},{"MBJCMMCNPNF":205600,"nameTextMapHash":382710810,"descTextMapHash":1024066610,"PEKIKHAENJO":10000056,"jsonName":"","isDefault":true,"PCBPAJCNPPM":"","sideIconName":""},{"MBJCMMCNPNF":205700,"nameTextMapHash":2006093914,"descTextMapHash":4146650074,"PEKIKHAENJO":10000057,"jsonName":"","isDefault":true,"PCBPAJCNPPM":"","sideIconName":""},{"MBJCMMCNPNF":205800,"nameTextMapHash":1295363218,"descTextMapHash":3314678434,"PEKIKHAENJO":10000058,"jsonName":"","isDefault":true,"PCBPAJCNPPM":"","sideIconName":""},{"MBJCMMCNPNF":205900,"nameTextMapHash":4029103562,"descTextMapHash":3182680786,"PEKIKHAENJO":10000059,"jsonName":"","isDefault":true,"PCBPAJCNPPM":"","sideIconName":""},{"MBJCMMCNPNF":206000,"nameTextMapHash":2196179842,"descTextMapHash":3407589218,"PEKIKHAENJO":10000060,"jsonName":"","isDefault":true,"PCBPAJCNPPM":"","sideIconName":""},{"MBJCMMCNPNF":206200,"nameTextMapHash":3429415730,"descTextMapHash":271842858,"PEKIKHAENJO":10000062,"jsonName":"","isDefault":true,"PCBPAJCNPPM":"","sideIconName":""},{"MBJCMMCNPNF":206300,"nameTextMapHash":3671207274,"descTextMapHash":3625334322,"PEKIKHAENJO":10000063,"jsonName":"","isDefault":true,"PCBPAJCNPPM":"","sideIconName":""},{"MBJCMMCNPNF":206400,"nameTextMapHash":2433262890,"descTextMapHash":1261799770,"PEKIKHAENJO":10000064,"jsonName":"","isDefault":true,"PCBPAJCNPPM":"","sideIconName":""},{"MBJCMMCNPNF":206500,"nameTextMapHash":3245276834,"descTextMapHash":3036913898,"PEKIKHAENJO":10000065,"jsonName":"","isDefault":true,"PCBPAJCNPPM":"","sideIconName":""},{"MBJCMMCNPNF":206600,"nameTextMapHash":3109032026,"descTextMapHash":3093997674,"PEKIKHAENJO":10000066,"jsonName":"","isDefault":true,"PCBPAJCNPPM":"","sideIconName":""},{"MBJCMMCNPNF":206700,"nameTextMapHash":3135223450,"descTextMapHash":2308150714,"PEKIKHAENJO":10000067,"jsonName":"","isDefault":true,"PCBPAJCNPPM":"","sideIconName":""},{"MBJCMMCNPNF":206800,"nameTextMapHash":3617396594,"descTextMapHash":1616648506,"PEKIKHAENJO":10000068,"jsonName":"","isDefault":true,"PCBPAJCNPPM":"","sideIconName":""},{"MBJCMMCNPNF":206900,"nameTextMapHash":1106979266,"descTextMapHash":510932922,"PEKIKHAENJO":10000069,"jsonName":"","isDefault":true,"PCBPAJCNPPM":"","sideIconName":""},{"MBJCMMCNPNF":207000,"nameTextMapHash":3647756106,"descTextMapHash":1078022994,"PEKIKHAENJO":10000070,"jsonName":"","isDefault":true,"PCBPAJCNPPM":"","sideIconName":""},{"MBJCMMCNPNF":207100,"nameTextMapHash":3913661394,"descTextMapHash":1864424082,"PEKIKHAENJO":10000071,"jsonName":"","isDefault":true,"PCBPAJCNPPM":"","sideIconName":""},{"MBJCMMCNPNF":207200,"nameTextMapHash":2665843154,"descTextMapHash":2067286834,"PEKIKHAENJO":10000072,"jsonName":"","isDefault":true,"PCBPAJCNPPM":"","sideIconName":""},{"MBJCMMCNPNF":207300,"nameTextMapHash":2005565242,"descTextMapHash":2151511386,"PEKIKHAENJO":10000073,"jsonName":"","isDefault":true,"PCBPAJCNPPM":"","sideIconName":""},{"MBJCMMCNPNF":207400,"nameTextMapHash":1128331378,"descTextMapHash":3853124810,"PEKIKHAENJO":10000074,"jsonName":"","isDefault":true,"PCBPAJCNPPM":"","sideIconName":""},{"MBJCMMCNPNF":207500,"nameTextMapHash":4005813530,"descTextMapHash":3246746458,"PEKIKHAENJO":10000075,"jsonName":"","isDefault":true,"PCBPAJCNPPM":"","sideIconName":""},{"MBJCMMCNPNF":207600,"nameTextMapHash":1487058818,"descTextMapHash":3487496106,"PEKIKHAENJO":10000076,"jsonName":"","isDefault":true,"PCBPAJCNPPM":"","sideIconName":""},{"MBJCMMCNPNF":207700,"nameTextMapHash":1664916426,"descTextMapHash":3911845442,"PEKIKHAENJO":10000077,"jsonName":"","isDefault":true,"PCBPAJCNPPM":"","sideIconName":""},{"MBJCMMCNPNF":207800,"nameTextMapHash":3349227426,"descTextMapHash":39198106,"PEKIKHAENJO":10000078,"jsonName":"","isDefault":true,"PCBPAJCNPPM":"","sideIconName":""},{"MBJCMMCNPNF":207900,"nameTextMapHash":4041199642,"descTextMapHash":140684002,"PEKIKHAENJO":10000079,"jsonName":"","isDefault":true,"PCBPAJCNPPM":"","sideIconName":""},{"MBJCMMCNPNF":208000,"nameTextMapHash":423812362,"descTextMapHash":3777257866,"PEKIKHAENJO":10000080,"jsonName":"","isDefault":true,"PCBPAJCNPPM":"","sideIconName":""},{"MBJCMMCNPNF":208100,"nameTextMapHash":2460471634,"descTextMapHash":3875251706,"PEKIKHAENJO":10000081,"jsonName":"","isDefault":true,"PCBPAJCNPPM":"","sideIconName":""},{"MBJCMMCNPNF":208200,"nameTextMapHash":3539582602,"descTextMapHash":260008858,"PEKIKHAENJO":10000082,"jsonName":"","isDefault":true,"PCBPAJCNPPM":"","sideIconName":""}]