{"10000002":{"200200":{"jsonName":"","sideIconName":"","frontIconName":"","animatorConfigPathHash":0,"domesticHideInArtPreview":false,"indexID":0,"NLAFNLGJIKC":0,"controllerPathHash":0,"skinId":200200,"descTextMapHash":2373183578,"NBDBNPJGBLG":0,"nameTextMapHash":171482850,"isDefault":true,"OHJABGEJAIN":false,"isDefaultUnlock":false,"hide":false,"prefabManekinPathHash":0,"itemId":0,"quality":0,"controllerRemotePathHash":0,"prefabRemotePathHash":0,"imageNameHash":0,"prefabNpcPathHash":0,"prefabPathHash":0,"characterId":10000002,"GNJHJGFINBA":0},"200201":{"jsonName":"Avatar_Girl_Sword_AyakaCostumeFruhling","sideIconName":"UI_AvatarIcon_Side_AyakaCostumeFruhling","frontIconName":"UI_AvatarIcon_AyakaCostumeFruhling","animatorConfigPathHash":16603455789725430000,"domesticHideInArtPreview":false,"indexID":1,"NLAFNLGJIKC":10103075333299577000,"controllerPathHash":17673295221370888000,"skinId":200201,"descTextMapHash":2663678610,"NBDBNPJGBLG":15674264965754194000,"nameTextMapHash":2768521498,"isDefault":false,"OHJABGEJAIN":false,"isDefaultUnlock":false,"hide":false,"prefabManekinPathHash":8511293476587773000,"itemId":340010,"quality":4,"controllerRemotePathHash":430291944493067840,"prefabRemotePathHash":10678187531089930000,"imageNameHash":17153758638107736000,"prefabNpcPathHash":17569223125650117000,"prefabPathHash":11012300754669183000,"characterId":10000002,"GNJHJGFINBA":1066153760707115500}},"10000003":{"200300":{"jsonName":"","sideIconName":"","frontIconName":"","animatorConfigPathHash":0,"domesticHideInArtPreview":true,"indexID":0,"NLAFNLGJIKC":0,"controllerPathHash":0,"skinId":200300,"descTextMapHash":248153650,"NBDBNPJGBLG":0,"nameTextMapHash":2431528538,"isDefault":true,"OHJABGEJAIN":false,"isDefaultUnlock":false,"hide":false,"prefabManekinPathHash":0,"itemId":0,"quality":0,"controllerRemotePathHash":0,"prefabRemotePathHash":0,"imageNameHash":0,"prefabNpcPathHash":0,"prefabPathHash":0,"characterId":10000003,"GNJHJGFINBA":0},"200301":{"jsonName":"Avatar_Lady_Sword_QinCostumeSea","sideIconName":"UI_AvatarIcon_Side_QinCostumeSea","frontIconName":"UI_AvatarIcon_QinCostumeSea","animatorConfigPathHash":0,"domesticHideInArtPreview":false,"indexID":2,"NLAFNLGJIKC":3634508134047269400,"controllerPathHash":0,"skinId":200301,"descTextMapHash":3529954098,"NBDBNPJGBLG":0,"nameTextMapHash":1504245738,"isDefault":false,"OHJABGEJAIN":false,"isDefaultUnlock":false,"hide":false,"prefabManekinPathHash":16220654252350374000,"itemId":340001,"quality":4,"controllerRemotePathHash":0,"prefabRemotePathHash":17992774763103844000,"imageNameHash":7856783315815955000,"prefabNpcPathHash":2693372009414780000,"prefabPathHash":9215865218573513000,"characterId":10000003,"GNJHJGFINBA":0},"200302":{"jsonName":"Avatar_Lady_Sword_QinCostumeWic","sideIconName":"UI_AvatarIcon_Side_QinCostumeWic","frontIconName":"UI_AvatarIcon_QinCostumeWic","animatorConfigPathHash":0,"domesticHideInArtPreview":false,"indexID":1,"NLAFNLGJIKC":7419098755292597000,"controllerPathHash":0,"skinId":200302,"descTextMapHash":1553444314,"NBDBNPJGBLG":0,"nameTextMapHash":2691230306,"isDefault":false,"OHJABGEJAIN":false,"isDefaultUnlock":true,"hide":true,"prefabManekinPathHash":6257448215821890000,"itemId":340006,"quality":4,"controllerRemotePathHash":0,"prefabRemotePathHash":2508262379750057000,"imageNameHash":2268507951203388000,"prefabNpcPathHash":8899383397730056000,"prefabPathHash":11789304378759268000,"characterId":10000003,"GNJHJGFINBA":0}},"10000005":{"200500":{"jsonName":"","sideIconName":"","frontIconName":"","animatorConfigPathHash":0,"domesticHideInArtPreview":false,"indexID":0,"NLAFNLGJIKC":0,"controllerPathHash":0,"skinId":200500,"descTextMapHash":2814665554,"NBDBNPJGBLG":0,"nameTextMapHash":1648736450,"isDefault":true,"OHJABGEJAIN":false,"isDefaultUnlock":false,"hide":false,"prefabManekinPathHash":0,"itemId":0,"quality":0,"controllerRemotePathHash":0,"prefabRemotePathHash":0,"imageNameHash":0,"prefabNpcPathHash":0,"prefabPathHash":0,"characterId":10000005,"GNJHJGFINBA":0}},"10000006":{"200600":{"jsonName":"","sideIconName":"","frontIconName":"","animatorConfigPathHash":0,"domesticHideInArtPreview":false,"indexID":0,"NLAFNLGJIKC":0,"controllerPathHash":0,"skinId":200600,"descTextMapHash":3946345210,"NBDBNPJGBLG":0,"nameTextMapHash":672166154,"isDefault":true,"OHJABGEJAIN":false,"isDefaultUnlock":false,"hide":false,"prefabManekinPathHash":0,"itemId":0,"quality":0,"controllerRemotePathHash":0,"prefabRemotePathHash":0,"imageNameHash":0,"prefabNpcPathHash":0,"prefabPathHash":0,"characterId":10000006,"GNJHJGFINBA":0},"200601":{"jsonName":"Avatar_Lady_Catalyst_LisaCostumeStudentin","sideIconName":"UI_AvatarIcon_Side_LisaCostumeStudentin","frontIconName":"UI_AvatarIcon_LisaCostumeStudentin","animatorConfigPathHash":5920923966167289000,"domesticHideInArtPreview":false,"indexID":1,"NLAFNLGJIKC":12184526212600211000,"controllerPathHash":3844565694031600600,"skinId":200601,"descTextMapHash":2734308554,"NBDBNPJGBLG":7252708095919229000,"nameTextMapHash":2255412906,"isDefault":false,"OHJABGEJAIN":false,"isDefaultUnlock":false,"hide":false,"prefabManekinPathHash":9138671107307150000,"itemId":340011,"quality":4,"controllerRemotePathHash":8887732179020530000,"prefabRemotePathHash":5893029251442558000,"imageNameHash":3666831924373171000,"prefabNpcPathHash":5639347602417794000,"prefabPathHash":12600550299813160000,"characterId":10000006,"GNJHJGFINBA":6743697234004768000}},"10000007":{"200700":{"jsonName":"","sideIconName":"","frontIconName":"","animatorConfigPathHash":0,"domesticHideInArtPreview":false,"indexID":0,"NLAFNLGJIKC":0,"controllerPathHash":0,"skinId":200700,"descTextMapHash":2020994066,"NBDBNPJGBLG":0,"nameTextMapHash":3561662730,"isDefault":true,"OHJABGEJAIN":false,"isDefaultUnlock":false,"hide":false,"prefabManekinPathHash":0,"itemId":0,"quality":0,"controllerRemotePathHash":0,"prefabRemotePathHash":0,"imageNameHash":0,"prefabNpcPathHash":0,"prefabPathHash":0,"characterId":10000007,"GNJHJGFINBA":0}},"10000014":{"201400":{"jsonName":"","sideIconName":"","frontIconName":"","animatorConfigPathHash":0,"domesticHideInArtPreview":false,"indexID":0,"NLAFNLGJIKC":0,"controllerPathHash":0,"skinId":201400,"descTextMapHash":3092975850,"NBDBNPJGBLG":0,"nameTextMapHash":2895548298,"isDefault":true,"OHJABGEJAIN":false,"isDefaultUnlock":false,"hide":false,"prefabManekinPathHash":0,"itemId":0,"quality":0,"controllerRemotePathHash":0,"prefabRemotePathHash":0,"imageNameHash":0,"prefabNpcPathHash":0,"prefabPathHash":0,"characterId":10000014,"GNJHJGFINBA":0},"201401":{"jsonName":"Avatar_Girl_Catalyst_BarbaraCostumeSummertime","sideIconName":"UI_AvatarIcon_Side_BarbaraCostumeSummertime","frontIconName":"UI_AvatarIcon_BarbaraCostumeSummertime","animatorConfigPathHash":0,"domesticHideInArtPreview":false,"indexID":1,"NLAFNLGJIKC":17692349984920977000,"controllerPathHash":0,"skinId":201401,"descTextMapHash":2644173682,"NBDBNPJGBLG":0,"nameTextMapHash":4121525482,"isDefault":false,"OHJABGEJAIN":false,"isDefaultUnlock":false,"hide":false,"prefabManekinPathHash":7590386921274555000,"itemId":340000,"quality":4,"controllerRemotePathHash":0,"prefabRemotePathHash":10341761028724613000,"imageNameHash":16049450277489158000,"prefabNpcPathHash":5183081712927355000,"prefabPathHash":10565960914446858000,"characterId":10000014,"GNJHJGFINBA":0}},"10000015":{"201500":{"jsonName":"","sideIconName":"","frontIconName":"","animatorConfigPathHash":0,"domesticHideInArtPreview":false,"indexID":0,"NLAFNLGJIKC":0,"controllerPathHash":0,"skinId":201500,"descTextMapHash":1523967378,"NBDBNPJGBLG":0,"nameTextMapHash":4036813530,"isDefault":true,"OHJABGEJAIN":false,"isDefaultUnlock":false,"hide":false,"prefabManekinPathHash":0,"itemId":0,"quality":0,"controllerRemotePathHash":0,"prefabRemotePathHash":0,"imageNameHash":0,"prefabNpcPathHash":0,"prefabPathHash":0,"characterId":10000015,"GNJHJGFINBA":0},"201501":{"jsonName":"Avatar_Male_Sword_KaeyaCostumeDancer","sideIconName":"UI_AvatarIcon_Side_KaeyaCostumeDancer","frontIconName":"UI_AvatarIcon_KaeyaCostumeDancer","animatorConfigPathHash":0,"domesticHideInArtPreview":false,"indexID":1,"NLAFNLGJIKC":5002861976005417000,"controllerPathHash":0,"skinId":201501,"descTextMapHash":2590769514,"NBDBNPJGBLG":0,"nameTextMapHash":177626138,"isDefault":false,"OHJABGEJAIN":false,"isDefaultUnlock":false,"hide":false,"prefabManekinPathHash":5213861121553670000,"itemId":340013,"quality":4,"controllerRemotePathHash":0,"prefabRemotePathHash":15807700893622235000,"imageNameHash":6823783867527131000,"prefabNpcPathHash":477895560165567300,"prefabPathHash":494681429835695000,"characterId":10000015,"GNJHJGFINBA":0}},"10000016":{"201600":{"jsonName":"","sideIconName":"","frontIconName":"","animatorConfigPathHash":0,"domesticHideInArtPreview":false,"indexID":0,"NLAFNLGJIKC":0,"controllerPathHash":0,"skinId":201600,"descTextMapHash":2401924570,"NBDBNPJGBLG":0,"nameTextMapHash":674973162,"isDefault":true,"OHJABGEJAIN":false,"isDefaultUnlock":false,"hide":false,"prefabManekinPathHash":0,"itemId":0,"quality":0,"controllerRemotePathHash":0,"prefabRemotePathHash":0,"imageNameHash":0,"prefabNpcPathHash":0,"prefabPathHash":0,"characterId":10000016,"GNJHJGFINBA":0},"201601":{"jsonName":"Avatar_Male_Claymore_DilucCostumeFlamme","sideIconName":"UI_AvatarIcon_Side_DilucCostumeFlamme","frontIconName":"UI_AvatarIcon_DilucCostumeFlamme","animatorConfigPathHash":17146454811973010000,"domesticHideInArtPreview":false,"indexID":1,"NLAFNLGJIKC":17998867110601988000,"controllerPathHash":9590652495663153000,"skinId":201601,"descTextMapHash":3295060426,"NBDBNPJGBLG":2983269504837449700,"nameTextMapHash":1332852170,"isDefault":false,"OHJABGEJAIN":false,"isDefaultUnlock":false,"hide":false,"prefabManekinPathHash":13676438560609835000,"itemId":340004,"quality":5,"controllerRemotePathHash":4585718866811975000,"prefabRemotePathHash":15335225919554738000,"imageNameHash":3029142693095236000,"prefabNpcPathHash":7202002721915920000,"prefabPathHash":10368416818400608000,"characterId":10000016,"GNJHJGFINBA":2641804271410635000}},"10000020":{"202000":{"jsonName":"","sideIconName":"","frontIconName":"","animatorConfigPathHash":0,"domesticHideInArtPreview":false,"indexID":0,"NLAFNLGJIKC":0,"controllerPathHash":0,"skinId":202000,"descTextMapHash":2955915298,"NBDBNPJGBLG":0,"nameTextMapHash":1677296490,"isDefault":true,"OHJABGEJAIN":false,"isDefaultUnlock":false,"hide":false,"prefabManekinPathHash":0,"itemId":0,"quality":0,"controllerRemotePathHash":0,"prefabRemotePathHash":0,"imageNameHash":0,"prefabNpcPathHash":0,"prefabPathHash":0,"characterId":10000020,"GNJHJGFINBA":0}},"10000021":{"202100":{"jsonName":"","sideIconName":"","frontIconName":"","animatorConfigPathHash":0,"domesticHideInArtPreview":true,"indexID":0,"NLAFNLGJIKC":0,"controllerPathHash":0,"skinId":202100,"descTextMapHash":2978334658,"NBDBNPJGBLG":0,"nameTextMapHash":690774682,"isDefault":true,"OHJABGEJAIN":false,"isDefaultUnlock":false,"hide":false,"prefabManekinPathHash":0,"itemId":0,"quality":0,"controllerRemotePathHash":0,"prefabRemotePathHash":0,"imageNameHash":0,"prefabNpcPathHash":0,"prefabPathHash":0,"characterId":10000021,"GNJHJGFINBA":0},"202101":{"jsonName":"Avatar_Girl_Bow_AmborCostumeWic","sideIconName":"UI_AvatarIcon_Side_AmborCostumeWic","frontIconName":"UI_AvatarIcon_AmborCostumeWic","animatorConfigPathHash":0,"domesticHideInArtPreview":false,"indexID":1,"NLAFNLGJIKC":8585842464129120000,"controllerPathHash":0,"skinId":202101,"descTextMapHash":2955174482,"NBDBNPJGBLG":0,"nameTextMapHash":4237698530,"isDefault":false,"OHJABGEJAIN":false,"isDefaultUnlock":true,"hide":true,"prefabManekinPathHash":11555033508243667000,"itemId":340007,"quality":4,"controllerRemotePathHash":0,"prefabRemotePathHash":14462486063824583000,"imageNameHash":1673287744058013000,"prefabNpcPathHash":16495873575277371000,"prefabPathHash":7122218723217693000,"characterId":10000021,"GNJHJGFINBA":0}},"10000022":{"202200":{"jsonName":"","sideIconName":"","frontIconName":"","animatorConfigPathHash":0,"domesticHideInArtPreview":false,"indexID":0,"NLAFNLGJIKC":0,"controllerPathHash":0,"skinId":202200,"descTextMapHash":3977341762,"NBDBNPJGBLG":0,"nameTextMapHash":3806453578,"isDefault":true,"OHJABGEJAIN":false,"isDefaultUnlock":false,"hide":false,"prefabManekinPathHash":0,"itemId":0,"quality":0,"controllerRemotePathHash":0,"prefabRemotePathHash":0,"imageNameHash":0,"prefabNpcPathHash":0,"prefabPathHash":0,"characterId":10000022,"GNJHJGFINBA":0}},"10000023":{"202300":{"jsonName":"","sideIconName":"","frontIconName":"","animatorConfigPathHash":0,"domesticHideInArtPreview":false,"indexID":0,"NLAFNLGJIKC":0,"controllerPathHash":0,"skinId":202300,"descTextMapHash":2478839258,"NBDBNPJGBLG":0,"nameTextMapHash":2926593050,"isDefault":true,"OHJABGEJAIN":false,"isDefaultUnlock":false,"hide":false,"prefabManekinPathHash":0,"itemId":0,"quality":0,"controllerRemotePathHash":0,"prefabRemotePathHash":0,"imageNameHash":0,"prefabNpcPathHash":0,"prefabPathHash":0,"characterId":10000023,"GNJHJGFINBA":0},"202301":{"jsonName":"Avatar_Girl_Pole_XianglingCostumeWinter","sideIconName":"UI_AvatarIcon_Side_XianglingCostumeWinter","frontIconName":"UI_AvatarIcon_XianglingCostumeWinter","animatorConfigPathHash":18391637430908082000,"domesticHideInArtPreview":false,"indexID":1,"NLAFNLGJIKC":13695067350863368000,"controllerPathHash":5118180850961350000,"skinId":202301,"descTextMapHash":3704801658,"NBDBNPJGBLG":5896373471589186000,"nameTextMapHash":3584800114,"isDefault":false,"OHJABGEJAIN":false,"isDefaultUnlock":false,"hide":false,"prefabManekinPathHash":11249329097296183000,"itemId":340020,"quality":4,"controllerRemotePathHash":10196403020682996000,"prefabRemotePathHash":15717631072147569000,"imageNameHash":12560219265155160000,"prefabNpcPathHash":3662724982812999000,"prefabPathHash":804895169000894700,"characterId":10000023,"GNJHJGFINBA":15592533477897634000}},"10000024":{"202400":{"jsonName":"","sideIconName":"","frontIconName":"","animatorConfigPathHash":0,"domesticHideInArtPreview":false,"indexID":0,"NLAFNLGJIKC":0,"controllerPathHash":0,"skinId":202400,"descTextMapHash":1844332810,"NBDBNPJGBLG":0,"nameTextMapHash":2091122082,"isDefault":true,"OHJABGEJAIN":false,"isDefaultUnlock":false,"hide":false,"prefabManekinPathHash":0,"itemId":0,"quality":0,"controllerRemotePathHash":0,"prefabRemotePathHash":0,"imageNameHash":0,"prefabNpcPathHash":0,"prefabPathHash":0,"characterId":10000024,"GNJHJGFINBA":0}},"10000025":{"202500":{"jsonName":"","sideIconName":"","frontIconName":"","animatorConfigPathHash":0,"domesticHideInArtPreview":false,"indexID":0,"NLAFNLGJIKC":0,"controllerPathHash":0,"skinId":202500,"descTextMapHash":1606071354,"NBDBNPJGBLG":0,"nameTextMapHash":3118674250,"isDefault":true,"OHJABGEJAIN":false,"isDefaultUnlock":false,"hide":false,"prefabManekinPathHash":0,"itemId":0,"quality":0,"controllerRemotePathHash":0,"prefabRemotePathHash":0,"imageNameHash":0,"prefabNpcPathHash":0,"prefabPathHash":0,"characterId":10000025,"GNJHJGFINBA":0},"202501":{"jsonName":"Avatar_Boy_Sword_XingqiuCostumeBamboo","sideIconName":"UI_AvatarIcon_Side_XingqiuCostumeBamboo","frontIconName":"UI_AvatarIcon_XingqiuCostumeBamboo","animatorConfigPathHash":0,"domesticHideInArtPreview":false,"indexID":1,"NLAFNLGJIKC":3476514916662296600,"controllerPathHash":0,"skinId":202501,"descTextMapHash":2374826642,"NBDBNPJGBLG":0,"nameTextMapHash":1935444386,"isDefault":false,"OHJABGEJAIN":false,"isDefaultUnlock":false,"hide":false,"prefabManekinPathHash":14993972050868744000,"itemId":340016,"quality":4,"controllerRemotePathHash":0,"prefabRemotePathHash":9952537578809033000,"imageNameHash":16611982762112193000,"prefabNpcPathHash":1199989316314760400,"prefabPathHash":3120277132814718500,"characterId":10000025,"GNJHJGFINBA":0}},"10000026":{"202600":{"jsonName":"","sideIconName":"","frontIconName":"","animatorConfigPathHash":0,"domesticHideInArtPreview":false,"indexID":0,"NLAFNLGJIKC":0,"controllerPathHash":0,"skinId":202600,"descTextMapHash":3291997178,"NBDBNPJGBLG":0,"nameTextMapHash":2696933402,"isDefault":true,"OHJABGEJAIN":false,"isDefaultUnlock":false,"hide":false,"prefabManekinPathHash":0,"itemId":0,"quality":0,"controllerRemotePathHash":0,"prefabRemotePathHash":0,"imageNameHash":0,"prefabNpcPathHash":0,"prefabPathHash":0,"characterId":10000026,"GNJHJGFINBA":0}},"10000027":{"202700":{"jsonName":"","sideIconName":"","frontIconName":"","animatorConfigPathHash":0,"domesticHideInArtPreview":false,"indexID":0,"NLAFNLGJIKC":0,"controllerPathHash":0,"skinId":202700,"descTextMapHash":3980318498,"NBDBNPJGBLG":0,"nameTextMapHash":116451794,"isDefault":true,"OHJABGEJAIN":false,"isDefaultUnlock":false,"hide":false,"prefabManekinPathHash":0,"itemId":0,"quality":0,"controllerRemotePathHash":0,"prefabRemotePathHash":0,"imageNameHash":0,"prefabNpcPathHash":0,"prefabPathHash":0,"characterId":10000027,"GNJHJGFINBA":0},"202701":{"jsonName":"Avatar_Lady_Catalyst_NingguangCostumeFloral","sideIconName":"UI_AvatarIcon_Side_NingguangCostumeFloral","frontIconName":"UI_AvatarIcon_NingguangCostumeFloral","animatorConfigPathHash":0,"domesticHideInArtPreview":false,"indexID":1,"NLAFNLGJIKC":5359129983543856000,"controllerPathHash":0,"skinId":202701,"descTextMapHash":720597146,"NBDBNPJGBLG":0,"nameTextMapHash":2572106930,"isDefault":false,"OHJABGEJAIN":false,"isDefaultUnlock":false,"hide":false,"prefabManekinPathHash":1433662792352814000,"itemId":340002,"quality":4,"controllerRemotePathHash":0,"prefabRemotePathHash":11681843191975356000,"imageNameHash":13693364619168872000,"prefabNpcPathHash":9773804280703926000,"prefabPathHash":15863689246053601000,"characterId":10000027,"GNJHJGFINBA":0}},"10000029":{"202900":{"jsonName":"","sideIconName":"","frontIconName":"","animatorConfigPathHash":0,"domesticHideInArtPreview":false,"indexID":0,"NLAFNLGJIKC":0,"controllerPathHash":0,"skinId":202900,"descTextMapHash":3488214794,"NBDBNPJGBLG":0,"nameTextMapHash":1023505626,"isDefault":true,"OHJABGEJAIN":false,"isDefaultUnlock":false,"hide":false,"prefabManekinPathHash":0,"itemId":0,"quality":0,"controllerRemotePathHash":0,"prefabRemotePathHash":0,"imageNameHash":0,"prefabNpcPathHash":0,"prefabPathHash":0,"characterId":10000029,"GNJHJGFINBA":0},"202901":{"jsonName":"Avatar_Loli_Catalyst_KleeCostumeWitch","sideIconName":"UI_AvatarIcon_Side_KleeCostumeWitch","frontIconName":"UI_AvatarIcon_KleeCostumeWitch","animatorConfigPathHash":6894630599703930000,"domesticHideInArtPreview":false,"indexID":1,"NLAFNLGJIKC":18106315886010479000,"controllerPathHash":1552326239233510700,"skinId":202901,"descTextMapHash":1807518842,"NBDBNPJGBLG":12132806731708700000,"nameTextMapHash":2343491290,"isDefault":false,"OHJABGEJAIN":false,"isDefaultUnlock":false,"hide":false,"prefabManekinPathHash":860060720579263700,"itemId":340012,"quality":4,"controllerRemotePathHash":5630855241666821000,"prefabRemotePathHash":13958116777399183000,"imageNameHash":16796031080227060000,"prefabNpcPathHash":13685423552966791000,"prefabPathHash":14487796459102730000,"characterId":10000029,"GNJHJGFINBA":6652860410999361000}},"10000030":{"203000":{"jsonName":"","sideIconName":"","frontIconName":"","animatorConfigPathHash":0,"domesticHideInArtPreview":false,"indexID":0,"NLAFNLGJIKC":0,"controllerPathHash":0,"skinId":203000,"descTextMapHash":2640185922,"NBDBNPJGBLG":0,"nameTextMapHash":41327378,"isDefault":true,"OHJABGEJAIN":false,"isDefaultUnlock":false,"hide":false,"prefabManekinPathHash":0,"itemId":0,"quality":0,"controllerRemotePathHash":0,"prefabRemotePathHash":0,"imageNameHash":0,"prefabNpcPathHash":0,"prefabPathHash":0,"characterId":10000030,"GNJHJGFINBA":0}},"10000031":{"203100":{"jsonName":"","sideIconName":"","frontIconName":"","animatorConfigPathHash":0,"domesticHideInArtPreview":false,"indexID":0,"NLAFNLGJIKC":0,"controllerPathHash":0,"skinId":203100,"descTextMapHash":4134576130,"NBDBNPJGBLG":0,"nameTextMapHash":2969091354,"isDefault":true,"OHJABGEJAIN":false,"isDefaultUnlock":false,"hide":false,"prefabManekinPathHash":0,"itemId":0,"quality":0,"controllerRemotePathHash":0,"prefabRemotePathHash":0,"imageNameHash":0,"prefabNpcPathHash":0,"prefabPathHash":0,"characterId":10000031,"GNJHJGFINBA":0},"203101":{"jsonName":"Avatar_Girl_Bow_FischlCostumeHighness","sideIconName":"UI_AvatarIcon_Side_FischlCostumeHighness","frontIconName":"UI_AvatarIcon_FischlCostumeHighness","animatorConfigPathHash":16874910532900252000,"domesticHideInArtPreview":false,"indexID":1,"NLAFNLGJIKC":13082938567402992000,"controllerPathHash":9561591276388174000,"skinId":203101,"descTextMapHash":2089933442,"NBDBNPJGBLG":7155439830413171000,"nameTextMapHash":3162794298,"isDefault":false,"OHJABGEJAIN":false,"isDefaultUnlock":false,"hide":false,"prefabManekinPathHash":1849563772142813400,"itemId":340005,"quality":4,"controllerRemotePathHash":7514891772841965000,"prefabRemotePathHash":1058632974177999900,"imageNameHash":16903652226668882000,"prefabNpcPathHash":16733412713662534000,"prefabPathHash":13534430752549235000,"characterId":10000031,"GNJHJGFINBA":6775543031666606000}},"10000032":{"203200":{"jsonName":"","sideIconName":"","frontIconName":"","animatorConfigPathHash":0,"domesticHideInArtPreview":false,"indexID":0,"NLAFNLGJIKC":0,"controllerPathHash":0,"skinId":203200,"descTextMapHash":3111188850,"NBDBNPJGBLG":0,"nameTextMapHash":2359403186,"isDefault":true,"OHJABGEJAIN":false,"isDefaultUnlock":false,"hide":false,"prefabManekinPathHash":0,"itemId":0,"quality":0,"controllerRemotePathHash":0,"prefabRemotePathHash":0,"imageNameHash":0,"prefabNpcPathHash":0,"prefabPathHash":0,"characterId":10000032,"GNJHJGFINBA":0}},"10000033":{"203300":{"jsonName":"","sideIconName":"","frontIconName":"","animatorConfigPathHash":0,"domesticHideInArtPreview":false,"indexID":0,"NLAFNLGJIKC":0,"controllerPathHash":0,"skinId":203300,"descTextMapHash":1165773426,"NBDBNPJGBLG":0,"nameTextMapHash":369350914,"isDefault":true,"OHJABGEJAIN":false,"isDefaultUnlock":false,"hide":false,"prefabManekinPathHash":0,"itemId":0,"quality":0,"controllerRemotePathHash":0,"prefabRemotePathHash":0,"imageNameHash":0,"prefabNpcPathHash":0,"prefabPathHash":0,"characterId":10000033,"GNJHJGFINBA":0}},"10000034":{"203400":{"jsonName":"","sideIconName":"","frontIconName":"","animatorConfigPathHash":0,"domesticHideInArtPreview":false,"indexID":0,"NLAFNLGJIKC":0,"controllerPathHash":0,"skinId":203400,"descTextMapHash":102807738,"NBDBNPJGBLG":0,"nameTextMapHash":1660794338,"isDefault":true,"OHJABGEJAIN":false,"isDefaultUnlock":false,"hide":false,"prefabManekinPathHash":0,"itemId":0,"quality":0,"controllerRemotePathHash":0,"prefabRemotePathHash":0,"imageNameHash":0,"prefabNpcPathHash":0,"prefabPathHash":0,"characterId":10000034,"GNJHJGFINBA":0}},"10000035":{"203500":{"jsonName":"","sideIconName":"","frontIconName":"","animatorConfigPathHash":0,"domesticHideInArtPreview":false,"indexID":0,"NLAFNLGJIKC":0,"controllerPathHash":0,"skinId":203500,"descTextMapHash":4056261530,"NBDBNPJGBLG":0,"nameTextMapHash":2620016810,"isDefault":true,"OHJABGEJAIN":false,"isDefaultUnlock":false,"hide":false,"prefabManekinPathHash":0,"itemId":0,"quality":0,"controllerRemotePathHash":0,"prefabRemotePathHash":0,"imageNameHash":0,"prefabNpcPathHash":0,"prefabPathHash":0,"characterId":10000035,"GNJHJGFINBA":0}},"10000036":{"203600":{"jsonName":"","sideIconName":"","frontIconName":"","animatorConfigPathHash":0,"domesticHideInArtPreview":false,"indexID":0,"NLAFNLGJIKC":0,"controllerPathHash":0,"skinId":203600,"descTextMapHash":3971237746,"NBDBNPJGBLG":0,"nameTextMapHash":1142485354,"isDefault":true,"OHJABGEJAIN":false,"isDefaultUnlock":false,"hide":false,"prefabManekinPathHash":0,"itemId":0,"quality":0,"controllerRemotePathHash":0,"prefabRemotePathHash":0,"imageNameHash":0,"prefabNpcPathHash":0,"prefabPathHash":0,"characterId":10000036,"GNJHJGFINBA":0}},"10000037":{"203700":{"jsonName":"","sideIconName":"","frontIconName":"","animatorConfigPathHash":0,"domesticHideInArtPreview":false,"indexID":0,"NLAFNLGJIKC":0,"controllerPathHash":0,"skinId":203700,"descTextMapHash":1209631242,"NBDBNPJGBLG":0,"nameTextMapHash":4131676042,"isDefault":true,"OHJABGEJAIN":false,"isDefaultUnlock":false,"hide":false,"prefabManekinPathHash":0,"itemId":0,"quality":0,"controllerRemotePathHash":0,"prefabRemotePathHash":0,"imageNameHash":0,"prefabNpcPathHash":0,"prefabPathHash":0,"characterId":10000037,"GNJHJGFINBA":0},"203701":{"jsonName":"Avatar_Girl_Bow_GanyuCostumeYu","sideIconName":"UI_AvatarIcon_Side_GanyuCostumeYu","frontIconName":"UI_AvatarIcon_GanyuCostumeYu","animatorConfigPathHash":10325762936017633000,"domesticHideInArtPreview":false,"indexID":1,"NLAFNLGJIKC":16081736837206258000,"controllerPathHash":17301494551858321000,"skinId":203701,"descTextMapHash":2352085090,"NBDBNPJGBLG":3881822365041315300,"nameTextMapHash":1442607890,"isDefault":false,"OHJABGEJAIN":false,"isDefaultUnlock":false,"hide":false,"prefabManekinPathHash":109831431656997900,"itemId":340015,"quality":4,"controllerRemotePathHash":13724098110668937000,"prefabRemotePathHash":13647647765974420000,"imageNameHash":4484569006207970000,"prefabNpcPathHash":17066423753093830000,"prefabPathHash":7498173519010298000,"characterId":10000037,"GNJHJGFINBA":12545856595676686000}},"10000038":{"203800":{"jsonName":"","sideIconName":"","frontIconName":"","animatorConfigPathHash":0,"domesticHideInArtPreview":false,"indexID":0,"NLAFNLGJIKC":0,"controllerPathHash":0,"skinId":203800,"descTextMapHash":310650770,"NBDBNPJGBLG":0,"nameTextMapHash":3397577098,"isDefault":true,"OHJABGEJAIN":false,"isDefaultUnlock":false,"hide":false,"prefabManekinPathHash":0,"itemId":0,"quality":0,"controllerRemotePathHash":0,"prefabRemotePathHash":0,"imageNameHash":0,"prefabNpcPathHash":0,"prefabPathHash":0,"characterId":10000038,"GNJHJGFINBA":0}},"10000039":{"203900":{"jsonName":"","sideIconName":"","frontIconName":"","animatorConfigPathHash":0,"domesticHideInArtPreview":false,"indexID":0,"NLAFNLGJIKC":0,"controllerPathHash":0,"skinId":203900,"descTextMapHash":670221618,"NBDBNPJGBLG":0,"nameTextMapHash":2364432618,"isDefault":true,"OHJABGEJAIN":false,"isDefaultUnlock":false,"hide":false,"prefabManekinPathHash":0,"itemId":0,"quality":0,"controllerRemotePathHash":0,"prefabRemotePathHash":0,"imageNameHash":0,"prefabNpcPathHash":0,"prefabPathHash":0,"characterId":10000039,"GNJHJGFINBA":0}},"10000041":{"204100":{"jsonName":"","sideIconName":"","frontIconName":"","animatorConfigPathHash":0,"domesticHideInArtPreview":true,"indexID":0,"NLAFNLGJIKC":0,"controllerPathHash":0,"skinId":204100,"descTextMapHash":871545986,"NBDBNPJGBLG":0,"nameTextMapHash":4029369362,"isDefault":true,"OHJABGEJAIN":false,"isDefaultUnlock":false,"hide":false,"prefabManekinPathHash":0,"itemId":0,"quality":0,"controllerRemotePathHash":0,"prefabRemotePathHash":0,"imageNameHash":0,"prefabNpcPathHash":0,"prefabPathHash":0,"characterId":10000041,"GNJHJGFINBA":0},"204101":{"jsonName":"Avatar_Girl_Catalyst_MonaCostumeWic","sideIconName":"UI_AvatarIcon_Side_MonaCostumeWic","frontIconName":"UI_AvatarIcon_MonaCostumeWic","animatorConfigPathHash":0,"domesticHideInArtPreview":false,"indexID":1,"NLAFNLGJIKC":8177863288410569000,"controllerPathHash":0,"skinId":204101,"descTextMapHash":2912743770,"NBDBNPJGBLG":0,"nameTextMapHash":1860400666,"isDefault":false,"OHJABGEJAIN":false,"isDefaultUnlock":true,"hide":true,"prefabManekinPathHash":5022057012086514000,"itemId":340008,"quality":4,"controllerRemotePathHash":0,"prefabRemotePathHash":16287308438257703000,"imageNameHash":5743696895040121000,"prefabNpcPathHash":1127931153574195200,"prefabPathHash":15379405067054348000,"characterId":10000041,"GNJHJGFINBA":0}},"10000042":{"204200":{"jsonName":"","sideIconName":"","frontIconName":"","animatorConfigPathHash":0,"domesticHideInArtPreview":false,"indexID":0,"NLAFNLGJIKC":0,"controllerPathHash":0,"skinId":204200,"descTextMapHash":1992333442,"NBDBNPJGBLG":0,"nameTextMapHash":3714413314,"isDefault":true,"OHJABGEJAIN":false,"isDefaultUnlock":false,"hide":false,"prefabManekinPathHash":0,"itemId":0,"quality":0,"controllerRemotePathHash":0,"prefabRemotePathHash":0,"imageNameHash":0,"prefabNpcPathHash":0,"prefabPathHash":0,"characterId":10000042,"GNJHJGFINBA":0},"204201":{"jsonName":"Avatar_Girl_Sword_KeqingCostumeFeather","sideIconName":"UI_AvatarIcon_Side_KeqingCostumeFeather","frontIconName":"UI_AvatarIcon_KeqingCostumeFeather","animatorConfigPathHash":0,"domesticHideInArtPreview":false,"indexID":1,"NLAFNLGJIKC":105176600920367870,"controllerPathHash":0,"skinId":204201,"descTextMapHash":1532026282,"NBDBNPJGBLG":0,"nameTextMapHash":1613857666,"isDefault":false,"OHJABGEJAIN":false,"isDefaultUnlock":false,"hide":false,"prefabManekinPathHash":11708378725870790000,"itemId":340003,"quality":4,"controllerRemotePathHash":0,"prefabRemotePathHash":6372458023003575000,"imageNameHash":8264683658462126000,"prefabNpcPathHash":12660355485795350000,"prefabPathHash":10364379182659254000,"characterId":10000042,"GNJHJGFINBA":0}},"10000043":{"204300":{"jsonName":"","sideIconName":"","frontIconName":"","animatorConfigPathHash":0,"domesticHideInArtPreview":false,"indexID":0,"NLAFNLGJIKC":0,"controllerPathHash":0,"skinId":204300,"descTextMapHash":4118239546,"NBDBNPJGBLG":0,"nameTextMapHash":3529210914,"isDefault":true,"OHJABGEJAIN":false,"isDefaultUnlock":false,"hide":false,"prefabManekinPathHash":0,"itemId":0,"quality":0,"controllerRemotePathHash":0,"prefabRemotePathHash":0,"imageNameHash":0,"prefabNpcPathHash":0,"prefabPathHash":0,"characterId":10000043,"GNJHJGFINBA":0}},"10000044":{"204400":{"jsonName":"","sideIconName":"","frontIconName":"","animatorConfigPathHash":0,"domesticHideInArtPreview":false,"indexID":0,"NLAFNLGJIKC":0,"controllerPathHash":0,"skinId":204400,"descTextMapHash":678376738,"NBDBNPJGBLG":0,"nameTextMapHash":2768155290,"isDefault":true,"OHJABGEJAIN":false,"isDefaultUnlock":false,"hide":false,"prefabManekinPathHash":0,"itemId":0,"quality":0,"controllerRemotePathHash":0,"prefabRemotePathHash":0,"imageNameHash":0,"prefabNpcPathHash":0,"prefabPathHash":0,"characterId":10000044,"GNJHJGFINBA":0}},"10000045":{"204500":{"jsonName":"","sideIconName":"","frontIconName":"","animatorConfigPathHash":0,"domesticHideInArtPreview":true,"indexID":0,"NLAFNLGJIKC":0,"controllerPathHash":0,"skinId":204500,"descTextMapHash":4067539010,"NBDBNPJGBLG":0,"nameTextMapHash":772899890,"isDefault":true,"OHJABGEJAIN":false,"isDefaultUnlock":false,"hide":false,"prefabManekinPathHash":0,"itemId":0,"quality":0,"controllerRemotePathHash":0,"prefabRemotePathHash":0,"imageNameHash":0,"prefabNpcPathHash":0,"prefabPathHash":0,"characterId":10000045,"GNJHJGFINBA":0},"204501":{"jsonName":"Avatar_Lady_Pole_RosariaCostumeWic","sideIconName":"UI_AvatarIcon_Side_RosariaCostumeWic","frontIconName":"UI_AvatarIcon_RosariaCostumeWic","animatorConfigPathHash":0,"domesticHideInArtPreview":false,"indexID":1,"NLAFNLGJIKC":18354298522384930000,"controllerPathHash":0,"skinId":204501,"descTextMapHash":3143995322,"NBDBNPJGBLG":0,"nameTextMapHash":2412226586,"isDefault":false,"OHJABGEJAIN":false,"isDefaultUnlock":true,"hide":true,"prefabManekinPathHash":12267662344150393000,"itemId":340009,"quality":4,"controllerRemotePathHash":0,"prefabRemotePathHash":10539667758355399000,"imageNameHash":2832692351080435000,"prefabNpcPathHash":9648000434294862000,"prefabPathHash":12861565697458264000,"characterId":10000045,"GNJHJGFINBA":0}},"10000046":{"204600":{"jsonName":"","sideIconName":"","frontIconName":"","animatorConfigPathHash":0,"domesticHideInArtPreview":false,"indexID":0,"NLAFNLGJIKC":0,"controllerPathHash":0,"skinId":204600,"descTextMapHash":1186495122,"NBDBNPJGBLG":0,"nameTextMapHash":626284674,"isDefault":true,"OHJABGEJAIN":false,"isDefaultUnlock":false,"hide":false,"prefabManekinPathHash":0,"itemId":0,"quality":0,"controllerRemotePathHash":0,"prefabRemotePathHash":0,"imageNameHash":0,"prefabNpcPathHash":0,"prefabPathHash":0,"characterId":10000046,"GNJHJGFINBA":0},"204601":{"jsonName":"Avatar_Girl_Pole_HutaoCostumeWinter","sideIconName":"UI_AvatarIcon_Side_HutaoCostumeWinter","frontIconName":"UI_AvatarIcon_HutaoCostumeWinter","animatorConfigPathHash":16241742938618118000,"domesticHideInArtPreview":false,"indexID":1,"NLAFNLGJIKC":11233137367517288000,"controllerPathHash":1303295852024473300,"skinId":204601,"descTextMapHash":2668601314,"NBDBNPJGBLG":15791559107331684000,"nameTextMapHash":4049779162,"isDefault":false,"OHJABGEJAIN":false,"isDefaultUnlock":false,"hide":false,"prefabManekinPathHash":15356684152533869000,"itemId":340019,"quality":4,"controllerRemotePathHash":11006397941994914000,"prefabRemotePathHash":9397532461476297000,"imageNameHash":6092629661285393000,"prefabNpcPathHash":2559170119330606600,"prefabPathHash":7903959060443312000,"characterId":10000046,"GNJHJGFINBA":18383213453749969000}},"10000047":{"204700":{"jsonName":"","sideIconName":"","frontIconName":"","animatorConfigPathHash":0,"domesticHideInArtPreview":false,"indexID":0,"NLAFNLGJIKC":0,"controllerPathHash":0,"skinId":204700,"descTextMapHash":973274738,"NBDBNPJGBLG":0,"nameTextMapHash":3355624658,"isDefault":true,"OHJABGEJAIN":false,"isDefaultUnlock":false,"hide":false,"prefabManekinPathHash":0,"itemId":0,"quality":0,"controllerRemotePathHash":0,"prefabRemotePathHash":0,"imageNameHash":0,"prefabNpcPathHash":0,"prefabPathHash":0,"characterId":10000047,"GNJHJGFINBA":0}},"10000048":{"204800":{"jsonName":"","sideIconName":"","frontIconName":"","animatorConfigPathHash":0,"domesticHideInArtPreview":false,"indexID":0,"NLAFNLGJIKC":0,"controllerPathHash":0,"skinId":204800,"descTextMapHash":3070176786,"NBDBNPJGBLG":0,"nameTextMapHash":258962178,"isDefault":true,"OHJABGEJAIN":false,"isDefaultUnlock":false,"hide":false,"prefabManekinPathHash":0,"itemId":0,"quality":0,"controllerRemotePathHash":0,"prefabRemotePathHash":0,"imageNameHash":0,"prefabNpcPathHash":0,"prefabPathHash":0,"characterId":10000048,"GNJHJGFINBA":0}},"10000049":{"204900":{"jsonName":"","sideIconName":"","frontIconName":"","animatorConfigPathHash":0,"domesticHideInArtPreview":false,"indexID":0,"NLAFNLGJIKC":0,"controllerPathHash":0,"skinId":204900,"descTextMapHash":984351202,"NBDBNPJGBLG":0,"nameTextMapHash":2353136394,"isDefault":true,"OHJABGEJAIN":false,"isDefaultUnlock":false,"hide":false,"prefabManekinPathHash":0,"itemId":0,"quality":0,"controllerRemotePathHash":0,"prefabRemotePathHash":0,"imageNameHash":0,"prefabNpcPathHash":0,"prefabPathHash":0,"characterId":10000049,"GNJHJGFINBA":0}},"10000050":{"205000":{"jsonName":"","sideIconName":"","frontIconName":"","animatorConfigPathHash":0,"domesticHideInArtPreview":false,"indexID":0,"NLAFNLGJIKC":0,"controllerPathHash":0,"skinId":205000,"descTextMapHash":1458439730,"NBDBNPJGBLG":0,"nameTextMapHash":2040879098,"isDefault":true,"OHJABGEJAIN":false,"isDefaultUnlock":false,"hide":false,"prefabManekinPathHash":0,"itemId":0,"quality":0,"controllerRemotePathHash":0,"prefabRemotePathHash":0,"imageNameHash":0,"prefabNpcPathHash":0,"prefabPathHash":0,"characterId":10000050,"GNJHJGFINBA":0}},"10000051":{"205100":{"jsonName":"","sideIconName":"","frontIconName":"","animatorConfigPathHash":0,"domesticHideInArtPreview":false,"indexID":0,"NLAFNLGJIKC":0,"controllerPathHash":0,"skinId":205100,"descTextMapHash":1419139450,"NBDBNPJGBLG":0,"nameTextMapHash":301314714,"isDefault":true,"OHJABGEJAIN":false,"isDefaultUnlock":false,"hide":false,"prefabManekinPathHash":0,"itemId":0,"quality":0,"controllerRemotePathHash":0,"prefabRemotePathHash":0,"imageNameHash":0,"prefabNpcPathHash":0,"prefabPathHash":0,"characterId":10000051,"GNJHJGFINBA":0}},"10000052":{"205200":{"jsonName":"","sideIconName":"","frontIconName":"","animatorConfigPathHash":0,"domesticHideInArtPreview":false,"indexID":0,"NLAFNLGJIKC":0,"controllerPathHash":0,"skinId":205200,"descTextMapHash":3412149506,"NBDBNPJGBLG":0,"nameTextMapHash":2377779762,"isDefault":true,"OHJABGEJAIN":false,"isDefaultUnlock":false,"hide":false,"prefabManekinPathHash":0,"itemId":0,"quality":0,"controllerRemotePathHash":0,"prefabRemotePathHash":0,"imageNameHash":0,"prefabNpcPathHash":0,"prefabPathHash":0,"characterId":10000052,"GNJHJGFINBA":0}},"10000053":{"205300":{"jsonName":"","sideIconName":"","frontIconName":"","animatorConfigPathHash":0,"domesticHideInArtPreview":false,"indexID":0,"NLAFNLGJIKC":0,"controllerPathHash":0,"skinId":205300,"descTextMapHash":2144597778,"NBDBNPJGBLG":0,"nameTextMapHash":4048306346,"isDefault":true,"OHJABGEJAIN":false,"isDefaultUnlock":false,"hide":false,"prefabManekinPathHash":0,"itemId":0,"quality":0,"controllerRemotePathHash":0,"prefabRemotePathHash":0,"imageNameHash":0,"prefabNpcPathHash":0,"prefabPathHash":0,"characterId":10000053,"GNJHJGFINBA":0}},"10000054":{"205400":{"jsonName":"","sideIconName":"","frontIconName":"","animatorConfigPathHash":0,"domesticHideInArtPreview":false,"indexID":0,"NLAFNLGJIKC":0,"controllerPathHash":0,"skinId":205400,"descTextMapHash":3173668642,"NBDBNPJGBLG":0,"nameTextMapHash":2786415650,"isDefault":true,"OHJABGEJAIN":false,"isDefaultUnlock":false,"hide":false,"prefabManekinPathHash":0,"itemId":0,"quality":0,"controllerRemotePathHash":0,"prefabRemotePathHash":0,"imageNameHash":0,"prefabNpcPathHash":0,"prefabPathHash":0,"characterId":10000054,"GNJHJGFINBA":0}},"10000055":{"205500":{"jsonName":"","sideIconName":"","frontIconName":"","animatorConfigPathHash":0,"domesticHideInArtPreview":false,"indexID":0,"NLAFNLGJIKC":0,"controllerPathHash":0,"skinId":205500,"descTextMapHash":990939858,"NBDBNPJGBLG":0,"nameTextMapHash":3561880386,"isDefault":true,"OHJABGEJAIN":false,"isDefaultUnlock":false,"hide":false,"prefabManekinPathHash":0,"itemId":0,"quality":0,"controllerRemotePathHash":0,"prefabRemotePathHash":0,"imageNameHash":0,"prefabNpcPathHash":0,"prefabPathHash":0,"characterId":10000055,"GNJHJGFINBA":0}},"10000056":{"205600":{"jsonName":"","sideIconName":"","frontIconName":"","animatorConfigPathHash":0,"domesticHideInArtPreview":false,"indexID":0,"NLAFNLGJIKC":0,"controllerPathHash":0,"skinId":205600,"descTextMapHash":1024066610,"NBDBNPJGBLG":0,"nameTextMapHash":382710810,"isDefault":true,"OHJABGEJAIN":false,"isDefaultUnlock":false,"hide":false,"prefabManekinPathHash":0,"itemId":0,"quality":0,"controllerRemotePathHash":0,"prefabRemotePathHash":0,"imageNameHash":0,"prefabNpcPathHash":0,"prefabPathHash":0,"characterId":10000056,"GNJHJGFINBA":0}},"10000057":{"205700":{"jsonName":"","sideIconName":"","frontIconName":"","animatorConfigPathHash":0,"domesticHideInArtPreview":false,"indexID":0,"NLAFNLGJIKC":0,"controllerPathHash":0,"skinId":205700,"descTextMapHash":4146650074,"NBDBNPJGBLG":0,"nameTextMapHash":2006093914,"isDefault":true,"OHJABGEJAIN":false,"isDefaultUnlock":false,"hide":false,"prefabManekinPathHash":0,"itemId":0,"quality":0,"controllerRemotePathHash":0,"prefabRemotePathHash":0,"imageNameHash":0,"prefabNpcPathHash":0,"prefabPathHash":0,"characterId":10000057,"GNJHJGFINBA":0}},"10000058":{"205800":{"jsonName":"","sideIconName":"","frontIconName":"","animatorConfigPathHash":0,"domesticHideInArtPreview":false,"indexID":0,"NLAFNLGJIKC":0,"controllerPathHash":0,"skinId":205800,"descTextMapHash":3314678434,"NBDBNPJGBLG":0,"nameTextMapHash":1295363218,"isDefault":true,"OHJABGEJAIN":false,"isDefaultUnlock":false,"hide":false,"prefabManekinPathHash":0,"itemId":0,"quality":0,"controllerRemotePathHash":0,"prefabRemotePathHash":0,"imageNameHash":0,"prefabNpcPathHash":0,"prefabPathHash":0,"characterId":10000058,"GNJHJGFINBA":0}},"10000059":{"205900":{"jsonName":"","sideIconName":"","frontIconName":"","animatorConfigPathHash":0,"domesticHideInArtPreview":false,"indexID":0,"NLAFNLGJIKC":0,"controllerPathHash":0,"skinId":205900,"descTextMapHash":3182680786,"NBDBNPJGBLG":0,"nameTextMapHash":4029103562,"isDefault":true,"OHJABGEJAIN":false,"isDefaultUnlock":false,"hide":false,"prefabManekinPathHash":0,"itemId":0,"quality":0,"controllerRemotePathHash":0,"prefabRemotePathHash":0,"imageNameHash":0,"prefabNpcPathHash":0,"prefabPathHash":0,"characterId":10000059,"GNJHJGFINBA":0}},"10000060":{"206000":{"jsonName":"","sideIconName":"","frontIconName":"","animatorConfigPathHash":0,"domesticHideInArtPreview":false,"indexID":0,"NLAFNLGJIKC":0,"controllerPathHash":0,"skinId":206000,"descTextMapHash":3407589218,"NBDBNPJGBLG":0,"nameTextMapHash":2196179842,"isDefault":true,"OHJABGEJAIN":false,"isDefaultUnlock":false,"hide":false,"prefabManekinPathHash":0,"itemId":0,"quality":0,"controllerRemotePathHash":0,"prefabRemotePathHash":0,"imageNameHash":0,"prefabNpcPathHash":0,"prefabPathHash":0,"characterId":10000060,"GNJHJGFINBA":0}},"10000061":{"206100":{"jsonName":"","sideIconName":"","frontIconName":"","animatorConfigPathHash":0,"domesticHideInArtPreview":false,"indexID":0,"NLAFNLGJIKC":0,"controllerPathHash":0,"skinId":206100,"descTextMapHash":1963076906,"NBDBNPJGBLG":0,"nameTextMapHash":2136989794,"isDefault":true,"OHJABGEJAIN":false,"isDefaultUnlock":false,"hide":false,"prefabManekinPathHash":0,"itemId":0,"quality":0,"controllerRemotePathHash":0,"prefabRemotePathHash":0,"imageNameHash":0,"prefabNpcPathHash":0,"prefabPathHash":0,"characterId":10000061,"GNJHJGFINBA":0},"206101":{"jsonName":"Avatar_Girl_Sword_MomokaCostumeErrantry","sideIconName":"UI_AvatarIcon_Side_MomokaCostumeErrantry","frontIconName":"UI_AvatarIcon_MomokaCostumeErrantry","animatorConfigPathHash":0,"domesticHideInArtPreview":false,"indexID":1,"NLAFNLGJIKC":16205836061132214000,"controllerPathHash":0,"skinId":206101,"descTextMapHash":3436513386,"NBDBNPJGBLG":0,"nameTextMapHash":443620306,"isDefault":false,"OHJABGEJAIN":false,"isDefaultUnlock":false,"hide":false,"prefabManekinPathHash":4036157729036988400,"itemId":340018,"quality":4,"controllerRemotePathHash":0,"prefabRemotePathHash":16431064003003773000,"imageNameHash":15052980039107756000,"prefabNpcPathHash":825434180871539000,"prefabPathHash":16777255381001413000,"characterId":10000061,"GNJHJGFINBA":0}},"10000062":{"206200":{"jsonName":"","sideIconName":"","frontIconName":"","animatorConfigPathHash":0,"domesticHideInArtPreview":false,"indexID":0,"NLAFNLGJIKC":0,"controllerPathHash":0,"skinId":206200,"descTextMapHash":271842858,"NBDBNPJGBLG":0,"nameTextMapHash":3429415730,"isDefault":true,"OHJABGEJAIN":false,"isDefaultUnlock":false,"hide":false,"prefabManekinPathHash":0,"itemId":0,"quality":0,"controllerRemotePathHash":0,"prefabRemotePathHash":0,"imageNameHash":0,"prefabNpcPathHash":0,"prefabPathHash":0,"characterId":10000062,"GNJHJGFINBA":0}},"10000063":{"206300":{"jsonName":"","sideIconName":"","frontIconName":"","animatorConfigPathHash":0,"domesticHideInArtPreview":false,"indexID":0,"NLAFNLGJIKC":0,"controllerPathHash":0,"skinId":206300,"descTextMapHash":3625334322,"NBDBNPJGBLG":0,"nameTextMapHash":3671207274,"isDefault":true,"OHJABGEJAIN":false,"isDefaultUnlock":false,"hide":false,"prefabManekinPathHash":0,"itemId":0,"quality":0,"controllerRemotePathHash":0,"prefabRemotePathHash":0,"imageNameHash":0,"prefabNpcPathHash":0,"prefabPathHash":0,"characterId":10000063,"GNJHJGFINBA":0},"206301":{"jsonName":"Avatar_Lady_Pole_ShenheCostumeDai","sideIconName":"UI_AvatarIcon_Side_ShenheCostumeDai","frontIconName":"UI_AvatarIcon_ShenheCostumeDai","animatorConfigPathHash":8439775389633858000,"domesticHideInArtPreview":false,"indexID":1,"NLAFNLGJIKC":17372441489796878000,"controllerPathHash":3927025238145279000,"skinId":206301,"descTextMapHash":4226591458,"NBDBNPJGBLG":10267055638635928000,"nameTextMapHash":945735386,"isDefault":false,"OHJABGEJAIN":false,"isDefaultUnlock":false,"hide":false,"prefabManekinPathHash":15748877212258277000,"itemId":340014,"quality":4,"controllerRemotePathHash":2079033779677266400,"prefabRemotePathHash":12983630808894763000,"imageNameHash":13551163907161750000,"prefabNpcPathHash":1019362221600152300,"prefabPathHash":6614232366381787000,"characterId":10000063,"GNJHJGFINBA":1016401806529336300}},"10000064":{"206400":{"jsonName":"","sideIconName":"","frontIconName":"","animatorConfigPathHash":0,"domesticHideInArtPreview":false,"indexID":0,"NLAFNLGJIKC":0,"controllerPathHash":0,"skinId":206400,"descTextMapHash":1261799770,"NBDBNPJGBLG":0,"nameTextMapHash":2433262890,"isDefault":true,"OHJABGEJAIN":false,"isDefaultUnlock":false,"hide":false,"prefabManekinPathHash":0,"itemId":0,"quality":0,"controllerRemotePathHash":0,"prefabRemotePathHash":0,"imageNameHash":0,"prefabNpcPathHash":0,"prefabPathHash":0,"characterId":10000064,"GNJHJGFINBA":0}},"10000065":{"206500":{"jsonName":"","sideIconName":"","frontIconName":"","animatorConfigPathHash":0,"domesticHideInArtPreview":false,"indexID":0,"NLAFNLGJIKC":0,"controllerPathHash":0,"skinId":206500,"descTextMapHash":3036913898,"NBDBNPJGBLG":0,"nameTextMapHash":3245276834,"isDefault":true,"OHJABGEJAIN":false,"isDefaultUnlock":false,"hide":false,"prefabManekinPathHash":0,"itemId":0,"quality":0,"controllerRemotePathHash":0,"prefabRemotePathHash":0,"imageNameHash":0,"prefabNpcPathHash":0,"prefabPathHash":0,"characterId":10000065,"GNJHJGFINBA":0}},"10000066":{"206600":{"jsonName":"","sideIconName":"","frontIconName":"","animatorConfigPathHash":0,"domesticHideInArtPreview":false,"indexID":0,"NLAFNLGJIKC":0,"controllerPathHash":0,"skinId":206600,"descTextMapHash":3093997674,"NBDBNPJGBLG":0,"nameTextMapHash":3109032026,"isDefault":true,"OHJABGEJAIN":false,"isDefaultUnlock":false,"hide":false,"prefabManekinPathHash":0,"itemId":0,"quality":0,"controllerRemotePathHash":0,"prefabRemotePathHash":0,"imageNameHash":0,"prefabNpcPathHash":0,"prefabPathHash":0,"characterId":10000066,"GNJHJGFINBA":0}},"10000067":{"206700":{"jsonName":"","sideIconName":"","frontIconName":"","animatorConfigPathHash":0,"domesticHideInArtPreview":false,"indexID":0,"NLAFNLGJIKC":0,"controllerPathHash":0,"skinId":206700,"descTextMapHash":2308150714,"NBDBNPJGBLG":0,"nameTextMapHash":3135223450,"isDefault":true,"OHJABGEJAIN":false,"isDefaultUnlock":false,"hide":false,"prefabManekinPathHash":0,"itemId":0,"quality":0,"controllerRemotePathHash":0,"prefabRemotePathHash":0,"imageNameHash":0,"prefabNpcPathHash":0,"prefabPathHash":0,"characterId":10000067,"GNJHJGFINBA":0}},"10000068":{"206800":{"jsonName":"","sideIconName":"","frontIconName":"","animatorConfigPathHash":0,"domesticHideInArtPreview":false,"indexID":0,"NLAFNLGJIKC":0,"controllerPathHash":0,"skinId":206800,"descTextMapHash":1616648506,"NBDBNPJGBLG":0,"nameTextMapHash":3617396594,"isDefault":true,"OHJABGEJAIN":false,"isDefaultUnlock":false,"hide":false,"prefabManekinPathHash":0,"itemId":0,"quality":0,"controllerRemotePathHash":0,"prefabRemotePathHash":0,"imageNameHash":0,"prefabNpcPathHash":0,"prefabPathHash":0,"characterId":10000068,"GNJHJGFINBA":0}},"10000069":{"206900":{"jsonName":"","sideIconName":"","frontIconName":"","animatorConfigPathHash":0,"domesticHideInArtPreview":false,"indexID":0,"NLAFNLGJIKC":0,"controllerPathHash":0,"skinId":206900,"descTextMapHash":510932922,"NBDBNPJGBLG":0,"nameTextMapHash":1106979266,"isDefault":true,"OHJABGEJAIN":false,"isDefaultUnlock":false,"hide":false,"prefabManekinPathHash":0,"itemId":0,"quality":0,"controllerRemotePathHash":0,"prefabRemotePathHash":0,"imageNameHash":0,"prefabNpcPathHash":0,"prefabPathHash":0,"characterId":10000069,"GNJHJGFINBA":0}},"10000070":{"207000":{"jsonName":"","sideIconName":"","frontIconName":"","animatorConfigPathHash":0,"domesticHideInArtPreview":false,"indexID":0,"NLAFNLGJIKC":0,"controllerPathHash":0,"skinId":207000,"descTextMapHash":1078022994,"NBDBNPJGBLG":0,"nameTextMapHash":3647756106,"isDefault":true,"OHJABGEJAIN":false,"isDefaultUnlock":false,"hide":false,"prefabManekinPathHash":0,"itemId":0,"quality":0,"controllerRemotePathHash":0,"prefabRemotePathHash":0,"imageNameHash":0,"prefabNpcPathHash":0,"prefabPathHash":0,"characterId":10000070,"GNJHJGFINBA":0},"207001":{"jsonName":"Avatar_Girl_Sword_NilouCostumeFairy","sideIconName":"UI_AvatarIcon_Side_NilouCostumeFairy","frontIconName":"UI_AvatarIcon_NilouCostumeFairy","animatorConfigPathHash":8251373390362341000,"domesticHideInArtPreview":false,"indexID":1,"NLAFNLGJIKC":17779287142478619000,"controllerPathHash":400676577291690500,"skinId":207001,"descTextMapHash":491944378,"NBDBNPJGBLG":12700779893789411000,"nameTextMapHash":1436816482,"isDefault":false,"OHJABGEJAIN":false,"isDefaultUnlock":false,"hide":false,"prefabManekinPathHash":11915563518559973000,"itemId":340017,"quality":4,"controllerRemotePathHash":3511864109650284000,"prefabRemotePathHash":97694131069548980,"imageNameHash":13150361144103344000,"prefabNpcPathHash":3309731754659582000,"prefabPathHash":1722505538378271500,"characterId":10000070,"GNJHJGFINBA":13683135713588406000}},"10000071":{"207100":{"jsonName":"","sideIconName":"","frontIconName":"","animatorConfigPathHash":0,"domesticHideInArtPreview":false,"indexID":0,"NLAFNLGJIKC":0,"controllerPathHash":0,"skinId":207100,"descTextMapHash":1864424082,"NBDBNPJGBLG":0,"nameTextMapHash":3913661394,"isDefault":true,"OHJABGEJAIN":false,"isDefaultUnlock":false,"hide":false,"prefabManekinPathHash":0,"itemId":0,"quality":0,"controllerRemotePathHash":0,"prefabRemotePathHash":0,"imageNameHash":0,"prefabNpcPathHash":0,"prefabPathHash":0,"characterId":10000071,"GNJHJGFINBA":0}},"10000072":{"207200":{"jsonName":"","sideIconName":"","frontIconName":"","animatorConfigPathHash":0,"domesticHideInArtPreview":false,"indexID":0,"NLAFNLGJIKC":0,"controllerPathHash":0,"skinId":207200,"descTextMapHash":2067286834,"NBDBNPJGBLG":0,"nameTextMapHash":2665843154,"isDefault":true,"OHJABGEJAIN":false,"isDefaultUnlock":false,"hide":false,"prefabManekinPathHash":0,"itemId":0,"quality":0,"controllerRemotePathHash":0,"prefabRemotePathHash":0,"imageNameHash":0,"prefabNpcPathHash":0,"prefabPathHash":0,"characterId":10000072,"GNJHJGFINBA":0}},"10000073":{"207300":{"jsonName":"","sideIconName":"","frontIconName":"","animatorConfigPathHash":0,"domesticHideInArtPreview":false,"indexID":0,"NLAFNLGJIKC":0,"controllerPathHash":0,"skinId":207300,"descTextMapHash":2151511386,"NBDBNPJGBLG":0,"nameTextMapHash":2005565242,"isDefault":true,"OHJABGEJAIN":false,"isDefaultUnlock":false,"hide":false,"prefabManekinPathHash":0,"itemId":0,"quality":0,"controllerRemotePathHash":0,"prefabRemotePathHash":0,"imageNameHash":0,"prefabNpcPathHash":0,"prefabPathHash":0,"characterId":10000073,"GNJHJGFINBA":0}},"10000074":{"207400":{"jsonName":"","sideIconName":"","frontIconName":"","animatorConfigPathHash":0,"domesticHideInArtPreview":false,"indexID":0,"NLAFNLGJIKC":0,"controllerPathHash":0,"skinId":207400,"descTextMapHash":3853124810,"NBDBNPJGBLG":0,"nameTextMapHash":1128331378,"isDefault":true,"OHJABGEJAIN":false,"isDefaultUnlock":false,"hide":false,"prefabManekinPathHash":0,"itemId":0,"quality":0,"controllerRemotePathHash":0,"prefabRemotePathHash":0,"imageNameHash":0,"prefabNpcPathHash":0,"prefabPathHash":0,"characterId":10000074,"GNJHJGFINBA":0}},"10000075":{"207500":{"jsonName":"","sideIconName":"","frontIconName":"","animatorConfigPathHash":0,"domesticHideInArtPreview":false,"indexID":0,"NLAFNLGJIKC":0,"controllerPathHash":0,"skinId":207500,"descTextMapHash":3246746458,"NBDBNPJGBLG":0,"nameTextMapHash":4005813530,"isDefault":true,"OHJABGEJAIN":false,"isDefaultUnlock":false,"hide":false,"prefabManekinPathHash":0,"itemId":0,"quality":0,"controllerRemotePathHash":0,"prefabRemotePathHash":0,"imageNameHash":0,"prefabNpcPathHash":0,"prefabPathHash":0,"characterId":10000075,"GNJHJGFINBA":0}},"10000076":{"207600":{"jsonName":"","sideIconName":"","frontIconName":"","animatorConfigPathHash":0,"domesticHideInArtPreview":false,"indexID":0,"NLAFNLGJIKC":0,"controllerPathHash":0,"skinId":207600,"descTextMapHash":3487496106,"NBDBNPJGBLG":0,"nameTextMapHash":1487058818,"isDefault":true,"OHJABGEJAIN":false,"isDefaultUnlock":false,"hide":false,"prefabManekinPathHash":0,"itemId":0,"quality":0,"controllerRemotePathHash":0,"prefabRemotePathHash":0,"imageNameHash":0,"prefabNpcPathHash":0,"prefabPathHash":0,"characterId":10000076,"GNJHJGFINBA":0}},"10000077":{"207700":{"jsonName":"","sideIconName":"","frontIconName":"","animatorConfigPathHash":0,"domesticHideInArtPreview":false,"indexID":0,"NLAFNLGJIKC":0,"controllerPathHash":0,"skinId":207700,"descTextMapHash":3911845442,"NBDBNPJGBLG":0,"nameTextMapHash":1664916426,"isDefault":true,"OHJABGEJAIN":false,"isDefaultUnlock":false,"hide":false,"prefabManekinPathHash":0,"itemId":0,"quality":0,"controllerRemotePathHash":0,"prefabRemotePathHash":0,"imageNameHash":0,"prefabNpcPathHash":0,"prefabPathHash":0,"characterId":10000077,"GNJHJGFINBA":0}},"10000078":{"207800":{"jsonName":"","sideIconName":"","frontIconName":"","animatorConfigPathHash":0,"domesticHideInArtPreview":false,"indexID":0,"NLAFNLGJIKC":0,"controllerPathHash":0,"skinId":207800,"descTextMapHash":39198106,"NBDBNPJGBLG":0,"nameTextMapHash":3349227426,"isDefault":true,"OHJABGEJAIN":false,"isDefaultUnlock":false,"hide":false,"prefabManekinPathHash":0,"itemId":0,"quality":0,"controllerRemotePathHash":0,"prefabRemotePathHash":0,"imageNameHash":0,"prefabNpcPathHash":0,"prefabPathHash":0,"characterId":10000078,"GNJHJGFINBA":0}},"10000079":{"207900":{"jsonName":"","sideIconName":"","frontIconName":"","animatorConfigPathHash":0,"domesticHideInArtPreview":false,"indexID":0,"NLAFNLGJIKC":0,"controllerPathHash":0,"skinId":207900,"descTextMapHash":140684002,"NBDBNPJGBLG":0,"nameTextMapHash":4041199642,"isDefault":true,"OHJABGEJAIN":false,"isDefaultUnlock":false,"hide":false,"prefabManekinPathHash":0,"itemId":0,"quality":0,"controllerRemotePathHash":0,"prefabRemotePathHash":0,"imageNameHash":0,"prefabNpcPathHash":0,"prefabPathHash":0,"characterId":10000079,"GNJHJGFINBA":0}},"10000080":{"208000":{"jsonName":"","sideIconName":"","frontIconName":"","animatorConfigPathHash":0,"domesticHideInArtPreview":false,"indexID":0,"NLAFNLGJIKC":0,"controllerPathHash":0,"skinId":208000,"descTextMapHash":3777257866,"NBDBNPJGBLG":0,"nameTextMapHash":423812362,"isDefault":true,"OHJABGEJAIN":false,"isDefaultUnlock":false,"hide":false,"prefabManekinPathHash":0,"itemId":0,"quality":0,"controllerRemotePathHash":0,"prefabRemotePathHash":0,"imageNameHash":0,"prefabNpcPathHash":0,"prefabPathHash":0,"characterId":10000080,"GNJHJGFINBA":0}},"10000081":{"208100":{"jsonName":"","sideIconName":"","frontIconName":"","animatorConfigPathHash":0,"domesticHideInArtPreview":false,"indexID":0,"NLAFNLGJIKC":0,"controllerPathHash":0,"skinId":208100,"descTextMapHash":3875251706,"NBDBNPJGBLG":0,"nameTextMapHash":2460471634,"isDefault":true,"OHJABGEJAIN":false,"isDefaultUnlock":false,"hide":false,"prefabManekinPathHash":0,"itemId":0,"quality":0,"controllerRemotePathHash":0,"prefabRemotePathHash":0,"imageNameHash":0,"prefabNpcPathHash":0,"prefabPathHash":0,"characterId":10000081,"GNJHJGFINBA":0}},"10000082":{"208200":{"jsonName":"","sideIconName":"","frontIconName":"","animatorConfigPathHash":0,"domesticHideInArtPreview":false,"indexID":0,"NLAFNLGJIKC":0,"controllerPathHash":0,"skinId":208200,"descTextMapHash":260008858,"NBDBNPJGBLG":0,"nameTextMapHash":3539582602,"isDefault":true,"OHJABGEJAIN":false,"isDefaultUnlock":false,"hide":false,"prefabManekinPathHash":0,"itemId":0,"quality":0,"controllerRemotePathHash":0,"prefabRemotePathHash":0,"imageNameHash":0,"prefabNpcPathHash":0,"prefabPathHash":0,"characterId":10000082,"GNJHJGFINBA":0}},"10000083":{"208300":{"jsonName":"","sideIconName":"","frontIconName":"","animatorConfigPathHash":0,"domesticHideInArtPreview":false,"indexID":0,"NLAFNLGJIKC":0,"controllerPathHash":0,"skinId":208300,"descTextMapHash":3142534786,"NBDBNPJGBLG":0,"nameTextMapHash":1358526194,"isDefault":true,"OHJABGEJAIN":false,"isDefaultUnlock":false,"hide":false,"prefabManekinPathHash":0,"itemId":0,"quality":0,"controllerRemotePathHash":0,"prefabRemotePathHash":0,"imageNameHash":0,"prefabNpcPathHash":0,"prefabPathHash":0,"characterId":10000083,"GNJHJGFINBA":0}},"10000084":{"208400":{"jsonName":"","sideIconName":"","frontIconName":"","animatorConfigPathHash":0,"domesticHideInArtPreview":false,"indexID":0,"NLAFNLGJIKC":0,"controllerPathHash":0,"skinId":208400,"descTextMapHash":2711601770,"NBDBNPJGBLG":0,"nameTextMapHash":2247421522,"isDefault":true,"OHJABGEJAIN":false,"isDefaultUnlock":false,"hide":false,"prefabManekinPathHash":0,"itemId":0,"quality":0,"controllerRemotePathHash":0,"prefabRemotePathHash":0,"imageNameHash":0,"prefabNpcPathHash":0,"prefabPathHash":0,"characterId":10000084,"GNJHJGFINBA":0}},"10000085":{"208500":{"jsonName":"","sideIconName":"","frontIconName":"","animatorConfigPathHash":0,"domesticHideInArtPreview":false,"indexID":0,"NLAFNLGJIKC":0,"controllerPathHash":0,"skinId":208500,"descTextMapHash":172373146,"NBDBNPJGBLG":0,"nameTextMapHash":3741795914,"isDefault":true,"OHJABGEJAIN":false,"isDefaultUnlock":false,"hide":false,"prefabManekinPathHash":0,"itemId":0,"quality":0,"controllerRemotePathHash":0,"prefabRemotePathHash":0,"imageNameHash":0,"prefabNpcPathHash":0,"prefabPathHash":0,"characterId":10000085,"GNJHJGFINBA":0}},"10000086":{"208600":{"jsonName":"","sideIconName":"","frontIconName":"","animatorConfigPathHash":0,"domesticHideInArtPreview":false,"indexID":0,"NLAFNLGJIKC":0,"controllerPathHash":0,"skinId":208600,"descTextMapHash":2942361602,"NBDBNPJGBLG":0,"nameTextMapHash":3467014274,"isDefault":true,"OHJABGEJAIN":false,"isDefaultUnlock":false,"hide":false,"prefabManekinPathHash":0,"itemId":0,"quality":0,"controllerRemotePathHash":0,"prefabRemotePathHash":0,"imageNameHash":0,"prefabNpcPathHash":0,"prefabPathHash":0,"characterId":10000086,"GNJHJGFINBA":0}},"10000087":{"208700":{"jsonName":"","sideIconName":"","frontIconName":"","animatorConfigPathHash":0,"domesticHideInArtPreview":false,"indexID":0,"NLAFNLGJIKC":0,"controllerPathHash":0,"skinId":208700,"descTextMapHash":3026362642,"NBDBNPJGBLG":0,"nameTextMapHash":2356957482,"isDefault":true,"OHJABGEJAIN":false,"isDefaultUnlock":false,"hide":false,"prefabManekinPathHash":0,"itemId":0,"quality":0,"controllerRemotePathHash":0,"prefabRemotePathHash":0,"imageNameHash":0,"prefabNpcPathHash":0,"prefabPathHash":0,"characterId":10000087,"GNJHJGFINBA":0}},"10000088":{"208800":{"jsonName":"","sideIconName":"","frontIconName":"","animatorConfigPathHash":0,"domesticHideInArtPreview":false,"indexID":0,"NLAFNLGJIKC":0,"controllerPathHash":0,"skinId":208800,"descTextMapHash":1262815914,"NBDBNPJGBLG":0,"nameTextMapHash":626453522,"isDefault":true,"OHJABGEJAIN":false,"isDefaultUnlock":false,"hide":false,"prefabManekinPathHash":0,"itemId":0,"quality":0,"controllerRemotePathHash":0,"prefabRemotePathHash":0,"imageNameHash":0,"prefabNpcPathHash":0,"prefabPathHash":0,"characterId":10000088,"GNJHJGFINBA":0}},"10000089":{"208900":{"jsonName":"","sideIconName":"","frontIconName":"","animatorConfigPathHash":0,"domesticHideInArtPreview":false,"indexID":0,"NLAFNLGJIKC":0,"controllerPathHash":0,"skinId":208900,"descTextMapHash":3717819226,"NBDBNPJGBLG":0,"nameTextMapHash":1569690906,"isDefault":true,"OHJABGEJAIN":false,"isDefaultUnlock":false,"hide":false,"prefabManekinPathHash":0,"itemId":0,"quality":0,"controllerRemotePathHash":0,"prefabRemotePathHash":0,"imageNameHash":0,"prefabNpcPathHash":0,"prefabPathHash":0,"characterId":10000089,"GNJHJGFINBA":0}},"10000090":{"209000":{"jsonName":"","sideIconName":"","frontIconName":"","animatorConfigPathHash":0,"domesticHideInArtPreview":false,"indexID":0,"NLAFNLGJIKC":0,"controllerPathHash":0,"skinId":209000,"descTextMapHash":2017338442,"NBDBNPJGBLG":0,"nameTextMapHash":1001156090,"isDefault":true,"OHJABGEJAIN":false,"isDefaultUnlock":false,"hide":false,"prefabManekinPathHash":0,"itemId":0,"quality":0,"controllerRemotePathHash":0,"prefabRemotePathHash":0,"imageNameHash":0,"prefabNpcPathHash":0,"prefabPathHash":0,"characterId":10000090,"GNJHJGFINBA":0}},"10000091":{"209100":{"jsonName":"","sideIconName":"","frontIconName":"","animatorConfigPathHash":0,"domesticHideInArtPreview":false,"indexID":0,"NLAFNLGJIKC":0,"controllerPathHash":0,"skinId":209100,"descTextMapHash":1185194346,"NBDBNPJGBLG":0,"nameTextMapHash":3039352282,"isDefault":true,"OHJABGEJAIN":false,"isDefaultUnlock":false,"hide":false,"prefabManekinPathHash":0,"itemId":0,"quality":0,"controllerRemotePathHash":0,"prefabRemotePathHash":0,"imageNameHash":0,"prefabNpcPathHash":0,"prefabPathHash":0,"characterId":10000091,"GNJHJGFINBA":0}},"10000092":{"209200":{"jsonName":"","sideIconName":"","frontIconName":"","animatorConfigPathHash":0,"domesticHideInArtPreview":false,"indexID":0,"NLAFNLGJIKC":0,"controllerPathHash":0,"skinId":209200,"descTextMapHash":3180242922,"NBDBNPJGBLG":0,"nameTextMapHash":2007918858,"isDefault":true,"OHJABGEJAIN":false,"isDefaultUnlock":false,"hide":false,"prefabManekinPathHash":0,"itemId":0,"quality":0,"controllerRemotePathHash":0,"prefabRemotePathHash":0,"imageNameHash":0,"prefabNpcPathHash":0,"prefabPathHash":0,"characterId":10000092,"GNJHJGFINBA":0}},"10000093":{"209300":{"jsonName":"","sideIconName":"","frontIconName":"","animatorConfigPathHash":0,"domesticHideInArtPreview":false,"indexID":0,"NLAFNLGJIKC":0,"controllerPathHash":0,"skinId":209300,"descTextMapHash":2353796746,"NBDBNPJGBLG":0,"nameTextMapHash":2283589170,"isDefault":true,"OHJABGEJAIN":false,"isDefaultUnlock":false,"hide":false,"prefabManekinPathHash":0,"itemId":0,"quality":0,"controllerRemotePathHash":0,"prefabRemotePathHash":0,"imageNameHash":0,"prefabNpcPathHash":0,"prefabPathHash":0,"characterId":10000093,"GNJHJGFINBA":0}},"10000094":{"209400":{"jsonName":"","sideIconName":"","frontIconName":"","animatorConfigPathHash":0,"domesticHideInArtPreview":false,"indexID":0,"NLAFNLGJIKC":0,"controllerPathHash":0,"skinId":209400,"descTextMapHash":1469088850,"NBDBNPJGBLG":0,"nameTextMapHash":4268512138,"isDefault":true,"OHJABGEJAIN":false,"isDefaultUnlock":false,"hide":false,"prefabManekinPathHash":0,"itemId":0,"quality":0,"controllerRemotePathHash":0,"prefabRemotePathHash":0,"imageNameHash":0,"prefabNpcPathHash":0,"prefabPathHash":0,"characterId":10000094,"GNJHJGFINBA":0}},"10000095":{"209500":{"jsonName":"","sideIconName":"","frontIconName":"","animatorConfigPathHash":0,"domesticHideInArtPreview":false,"indexID":0,"NLAFNLGJIKC":0,"controllerPathHash":0,"skinId":209500,"descTextMapHash":592486874,"NBDBNPJGBLG":0,"nameTextMapHash":3959800498,"isDefault":true,"OHJABGEJAIN":false,"isDefaultUnlock":false,"hide":false,"prefabManekinPathHash":0,"itemId":0,"quality":0,"controllerRemotePathHash":0,"prefabRemotePathHash":0,"imageNameHash":0,"prefabNpcPathHash":0,"prefabPathHash":0,"characterId":10000095,"GNJHJGFINBA":0}},"10000096":{"209600":{"jsonName":"","sideIconName":"","frontIconName":"","animatorConfigPathHash":0,"domesticHideInArtPreview":false,"indexID":0,"NLAFNLGJIKC":0,"controllerPathHash":0,"skinId":209600,"descTextMapHash":277557898,"NBDBNPJGBLG":0,"nameTextMapHash":2341898930,"isDefault":true,"OHJABGEJAIN":false,"isDefaultUnlock":false,"hide":false,"prefabManekinPathHash":0,"itemId":0,"quality":0,"controllerRemotePathHash":0,"prefabRemotePathHash":0,"imageNameHash":0,"prefabNpcPathHash":0,"prefabPathHash":0,"characterId":10000096,"GNJHJGFINBA":0}},"10000097":{"209700":{"jsonName":"","sideIconName":"","frontIconName":"","animatorConfigPathHash":0,"domesticHideInArtPreview":false,"indexID":0,"NLAFNLGJIKC":0,"controllerPathHash":0,"skinId":209700,"descTextMapHash":3716862146,"NBDBNPJGBLG":0,"nameTextMapHash":1530706906,"isDefault":true,"OHJABGEJAIN":false,"isDefaultUnlock":false,"hide":false,"prefabManekinPathHash":0,"itemId":0,"quality":0,"controllerRemotePathHash":0,"prefabRemotePathHash":0,"imageNameHash":0,"prefabNpcPathHash":0,"prefabPathHash":0,"characterId":10000097,"GNJHJGFINBA":0}},"10000098":{"209800":{"jsonName":"","sideIconName":"","frontIconName":"","animatorConfigPathHash":0,"domesticHideInArtPreview":false,"indexID":0,"NLAFNLGJIKC":0,"controllerPathHash":0,"skinId":209800,"descTextMapHash":2716291818,"NBDBNPJGBLG":0,"nameTextMapHash":853988202,"isDefault":true,"OHJABGEJAIN":false,"isDefaultUnlock":false,"hide":false,"prefabManekinPathHash":0,"itemId":0,"quality":0,"controllerRemotePathHash":0,"prefabRemotePathHash":0,"imageNameHash":0,"prefabNpcPathHash":0,"prefabPathHash":0,"characterId":10000098,"GNJHJGFINBA":0}},"10000099":{"209900":{"jsonName":"","sideIconName":"","frontIconName":"","animatorConfigPathHash":0,"domesticHideInArtPreview":false,"indexID":0,"NLAFNLGJIKC":0,"controllerPathHash":0,"skinId":209900,"descTextMapHash":1466883298,"NBDBNPJGBLG":0,"nameTextMapHash":1187395194,"isDefault":true,"OHJABGEJAIN":false,"isDefaultUnlock":false,"hide":false,"prefabManekinPathHash":0,"itemId":0,"quality":0,"controllerRemotePathHash":0,"prefabRemotePathHash":0,"imageNameHash":0,"prefabNpcPathHash":0,"prefabPathHash":0,"characterId":10000099,"GNJHJGFINBA":0}},"10000100":{"210000":{"jsonName":"","sideIconName":"","frontIconName":"","animatorConfigPathHash":0,"domesticHideInArtPreview":false,"indexID":0,"NLAFNLGJIKC":0,"controllerPathHash":0,"skinId":210000,"descTextMapHash":3592221418,"NBDBNPJGBLG":0,"nameTextMapHash":2637368282,"isDefault":true,"OHJABGEJAIN":false,"isDefaultUnlock":false,"hide":false,"prefabManekinPathHash":0,"itemId":0,"quality":0,"controllerRemotePathHash":0,"prefabRemotePathHash":0,"imageNameHash":0,"prefabNpcPathHash":0,"prefabPathHash":0,"characterId":10000100,"GNJHJGFINBA":0}},"10000101":{"210100":{"jsonName":"","sideIconName":"","frontIconName":"","animatorConfigPathHash":0,"domesticHideInArtPreview":false,"indexID":0,"NLAFNLGJIKC":0,"controllerPathHash":0,"skinId":210100,"descTextMapHash":836391874,"NBDBNPJGBLG":0,"nameTextMapHash":3147713386,"isDefault":true,"OHJABGEJAIN":false,"isDefaultUnlock":false,"hide":false,"prefabManekinPathHash":0,"itemId":0,"quality":0,"controllerRemotePathHash":0,"prefabRemotePathHash":0,"imageNameHash":0,"prefabNpcPathHash":0,"prefabPathHash":0,"characterId":10000101,"GNJHJGFINBA":0}},"10000102":{"210200":{"jsonName":"","sideIconName":"","frontIconName":"","animatorConfigPathHash":0,"domesticHideInArtPreview":false,"indexID":0,"NLAFNLGJIKC":0,"controllerPathHash":0,"skinId":210200,"descTextMapHash":2933314762,"NBDBNPJGBLG":0,"nameTextMapHash":365492826,"isDefault":true,"OHJABGEJAIN":false,"isDefaultUnlock":false,"hide":false,"prefabManekinPathHash":0,"itemId":0,"quality":0,"controllerRemotePathHash":0,"prefabRemotePathHash":0,"imageNameHash":0,"prefabNpcPathHash":0,"prefabPathHash":0,"characterId":10000102,"GNJHJGFINBA":0}},"10000103":{"210300":{"jsonName":"","sideIconName":"","frontIconName":"","animatorConfigPathHash":0,"domesticHideInArtPreview":false,"indexID":0,"NLAFNLGJIKC":0,"controllerPathHash":0,"skinId":210300,"descTextMapHash":2150942562,"NBDBNPJGBLG":0,"nameTextMapHash":4097481770,"isDefault":true,"OHJABGEJAIN":false,"isDefaultUnlock":false,"hide":false,"prefabManekinPathHash":0,"itemId":0,"quality":0,"controllerRemotePathHash":0,"prefabRemotePathHash":0,"imageNameHash":0,"prefabNpcPathHash":0,"prefabPathHash":0,"characterId":10000103,"GNJHJGFINBA":0}},"10000104":{"210400":{"jsonName":"","sideIconName":"","frontIconName":"","animatorConfigPathHash":0,"domesticHideInArtPreview":false,"indexID":0,"NLAFNLGJIKC":0,"controllerPathHash":0,"skinId":210400,"descTextMapHash":380573914,"NBDBNPJGBLG":0,"nameTextMapHash":1880406722,"isDefault":true,"OHJABGEJAIN":false,"isDefaultUnlock":false,"hide":false,"prefabManekinPathHash":0,"itemId":0,"quality":0,"controllerRemotePathHash":0,"prefabRemotePathHash":0,"imageNameHash":0,"prefabNpcPathHash":0,"prefabPathHash":0,"characterId":10000104,"GNJHJGFINBA":0}},"10000105":{"210500":{"jsonName":"","sideIconName":"","frontIconName":"","animatorConfigPathHash":0,"domesticHideInArtPreview":false,"indexID":0,"NLAFNLGJIKC":0,"controllerPathHash":0,"skinId":210500,"descTextMapHash":298110682,"NBDBNPJGBLG":0,"nameTextMapHash":2720112890,"isDefault":true,"OHJABGEJAIN":false,"isDefaultUnlock":false,"hide":false,"prefabManekinPathHash":0,"itemId":0,"quality":0,"controllerRemotePathHash":0,"prefabRemotePathHash":0,"imageNameHash":0,"prefabNpcPathHash":0,"prefabPathHash":0,"characterId":10000105,"GNJHJGFINBA":0}},"10000106":{"210600":{"jsonName":"","sideIconName":"","frontIconName":"","animatorConfigPathHash":0,"domesticHideInArtPreview":false,"indexID":0,"NLAFNLGJIKC":0,"controllerPathHash":0,"skinId":210600,"descTextMapHash":251932938,"NBDBNPJGBLG":0,"nameTextMapHash":3903864042,"isDefault":true,"OHJABGEJAIN":false,"isDefaultUnlock":false,"hide":false,"prefabManekinPathHash":0,"itemId":0,"quality":0,"controllerRemotePathHash":0,"prefabRemotePathHash":0,"imageNameHash":0,"prefabNpcPathHash":0,"prefabPathHash":0,"characterId":10000106,"GNJHJGFINBA":0}},"10000107":{"210700":{"jsonName":"","sideIconName":"","frontIconName":"","animatorConfigPathHash":0,"domesticHideInArtPreview":false,"indexID":0,"NLAFNLGJIKC":0,"controllerPathHash":0,"skinId":210700,"descTextMapHash":3454821586,"NBDBNPJGBLG":0,"nameTextMapHash":3611122538,"isDefault":true,"OHJABGEJAIN":false,"isDefaultUnlock":false,"hide":false,"prefabManekinPathHash":0,"itemId":0,"quality":0,"controllerRemotePathHash":0,"prefabRemotePathHash":0,"imageNameHash":0,"prefabNpcPathHash":0,"prefabPathHash":0,"characterId":10000107,"GNJHJGFINBA":0}},"10000108":{"210800":{"jsonName":"","sideIconName":"","frontIconName":"","animatorConfigPathHash":0,"domesticHideInArtPreview":false,"indexID":0,"NLAFNLGJIKC":0,"controllerPathHash":0,"skinId":210800,"descTextMapHash":1599599746,"NBDBNPJGBLG":0,"nameTextMapHash":1522446634,"isDefault":true,"OHJABGEJAIN":false,"isDefaultUnlock":false,"hide":false,"prefabManekinPathHash":0,"itemId":0,"quality":0,"controllerRemotePathHash":0,"prefabRemotePathHash":0,"imageNameHash":0,"prefabNpcPathHash":0,"prefabPathHash":0,"characterId":10000108,"GNJHJGFINBA":0}},"10000109":{"210900":{"jsonName":"","sideIconName":"","frontIconName":"","animatorConfigPathHash":0,"domesticHideInArtPreview":false,"indexID":0,"NLAFNLGJIKC":0,"controllerPathHash":0,"skinId":210900,"descTextMapHash":2880645482,"NBDBNPJGBLG":0,"nameTextMapHash":1995417858,"isDefault":true,"OHJABGEJAIN":false,"isDefaultUnlock":false,"hide":false,"prefabManekinPathHash":0,"itemId":0,"quality":0,"controllerRemotePathHash":0,"prefabRemotePathHash":0,"imageNameHash":0,"prefabNpcPathHash":0,"prefabPathHash":0,"characterId":10000109,"GNJHJGFINBA":0}},"10000110":{"211000":{"jsonName":"","sideIconName":"","frontIconName":"","animatorConfigPathHash":0,"domesticHideInArtPreview":false,"indexID":0,"NLAFNLGJIKC":0,"controllerPathHash":0,"skinId":211000,"descTextMapHash":582947802,"NBDBNPJGBLG":0,"nameTextMapHash":2247799730,"isDefault":true,"OHJABGEJAIN":false,"isDefaultUnlock":false,"hide":false,"prefabManekinPathHash":0,"itemId":0,"quality":0,"controllerRemotePathHash":0,"prefabRemotePathHash":0,"imageNameHash":0,"prefabNpcPathHash":0,"prefabPathHash":0,"characterId":10000110,"GNJHJGFINBA":0}},"10000111":{"211100":{"jsonName":"","sideIconName":"","frontIconName":"","animatorConfigPathHash":0,"domesticHideInArtPreview":false,"indexID":0,"NLAFNLGJIKC":0,"controllerPathHash":0,"skinId":211100,"descTextMapHash":2597074490,"NBDBNPJGBLG":0,"nameTextMapHash":2109972426,"isDefault":true,"OHJABGEJAIN":false,"isDefaultUnlock":false,"hide":false,"prefabManekinPathHash":0,"itemId":0,"quality":0,"controllerRemotePathHash":0,"prefabRemotePathHash":0,"imageNameHash":0,"prefabNpcPathHash":0,"prefabPathHash":0,"characterId":10000111,"GNJHJGFINBA":0}},"10000901":{"290100":{"jsonName":"","sideIconName":"","frontIconName":"","animatorConfigPathHash":0,"domesticHideInArtPreview":false,"indexID":0,"NLAFNLGJIKC":0,"controllerPathHash":0,"skinId":290100,"descTextMapHash":675658346,"NBDBNPJGBLG":0,"nameTextMapHash":1521467930,"isDefault":true,"OHJABGEJAIN":false,"isDefaultUnlock":false,"hide":false,"prefabManekinPathHash":0,"itemId":0,"quality":0,"controllerRemotePathHash":0,"prefabRemotePathHash":0,"imageNameHash":0,"prefabNpcPathHash":0,"prefabPathHash":0,"characterId":10000901,"GNJHJGFINBA":0}},"10000902":{"290200":{"jsonName":"","sideIconName":"","frontIconName":"","animatorConfigPathHash":0,"domesticHideInArtPreview":false,"indexID":0,"NLAFNLGJIKC":0,"controllerPathHash":0,"skinId":290200,"descTextMapHash":2635843370,"NBDBNPJGBLG":0,"nameTextMapHash":1288269538,"isDefault":true,"OHJABGEJAIN":false,"isDefaultUnlock":false,"hide":false,"prefabManekinPathHash":0,"itemId":0,"quality":0,"controllerRemotePathHash":0,"prefabRemotePathHash":0,"imageNameHash":0,"prefabNpcPathHash":0,"prefabPathHash":0,"characterId":10000902,"GNJHJGFINBA":0}}}