[{"avatarId":10000021,"fetterLevel":10,"rewardId":241001},{"avatarId":10000029,"fetterLevel":10,"rewardId":241002},{"avatarId":10000016,"fetterLevel":10,"rewardId":241003},{"avatarId":10000020,"fetterLevel":10,"rewardId":241004},{"avatarId":10000022,"fetterLevel":10,"rewardId":241005},{"avatarId":10000003,"fetterLevel":10,"rewardId":241006},{"avatarId":10000014,"fetterLevel":10,"rewardId":241007},{"avatarId":10000015,"fetterLevel":10,"rewardId":241008},{"avatarId":10000006,"fetterLevel":10,"rewardId":241009},{"avatarId":10000043,"fetterLevel":10,"rewardId":241010},{"avatarId":10000031,"fetterLevel":10,"rewardId":241011},{"avatarId":10000034,"fetterLevel":10,"rewardId":241012},{"avatarId":10000041,"fetterLevel":10,"rewardId":241013},{"avatarId":10000032,"fetterLevel":10,"rewardId":241014},{"avatarId":10000023,"fetterLevel":10,"rewardId":241015},{"avatarId":10000025,"fetterLevel":10,"rewardId":241016},{"avatarId":10000035,"fetterLevel":10,"rewardId":241017},{"avatarId":10000042,"fetterLevel":10,"rewardId":241018},{"avatarId":10000027,"fetterLevel":10,"rewardId":241019},{"avatarId":10000024,"fetterLevel":10,"rewardId":241020},{"avatarId":10000036,"fetterLevel":10,"rewardId":241021},{"avatarId":10000039,"fetterLevel":10,"rewardId":241022},{"avatarId":10000030,"fetterLevel":10,"rewardId":241023},{"avatarId":10000044,"fetterLevel":10,"rewardId":241024},{"avatarId":10000033,"fetterLevel":10,"rewardId":241025},{"avatarId":10000037,"fetterLevel":10,"rewardId":241026},{"avatarId":10000038,"fetterLevel":10,"rewardId":241027},{"avatarId":10000026,"fetterLevel":10,"rewardId":241028},{"avatarId":10000046,"fetterLevel":10,"rewardId":241029},{"avatarId":10000045,"fetterLevel":10,"rewardId":241030},{"avatarId":10000048,"fetterLevel":10,"rewardId":241031},{"avatarId":10000051,"fetterLevel":10,"rewardId":241032},{"avatarId":10000047,"fetterLevel":10,"rewardId":241033},{"avatarId":10000049,"fetterLevel":10,"rewardId":241035},{"avatarId":10000053,"fetterLevel":10,"rewardId":241036},{"avatarId":10000002,"fetterLevel":10,"rewardId":241034},{"avatarId":10000052,"fetterLevel":10,"rewardId":241037},{"avatarId":10000054,"fetterLevel":10,"rewardId":241038},{"avatarId":10000056,"fetterLevel":10,"rewardId":241039},{"avatarId":10000062,"fetterLevel":10,"rewardId":241040},{"avatarId":10000050,"fetterLevel":10,"rewardId":241041},{"avatarId":10000055,"fetterLevel":10,"rewardId":241042},{"avatarId":10000057,"fetterLevel":10,"rewardId":241043},{"avatarId":10000063,"fetterLevel":10,"rewardId":241044},{"avatarId":10000064,"fetterLevel":10,"rewardId":241045},{"avatarId":10000058,"fetterLevel":10,"rewardId":241046},{"avatarId":10000066,"fetterLevel":10,"rewardId":241047},{"avatarId":10000060,"fetterLevel":10,"rewardId":241048},{"avatarId":10000065,"fetterLevel":10,"rewardId":241049},{"avatarId":10000059,"fetterLevel":10,"rewardId":241050},{"avatarId":10000069,"fetterLevel":10,"rewardId":241051},{"avatarId":10000067,"fetterLevel":10,"rewardId":241052},{"avatarId":10000068,"fetterLevel":10,"rewardId":241053},{"avatarId":10000071,"fetterLevel":10,"rewardId":241054},{"avatarId":10000072,"fetterLevel":10,"rewardId":241055},{"avatarId":10000070,"fetterLevel":10,"rewardId":241056},{"avatarId":10000073,"fetterLevel":10,"rewardId":241057},{"avatarId":10000074,"fetterLevel":10,"rewardId":241058},{"avatarId":10000075,"fetterLevel":10,"rewardId":241059},{"avatarId":10000076,"fetterLevel":10,"rewardId":241060},{"avatarId":10000078,"fetterLevel":10,"rewardId":241061},{"avatarId":10000077,"fetterLevel":10,"rewardId":241062},{"avatarId":10000079,"fetterLevel":10,"rewardId":241063},{"avatarId":10000080,"fetterLevel":10,"rewardId":241064},{"avatarId":10000082,"fetterLevel":10,"rewardId":241065},{"avatarId":10000081,"fetterLevel":10,"rewardId":241066},{"avatarId":10000061,"fetterLevel":10,"rewardId":241067},{"avatarId":10000084,"fetterLevel":10,"rewardId":241068},{"avatarId":10000083,"fetterLevel":10,"rewardId":241069},{"avatarId":10000085,"fetterLevel":10,"rewardId":241070},{"avatarId":10000087,"fetterLevel":10,"rewardId":241071},{"avatarId":10000086,"fetterLevel":10,"rewardId":241072},{"avatarId":10000089,"fetterLevel":10,"rewardId":241073},{"avatarId":10000088,"fetterLevel":10,"rewardId":241074},{"avatarId":10000091,"fetterLevel":10,"rewardId":241075},{"avatarId":10000090,"fetterLevel":10,"rewardId":241076},{"avatarId":10000093,"fetterLevel":10,"rewardId":241077},{"avatarId":10000092,"fetterLevel":10,"rewardId":241078}]