[{"infoBirthMonth":9,"infoBirthDay":28,"avatarNativeTextMapHash":1763099481,"avatarVisionBeforTextMapHash":3057990932,"avatarConstellationBeforTextMapHash":2735576330,"avatarTitleTextMapHash":3614785250,"avatarDetailTextMapHash":4223738138,"avatarAssocType":"ASSOC_TYPE_INAZUMA","cvChineseTextMapHash":727576102,"cvJapaneseTextMapHash":3995062768,"cvEnglishTextMapHash":431619300,"cvKoreanTextMapHash":825575327,"avatarVisionAfterTextMapHash":4288637793,"avatarConstellationAfterTextMapHash":1033536715,"FACCLHHCDLH":1706132810,"ILPMLNGJHLI":3690673200,"fetterId":101,"avatarId":10000002,"openConds":[],"finishConds":[{"condType":"FETTER_COND_NOT_OPEN","paramList":[]}]},{"infoBirthMonth":3,"infoBirthDay":14,"avatarNativeTextMapHash":2100503169,"avatarVisionBeforTextMapHash":467004516,"avatarConstellationBeforTextMapHash":201010258,"avatarTitleTextMapHash":1200647962,"avatarDetailTextMapHash":1963658218,"avatarAssocType":"ASSOC_TYPE_MONDSTADT","cvChineseTextMapHash":392436190,"cvJapaneseTextMapHash":1712871456,"cvEnglishTextMapHash":91808668,"cvKoreanTextMapHash":446794071,"avatarVisionAfterTextMapHash":1453458049,"avatarConstellationAfterTextMapHash":144282507,"FACCLHHCDLH":3459513866,"ILPMLNGJHLI":2517633056,"fetterId":102,"avatarId":10000003,"openConds":[],"finishConds":[{"condType":"FETTER_COND_NOT_OPEN","paramList":[]}]},{"avatarNativeTextMapHash":2022316961,"avatarVisionBeforTextMapHash":821712868,"avatarConstellationBeforTextMapHash":756242466,"avatarTitleTextMapHash":2305320866,"avatarDetailTextMapHash":1006022970,"avatarAssocType":"ASSOC_TYPE_MAINACTOR","cvChineseTextMapHash":3322055142,"cvJapaneseTextMapHash":1249978000,"cvEnglishTextMapHash":3354393428,"cvKoreanTextMapHash":986493735,"avatarVisionAfterTextMapHash":955276209,"avatarConstellationAfterTextMapHash":2038622971,"FACCLHHCDLH":2686169482,"ILPMLNGJHLI":3774448256,"fetterId":103,"avatarId":10000005,"openConds":[],"finishConds":[{"condType":"FETTER_COND_NOT_OPEN","paramList":[]}]},{"infoBirthMonth":6,"infoBirthDay":9,"avatarNativeTextMapHash":1809237489,"avatarVisionBeforTextMapHash":2480172868,"avatarConstellationBeforTextMapHash":34090282,"avatarTitleTextMapHash":3138609954,"avatarDetailTextMapHash":3571277394,"avatarAssocType":"ASSOC_TYPE_MONDSTADT","cvChineseTextMapHash":943522462,"cvJapaneseTextMapHash":3369294496,"cvEnglishTextMapHash":2422748316,"cvKoreanTextMapHash":3288865479,"avatarVisionAfterTextMapHash":1481798217,"avatarConstellationAfterTextMapHash":3201017387,"FACCLHHCDLH":843711858,"ILPMLNGJHLI":237646104,"fetterId":104,"avatarId":10000006,"openConds":[],"finishConds":[{"condType":"FETTER_COND_NOT_OPEN","paramList":[]}]},{"avatarNativeTextMapHash":4064367953,"avatarVisionBeforTextMapHash":471154292,"avatarConstellationBeforTextMapHash":816482658,"avatarTitleTextMapHash":13422330,"avatarDetailTextMapHash":406940522,"avatarAssocType":"ASSOC_TYPE_MAINACTOR","cvChineseTextMapHash":2084890670,"cvJapaneseTextMapHash":2560583048,"cvEnglishTextMapHash":939276444,"cvKoreanTextMapHash":2958496231,"avatarVisionAfterTextMapHash":2590902393,"avatarConstellationAfterTextMapHash":1928056899,"FACCLHHCDLH":3522231050,"ILPMLNGJHLI":2163702912,"fetterId":105,"avatarId":10000007,"openConds":[],"finishConds":[{"condType":"FETTER_COND_NOT_OPEN","paramList":[]}]},{"infoBirthMonth":7,"infoBirthDay":5,"avatarNativeTextMapHash":1304312049,"avatarVisionBeforTextMapHash":4022324356,"avatarConstellationBeforTextMapHash":2960169546,"avatarTitleTextMapHash":1823500338,"avatarDetailTextMapHash":2573623138,"avatarAssocType":"ASSOC_TYPE_MONDSTADT","cvChineseTextMapHash":712582678,"cvJapaneseTextMapHash":3860998488,"cvEnglishTextMapHash":488354068,"cvKoreanTextMapHash":11452367,"avatarVisionAfterTextMapHash":1166340161,"avatarConstellationAfterTextMapHash":3271630931,"FACCLHHCDLH":4025310946,"ILPMLNGJHLI":1170198240,"fetterId":106,"avatarId":10000014,"openConds":[],"finishConds":[{"condType":"FETTER_COND_NOT_OPEN","paramList":[]}]},{"infoBirthMonth":11,"infoBirthDay":30,"avatarNativeTextMapHash":2536425521,"avatarVisionBeforTextMapHash":4220569804,"avatarConstellationBeforTextMapHash":1247404986,"avatarTitleTextMapHash":1785544946,"avatarDetailTextMapHash":1365496954,"avatarAssocType":"ASSOC_TYPE_MONDSTADT","cvChineseTextMapHash":2863915758,"cvJapaneseTextMapHash":3911672888,"cvEnglishTextMapHash":4279338324,"cvKoreanTextMapHash":1747324815,"avatarVisionAfterTextMapHash":2469020049,"avatarConstellationAfterTextMapHash":2979025659,"FACCLHHCDLH":2879861602,"ILPMLNGJHLI":3344490616,"fetterId":107,"avatarId":10000015,"openConds":[],"finishConds":[{"condType":"FETTER_COND_NOT_OPEN","paramList":[]}]},{"infoBirthMonth":4,"infoBirthDay":30,"avatarNativeTextMapHash":3404250905,"avatarVisionBeforTextMapHash":627825788,"avatarConstellationBeforTextMapHash":2314116250,"avatarTitleTextMapHash":2612198306,"avatarDetailTextMapHash":4246347802,"avatarAssocType":"ASSOC_TYPE_MONDSTADT","cvChineseTextMapHash":3191430790,"cvJapaneseTextMapHash":1865761584,"cvEnglishTextMapHash":2134469124,"cvKoreanTextMapHash":1879319503,"avatarVisionAfterTextMapHash":1443384873,"avatarConstellationAfterTextMapHash":2509127315,"FACCLHHCDLH":2132002266,"ILPMLNGJHLI":3799992536,"fetterId":108,"avatarId":10000016,"openConds":[],"finishConds":[{"condType":"FETTER_COND_NOT_OPEN","paramList":[]}]},{"infoBirthMonth":9,"infoBirthDay":9,"avatarNativeTextMapHash":2122187449,"avatarVisionBeforTextMapHash":3352621156,"avatarConstellationBeforTextMapHash":4052447146,"avatarTitleTextMapHash":2753191042,"avatarDetailTextMapHash":2084554490,"avatarAssocType":"ASSOC_TYPE_MONDSTADT","cvChineseTextMapHash":1758325142,"cvJapaneseTextMapHash":3412843320,"cvEnglishTextMapHash":2560038812,"cvKoreanTextMapHash":3496435439,"avatarVisionAfterTextMapHash":2448013937,"avatarConstellationAfterTextMapHash":2854774203,"FACCLHHCDLH":287486234,"ILPMLNGJHLI":589426792,"fetterId":109,"avatarId":10000020,"openConds":[],"finishConds":[{"condType":"FETTER_COND_NOT_OPEN","paramList":[]}]},{"infoBirthMonth":8,"infoBirthDay":10,"avatarNativeTextMapHash":2695093385,"avatarVisionBeforTextMapHash":230082676,"avatarConstellationBeforTextMapHash":1404729682,"avatarTitleTextMapHash":1238477178,"avatarDetailTextMapHash":3097194818,"avatarAssocType":"ASSOC_TYPE_MONDSTADT","cvChineseTextMapHash":4036914878,"cvJapaneseTextMapHash":2350762192,"cvEnglishTextMapHash":302898332,"cvKoreanTextMapHash":3355468295,"avatarVisionAfterTextMapHash":2189787097,"avatarConstellationAfterTextMapHash":124975747,"FACCLHHCDLH":3117786210,"ILPMLNGJHLI":3344377064,"fetterId":110,"avatarId":10000021,"openConds":[],"finishConds":[{"condType":"FETTER_COND_NOT_OPEN","paramList":[]}]},{"infoBirthMonth":6,"infoBirthDay":16,"avatarNativeTextMapHash":2379846137,"avatarVisionBeforTextMapHash":2075460644,"avatarConstellationBeforTextMapHash":2226738162,"avatarTitleTextMapHash":1225242490,"avatarDetailTextMapHash":3527710554,"avatarAssocType":"ASSOC_TYPE_MONDSTADT","cvChineseTextMapHash":1085193806,"cvJapaneseTextMapHash":2801197800,"cvEnglishTextMapHash":1300502628,"cvKoreanTextMapHash":4095506519,"avatarVisionAfterTextMapHash":898621369,"avatarConstellationAfterTextMapHash":1329004531,"FACCLHHCDLH":3963077898,"ILPMLNGJHLI":4209150520,"fetterId":111,"avatarId":10000022,"openConds":[],"finishConds":[{"condType":"FETTER_COND_FINISH_QUEST","paramList":[39604]}]},{"infoBirthMonth":11,"infoBirthDay":2,"avatarNativeTextMapHash":1144455177,"avatarVisionBeforTextMapHash":1247335084,"avatarConstellationBeforTextMapHash":1451760122,"avatarTitleTextMapHash":2467527666,"avatarDetailTextMapHash":3294048674,"avatarAssocType":"ASSOC_TYPE_LIYUE","cvChineseTextMapHash":3761441798,"cvJapaneseTextMapHash":1674112200,"cvEnglishTextMapHash":1147555332,"cvKoreanTextMapHash":1742822431,"avatarVisionAfterTextMapHash":2356735641,"avatarConstellationAfterTextMapHash":2028029427,"FACCLHHCDLH":3772910674,"ILPMLNGJHLI":2373505632,"fetterId":112,"avatarId":10000023,"openConds":[],"finishConds":[{"condType":"FETTER_COND_NOT_OPEN","paramList":[]}]},{"infoBirthMonth":2,"infoBirthDay":14,"avatarNativeTextMapHash":3508028969,"avatarVisionBeforTextMapHash":4219874220,"avatarConstellationBeforTextMapHash":3853657898,"avatarTitleTextMapHash":1152777210,"avatarDetailTextMapHash":3138225274,"avatarAssocType":"ASSOC_TYPE_LIYUE","cvChineseTextMapHash":3660164550,"cvJapaneseTextMapHash":1497735072,"cvEnglishTextMapHash":2562073812,"cvKoreanTextMapHash":636211263,"avatarVisionAfterTextMapHash":3157737289,"avatarConstellationAfterTextMapHash":4085422171,"FACCLHHCDLH":3233464450,"ILPMLNGJHLI":1565047208,"fetterId":113,"avatarId":10000024,"openConds":[],"finishConds":[{"condType":"FETTER_COND_NOT_OPEN","paramList":[]}]},{"infoBirthMonth":10,"infoBirthDay":9,"avatarNativeTextMapHash":1872514577,"avatarVisionBeforTextMapHash":2480954540,"avatarConstellationBeforTextMapHash":2497169002,"avatarTitleTextMapHash":4067465850,"avatarDetailTextMapHash":2731162298,"avatarAssocType":"ASSOC_TYPE_LIYUE","cvChineseTextMapHash":4062177694,"cvJapaneseTextMapHash":3662797544,"cvEnglishTextMapHash":2288174484,"cvKoreanTextMapHash":3035055863,"avatarVisionAfterTextMapHash":4151243729,"avatarConstellationAfterTextMapHash":89315195,"FACCLHHCDLH":3832852746,"ILPMLNGJHLI":1504325904,"fetterId":114,"avatarId":10000025,"openConds":[],"finishConds":[{"condType":"FETTER_COND_NOT_OPEN","paramList":[]}]},{"infoBirthMonth":4,"infoBirthDay":17,"avatarNativeTextMapHash":413877289,"avatarVisionBeforTextMapHash":550531300,"avatarConstellationBeforTextMapHash":3401180666,"avatarTitleTextMapHash":2182504186,"avatarDetailTextMapHash":1863419602,"avatarAssocType":"ASSOC_TYPE_LIYUE","cvChineseTextMapHash":414772070,"cvJapaneseTextMapHash":2350391048,"cvEnglishTextMapHash":975590796,"cvKoreanTextMapHash":3918463151,"avatarVisionAfterTextMapHash":3648530745,"avatarConstellationAfterTextMapHash":2421570635,"FACCLHHCDLH":1043167058,"ILPMLNGJHLI":2573007264,"fetterId":115,"avatarId":10000026,"openConds":[],"finishConds":[{"condType":"FETTER_COND_NOT_OPEN","paramList":[]}]},{"infoBirthMonth":8,"infoBirthDay":26,"avatarNativeTextMapHash":218189361,"avatarVisionBeforTextMapHash":1662907292,"avatarConstellationBeforTextMapHash":20629626,"avatarTitleTextMapHash":1976081594,"avatarDetailTextMapHash":1658614834,"avatarAssocType":"ASSOC_TYPE_LIYUE","cvChineseTextMapHash":452718846,"cvJapaneseTextMapHash":257900264,"cvEnglishTextMapHash":1993730884,"cvKoreanTextMapHash":1098860927,"avatarVisionAfterTextMapHash":735278345,"avatarConstellationAfterTextMapHash":876868723,"FACCLHHCDLH":2587680970,"ILPMLNGJHLI":4104085464,"fetterId":116,"avatarId":10000027,"openConds":[],"finishConds":[{"condType":"FETTER_COND_NOT_OPEN","paramList":[]}]},{"infoBirthMonth":7,"infoBirthDay":27,"avatarNativeTextMapHash":702194017,"avatarVisionBeforTextMapHash":3847511308,"avatarConstellationBeforTextMapHash":2230999650,"avatarTitleTextMapHash":1897358210,"avatarDetailTextMapHash":1801721474,"avatarAssocType":"ASSOC_TYPE_MONDSTADT","cvChineseTextMapHash":2371683902,"cvJapaneseTextMapHash":2349322992,"cvEnglishTextMapHash":718871660,"cvKoreanTextMapHash":907548199,"avatarVisionAfterTextMapHash":3057376089,"avatarConstellationAfterTextMapHash":567731819,"FACCLHHCDLH":530625634,"ILPMLNGJHLI":3376049832,"fetterId":117,"avatarId":10000029,"openConds":[],"finishConds":[{"condType":"FETTER_COND_NOT_OPEN","paramList":[]}]},{"infoBirthMonth":12,"infoBirthDay":31,"avatarNativeTextMapHash":3651078097,"avatarVisionBeforTextMapHash":967031460,"avatarConstellationBeforTextMapHash":1594094098,"avatarTitleTextMapHash":2789626970,"avatarDetailTextMapHash":3237080338,"avatarAssocType":"ASSOC_TYPE_LIYUE","cvChineseTextMapHash":1454422278,"cvJapaneseTextMapHash":1183613792,"cvEnglishTextMapHash":3331340660,"cvKoreanTextMapHash":4084646031,"avatarVisionAfterTextMapHash":2507042785,"avatarConstellationAfterTextMapHash":2721221067,"FACCLHHCDLH":1445264402,"ILPMLNGJHLI":266760520,"fetterId":118,"avatarId":10000030,"openConds":[],"finishConds":[{"condType":"FETTER_COND_FINISH_QUEST","paramList":[102510]}]},{"infoBirthMonth":5,"infoBirthDay":27,"avatarNativeTextMapHash":2368787601,"avatarVisionBeforTextMapHash":122554396,"avatarConstellationBeforTextMapHash":2198842266,"avatarTitleTextMapHash":353285794,"avatarDetailTextMapHash":1139039362,"avatarAssocType":"ASSOC_TYPE_MONDSTADT","cvChineseTextMapHash":465986718,"cvJapaneseTextMapHash":132715032,"cvEnglishTextMapHash":3640880724,"cvKoreanTextMapHash":3964881647,"avatarVisionAfterTextMapHash":936354993,"avatarConstellationAfterTextMapHash":2276514827,"FACCLHHCDLH":3061470746,"ILPMLNGJHLI":4265322256,"fetterId":119,"avatarId":10000031,"openConds":[],"finishConds":[{"condType":"FETTER_COND_NOT_OPEN","paramList":[]}]},{"infoBirthMonth":2,"infoBirthDay":29,"avatarNativeTextMapHash":1181755137,"avatarVisionBeforTextMapHash":1740638908,"avatarConstellationBeforTextMapHash":2225075946,"avatarTitleTextMapHash":1078060234,"avatarDetailTextMapHash":1030159626,"avatarAssocType":"ASSOC_TYPE_MONDSTADT","cvChineseTextMapHash":1972439622,"cvJapaneseTextMapHash":1456485512,"cvEnglishTextMapHash":1382070500,"cvKoreanTextMapHash":681554991,"avatarVisionAfterTextMapHash":3677050081,"avatarConstellationAfterTextMapHash":1091946987,"FACCLHHCDLH":3242979482,"ILPMLNGJHLI":816212776,"fetterId":120,"avatarId":10000032,"openConds":[],"finishConds":[{"condType":"FETTER_COND_NOT_OPEN","paramList":[]}]},{"infoBirthMonth":7,"infoBirthDay":20,"avatarNativeTextMapHash":3774913721,"avatarVisionBeforTextMapHash":3646588372,"avatarConstellationBeforTextMapHash":3423950162,"avatarTitleTextMapHash":3875370554,"avatarDetailTextMapHash":3593799522,"avatarAssocType":"ASSOC_TYPE_FATUI","cvChineseTextMapHash":4246769190,"cvJapaneseTextMapHash":2938778568,"cvEnglishTextMapHash":4115005636,"cvKoreanTextMapHash":1397738367,"avatarVisionAfterTextMapHash":2573101121,"avatarConstellationAfterTextMapHash":605778827,"FACCLHHCDLH":3096737186,"ILPMLNGJHLI":3943901984,"fetterId":121,"avatarId":10000033,"openConds":[],"finishConds":[{"condType":"FETTER_COND_NOT_OPEN","paramList":[]}]},{"infoBirthMonth":3,"infoBirthDay":21,"avatarNativeTextMapHash":3006274177,"avatarVisionBeforTextMapHash":3929787020,"avatarConstellationBeforTextMapHash":808906466,"avatarTitleTextMapHash":2339950258,"avatarDetailTextMapHash":2464288834,"avatarAssocType":"ASSOC_TYPE_MONDSTADT","cvChineseTextMapHash":4257440758,"cvJapaneseTextMapHash":2464221280,"cvEnglishTextMapHash":3349029444,"cvKoreanTextMapHash":2318572807,"avatarVisionAfterTextMapHash":3710640289,"avatarConstellationAfterTextMapHash":1057268155,"FACCLHHCDLH":3080175658,"ILPMLNGJHLI":2632094392,"fetterId":122,"avatarId":10000034,"openConds":[],"finishConds":[{"condType":"FETTER_COND_NOT_OPEN","paramList":[]}]},{"infoBirthMonth":3,"infoBirthDay":3,"avatarNativeTextMapHash":802385489,"avatarVisionBeforTextMapHash":1695600284,"avatarConstellationBeforTextMapHash":1580087082,"avatarTitleTextMapHash":2560957650,"avatarDetailTextMapHash":987428418,"avatarAssocType":"ASSOC_TYPE_LIYUE","cvChineseTextMapHash":1729369230,"cvJapaneseTextMapHash":1926245760,"cvEnglishTextMapHash":1881999804,"cvKoreanTextMapHash":3538734815,"avatarVisionAfterTextMapHash":262460977,"avatarConstellationAfterTextMapHash":44381363,"FACCLHHCDLH":1559151498,"ILPMLNGJHLI":2285572816,"fetterId":123,"avatarId":10000035,"openConds":[],"finishConds":[{"condType":"FETTER_COND_NOT_OPEN","paramList":[]}]},{"infoBirthMonth":9,"infoBirthDay":7,"avatarNativeTextMapHash":1769238889,"avatarVisionBeforTextMapHash":766902996,"avatarConstellationBeforTextMapHash":4203973938,"avatarTitleTextMapHash":2804590466,"avatarDetailTextMapHash":3590770538,"avatarAssocType":"ASSOC_TYPE_LIYUE","cvChineseTextMapHash":1413748758,"cvJapaneseTextMapHash":1317323504,"cvEnglishTextMapHash":3611302012,"cvKoreanTextMapHash":1935455199,"avatarVisionAfterTextMapHash":1485672225,"avatarConstellationAfterTextMapHash":895213803,"FACCLHHCDLH":1925126098,"ILPMLNGJHLI":1346954368,"fetterId":124,"avatarId":10000036,"openConds":[],"finishConds":[{"condType":"FETTER_COND_NOT_OPEN","paramList":[]}]},{"infoBirthMonth":12,"infoBirthDay":2,"avatarNativeTextMapHash":3866698241,"avatarVisionBeforTextMapHash":862088588,"avatarConstellationBeforTextMapHash":3362074034,"avatarTitleTextMapHash":1902407402,"avatarDetailTextMapHash":1747000882,"avatarAssocType":"ASSOC_TYPE_LIYUE","cvChineseTextMapHash":3511999998,"cvJapaneseTextMapHash":2821438752,"cvEnglishTextMapHash":866868980,"cvKoreanTextMapHash":1371351983,"avatarVisionAfterTextMapHash":22897537,"avatarConstellationAfterTextMapHash":1513569691,"FACCLHHCDLH":1022935738,"ILPMLNGJHLI":3183090808,"fetterId":125,"avatarId":10000037,"openConds":[],"finishConds":[{"condType":"FETTER_COND_NOT_OPEN","paramList":[]}]},{"infoBirthMonth":9,"infoBirthDay":13,"avatarNativeTextMapHash":371846193,"avatarVisionBeforTextMapHash":825986772,"avatarConstellationBeforTextMapHash":4143774770,"avatarTitleTextMapHash":3646853002,"avatarDetailTextMapHash":3002069946,"avatarAssocType":"ASSOC_TYPE_MONDSTADT","cvChineseTextMapHash":2416424718,"cvJapaneseTextMapHash":2478938952,"cvEnglishTextMapHash":3188933756,"cvKoreanTextMapHash":1418045575,"avatarVisionAfterTextMapHash":3828063489,"avatarConstellationAfterTextMapHash":126964283,"FACCLHHCDLH":3312957898,"ILPMLNGJHLI":1486000232,"fetterId":126,"avatarId":10000038,"openConds":[],"finishConds":[{"condType":"FETTER_COND_NOT_OPEN","paramList":[]}]},{"infoBirthMonth":1,"infoBirthDay":18,"avatarNativeTextMapHash":967464153,"avatarVisionBeforTextMapHash":4127670180,"avatarConstellationBeforTextMapHash":2062356506,"avatarTitleTextMapHash":955121114,"avatarDetailTextMapHash":3267731642,"avatarAssocType":"ASSOC_TYPE_MONDSTADT","cvChineseTextMapHash":41396374,"cvJapaneseTextMapHash":4045591224,"cvEnglishTextMapHash":3190486524,"cvKoreanTextMapHash":3207559823,"avatarVisionAfterTextMapHash":924821409,"avatarConstellationAfterTextMapHash":516952915,"FACCLHHCDLH":242842482,"ILPMLNGJHLI":1156970832,"fetterId":127,"avatarId":10000039,"openConds":[],"finishConds":[{"condType":"FETTER_COND_NOT_OPEN","paramList":[]}]},{"infoBirthMonth":8,"infoBirthDay":31,"avatarNativeTextMapHash":1827140513,"avatarVisionBeforTextMapHash":321258364,"avatarConstellationBeforTextMapHash":677289434,"avatarTitleTextMapHash":2216682674,"avatarDetailTextMapHash":2099446386,"avatarAssocType":"ASSOC_TYPE_MONDSTADT","cvChineseTextMapHash":1441549966,"cvJapaneseTextMapHash":950394528,"cvEnglishTextMapHash":36373972,"cvKoreanTextMapHash":3794406463,"avatarVisionAfterTextMapHash":735012401,"avatarConstellationAfterTextMapHash":3963245579,"FACCLHHCDLH":4221654778,"ILPMLNGJHLI":1790703360,"fetterId":128,"avatarId":10000041,"openConds":[],"finishConds":[{"condType":"FETTER_COND_NOT_OPEN","paramList":[]}]},{"infoBirthMonth":11,"infoBirthDay":20,"avatarNativeTextMapHash":4010071745,"avatarVisionBeforTextMapHash":1821644548,"avatarConstellationBeforTextMapHash":3587152074,"avatarTitleTextMapHash":3308312162,"avatarDetailTextMapHash":2307865106,"avatarAssocType":"ASSOC_TYPE_LIYUE","cvChineseTextMapHash":2566021790,"cvJapaneseTextMapHash":1314550072,"cvEnglishTextMapHash":276019972,"cvKoreanTextMapHash":3586027263,"avatarVisionAfterTextMapHash":373974425,"avatarConstellationAfterTextMapHash":1744331243,"FACCLHHCDLH":316548354,"ILPMLNGJHLI":1905310704,"fetterId":129,"avatarId":10000042,"openConds":[],"finishConds":[{"condType":"FETTER_COND_NOT_OPEN","paramList":[]}]},{"infoBirthMonth":11,"infoBirthDay":26,"avatarNativeTextMapHash":2186025825,"avatarVisionBeforTextMapHash":126875444,"avatarConstellationBeforTextMapHash":4244741386,"avatarTitleTextMapHash":682411194,"avatarDetailTextMapHash":4125000058,"avatarAssocType":"ASSOC_TYPE_MONDSTADT","cvChineseTextMapHash":309184414,"cvJapaneseTextMapHash":777642752,"cvEnglishTextMapHash":1106805724,"cvKoreanTextMapHash":3790433071,"avatarVisionAfterTextMapHash":519928233,"avatarConstellationAfterTextMapHash":3571098147,"FACCLHHCDLH":434710650,"ILPMLNGJHLI":1536116640,"fetterId":130,"avatarId":10000043,"openConds":[],"finishConds":[{"condType":"FETTER_COND_NOT_OPEN","paramList":[]}]},{"infoBirthMonth":10,"infoBirthDay":16,"avatarNativeTextMapHash":2939616529,"avatarVisionBeforTextMapHash":3105283268,"avatarConstellationBeforTextMapHash":4126360330,"avatarTitleTextMapHash":2007781754,"avatarDetailTextMapHash":3355473986,"avatarAssocType":"ASSOC_TYPE_LIYUE","cvChineseTextMapHash":3921936462,"cvJapaneseTextMapHash":641682520,"cvEnglishTextMapHash":2272456916,"cvKoreanTextMapHash":2384659519,"avatarVisionAfterTextMapHash":3656641129,"avatarConstellationAfterTextMapHash":4100226883,"FACCLHHCDLH":707007002,"ILPMLNGJHLI":448851000,"fetterId":131,"avatarId":10000044,"openConds":[],"finishConds":[{"condType":"FETTER_COND_NOT_OPEN","paramList":[]}]},{"infoBirthMonth":7,"infoBirthDay":15,"avatarNativeTextMapHash":3485382673,"avatarVisionBeforTextMapHash":3112476852,"avatarConstellationBeforTextMapHash":3041688594,"avatarTitleTextMapHash":662587002,"avatarDetailTextMapHash":2488599434,"avatarAssocType":"ASSOC_TYPE_LIYUE","cvChineseTextMapHash":3694314910,"cvJapaneseTextMapHash":1286278240,"cvEnglishTextMapHash":2549651252,"cvKoreanTextMapHash":291020487,"avatarVisionAfterTextMapHash":719537873,"avatarConstellationAfterTextMapHash":3861029139,"FACCLHHCDLH":1543578802,"ILPMLNGJHLI":1330364096,"fetterId":132,"avatarId":10000046,"openConds":[],"finishConds":[{"condType":"FETTER_COND_NOT_OPEN","paramList":[]}]},{"infoBirthMonth":1,"infoBirthDay":24,"avatarNativeTextMapHash":1208431633,"avatarVisionBeforTextMapHash":2778487532,"avatarConstellationBeforTextMapHash":3331210802,"avatarTitleTextMapHash":3918225546,"avatarDetailTextMapHash":2858258162,"avatarAssocType":"ASSOC_TYPE_MONDSTADT","cvChineseTextMapHash":1517505318,"cvJapaneseTextMapHash":3445993248,"cvEnglishTextMapHash":1467808508,"cvKoreanTextMapHash":2927759831,"avatarVisionAfterTextMapHash":3452454753,"avatarConstellationAfterTextMapHash":490664827,"FACCLHHCDLH":2464502114,"ILPMLNGJHLI":2879890864,"fetterId":133,"avatarId":10000045,"openConds":[],"finishConds":[{"condType":"FETTER_COND_NOT_OPEN","paramList":[]}]},{"infoBirthMonth":7,"infoBirthDay":28,"avatarNativeTextMapHash":2280863881,"avatarVisionBeforTextMapHash":313529204,"avatarConstellationBeforTextMapHash":4078029322,"avatarTitleTextMapHash":1186691770,"avatarDetailTextMapHash":1570282706,"avatarAssocType":"ASSOC_TYPE_LIYUE","cvChineseTextMapHash":2145440894,"cvJapaneseTextMapHash":2814295520,"cvEnglishTextMapHash":2096594156,"cvKoreanTextMapHash":1293912855,"avatarVisionAfterTextMapHash":3214350745,"avatarConstellationAfterTextMapHash":3068878723,"FACCLHHCDLH":1808218946,"ILPMLNGJHLI":70481312,"fetterId":134,"avatarId":10000048,"openConds":[],"finishConds":[{"condType":"FETTER_COND_NOT_OPEN","paramList":[]}]},{"infoBirthMonth":10,"infoBirthDay":25,"avatarNativeTextMapHash":2081537529,"avatarVisionBeforTextMapHash":98482612,"avatarConstellationBeforTextMapHash":2912362594,"avatarTitleTextMapHash":3679187618,"avatarDetailTextMapHash":87994090,"avatarAssocType":"ASSOC_TYPE_MONDSTADT","cvChineseTextMapHash":3297741182,"cvJapaneseTextMapHash":3928491512,"cvEnglishTextMapHash":393498596,"cvKoreanTextMapHash":3009726871,"avatarVisionAfterTextMapHash":2857461841,"avatarConstellationAfterTextMapHash":4077826867,"FACCLHHCDLH":1287108090,"ILPMLNGJHLI":937364480,"fetterId":135,"avatarId":10000051,"openConds":[],"finishConds":[{"condType":"FETTER_COND_NOT_OPEN","paramList":[]}]},{"infoBirthMonth":10,"infoBirthDay":29,"avatarNativeTextMapHash":3703064921,"avatarVisionBeforTextMapHash":2477900860,"avatarConstellationBeforTextMapHash":1782640050,"avatarTitleTextMapHash":484877954,"avatarDetailTextMapHash":3202001138,"avatarAssocType":"ASSOC_TYPE_INAZUMA","cvChineseTextMapHash":2293363830,"cvJapaneseTextMapHash":1043658088,"cvEnglishTextMapHash":2619878748,"cvKoreanTextMapHash":2590010167,"avatarVisionAfterTextMapHash":130168969,"avatarConstellationAfterTextMapHash":1697359355,"FACCLHHCDLH":3796999538,"ILPMLNGJHLI":2974574648,"fetterId":136,"avatarId":10000047,"openConds":[],"finishConds":[{"condType":"FETTER_COND_NOT_OPEN","paramList":[]}]},{"infoBirthMonth":6,"infoBirthDay":21,"avatarNativeTextMapHash":235578769,"avatarVisionBeforTextMapHash":1646245548,"avatarConstellationBeforTextMapHash":1841952946,"avatarTitleTextMapHash":422431338,"avatarDetailTextMapHash":77669938,"avatarAssocType":"ASSOC_TYPE_INAZUMA","cvChineseTextMapHash":3824775118,"cvJapaneseTextMapHash":2984647568,"cvEnglishTextMapHash":635183748,"cvKoreanTextMapHash":4096971807,"avatarVisionAfterTextMapHash":2034415441,"avatarConstellationAfterTextMapHash":896433771,"FACCLHHCDLH":563824954,"ILPMLNGJHLI":1046082232,"fetterId":137,"avatarId":10000049,"openConds":[],"finishConds":[{"condType":"FETTER_COND_NOT_OPEN","paramList":[]}]},{"infoBirthMonth":10,"infoBirthDay":19,"avatarNativeTextMapHash":3474733945,"avatarVisionBeforTextMapHash":2648184060,"avatarConstellationBeforTextMapHash":3872411226,"avatarTitleTextMapHash":1757728074,"avatarDetailTextMapHash":4079111402,"avatarAssocType":"ASSOC_TYPE_INAZUMA","cvChineseTextMapHash":393118902,"cvJapaneseTextMapHash":1556047408,"cvEnglishTextMapHash":3210378124,"cvKoreanTextMapHash":1743312703,"avatarVisionAfterTextMapHash":206259425,"avatarConstellationAfterTextMapHash":1031389603,"FACCLHHCDLH":3694646930,"ILPMLNGJHLI":2610777688,"fetterId":138,"avatarId":10000053,"openConds":[],"finishConds":[{"condType":"FETTER_COND_NOT_OPEN","paramList":[]}]},{"infoBirthMonth":6,"infoBirthDay":26,"avatarNativeTextMapHash":2339788961,"avatarVisionBeforTextMapHash":2689029804,"avatarConstellationBeforTextMapHash":2211667090,"avatarTitleTextMapHash":3922655010,"avatarDetailTextMapHash":1478158106,"avatarAssocType":"ASSOC_TYPE_INAZUMA","cvChineseTextMapHash":2225307798,"cvJapaneseTextMapHash":3912819872,"cvEnglishTextMapHash":1088808028,"cvKoreanTextMapHash":3031872143,"avatarVisionAfterTextMapHash":2085306033,"avatarConstellationAfterTextMapHash":3361507539,"FACCLHHCDLH":2748948602,"ILPMLNGJHLI":3614576216,"fetterId":139,"avatarId":10000052,"openConds":[],"finishConds":[{"condType":"FETTER_COND_AVATAR_LEVEL","paramList":[1]}]},{"infoBirthMonth":2,"infoBirthDay":22,"avatarNativeTextMapHash":683437921,"avatarVisionBeforTextMapHash":1688473500,"avatarConstellationBeforTextMapHash":1752197778,"avatarTitleTextMapHash":3706226538,"avatarDetailTextMapHash":1510500586,"avatarAssocType":"ASSOC_TYPE_INAZUMA","cvChineseTextMapHash":3905129686,"cvJapaneseTextMapHash":3525763280,"cvEnglishTextMapHash":709839884,"cvKoreanTextMapHash":3056845727,"avatarVisionAfterTextMapHash":532522121,"avatarConstellationAfterTextMapHash":718604491,"FACCLHHCDLH":2525173970,"ILPMLNGJHLI":1129842336,"fetterId":140,"avatarId":10000054,"openConds":[],"finishConds":[{"condType":"FETTER_COND_NOT_OPEN","paramList":[]}]},{"infoBirthMonth":7,"infoBirthDay":14,"avatarNativeTextMapHash":639139097,"avatarVisionBeforTextMapHash":608089036,"avatarConstellationBeforTextMapHash":912981282,"avatarTitleTextMapHash":2295939930,"avatarDetailTextMapHash":3576556674,"avatarAssocType":"ASSOC_TYPE_INAZUMA","cvChineseTextMapHash":2167487798,"cvJapaneseTextMapHash":1441667000,"cvEnglishTextMapHash":520650924,"cvKoreanTextMapHash":666191887,"avatarVisionAfterTextMapHash":4018363097,"avatarConstellationAfterTextMapHash":3463988355,"FACCLHHCDLH":3706831450,"ILPMLNGJHLI":2517818952,"fetterId":141,"avatarId":10000056,"openConds":[],"finishConds":[{"condType":"FETTER_COND_NOT_OPEN","paramList":[]}]},{"infoBirthMonth":4,"infoBirthDay":4,"avatarNativeTextMapHash":2988346225,"avatarVisionBeforTextMapHash":1480674860,"avatarConstellationBeforTextMapHash":1620998442,"avatarTitleTextMapHash":3657688538,"avatarDetailTextMapHash":2522784722,"avatarAssocType":"ASSOC_TYPE_RANGER","cvChineseTextMapHash":1648706814,"cvJapaneseTextMapHash":4143563824,"cvEnglishTextMapHash":1615682572,"cvKoreanTextMapHash":3219821695,"avatarVisionAfterTextMapHash":378832241,"avatarConstellationAfterTextMapHash":2748691939,"FACCLHHCDLH":3178906154,"ILPMLNGJHLI":1529106560,"fetterId":142,"avatarId":10000062,"openConds":[],"finishConds":[{"condType":"FETTER_COND_NOT_OPEN","paramList":[]}]},{"infoBirthMonth":1,"infoBirthDay":9,"avatarNativeTextMapHash":1486341689,"avatarVisionBeforTextMapHash":3177381772,"avatarConstellationBeforTextMapHash":2749427906,"avatarTitleTextMapHash":2157757826,"avatarDetailTextMapHash":3621848770,"avatarAssocType":"ASSOC_TYPE_INAZUMA","cvChineseTextMapHash":720701894,"cvJapaneseTextMapHash":1651520080,"cvEnglishTextMapHash":2755173740,"cvKoreanTextMapHash":3394774543,"avatarVisionAfterTextMapHash":1518014265,"avatarConstellationAfterTextMapHash":3300759683,"FACCLHHCDLH":2983947082,"ILPMLNGJHLI":2994130800,"fetterId":50600,"avatarId":10000050,"openConds":[],"finishConds":[{"condType":"FETTER_COND_NOT_OPEN","paramList":[]}]},{"infoBirthMonth":6,"infoBirthDay":1,"avatarNativeTextMapHash":1303956273,"avatarVisionBeforTextMapHash":3617274620,"avatarConstellationBeforTextMapHash":1196020994,"avatarTitleTextMapHash":2604770706,"avatarDetailTextMapHash":1595289146,"avatarAssocType":"ASSOC_TYPE_INAZUMA","cvChineseTextMapHash":1899801486,"cvJapaneseTextMapHash":2882319304,"cvEnglishTextMapHash":941909100,"cvKoreanTextMapHash":2058994895,"avatarVisionAfterTextMapHash":3467232769,"avatarConstellationAfterTextMapHash":1667338307,"FACCLHHCDLH":2192186834,"ILPMLNGJHLI":2127793120,"fetterId":57600,"avatarId":10000057,"openConds":[],"finishConds":[{"condType":"FETTER_COND_NOT_OPEN","paramList":[]}]},{"infoBirthMonth":5,"infoBirthDay":18,"avatarNativeTextMapHash":3031398817,"avatarVisionBeforTextMapHash":1016213980,"avatarConstellationBeforTextMapHash":1574145170,"avatarTitleTextMapHash":1890326034,"avatarDetailTextMapHash":194478258,"avatarAssocType":"ASSOC_TYPE_INAZUMA","cvChineseTextMapHash":3391678678,"cvJapaneseTextMapHash":55309024,"cvEnglishTextMapHash":2508657724,"cvKoreanTextMapHash":3333163887,"avatarVisionAfterTextMapHash":2297824401,"avatarConstellationAfterTextMapHash":3906648139,"FACCLHHCDLH":2980534154,"ILPMLNGJHLI":3203768184,"fetterId":55600,"avatarId":10000055,"openConds":[],"finishConds":[{"condType":"FETTER_COND_NOT_OPEN","paramList":[]}]},{"infoBirthMonth":3,"infoBirthDay":10,"avatarNativeTextMapHash":3755848081,"avatarVisionBeforTextMapHash":2809830820,"avatarConstellationBeforTextMapHash":2040902610,"avatarTitleTextMapHash":1527983530,"avatarDetailTextMapHash":1428853842,"avatarAssocType":"ASSOC_TYPE_LIYUE","cvChineseTextMapHash":2609607934,"cvJapaneseTextMapHash":2028468440,"cvEnglishTextMapHash":2662606092,"cvKoreanTextMapHash":3537366703,"avatarVisionAfterTextMapHash":3905457809,"avatarConstellationAfterTextMapHash":1819308507,"FACCLHHCDLH":2492610666,"ILPMLNGJHLI":2908267544,"fetterId":63600,"avatarId":10000063,"openConds":[],"finishConds":[{"condType":"FETTER_COND_NOT_OPEN","paramList":[]}]},{"infoBirthMonth":5,"infoBirthDay":21,"avatarNativeTextMapHash":1045159985,"avatarVisionBeforTextMapHash":3219124204,"avatarConstellationBeforTextMapHash":3086360386,"avatarTitleTextMapHash":1737472474,"avatarDetailTextMapHash":2551483266,"avatarAssocType":"ASSOC_TYPE_LIYUE","cvChineseTextMapHash":883286710,"cvJapaneseTextMapHash":117229856,"cvEnglishTextMapHash":375803180,"cvKoreanTextMapHash":2929476623,"avatarVisionAfterTextMapHash":1258443353,"avatarConstellationAfterTextMapHash":3908001795,"FACCLHHCDLH":485599842,"ILPMLNGJHLI":236539752,"fetterId":64600,"avatarId":10000064,"openConds":[],"finishConds":[{"condType":"FETTER_COND_NOT_OPEN","paramList":[]}]},{"infoBirthMonth":6,"infoBirthDay":27,"avatarNativeTextMapHash":2162789625,"avatarVisionBeforTextMapHash":2143937940,"avatarConstellationBeforTextMapHash":2170266186,"avatarTitleTextMapHash":1488134754,"avatarDetailTextMapHash":458309866,"avatarAssocType":"ASSOC_TYPE_INAZUMA","cvChineseTextMapHash":200172646,"cvJapaneseTextMapHash":2793962400,"cvEnglishTextMapHash":3006410060,"cvKoreanTextMapHash":1281330663,"avatarVisionAfterTextMapHash":2330511321,"avatarConstellationAfterTextMapHash":3203852891,"FACCLHHCDLH":182018,"ILPMLNGJHLI":1201755288,"fetterId":58600,"avatarId":10000058,"openConds":[],"finishConds":[{"condType":"FETTER_COND_NOT_OPEN","paramList":[]}]},{"infoBirthMonth":3,"infoBirthDay":26,"avatarNativeTextMapHash":3868131161,"avatarVisionBeforTextMapHash":756679372,"avatarConstellationBeforTextMapHash":3121506370,"avatarTitleTextMapHash":448523378,"avatarDetailTextMapHash":1492104922,"avatarAssocType":"ASSOC_TYPE_INAZUMA","cvChineseTextMapHash":2668474270,"cvJapaneseTextMapHash":1135869512,"cvEnglishTextMapHash":107947556,"cvKoreanTextMapHash":2443241887,"avatarVisionAfterTextMapHash":2932212113,"avatarConstellationAfterTextMapHash":2987063907,"FACCLHHCDLH":1367053962,"ILPMLNGJHLI":2474114032,"fetterId":66600,"avatarId":10000066,"openConds":[],"finishConds":[{"condType":"FETTER_COND_NOT_OPEN","paramList":[]}]},{"infoBirthMonth":4,"infoBirthDay":20,"avatarNativeTextMapHash":3107636921,"avatarVisionBeforTextMapHash":3400532572,"avatarConstellationBeforTextMapHash":1929498690,"avatarTitleTextMapHash":144441626,"avatarDetailTextMapHash":2989616018,"avatarAssocType":"ASSOC_TYPE_LIYUE","cvChineseTextMapHash":3515853070,"cvJapaneseTextMapHash":3484305312,"cvEnglishTextMapHash":225791116,"cvKoreanTextMapHash":2969110199,"avatarVisionAfterTextMapHash":1360252865,"avatarConstellationAfterTextMapHash":1424613211,"FACCLHHCDLH":3763195346,"ILPMLNGJHLI":3281808952,"fetterId":60600,"avatarId":10000060,"openConds":[],"finishConds":[{"condType":"FETTER_COND_NOT_OPEN","paramList":[]}]},{"infoBirthMonth":7,"infoBirthDay":27,"avatarNativeTextMapHash":3306526777,"avatarVisionBeforTextMapHash":689445588,"avatarConstellationBeforTextMapHash":1722980498,"avatarTitleTextMapHash":1098938354,"avatarDetailTextMapHash":1310009266,"avatarAssocType":"ASSOC_TYPE_INAZUMA","cvChineseTextMapHash":2409512318,"cvJapaneseTextMapHash":4221362976,"cvEnglishTextMapHash":248602900,"cvKoreanTextMapHash":3787552607,"avatarVisionAfterTextMapHash":2001955905,"avatarConstellationAfterTextMapHash":2265558867,"FACCLHHCDLH":2799206930,"ILPMLNGJHLI":1525990808,"fetterId":65600,"avatarId":10000065,"openConds":[],"finishConds":[{"condType":"FETTER_COND_NOT_OPEN","paramList":[]}]},{"infoBirthMonth":7,"infoBirthDay":24,"avatarNativeTextMapHash":193374057,"avatarVisionBeforTextMapHash":1778251796,"avatarConstellationBeforTextMapHash":536290178,"avatarTitleTextMapHash":4014506362,"avatarDetailTextMapHash":1643709354,"avatarAssocType":"ASSOC_TYPE_INAZUMA","cvChineseTextMapHash":3316269318,"cvJapaneseTextMapHash":3267244704,"cvEnglishTextMapHash":2861659036,"cvKoreanTextMapHash":2667157559,"avatarVisionAfterTextMapHash":1395432457,"avatarConstellationAfterTextMapHash":843597763,"FACCLHHCDLH":428859770,"ILPMLNGJHLI":3576490936,"fetterId":59600,"avatarId":10000059,"openConds":[],"finishConds":[{"condType":"FETTER_COND_NOT_OPEN","paramList":[]}]},{"infoBirthMonth":12,"infoBirthDay":29,"avatarNativeTextMapHash":609106153,"avatarVisionBeforTextMapHash":2161032364,"avatarConstellationBeforTextMapHash":18086514,"avatarTitleTextMapHash":3265594242,"avatarDetailTextMapHash":3478695082,"avatarAssocType":"ASSOC_TYPE_SUMERU","cvChineseTextMapHash":2107867734,"cvJapaneseTextMapHash":2237722088,"cvEnglishTextMapHash":3536581588,"cvKoreanTextMapHash":1817820311,"avatarVisionAfterTextMapHash":488863433,"avatarConstellationAfterTextMapHash":647317707,"FACCLHHCDLH":1904260938,"ILPMLNGJHLI":1553961784,"fetterId":69600,"avatarId":10000069,"openConds":[],"finishConds":[{"condType":"FETTER_COND_NOT_OPEN","paramList":[]}]},{"infoBirthMonth":5,"infoBirthDay":8,"avatarNativeTextMapHash":3683659841,"avatarVisionBeforTextMapHash":4017448612,"avatarConstellationBeforTextMapHash":1135583386,"avatarTitleTextMapHash":3714185090,"avatarDetailTextMapHash":473409506,"avatarAssocType":"ASSOC_TYPE_SUMERU","cvChineseTextMapHash":2768326286,"cvJapaneseTextMapHash":201641504,"cvEnglishTextMapHash":325369020,"cvKoreanTextMapHash":1313657191,"avatarVisionAfterTextMapHash":2697108833,"avatarConstellationAfterTextMapHash":930441339,"FACCLHHCDLH":3206584826,"ILPMLNGJHLI":4230835400,"fetterId":67600,"avatarId":10000067,"openConds":[],"finishConds":[{"condType":"FETTER_COND_NOT_OPEN","paramList":[]}]},{"infoBirthMonth":12,"infoBirthDay":21,"avatarNativeTextMapHash":3940327097,"avatarVisionBeforTextMapHash":1843086100,"avatarConstellationBeforTextMapHash":3012601882,"avatarTitleTextMapHash":3848819674,"avatarDetailTextMapHash":1490694082,"avatarAssocType":"ASSOC_TYPE_SUMERU","cvChineseTextMapHash":3797410094,"cvJapaneseTextMapHash":673006928,"cvEnglishTextMapHash":1121107132,"cvKoreanTextMapHash":598685287,"avatarVisionAfterTextMapHash":432178697,"avatarConstellationAfterTextMapHash":2229594011,"FACCLHHCDLH":229658114,"ILPMLNGJHLI":1909131408,"fetterId":68600,"avatarId":10000068,"openConds":[],"finishConds":[{"condType":"FETTER_COND_NOT_OPEN","paramList":[]}]},{"infoBirthMonth":12,"infoBirthDay":3,"avatarNativeTextMapHash":2136998417,"avatarVisionBeforTextMapHash":483165900,"avatarConstellationBeforTextMapHash":4233109642,"avatarTitleTextMapHash":2558588218,"avatarDetailTextMapHash":3517922962,"avatarAssocType":"ASSOC_TYPE_SUMERU","cvChineseTextMapHash":1034330350,"cvJapaneseTextMapHash":2850202184,"cvEnglishTextMapHash":578824684,"cvKoreanTextMapHash":973556295,"avatarVisionAfterTextMapHash":2803900457,"avatarConstellationAfterTextMapHash":1572050475,"FACCLHHCDLH":2492539114,"ILPMLNGJHLI":250808280,"fetterId":70600,"avatarId":10000070,"openConds":[],"finishConds":[{"condType":"FETTER_COND_NOT_OPEN","paramList":[]}]},{"infoBirthMonth":6,"infoBirthDay":23,"avatarNativeTextMapHash":1402968689,"avatarVisionBeforTextMapHash":1072755468,"avatarConstellationBeforTextMapHash":2651954010,"avatarTitleTextMapHash":3695276266,"avatarDetailTextMapHash":3565246018,"avatarAssocType":"ASSOC_TYPE_SUMERU","cvChineseTextMapHash":842028830,"cvJapaneseTextMapHash":4131341896,"cvEnglishTextMapHash":2600897892,"cvKoreanTextMapHash":917013751,"avatarVisionAfterTextMapHash":2071410321,"avatarConstellationAfterTextMapHash":2791041171,"FACCLHHCDLH":3352059562,"ILPMLNGJHLI":4060290960,"fetterId":71600,"avatarId":10000071,"openConds":[],"finishConds":[{"condType":"FETTER_COND_NOT_OPEN","paramList":[]}]},{"infoBirthMonth":5,"infoBirthDay":3,"avatarNativeTextMapHash":1037867201,"avatarVisionBeforTextMapHash":3228108484,"avatarConstellationBeforTextMapHash":1078252442,"avatarTitleTextMapHash":260307914,"avatarDetailTextMapHash":1266475946,"avatarAssocType":"ASSOC_TYPE_SUMERU","cvChineseTextMapHash":1888280046,"cvJapaneseTextMapHash":1004041320,"cvEnglishTextMapHash":2409911636,"cvKoreanTextMapHash":2721876559,"avatarVisionAfterTextMapHash":2320032129,"avatarConstellationAfterTextMapHash":2228487675,"FACCLHHCDLH":3328989922,"ILPMLNGJHLI":9996888,"fetterId":72600,"avatarId":10000072,"openConds":[],"finishConds":[{"condType":"FETTER_COND_NOT_OPEN","paramList":[]}]},{"infoBirthMonth":10,"infoBirthDay":27,"avatarNativeTextMapHash":1022176185,"avatarVisionBeforTextMapHash":1847176908,"avatarConstellationBeforTextMapHash":3107413186,"avatarTitleTextMapHash":1137340338,"avatarDetailTextMapHash":2412105602,"avatarAssocType":"ASSOC_TYPE_SUMERU","cvChineseTextMapHash":552185750,"cvJapaneseTextMapHash":2973516840,"cvEnglishTextMapHash":2754808964,"cvKoreanTextMapHash":4188248303,"avatarVisionAfterTextMapHash":2239640617,"avatarConstellationAfterTextMapHash":3999086403,"FACCLHHCDLH":3517338538,"ILPMLNGJHLI":1312247808,"fetterId":73600,"avatarId":10000073,"openConds":[],"finishConds":[{"condType":"FETTER_COND_AVATAR_LEVEL","paramList":[1]}]},{"infoBirthMonth":12,"infoBirthDay":19,"avatarNativeTextMapHash":329987473,"avatarVisionBeforTextMapHash":3310700468,"avatarConstellationBeforTextMapHash":4213464010,"avatarTitleTextMapHash":3090378778,"avatarDetailTextMapHash":2237383218,"avatarAssocType":"ASSOC_TYPE_SUMERU","cvChineseTextMapHash":2048973342,"cvJapaneseTextMapHash":3341347776,"cvEnglishTextMapHash":220491468,"cvKoreanTextMapHash":1396309311,"avatarVisionAfterTextMapHash":1278207713,"avatarConstellationAfterTextMapHash":2425662555,"FACCLHHCDLH":16426098,"ILPMLNGJHLI":212707488,"fetterId":74600,"avatarId":10000074,"openConds":[],"finishConds":[{"condType":"FETTER_COND_NOT_OPEN","paramList":[]}]},{"infoBirthMonth":1,"infoBirthDay":3,"avatarNativeTextMapHash":672517425,"avatarVisionBeforTextMapHash":2485715868,"avatarConstellationBeforTextMapHash":2549749394,"avatarTitleTextMapHash":3790608850,"avatarDetailTextMapHash":3954453410,"avatarAssocType":"ASSOC_TYPE_SUMERU","cvChineseTextMapHash":630337230,"cvJapaneseTextMapHash":3262932968,"cvEnglishTextMapHash":1920018716,"cvKoreanTextMapHash":3493037495,"avatarVisionAfterTextMapHash":581746209,"avatarConstellationAfterTextMapHash":1949628451,"FACCLHHCDLH":3143560970,"ILPMLNGJHLI":3137316592,"fetterId":75600,"avatarId":10000075,"openConds":[],"finishConds":[{"condType":"FETTER_COND_NOT_OPEN","paramList":[]}]},{"infoBirthMonth":8,"infoBirthDay":20,"avatarNativeTextMapHash":218331129,"avatarVisionBeforTextMapHash":296824772,"avatarConstellationBeforTextMapHash":3178353930,"avatarTitleTextMapHash":2857055778,"avatarDetailTextMapHash":3768390994,"avatarAssocType":"ASSOC_TYPE_SUMERU","cvChineseTextMapHash":2438790894,"cvJapaneseTextMapHash":2248744704,"cvEnglishTextMapHash":2151331996,"cvKoreanTextMapHash":1387966575,"avatarVisionAfterTextMapHash":1557386273,"avatarConstellationAfterTextMapHash":3383210155,"FACCLHHCDLH":3249421794,"ILPMLNGJHLI":1757404288,"fetterId":76600,"avatarId":10000076,"openConds":[],"finishConds":[{"condType":"FETTER_COND_NOT_OPEN","paramList":[]}]},{"infoBirthMonth":2,"infoBirthDay":11,"avatarNativeTextMapHash":1874945657,"avatarVisionBeforTextMapHash":3790078868,"avatarConstellationBeforTextMapHash":3211479602,"avatarTitleTextMapHash":1747432458,"avatarDetailTextMapHash":1285637210,"avatarAssocType":"ASSOC_TYPE_SUMERU","cvChineseTextMapHash":2510192286,"cvJapaneseTextMapHash":974189808,"cvEnglishTextMapHash":694204716,"cvKoreanTextMapHash":1048768247,"avatarVisionAfterTextMapHash":2263146353,"avatarConstellationAfterTextMapHash":2757789923,"FACCLHHCDLH":3853784290,"ILPMLNGJHLI":692510816,"fetterId":78600,"avatarId":10000078,"openConds":[],"finishConds":[{"condType":"FETTER_COND_NOT_OPEN","paramList":[]}]},{"infoBirthMonth":3,"infoBirthDay":6,"avatarNativeTextMapHash":3131758945,"avatarVisionBeforTextMapHash":2196844884,"avatarConstellationBeforTextMapHash":2612702186,"avatarTitleTextMapHash":4049421714,"avatarDetailTextMapHash":945268338,"avatarAssocType":"ASSOC_TYPE_LIYUE","cvChineseTextMapHash":1056737670,"cvJapaneseTextMapHash":4014441608,"cvEnglishTextMapHash":3003270908,"cvKoreanTextMapHash":3944947359,"avatarVisionAfterTextMapHash":47990377,"avatarConstellationAfterTextMapHash":3791803347,"FACCLHHCDLH":2178684362,"ILPMLNGJHLI":2528843464,"fetterId":77600,"avatarId":10000077,"openConds":[],"finishConds":[{"condType":"FETTER_COND_NOT_OPEN","paramList":[]}]},{"infoBirthMonth":4,"infoBirthDay":7,"avatarNativeTextMapHash":3915336713,"avatarVisionBeforTextMapHash":1720193036,"avatarConstellationBeforTextMapHash":2948453418,"avatarTitleTextMapHash":1079010306,"avatarDetailTextMapHash":1487639730,"avatarAssocType":"ASSOC_TYPE_SUMERU","cvChineseTextMapHash":3954004070,"cvJapaneseTextMapHash":3391811664,"cvEnglishTextMapHash":1147319956,"cvKoreanTextMapHash":1226626351,"avatarVisionAfterTextMapHash":1476165449,"avatarConstellationAfterTextMapHash":3736403947,"FACCLHHCDLH":4248163026,"ILPMLNGJHLI":3376736240,"fetterId":79600,"avatarId":10000079,"openConds":[],"finishConds":[{"condType":"FETTER_COND_NOT_OPEN","paramList":[]}]},{"infoBirthMonth":8,"infoBirthDay":11,"avatarNativeTextMapHash":2043902721,"avatarVisionBeforTextMapHash":1295625244,"avatarConstellationBeforTextMapHash":792782874,"avatarTitleTextMapHash":3144322938,"avatarDetailTextMapHash":2734451114,"avatarAssocType":"ASSOC_TYPE_MONDSTADT","cvChineseTextMapHash":2995002326,"cvJapaneseTextMapHash":708799776,"cvEnglishTextMapHash":3060244500,"cvKoreanTextMapHash":2410653255,"avatarVisionAfterTextMapHash":2722136921,"avatarConstellationAfterTextMapHash":1919959643,"FACCLHHCDLH":1653115202,"ILPMLNGJHLI":1137105328,"fetterId":80600,"avatarId":10000080,"openConds":[],"finishConds":[{"condType":"FETTER_COND_NOT_OPEN","paramList":[]}]},{"infoBirthMonth":4,"infoBirthDay":25,"avatarNativeTextMapHash":1371436473,"avatarVisionBeforTextMapHash":302902244,"avatarConstellationBeforTextMapHash":1283071826,"avatarTitleTextMapHash":3839498106,"avatarDetailTextMapHash":3584266538,"avatarAssocType":"ASSOC_TYPE_LIYUE","cvChineseTextMapHash":3018580542,"cvJapaneseTextMapHash":3796478048,"cvEnglishTextMapHash":2052519700,"cvKoreanTextMapHash":1270019695,"avatarVisionAfterTextMapHash":871804721,"avatarConstellationAfterTextMapHash":2368317523,"FACCLHHCDLH":1407699202,"ILPMLNGJHLI":3456405544,"fetterId":82600,"avatarId":10000082,"openConds":[],"finishConds":[{"condType":"FETTER_COND_NOT_OPEN","paramList":[]}]},{"infoBirthMonth":7,"infoBirthDay":9,"avatarNativeTextMapHash":4196831209,"avatarVisionBeforTextMapHash":2596397668,"avatarConstellationBeforTextMapHash":1259949786,"avatarTitleTextMapHash":18885306,"avatarDetailTextMapHash":477218418,"avatarAssocType":"ASSOC_TYPE_SUMERU","cvChineseTextMapHash":1039834990,"cvJapaneseTextMapHash":1182342256,"cvEnglishTextMapHash":3769388124,"cvKoreanTextMapHash":3452014007,"avatarVisionAfterTextMapHash":3685338753,"avatarConstellationAfterTextMapHash":2891336083,"FACCLHHCDLH":4184135658,"ILPMLNGJHLI":2841398600,"fetterId":81600,"avatarId":10000081,"openConds":[],"finishConds":[{"condType":"FETTER_COND_NOT_OPEN","paramList":[]}]},{"infoBirthMonth":1,"infoBirthDay":22,"avatarNativeTextMapHash":1542258465,"avatarVisionBeforTextMapHash":2084699444,"avatarConstellationBeforTextMapHash":1610912066,"avatarTitleTextMapHash":3294635634,"avatarDetailTextMapHash":882707162,"avatarAssocType":"ASSOC_TYPE_INAZUMA","cvChineseTextMapHash":223495054,"cvJapaneseTextMapHash":2692019064,"cvEnglishTextMapHash":3257056228,"cvKoreanTextMapHash":418504743,"avatarVisionAfterTextMapHash":3259184641,"avatarConstellationAfterTextMapHash":1922716547,"FACCLHHCDLH":3272647706,"ILPMLNGJHLI":1938766776,"fetterId":61600,"avatarId":10000061,"openConds":[],"finishConds":[{"condType":"FETTER_COND_NOT_OPEN","paramList":[]}]},{"infoBirthMonth":2,"infoBirthDay":2,"avatarNativeTextMapHash":3391825985,"avatarVisionBeforTextMapHash":413121884,"avatarConstellationBeforTextMapHash":2699749050,"avatarTitleTextMapHash":1298389802,"avatarDetailTextMapHash":3474221690,"avatarAssocType":"ASSOC_TYPE_FONTAINE","cvChineseTextMapHash":4146533574,"cvJapaneseTextMapHash":587136824,"cvEnglishTextMapHash":1578016860,"cvKoreanTextMapHash":3914694959,"avatarVisionAfterTextMapHash":2945525681,"avatarConstellationAfterTextMapHash":2706910523,"FACCLHHCDLH":1469023698,"ILPMLNGJHLI":3531058904,"fetterId":84600,"avatarId":10000084,"openConds":[],"finishConds":[{"condType":"FETTER_COND_NOT_OPEN","paramList":[]}]},{"infoBirthMonth":2,"infoBirthDay":2,"avatarNativeTextMapHash":3277831097,"avatarVisionBeforTextMapHash":2599845212,"avatarConstellationBeforTextMapHash":42240306,"avatarTitleTextMapHash":1033214146,"avatarDetailTextMapHash":2276870554,"avatarAssocType":"ASSOC_TYPE_FONTAINE","cvChineseTextMapHash":851990838,"cvJapaneseTextMapHash":2470048296,"cvEnglishTextMapHash":3631211396,"cvKoreanTextMapHash":3864832511,"avatarVisionAfterTextMapHash":3381109377,"avatarConstellationAfterTextMapHash":3168848315,"FACCLHHCDLH":1459554010,"ILPMLNGJHLI":1683986536,"fetterId":83600,"avatarId":10000083,"openConds":[],"finishConds":[{"condType":"FETTER_COND_NOT_OPEN","paramList":[]}]},{"infoBirthMonth":9,"infoBirthDay":24,"avatarNativeTextMapHash":2748698681,"avatarVisionBeforTextMapHash":2379581852,"avatarConstellationBeforTextMapHash":850970138,"avatarTitleTextMapHash":3824251530,"avatarDetailTextMapHash":2878178530,"avatarAssocType":"ASSOC_TYPE_FONTAINE","cvChineseTextMapHash":1748342318,"cvJapaneseTextMapHash":558999088,"cvEnglishTextMapHash":2819256924,"cvKoreanTextMapHash":404035207,"avatarVisionAfterTextMapHash":1041387777,"avatarConstellationAfterTextMapHash":3879680403,"FACCLHHCDLH":4000601530,"ILPMLNGJHLI":1277702200,"fetterId":85600,"avatarId":10000085,"openConds":[],"finishConds":[{"condType":"FETTER_COND_NOT_OPEN","paramList":[]}]},{"infoBirthMonth":12,"infoBirthDay":18,"avatarNativeTextMapHash":1846030865,"avatarVisionBeforTextMapHash":524891220,"avatarConstellationBeforTextMapHash":3286900818,"avatarTitleTextMapHash":129466210,"avatarDetailTextMapHash":3392552986,"avatarAssocType":"ASSOC_TYPE_FONTAINE","cvChineseTextMapHash":766917302,"cvJapaneseTextMapHash":4115082936,"cvEnglishTextMapHash":1370771460,"cvKoreanTextMapHash":706784415,"avatarVisionAfterTextMapHash":2047555449,"avatarConstellationAfterTextMapHash":1525610219,"FACCLHHCDLH":923454994,"ILPMLNGJHLI":4194541152,"fetterId":87600,"avatarId":10000087,"openConds":[],"finishConds":[{"condType":"FETTER_COND_FINISH_QUEST","paramList":[401906]}]},{"infoBirthMonth":11,"infoBirthDay":23,"avatarNativeTextMapHash":2159068001,"avatarVisionBeforTextMapHash":5532,"avatarConstellationBeforTextMapHash":1541133810,"avatarTitleTextMapHash":1614804522,"avatarDetailTextMapHash":1595742610,"avatarAssocType":"ASSOC_TYPE_FONTAINE","cvChineseTextMapHash":4018002582,"cvJapaneseTextMapHash":136095792,"cvEnglishTextMapHash":2090362484,"cvKoreanTextMapHash":2957578959,"avatarVisionAfterTextMapHash":2362211441,"avatarConstellationAfterTextMapHash":1410843219,"FACCLHHCDLH":639897322,"ILPMLNGJHLI":199541904,"fetterId":86600,"avatarId":10000086,"openConds":[],"finishConds":[{"condType":"FETTER_COND_NOT_OPEN","paramList":[]}]},{"infoBirthMonth":10,"infoBirthDay":13,"avatarNativeTextMapHash":2156420105,"avatarVisionBeforTextMapHash":362824036,"avatarConstellationBeforTextMapHash":3172443770,"avatarTitleTextMapHash":1998143314,"avatarDetailTextMapHash":3897247930,"avatarAssocType":"ASSOC_TYPE_FONTAINE","cvChineseTextMapHash":2843738366,"cvJapaneseTextMapHash":1022992704,"cvEnglishTextMapHash":1880686964,"cvKoreanTextMapHash":707842223,"avatarVisionAfterTextMapHash":1807841793,"avatarConstellationAfterTextMapHash":353431851,"FACCLHHCDLH":1691740442,"ILPMLNGJHLI":3440757512,"fetterId":89600,"avatarId":10000089,"openConds":[],"finishConds":[{"condType":"FETTER_COND_FINISH_QUEST","paramList":[1401209]}]},{"infoBirthMonth":4,"infoBirthDay":10,"avatarNativeTextMapHash":913098609,"avatarVisionBeforTextMapHash":1758361724,"avatarConstellationBeforTextMapHash":2161973858,"avatarTitleTextMapHash":1693018890,"avatarDetailTextMapHash":3083904506,"avatarAssocType":"ASSOC_TYPE_FONTAINE","cvChineseTextMapHash":2958650934,"cvJapaneseTextMapHash":2509122128,"cvEnglishTextMapHash":1141696676,"cvKoreanTextMapHash":1455505759,"avatarVisionAfterTextMapHash":53003825,"avatarConstellationAfterTextMapHash":1158593283,"FACCLHHCDLH":1444268562,"ILPMLNGJHLI":1518900080,"fetterId":88600,"avatarId":10000088,"openConds":[],"finishConds":[{"condType":"FETTER_COND_NOT_OPEN","paramList":[]}]},{"infoBirthMonth":8,"infoBirthDay":16,"avatarNativeTextMapHash":1823436737,"avatarVisionBeforTextMapHash":187624284,"avatarConstellationBeforTextMapHash":785421794,"avatarTitleTextMapHash":2673266866,"avatarDetailTextMapHash":3521032186,"avatarAssocType":"ASSOC_TYPE_FONTAINE","cvChineseTextMapHash":761553894,"cvJapaneseTextMapHash":495098840,"cvEnglishTextMapHash":1777724812,"cvKoreanTextMapHash":2718641023,"avatarVisionAfterTextMapHash":2666130449,"avatarConstellationAfterTextMapHash":2497274579,"FACCLHHCDLH":3524742858,"ILPMLNGJHLI":3074822128,"fetterId":91600,"avatarId":10000091,"openConds":[],"finishConds":[{"condType":"FETTER_COND_NOT_OPEN","paramList":[]}]},{"infoBirthMonth":1,"infoBirthDay":10,"avatarNativeTextMapHash":1786148945,"avatarVisionBeforTextMapHash":1477821100,"avatarConstellationBeforTextMapHash":2735454538,"avatarTitleTextMapHash":2576986026,"avatarDetailTextMapHash":3863752658,"avatarAssocType":"ASSOC_TYPE_FONTAINE","cvChineseTextMapHash":4079209518,"cvJapaneseTextMapHash":3694319824,"cvEnglishTextMapHash":3057584764,"cvKoreanTextMapHash":411130439,"avatarVisionAfterTextMapHash":1630200041,"avatarConstellationAfterTextMapHash":2534594635,"FACCLHHCDLH":1556313954,"ILPMLNGJHLI":2325357464,"fetterId":90600,"avatarId":10000090,"openConds":[],"finishConds":[{"condType":"FETTER_COND_NOT_OPEN","paramList":[]}]},{"infoBirthMonth":4,"infoBirthDay":11,"avatarNativeTextMapHash":3322899601,"avatarVisionBeforTextMapHash":858902540,"avatarConstellationBeforTextMapHash":2514371570,"avatarTitleTextMapHash":952438522,"avatarDetailTextMapHash":2183158842,"avatarAssocType":"ASSOC_TYPE_LIYUE","cvChineseTextMapHash":1301612494,"cvJapaneseTextMapHash":735775416,"cvEnglishTextMapHash":1677629420,"cvKoreanTextMapHash":1979587887,"avatarVisionAfterTextMapHash":866860777,"avatarConstellationAfterTextMapHash":2715194347,"FACCLHHCDLH":3914774458,"ILPMLNGJHLI":1535960648,"fetterId":93600,"avatarId":10000093,"openConds":[],"finishConds":[{"condType":"FETTER_COND_NOT_OPEN","paramList":[]}]},{"infoBirthMonth":12,"infoBirthDay":22,"avatarNativeTextMapHash":106208633,"avatarVisionBeforTextMapHash":975256724,"avatarConstellationBeforTextMapHash":2892332658,"avatarTitleTextMapHash":366162906,"avatarDetailTextMapHash":2194925506,"avatarAssocType":"ASSOC_TYPE_LIYUE","cvChineseTextMapHash":181948150,"cvJapaneseTextMapHash":1786130768,"cvEnglishTextMapHash":3062577956,"cvKoreanTextMapHash":2289102503,"avatarVisionAfterTextMapHash":1968852865,"avatarConstellationAfterTextMapHash":2335932723,"FACCLHHCDLH":3902984946,"ILPMLNGJHLI":3803067480,"fetterId":92600,"avatarId":10000092,"openConds":[],"finishConds":[{"condType":"FETTER_COND_NOT_OPEN","paramList":[]}]},{"infoBirthMonth":8,"infoBirthDay":17,"avatarNativeTextMapHash":375107489,"avatarVisionBeforTextMapHash":2419273932,"avatarConstellationBeforTextMapHash":3871564042,"avatarTitleTextMapHash":2878325034,"avatarDetailTextMapHash":2527476874,"avatarAssocType":"ASSOC_TYPE_INAZUMA","cvChineseTextMapHash":1629902998,"cvJapaneseTextMapHash":568431904,"cvEnglishTextMapHash":424333836,"cvKoreanTextMapHash":2285185639,"avatarVisionAfterTextMapHash":1498774393,"avatarConstellationAfterTextMapHash":1943153363,"FACCLHHCDLH":4165422570,"ILPMLNGJHLI":50126800,"fetterId":94600,"avatarId":10000094,"openConds":[],"finishConds":[{"condType":"FETTER_COND_NOT_OPEN","paramList":[]}]},{"infoBirthMonth":8,"infoBirthDay":22,"avatarNativeTextMapHash":2994119017,"avatarVisionBeforTextMapHash":1907938868,"avatarConstellationBeforTextMapHash":3841193010,"avatarTitleTextMapHash":3049476050,"avatarDetailTextMapHash":348922594,"avatarAssocType":"ASSOC_TYPE_FATUI","cvChineseTextMapHash":1652820710,"cvJapaneseTextMapHash":1567433064,"cvEnglishTextMapHash":2075602708,"cvKoreanTextMapHash":3511245199,"avatarVisionAfterTextMapHash":2406162233,"avatarConstellationAfterTextMapHash":4179232251,"FACCLHHCDLH":2693433394,"ILPMLNGJHLI":3058838936,"fetterId":96600,"avatarId":10000096,"openConds":[],"finishConds":[{"condType":"FETTER_COND_NOT_OPEN","paramList":[]}]}]