{"10000002":{"avatarTitleTextMapHash":3614785250,"infoBirthMonth":9,"avatarAssocType":"ASSOC_TYPE_INAZUMA","cvKoreanTextMapHash":825575327,"cvChineseTextMapHash":727576102,"avatarDetailTextMapHash":4223738138,"avatarConstellationBeforTextMapHash":2735576330,"PJIIOILAEGO":3690673200,"EBHPHHDNMOM":1706132810,"avatarVisionBeforTextMapHash":3057990932,"cvEnglishTextMapHash":431619300,"infoBirthDay":28,"cvJapaneseTextMapHash":3995062768,"avatarNativeTextMapHash":1763099481,"isHiden":false,"avatarConstellationAfterTextMapHash":1033536715,"avatarVisionAfterTextMapHash":4288637793,"finishConds":[{"paramList":[],"condType":"FETTER_COND_NOT_OPEN"}],"openConds":[],"avatarId":10000002,"fetterId":101},"10000003":{"avatarTitleTextMapHash":1200647962,"infoBirthMonth":3,"avatarAssocType":"ASSOC_TYPE_MONDSTADT","cvKoreanTextMapHash":446794071,"cvChineseTextMapHash":392436190,"avatarDetailTextMapHash":1963658218,"avatarConstellationBeforTextMapHash":201010258,"PJIIOILAEGO":2517633056,"EBHPHHDNMOM":3459513866,"avatarVisionBeforTextMapHash":467004516,"cvEnglishTextMapHash":91808668,"infoBirthDay":14,"cvJapaneseTextMapHash":1712871456,"avatarNativeTextMapHash":2100503169,"isHiden":false,"avatarConstellationAfterTextMapHash":144282507,"avatarVisionAfterTextMapHash":1453458049,"finishConds":[{"paramList":[],"condType":"FETTER_COND_NOT_OPEN"}],"openConds":[],"avatarId":10000003,"fetterId":102},"10000005":{"avatarTitleTextMapHash":2305320866,"infoBirthMonth":0,"avatarAssocType":"ASSOC_TYPE_MAINACTOR","cvKoreanTextMapHash":986493735,"cvChineseTextMapHash":3322055142,"avatarDetailTextMapHash":1006022970,"avatarConstellationBeforTextMapHash":756242466,"PJIIOILAEGO":3774448256,"EBHPHHDNMOM":2686169482,"avatarVisionBeforTextMapHash":821712868,"cvEnglishTextMapHash":3354393428,"infoBirthDay":0,"cvJapaneseTextMapHash":1249978000,"avatarNativeTextMapHash":2022316961,"isHiden":false,"avatarConstellationAfterTextMapHash":2038622971,"avatarVisionAfterTextMapHash":955276209,"finishConds":[{"paramList":[],"condType":"FETTER_COND_NOT_OPEN"}],"openConds":[],"avatarId":10000005,"fetterId":103},"10000006":{"avatarTitleTextMapHash":3138609954,"infoBirthMonth":6,"avatarAssocType":"ASSOC_TYPE_MONDSTADT","cvKoreanTextMapHash":3288865479,"cvChineseTextMapHash":943522462,"avatarDetailTextMapHash":3571277394,"avatarConstellationBeforTextMapHash":34090282,"PJIIOILAEGO":237646104,"EBHPHHDNMOM":843711858,"avatarVisionBeforTextMapHash":2480172868,"cvEnglishTextMapHash":2422748316,"infoBirthDay":9,"cvJapaneseTextMapHash":3369294496,"avatarNativeTextMapHash":1809237489,"isHiden":false,"avatarConstellationAfterTextMapHash":3201017387,"avatarVisionAfterTextMapHash":1481798217,"finishConds":[{"paramList":[],"condType":"FETTER_COND_NOT_OPEN"}],"openConds":[],"avatarId":10000006,"fetterId":104},"10000007":{"avatarTitleTextMapHash":13422330,"infoBirthMonth":0,"avatarAssocType":"ASSOC_TYPE_MAINACTOR","cvKoreanTextMapHash":2958496231,"cvChineseTextMapHash":2084890670,"avatarDetailTextMapHash":406940522,"avatarConstellationBeforTextMapHash":816482658,"PJIIOILAEGO":2163702912,"EBHPHHDNMOM":3522231050,"avatarVisionBeforTextMapHash":471154292,"cvEnglishTextMapHash":939276444,"infoBirthDay":0,"cvJapaneseTextMapHash":2560583048,"avatarNativeTextMapHash":4064367953,"isHiden":false,"avatarConstellationAfterTextMapHash":1928056899,"avatarVisionAfterTextMapHash":2590902393,"finishConds":[{"paramList":[],"condType":"FETTER_COND_NOT_OPEN"}],"openConds":[],"avatarId":10000007,"fetterId":105},"10000014":{"avatarTitleTextMapHash":1823500338,"infoBirthMonth":7,"avatarAssocType":"ASSOC_TYPE_MONDSTADT","cvKoreanTextMapHash":11452367,"cvChineseTextMapHash":712582678,"avatarDetailTextMapHash":2573623138,"avatarConstellationBeforTextMapHash":2960169546,"PJIIOILAEGO":1170198240,"EBHPHHDNMOM":4025310946,"avatarVisionBeforTextMapHash":4022324356,"cvEnglishTextMapHash":488354068,"infoBirthDay":5,"cvJapaneseTextMapHash":3860998488,"avatarNativeTextMapHash":1304312049,"isHiden":false,"avatarConstellationAfterTextMapHash":3271630931,"avatarVisionAfterTextMapHash":1166340161,"finishConds":[{"paramList":[],"condType":"FETTER_COND_NOT_OPEN"}],"openConds":[],"avatarId":10000014,"fetterId":106},"10000015":{"avatarTitleTextMapHash":1785544946,"infoBirthMonth":11,"avatarAssocType":"ASSOC_TYPE_MONDSTADT","cvKoreanTextMapHash":1747324815,"cvChineseTextMapHash":2863915758,"avatarDetailTextMapHash":1365496954,"avatarConstellationBeforTextMapHash":1247404986,"PJIIOILAEGO":3344490616,"EBHPHHDNMOM":2879861602,"avatarVisionBeforTextMapHash":4220569804,"cvEnglishTextMapHash":4279338324,"infoBirthDay":30,"cvJapaneseTextMapHash":3911672888,"avatarNativeTextMapHash":2536425521,"isHiden":false,"avatarConstellationAfterTextMapHash":2979025659,"avatarVisionAfterTextMapHash":2469020049,"finishConds":[{"paramList":[],"condType":"FETTER_COND_NOT_OPEN"}],"openConds":[],"avatarId":10000015,"fetterId":107},"10000016":{"avatarTitleTextMapHash":2612198306,"infoBirthMonth":4,"avatarAssocType":"ASSOC_TYPE_MONDSTADT","cvKoreanTextMapHash":1879319503,"cvChineseTextMapHash":3191430790,"avatarDetailTextMapHash":4246347802,"avatarConstellationBeforTextMapHash":2314116250,"PJIIOILAEGO":3799992536,"EBHPHHDNMOM":2132002266,"avatarVisionBeforTextMapHash":627825788,"cvEnglishTextMapHash":2134469124,"infoBirthDay":30,"cvJapaneseTextMapHash":1865761584,"avatarNativeTextMapHash":3404250905,"isHiden":false,"avatarConstellationAfterTextMapHash":2509127315,"avatarVisionAfterTextMapHash":1443384873,"finishConds":[{"paramList":[],"condType":"FETTER_COND_NOT_OPEN"}],"openConds":[],"avatarId":10000016,"fetterId":108},"10000020":{"avatarTitleTextMapHash":2753191042,"infoBirthMonth":9,"avatarAssocType":"ASSOC_TYPE_MONDSTADT","cvKoreanTextMapHash":3496435439,"cvChineseTextMapHash":1758325142,"avatarDetailTextMapHash":2084554490,"avatarConstellationBeforTextMapHash":4052447146,"PJIIOILAEGO":589426792,"EBHPHHDNMOM":287486234,"avatarVisionBeforTextMapHash":3352621156,"cvEnglishTextMapHash":2560038812,"infoBirthDay":9,"cvJapaneseTextMapHash":3412843320,"avatarNativeTextMapHash":2122187449,"isHiden":false,"avatarConstellationAfterTextMapHash":2854774203,"avatarVisionAfterTextMapHash":2448013937,"finishConds":[{"paramList":[],"condType":"FETTER_COND_NOT_OPEN"}],"openConds":[],"avatarId":10000020,"fetterId":109},"10000021":{"avatarTitleTextMapHash":1238477178,"infoBirthMonth":8,"avatarAssocType":"ASSOC_TYPE_MONDSTADT","cvKoreanTextMapHash":3355468295,"cvChineseTextMapHash":4036914878,"avatarDetailTextMapHash":3097194818,"avatarConstellationBeforTextMapHash":1404729682,"PJIIOILAEGO":3344377064,"EBHPHHDNMOM":3117786210,"avatarVisionBeforTextMapHash":230082676,"cvEnglishTextMapHash":302898332,"infoBirthDay":10,"cvJapaneseTextMapHash":2350762192,"avatarNativeTextMapHash":2695093385,"isHiden":false,"avatarConstellationAfterTextMapHash":124975747,"avatarVisionAfterTextMapHash":2189787097,"finishConds":[{"paramList":[],"condType":"FETTER_COND_NOT_OPEN"}],"openConds":[],"avatarId":10000021,"fetterId":110},"10000022":{"avatarTitleTextMapHash":1225242490,"infoBirthMonth":6,"avatarAssocType":"ASSOC_TYPE_MONDSTADT","cvKoreanTextMapHash":4095506519,"cvChineseTextMapHash":1085193806,"avatarDetailTextMapHash":3527710554,"avatarConstellationBeforTextMapHash":2226738162,"PJIIOILAEGO":4209150520,"EBHPHHDNMOM":3963077898,"avatarVisionBeforTextMapHash":2075460644,"cvEnglishTextMapHash":1300502628,"infoBirthDay":16,"cvJapaneseTextMapHash":2801197800,"avatarNativeTextMapHash":2379846137,"isHiden":false,"avatarConstellationAfterTextMapHash":1329004531,"avatarVisionAfterTextMapHash":898621369,"finishConds":[{"paramList":[39604],"condType":"FETTER_COND_FINISH_QUEST"}],"openConds":[],"avatarId":10000022,"fetterId":111},"10000023":{"avatarTitleTextMapHash":2467527666,"infoBirthMonth":11,"avatarAssocType":"ASSOC_TYPE_LIYUE","cvKoreanTextMapHash":1742822431,"cvChineseTextMapHash":3761441798,"avatarDetailTextMapHash":3294048674,"avatarConstellationBeforTextMapHash":1451760122,"PJIIOILAEGO":2373505632,"EBHPHHDNMOM":3772910674,"avatarVisionBeforTextMapHash":1247335084,"cvEnglishTextMapHash":1147555332,"infoBirthDay":2,"cvJapaneseTextMapHash":1674112200,"avatarNativeTextMapHash":1144455177,"isHiden":false,"avatarConstellationAfterTextMapHash":2028029427,"avatarVisionAfterTextMapHash":2356735641,"finishConds":[{"paramList":[],"condType":"FETTER_COND_NOT_OPEN"}],"openConds":[],"avatarId":10000023,"fetterId":112},"10000024":{"avatarTitleTextMapHash":1152777210,"infoBirthMonth":2,"avatarAssocType":"ASSOC_TYPE_LIYUE","cvKoreanTextMapHash":636211263,"cvChineseTextMapHash":3660164550,"avatarDetailTextMapHash":3138225274,"avatarConstellationBeforTextMapHash":3853657898,"PJIIOILAEGO":1565047208,"EBHPHHDNMOM":3233464450,"avatarVisionBeforTextMapHash":4219874220,"cvEnglishTextMapHash":2562073812,"infoBirthDay":14,"cvJapaneseTextMapHash":1497735072,"avatarNativeTextMapHash":3508028969,"isHiden":false,"avatarConstellationAfterTextMapHash":4085422171,"avatarVisionAfterTextMapHash":3157737289,"finishConds":[{"paramList":[],"condType":"FETTER_COND_NOT_OPEN"}],"openConds":[],"avatarId":10000024,"fetterId":113},"10000025":{"avatarTitleTextMapHash":4067465850,"infoBirthMonth":10,"avatarAssocType":"ASSOC_TYPE_LIYUE","cvKoreanTextMapHash":3035055863,"cvChineseTextMapHash":4062177694,"avatarDetailTextMapHash":2731162298,"avatarConstellationBeforTextMapHash":2497169002,"PJIIOILAEGO":1504325904,"EBHPHHDNMOM":3832852746,"avatarVisionBeforTextMapHash":2480954540,"cvEnglishTextMapHash":2288174484,"infoBirthDay":9,"cvJapaneseTextMapHash":3662797544,"avatarNativeTextMapHash":1872514577,"isHiden":false,"avatarConstellationAfterTextMapHash":89315195,"avatarVisionAfterTextMapHash":4151243729,"finishConds":[{"paramList":[],"condType":"FETTER_COND_NOT_OPEN"}],"openConds":[],"avatarId":10000025,"fetterId":114},"10000026":{"avatarTitleTextMapHash":2182504186,"infoBirthMonth":4,"avatarAssocType":"ASSOC_TYPE_LIYUE","cvKoreanTextMapHash":3918463151,"cvChineseTextMapHash":414772070,"avatarDetailTextMapHash":1863419602,"avatarConstellationBeforTextMapHash":3401180666,"PJIIOILAEGO":2573007264,"EBHPHHDNMOM":1043167058,"avatarVisionBeforTextMapHash":550531300,"cvEnglishTextMapHash":975590796,"infoBirthDay":17,"cvJapaneseTextMapHash":2350391048,"avatarNativeTextMapHash":413877289,"isHiden":false,"avatarConstellationAfterTextMapHash":2421570635,"avatarVisionAfterTextMapHash":3648530745,"finishConds":[{"paramList":[],"condType":"FETTER_COND_NOT_OPEN"}],"openConds":[],"avatarId":10000026,"fetterId":115},"10000027":{"avatarTitleTextMapHash":1976081594,"infoBirthMonth":8,"avatarAssocType":"ASSOC_TYPE_LIYUE","cvKoreanTextMapHash":1098860927,"cvChineseTextMapHash":452718846,"avatarDetailTextMapHash":1658614834,"avatarConstellationBeforTextMapHash":20629626,"PJIIOILAEGO":4104085464,"EBHPHHDNMOM":2587680970,"avatarVisionBeforTextMapHash":1662907292,"cvEnglishTextMapHash":1993730884,"infoBirthDay":26,"cvJapaneseTextMapHash":257900264,"avatarNativeTextMapHash":218189361,"isHiden":false,"avatarConstellationAfterTextMapHash":876868723,"avatarVisionAfterTextMapHash":735278345,"finishConds":[{"paramList":[],"condType":"FETTER_COND_NOT_OPEN"}],"openConds":[],"avatarId":10000027,"fetterId":116},"10000029":{"avatarTitleTextMapHash":1897358210,"infoBirthMonth":7,"avatarAssocType":"ASSOC_TYPE_MONDSTADT","cvKoreanTextMapHash":907548199,"cvChineseTextMapHash":2371683902,"avatarDetailTextMapHash":1801721474,"avatarConstellationBeforTextMapHash":2230999650,"PJIIOILAEGO":3376049832,"EBHPHHDNMOM":530625634,"avatarVisionBeforTextMapHash":3847511308,"cvEnglishTextMapHash":718871660,"infoBirthDay":27,"cvJapaneseTextMapHash":2349322992,"avatarNativeTextMapHash":702194017,"isHiden":false,"avatarConstellationAfterTextMapHash":567731819,"avatarVisionAfterTextMapHash":3057376089,"finishConds":[{"paramList":[],"condType":"FETTER_COND_NOT_OPEN"}],"openConds":[],"avatarId":10000029,"fetterId":117},"10000030":{"avatarTitleTextMapHash":2789626970,"infoBirthMonth":12,"avatarAssocType":"ASSOC_TYPE_LIYUE","cvKoreanTextMapHash":4084646031,"cvChineseTextMapHash":1454422278,"avatarDetailTextMapHash":3237080338,"avatarConstellationBeforTextMapHash":1594094098,"PJIIOILAEGO":266760520,"EBHPHHDNMOM":1445264402,"avatarVisionBeforTextMapHash":967031460,"cvEnglishTextMapHash":3331340660,"infoBirthDay":31,"cvJapaneseTextMapHash":1183613792,"avatarNativeTextMapHash":3651078097,"isHiden":false,"avatarConstellationAfterTextMapHash":2721221067,"avatarVisionAfterTextMapHash":2507042785,"finishConds":[{"paramList":[102510],"condType":"FETTER_COND_FINISH_QUEST"}],"openConds":[],"avatarId":10000030,"fetterId":118},"10000031":{"avatarTitleTextMapHash":353285794,"infoBirthMonth":5,"avatarAssocType":"ASSOC_TYPE_MONDSTADT","cvKoreanTextMapHash":3964881647,"cvChineseTextMapHash":465986718,"avatarDetailTextMapHash":1139039362,"avatarConstellationBeforTextMapHash":2198842266,"PJIIOILAEGO":4265322256,"EBHPHHDNMOM":3061470746,"avatarVisionBeforTextMapHash":122554396,"cvEnglishTextMapHash":3640880724,"infoBirthDay":27,"cvJapaneseTextMapHash":132715032,"avatarNativeTextMapHash":2368787601,"isHiden":false,"avatarConstellationAfterTextMapHash":2276514827,"avatarVisionAfterTextMapHash":936354993,"finishConds":[{"paramList":[],"condType":"FETTER_COND_NOT_OPEN"}],"openConds":[],"avatarId":10000031,"fetterId":119},"10000032":{"avatarTitleTextMapHash":1078060234,"infoBirthMonth":2,"avatarAssocType":"ASSOC_TYPE_MONDSTADT","cvKoreanTextMapHash":681554991,"cvChineseTextMapHash":1972439622,"avatarDetailTextMapHash":1030159626,"avatarConstellationBeforTextMapHash":2225075946,"PJIIOILAEGO":816212776,"EBHPHHDNMOM":3242979482,"avatarVisionBeforTextMapHash":1740638908,"cvEnglishTextMapHash":1382070500,"infoBirthDay":29,"cvJapaneseTextMapHash":1456485512,"avatarNativeTextMapHash":1181755137,"isHiden":false,"avatarConstellationAfterTextMapHash":1091946987,"avatarVisionAfterTextMapHash":3677050081,"finishConds":[{"paramList":[],"condType":"FETTER_COND_NOT_OPEN"}],"openConds":[],"avatarId":10000032,"fetterId":120},"10000033":{"avatarTitleTextMapHash":3875370554,"infoBirthMonth":7,"avatarAssocType":"ASSOC_TYPE_FATUI","cvKoreanTextMapHash":1397738367,"cvChineseTextMapHash":4246769190,"avatarDetailTextMapHash":3593799522,"avatarConstellationBeforTextMapHash":3423950162,"PJIIOILAEGO":3943901984,"EBHPHHDNMOM":3096737186,"avatarVisionBeforTextMapHash":3646588372,"cvEnglishTextMapHash":4115005636,"infoBirthDay":20,"cvJapaneseTextMapHash":2938778568,"avatarNativeTextMapHash":3774913721,"isHiden":false,"avatarConstellationAfterTextMapHash":605778827,"avatarVisionAfterTextMapHash":2573101121,"finishConds":[{"paramList":[],"condType":"FETTER_COND_NOT_OPEN"}],"openConds":[],"avatarId":10000033,"fetterId":121},"10000034":{"avatarTitleTextMapHash":2339950258,"infoBirthMonth":3,"avatarAssocType":"ASSOC_TYPE_MONDSTADT","cvKoreanTextMapHash":2318572807,"cvChineseTextMapHash":4257440758,"avatarDetailTextMapHash":2464288834,"avatarConstellationBeforTextMapHash":808906466,"PJIIOILAEGO":2632094392,"EBHPHHDNMOM":3080175658,"avatarVisionBeforTextMapHash":3929787020,"cvEnglishTextMapHash":3349029444,"infoBirthDay":21,"cvJapaneseTextMapHash":2464221280,"avatarNativeTextMapHash":3006274177,"isHiden":false,"avatarConstellationAfterTextMapHash":1057268155,"avatarVisionAfterTextMapHash":3710640289,"finishConds":[{"paramList":[],"condType":"FETTER_COND_NOT_OPEN"}],"openConds":[],"avatarId":10000034,"fetterId":122},"10000035":{"avatarTitleTextMapHash":2560957650,"infoBirthMonth":3,"avatarAssocType":"ASSOC_TYPE_LIYUE","cvKoreanTextMapHash":3538734815,"cvChineseTextMapHash":1729369230,"avatarDetailTextMapHash":987428418,"avatarConstellationBeforTextMapHash":1580087082,"PJIIOILAEGO":2285572816,"EBHPHHDNMOM":1559151498,"avatarVisionBeforTextMapHash":1695600284,"cvEnglishTextMapHash":1881999804,"infoBirthDay":3,"cvJapaneseTextMapHash":1926245760,"avatarNativeTextMapHash":802385489,"isHiden":false,"avatarConstellationAfterTextMapHash":44381363,"avatarVisionAfterTextMapHash":262460977,"finishConds":[{"paramList":[],"condType":"FETTER_COND_NOT_OPEN"}],"openConds":[],"avatarId":10000035,"fetterId":123},"10000036":{"avatarTitleTextMapHash":2804590466,"infoBirthMonth":9,"avatarAssocType":"ASSOC_TYPE_LIYUE","cvKoreanTextMapHash":1935455199,"cvChineseTextMapHash":1413748758,"avatarDetailTextMapHash":3590770538,"avatarConstellationBeforTextMapHash":4203973938,"PJIIOILAEGO":1346954368,"EBHPHHDNMOM":1925126098,"avatarVisionBeforTextMapHash":766902996,"cvEnglishTextMapHash":3611302012,"infoBirthDay":7,"cvJapaneseTextMapHash":1317323504,"avatarNativeTextMapHash":1769238889,"isHiden":false,"avatarConstellationAfterTextMapHash":895213803,"avatarVisionAfterTextMapHash":1485672225,"finishConds":[{"paramList":[],"condType":"FETTER_COND_NOT_OPEN"}],"openConds":[],"avatarId":10000036,"fetterId":124},"10000037":{"avatarTitleTextMapHash":1902407402,"infoBirthMonth":12,"avatarAssocType":"ASSOC_TYPE_LIYUE","cvKoreanTextMapHash":1371351983,"cvChineseTextMapHash":3511999998,"avatarDetailTextMapHash":1747000882,"avatarConstellationBeforTextMapHash":3362074034,"PJIIOILAEGO":3183090808,"EBHPHHDNMOM":1022935738,"avatarVisionBeforTextMapHash":862088588,"cvEnglishTextMapHash":866868980,"infoBirthDay":2,"cvJapaneseTextMapHash":2821438752,"avatarNativeTextMapHash":3866698241,"isHiden":false,"avatarConstellationAfterTextMapHash":1513569691,"avatarVisionAfterTextMapHash":22897537,"finishConds":[{"paramList":[],"condType":"FETTER_COND_NOT_OPEN"}],"openConds":[],"avatarId":10000037,"fetterId":125},"10000038":{"avatarTitleTextMapHash":3646853002,"infoBirthMonth":9,"avatarAssocType":"ASSOC_TYPE_MONDSTADT","cvKoreanTextMapHash":1418045575,"cvChineseTextMapHash":2416424718,"avatarDetailTextMapHash":3002069946,"avatarConstellationBeforTextMapHash":4143774770,"PJIIOILAEGO":1486000232,"EBHPHHDNMOM":3312957898,"avatarVisionBeforTextMapHash":825986772,"cvEnglishTextMapHash":3188933756,"infoBirthDay":13,"cvJapaneseTextMapHash":2478938952,"avatarNativeTextMapHash":371846193,"isHiden":false,"avatarConstellationAfterTextMapHash":126964283,"avatarVisionAfterTextMapHash":3828063489,"finishConds":[{"paramList":[],"condType":"FETTER_COND_NOT_OPEN"}],"openConds":[],"avatarId":10000038,"fetterId":126},"10000039":{"avatarTitleTextMapHash":955121114,"infoBirthMonth":1,"avatarAssocType":"ASSOC_TYPE_MONDSTADT","cvKoreanTextMapHash":3207559823,"cvChineseTextMapHash":41396374,"avatarDetailTextMapHash":3267731642,"avatarConstellationBeforTextMapHash":2062356506,"PJIIOILAEGO":1156970832,"EBHPHHDNMOM":242842482,"avatarVisionBeforTextMapHash":4127670180,"cvEnglishTextMapHash":3190486524,"infoBirthDay":18,"cvJapaneseTextMapHash":4045591224,"avatarNativeTextMapHash":967464153,"isHiden":false,"avatarConstellationAfterTextMapHash":516952915,"avatarVisionAfterTextMapHash":924821409,"finishConds":[{"paramList":[],"condType":"FETTER_COND_NOT_OPEN"}],"openConds":[],"avatarId":10000039,"fetterId":127},"10000041":{"avatarTitleTextMapHash":2216682674,"infoBirthMonth":8,"avatarAssocType":"ASSOC_TYPE_MONDSTADT","cvKoreanTextMapHash":3794406463,"cvChineseTextMapHash":1441549966,"avatarDetailTextMapHash":2099446386,"avatarConstellationBeforTextMapHash":677289434,"PJIIOILAEGO":1790703360,"EBHPHHDNMOM":4221654778,"avatarVisionBeforTextMapHash":321258364,"cvEnglishTextMapHash":36373972,"infoBirthDay":31,"cvJapaneseTextMapHash":950394528,"avatarNativeTextMapHash":1827140513,"isHiden":false,"avatarConstellationAfterTextMapHash":3963245579,"avatarVisionAfterTextMapHash":735012401,"finishConds":[{"paramList":[],"condType":"FETTER_COND_NOT_OPEN"}],"openConds":[],"avatarId":10000041,"fetterId":128},"10000042":{"avatarTitleTextMapHash":3308312162,"infoBirthMonth":11,"avatarAssocType":"ASSOC_TYPE_LIYUE","cvKoreanTextMapHash":3586027263,"cvChineseTextMapHash":2566021790,"avatarDetailTextMapHash":2307865106,"avatarConstellationBeforTextMapHash":3587152074,"PJIIOILAEGO":1905310704,"EBHPHHDNMOM":316548354,"avatarVisionBeforTextMapHash":1821644548,"cvEnglishTextMapHash":276019972,"infoBirthDay":20,"cvJapaneseTextMapHash":1314550072,"avatarNativeTextMapHash":4010071745,"isHiden":false,"avatarConstellationAfterTextMapHash":1744331243,"avatarVisionAfterTextMapHash":373974425,"finishConds":[{"paramList":[],"condType":"FETTER_COND_NOT_OPEN"}],"openConds":[],"avatarId":10000042,"fetterId":129},"10000043":{"avatarTitleTextMapHash":682411194,"infoBirthMonth":11,"avatarAssocType":"ASSOC_TYPE_MONDSTADT","cvKoreanTextMapHash":3790433071,"cvChineseTextMapHash":309184414,"avatarDetailTextMapHash":4125000058,"avatarConstellationBeforTextMapHash":4244741386,"PJIIOILAEGO":1536116640,"EBHPHHDNMOM":434710650,"avatarVisionBeforTextMapHash":126875444,"cvEnglishTextMapHash":1106805724,"infoBirthDay":26,"cvJapaneseTextMapHash":777642752,"avatarNativeTextMapHash":2186025825,"isHiden":false,"avatarConstellationAfterTextMapHash":3571098147,"avatarVisionAfterTextMapHash":519928233,"finishConds":[{"paramList":[],"condType":"FETTER_COND_NOT_OPEN"}],"openConds":[],"avatarId":10000043,"fetterId":130},"10000044":{"avatarTitleTextMapHash":2007781754,"infoBirthMonth":10,"avatarAssocType":"ASSOC_TYPE_LIYUE","cvKoreanTextMapHash":2384659519,"cvChineseTextMapHash":3921936462,"avatarDetailTextMapHash":3355473986,"avatarConstellationBeforTextMapHash":4126360330,"PJIIOILAEGO":448851000,"EBHPHHDNMOM":707007002,"avatarVisionBeforTextMapHash":3105283268,"cvEnglishTextMapHash":2272456916,"infoBirthDay":16,"cvJapaneseTextMapHash":641682520,"avatarNativeTextMapHash":2939616529,"isHiden":false,"avatarConstellationAfterTextMapHash":4100226883,"avatarVisionAfterTextMapHash":3656641129,"finishConds":[{"paramList":[],"condType":"FETTER_COND_NOT_OPEN"}],"openConds":[],"avatarId":10000044,"fetterId":131},"10000045":{"avatarTitleTextMapHash":3918225546,"infoBirthMonth":1,"avatarAssocType":"ASSOC_TYPE_MONDSTADT","cvKoreanTextMapHash":2927759831,"cvChineseTextMapHash":1517505318,"avatarDetailTextMapHash":2858258162,"avatarConstellationBeforTextMapHash":3331210802,"PJIIOILAEGO":2879890864,"EBHPHHDNMOM":2464502114,"avatarVisionBeforTextMapHash":2778487532,"cvEnglishTextMapHash":1467808508,"infoBirthDay":24,"cvJapaneseTextMapHash":3445993248,"avatarNativeTextMapHash":1208431633,"isHiden":false,"avatarConstellationAfterTextMapHash":490664827,"avatarVisionAfterTextMapHash":3452454753,"finishConds":[{"paramList":[],"condType":"FETTER_COND_NOT_OPEN"}],"openConds":[],"avatarId":10000045,"fetterId":133},"10000046":{"avatarTitleTextMapHash":662587002,"infoBirthMonth":7,"avatarAssocType":"ASSOC_TYPE_LIYUE","cvKoreanTextMapHash":291020487,"cvChineseTextMapHash":3694314910,"avatarDetailTextMapHash":2488599434,"avatarConstellationBeforTextMapHash":3041688594,"PJIIOILAEGO":1330364096,"EBHPHHDNMOM":1543578802,"avatarVisionBeforTextMapHash":3112476852,"cvEnglishTextMapHash":2549651252,"infoBirthDay":15,"cvJapaneseTextMapHash":1286278240,"avatarNativeTextMapHash":3485382673,"isHiden":false,"avatarConstellationAfterTextMapHash":3861029139,"avatarVisionAfterTextMapHash":719537873,"finishConds":[{"paramList":[],"condType":"FETTER_COND_NOT_OPEN"}],"openConds":[],"avatarId":10000046,"fetterId":132},"10000047":{"avatarTitleTextMapHash":484877954,"infoBirthMonth":10,"avatarAssocType":"ASSOC_TYPE_INAZUMA","cvKoreanTextMapHash":2590010167,"cvChineseTextMapHash":2293363830,"avatarDetailTextMapHash":3202001138,"avatarConstellationBeforTextMapHash":1782640050,"PJIIOILAEGO":2974574648,"EBHPHHDNMOM":3796999538,"avatarVisionBeforTextMapHash":2477900860,"cvEnglishTextMapHash":2619878748,"infoBirthDay":29,"cvJapaneseTextMapHash":1043658088,"avatarNativeTextMapHash":3703064921,"isHiden":false,"avatarConstellationAfterTextMapHash":1697359355,"avatarVisionAfterTextMapHash":130168969,"finishConds":[{"paramList":[],"condType":"FETTER_COND_NOT_OPEN"}],"openConds":[],"avatarId":10000047,"fetterId":136},"10000048":{"avatarTitleTextMapHash":1186691770,"infoBirthMonth":7,"avatarAssocType":"ASSOC_TYPE_LIYUE","cvKoreanTextMapHash":1293912855,"cvChineseTextMapHash":2145440894,"avatarDetailTextMapHash":1570282706,"avatarConstellationBeforTextMapHash":4078029322,"PJIIOILAEGO":70481312,"EBHPHHDNMOM":1808218946,"avatarVisionBeforTextMapHash":313529204,"cvEnglishTextMapHash":2096594156,"infoBirthDay":28,"cvJapaneseTextMapHash":2814295520,"avatarNativeTextMapHash":2280863881,"isHiden":false,"avatarConstellationAfterTextMapHash":3068878723,"avatarVisionAfterTextMapHash":3214350745,"finishConds":[{"paramList":[],"condType":"FETTER_COND_NOT_OPEN"}],"openConds":[],"avatarId":10000048,"fetterId":134},"10000049":{"avatarTitleTextMapHash":422431338,"infoBirthMonth":6,"avatarAssocType":"ASSOC_TYPE_INAZUMA","cvKoreanTextMapHash":4096971807,"cvChineseTextMapHash":3824775118,"avatarDetailTextMapHash":77669938,"avatarConstellationBeforTextMapHash":1841952946,"PJIIOILAEGO":1046082232,"EBHPHHDNMOM":563824954,"avatarVisionBeforTextMapHash":1646245548,"cvEnglishTextMapHash":635183748,"infoBirthDay":21,"cvJapaneseTextMapHash":2984647568,"avatarNativeTextMapHash":235578769,"isHiden":false,"avatarConstellationAfterTextMapHash":896433771,"avatarVisionAfterTextMapHash":2034415441,"finishConds":[{"paramList":[],"condType":"FETTER_COND_NOT_OPEN"}],"openConds":[],"avatarId":10000049,"fetterId":137},"10000050":{"avatarTitleTextMapHash":2157757826,"infoBirthMonth":1,"avatarAssocType":"ASSOC_TYPE_INAZUMA","cvKoreanTextMapHash":3394774543,"cvChineseTextMapHash":720701894,"avatarDetailTextMapHash":3621848770,"avatarConstellationBeforTextMapHash":2749427906,"PJIIOILAEGO":2994130800,"EBHPHHDNMOM":2983947082,"avatarVisionBeforTextMapHash":3177381772,"cvEnglishTextMapHash":2755173740,"infoBirthDay":9,"cvJapaneseTextMapHash":1651520080,"avatarNativeTextMapHash":1486341689,"isHiden":false,"avatarConstellationAfterTextMapHash":3300759683,"avatarVisionAfterTextMapHash":1518014265,"finishConds":[{"paramList":[],"condType":"FETTER_COND_NOT_OPEN"}],"openConds":[],"avatarId":10000050,"fetterId":50600},"10000051":{"avatarTitleTextMapHash":3679187618,"infoBirthMonth":10,"avatarAssocType":"ASSOC_TYPE_MONDSTADT","cvKoreanTextMapHash":3009726871,"cvChineseTextMapHash":3297741182,"avatarDetailTextMapHash":87994090,"avatarConstellationBeforTextMapHash":2912362594,"PJIIOILAEGO":937364480,"EBHPHHDNMOM":1287108090,"avatarVisionBeforTextMapHash":98482612,"cvEnglishTextMapHash":393498596,"infoBirthDay":25,"cvJapaneseTextMapHash":3928491512,"avatarNativeTextMapHash":2081537529,"isHiden":false,"avatarConstellationAfterTextMapHash":4077826867,"avatarVisionAfterTextMapHash":2857461841,"finishConds":[{"paramList":[],"condType":"FETTER_COND_NOT_OPEN"}],"openConds":[],"avatarId":10000051,"fetterId":135},"10000052":{"avatarTitleTextMapHash":3922655010,"infoBirthMonth":6,"avatarAssocType":"ASSOC_TYPE_INAZUMA","cvKoreanTextMapHash":3031872143,"cvChineseTextMapHash":2225307798,"avatarDetailTextMapHash":1478158106,"avatarConstellationBeforTextMapHash":2211667090,"PJIIOILAEGO":3614576216,"EBHPHHDNMOM":2748948602,"avatarVisionBeforTextMapHash":2689029804,"cvEnglishTextMapHash":1088808028,"infoBirthDay":26,"cvJapaneseTextMapHash":3912819872,"avatarNativeTextMapHash":2339788961,"isHiden":false,"avatarConstellationAfterTextMapHash":3361507539,"avatarVisionAfterTextMapHash":2085306033,"finishConds":[{"paramList":[1],"condType":"FETTER_COND_AVATAR_LEVEL"}],"openConds":[],"avatarId":10000052,"fetterId":139},"10000053":{"avatarTitleTextMapHash":1757728074,"infoBirthMonth":10,"avatarAssocType":"ASSOC_TYPE_INAZUMA","cvKoreanTextMapHash":1743312703,"cvChineseTextMapHash":393118902,"avatarDetailTextMapHash":4079111402,"avatarConstellationBeforTextMapHash":3872411226,"PJIIOILAEGO":2610777688,"EBHPHHDNMOM":3694646930,"avatarVisionBeforTextMapHash":2648184060,"cvEnglishTextMapHash":3210378124,"infoBirthDay":19,"cvJapaneseTextMapHash":1556047408,"avatarNativeTextMapHash":3474733945,"isHiden":false,"avatarConstellationAfterTextMapHash":1031389603,"avatarVisionAfterTextMapHash":206259425,"finishConds":[{"paramList":[],"condType":"FETTER_COND_NOT_OPEN"}],"openConds":[],"avatarId":10000053,"fetterId":138},"10000054":{"avatarTitleTextMapHash":3706226538,"infoBirthMonth":2,"avatarAssocType":"ASSOC_TYPE_INAZUMA","cvKoreanTextMapHash":3056845727,"cvChineseTextMapHash":3905129686,"avatarDetailTextMapHash":1510500586,"avatarConstellationBeforTextMapHash":1752197778,"PJIIOILAEGO":1129842336,"EBHPHHDNMOM":2525173970,"avatarVisionBeforTextMapHash":1688473500,"cvEnglishTextMapHash":709839884,"infoBirthDay":22,"cvJapaneseTextMapHash":3525763280,"avatarNativeTextMapHash":683437921,"isHiden":false,"avatarConstellationAfterTextMapHash":718604491,"avatarVisionAfterTextMapHash":532522121,"finishConds":[{"paramList":[],"condType":"FETTER_COND_NOT_OPEN"}],"openConds":[],"avatarId":10000054,"fetterId":140},"10000055":{"avatarTitleTextMapHash":1890326034,"infoBirthMonth":5,"avatarAssocType":"ASSOC_TYPE_INAZUMA","cvKoreanTextMapHash":3333163887,"cvChineseTextMapHash":3391678678,"avatarDetailTextMapHash":194478258,"avatarConstellationBeforTextMapHash":1574145170,"PJIIOILAEGO":3203768184,"EBHPHHDNMOM":2980534154,"avatarVisionBeforTextMapHash":1016213980,"cvEnglishTextMapHash":2508657724,"infoBirthDay":18,"cvJapaneseTextMapHash":55309024,"avatarNativeTextMapHash":3031398817,"isHiden":false,"avatarConstellationAfterTextMapHash":3906648139,"avatarVisionAfterTextMapHash":2297824401,"finishConds":[{"paramList":[],"condType":"FETTER_COND_NOT_OPEN"}],"openConds":[],"avatarId":10000055,"fetterId":55600},"10000056":{"avatarTitleTextMapHash":2295939930,"infoBirthMonth":7,"avatarAssocType":"ASSOC_TYPE_INAZUMA","cvKoreanTextMapHash":666191887,"cvChineseTextMapHash":2167487798,"avatarDetailTextMapHash":3576556674,"avatarConstellationBeforTextMapHash":912981282,"PJIIOILAEGO":2517818952,"EBHPHHDNMOM":3706831450,"avatarVisionBeforTextMapHash":608089036,"cvEnglishTextMapHash":520650924,"infoBirthDay":14,"cvJapaneseTextMapHash":1441667000,"avatarNativeTextMapHash":639139097,"isHiden":false,"avatarConstellationAfterTextMapHash":3463988355,"avatarVisionAfterTextMapHash":4018363097,"finishConds":[{"paramList":[],"condType":"FETTER_COND_NOT_OPEN"}],"openConds":[],"avatarId":10000056,"fetterId":141},"10000057":{"avatarTitleTextMapHash":2604770706,"infoBirthMonth":6,"avatarAssocType":"ASSOC_TYPE_INAZUMA","cvKoreanTextMapHash":2058994895,"cvChineseTextMapHash":1899801486,"avatarDetailTextMapHash":1595289146,"avatarConstellationBeforTextMapHash":1196020994,"PJIIOILAEGO":2127793120,"EBHPHHDNMOM":2192186834,"avatarVisionBeforTextMapHash":3617274620,"cvEnglishTextMapHash":941909100,"infoBirthDay":1,"cvJapaneseTextMapHash":2882319304,"avatarNativeTextMapHash":1303956273,"isHiden":false,"avatarConstellationAfterTextMapHash":1667338307,"avatarVisionAfterTextMapHash":3467232769,"finishConds":[{"paramList":[],"condType":"FETTER_COND_NOT_OPEN"}],"openConds":[],"avatarId":10000057,"fetterId":57600},"10000058":{"avatarTitleTextMapHash":1488134754,"infoBirthMonth":6,"avatarAssocType":"ASSOC_TYPE_INAZUMA","cvKoreanTextMapHash":1281330663,"cvChineseTextMapHash":200172646,"avatarDetailTextMapHash":458309866,"avatarConstellationBeforTextMapHash":2170266186,"PJIIOILAEGO":1201755288,"EBHPHHDNMOM":182018,"avatarVisionBeforTextMapHash":2143937940,"cvEnglishTextMapHash":3006410060,"infoBirthDay":27,"cvJapaneseTextMapHash":2793962400,"avatarNativeTextMapHash":2162789625,"isHiden":false,"avatarConstellationAfterTextMapHash":3203852891,"avatarVisionAfterTextMapHash":2330511321,"finishConds":[{"paramList":[],"condType":"FETTER_COND_NOT_OPEN"}],"openConds":[],"avatarId":10000058,"fetterId":58600},"10000059":{"avatarTitleTextMapHash":4014506362,"infoBirthMonth":7,"avatarAssocType":"ASSOC_TYPE_INAZUMA","cvKoreanTextMapHash":2667157559,"cvChineseTextMapHash":3316269318,"avatarDetailTextMapHash":1643709354,"avatarConstellationBeforTextMapHash":536290178,"PJIIOILAEGO":3576490936,"EBHPHHDNMOM":428859770,"avatarVisionBeforTextMapHash":1778251796,"cvEnglishTextMapHash":2861659036,"infoBirthDay":24,"cvJapaneseTextMapHash":3267244704,"avatarNativeTextMapHash":193374057,"isHiden":false,"avatarConstellationAfterTextMapHash":843597763,"avatarVisionAfterTextMapHash":1395432457,"finishConds":[{"paramList":[],"condType":"FETTER_COND_NOT_OPEN"}],"openConds":[],"avatarId":10000059,"fetterId":59600},"10000060":{"avatarTitleTextMapHash":144441626,"infoBirthMonth":4,"avatarAssocType":"ASSOC_TYPE_LIYUE","cvKoreanTextMapHash":2969110199,"cvChineseTextMapHash":3515853070,"avatarDetailTextMapHash":2989616018,"avatarConstellationBeforTextMapHash":1929498690,"PJIIOILAEGO":3281808952,"EBHPHHDNMOM":3763195346,"avatarVisionBeforTextMapHash":3400532572,"cvEnglishTextMapHash":225791116,"infoBirthDay":20,"cvJapaneseTextMapHash":3484305312,"avatarNativeTextMapHash":3107636921,"isHiden":false,"avatarConstellationAfterTextMapHash":1424613211,"avatarVisionAfterTextMapHash":1360252865,"finishConds":[{"paramList":[],"condType":"FETTER_COND_NOT_OPEN"}],"openConds":[],"avatarId":10000060,"fetterId":60600},"10000061":{"avatarTitleTextMapHash":3294635634,"infoBirthMonth":1,"avatarAssocType":"ASSOC_TYPE_INAZUMA","cvKoreanTextMapHash":418504743,"cvChineseTextMapHash":223495054,"avatarDetailTextMapHash":882707162,"avatarConstellationBeforTextMapHash":1610912066,"PJIIOILAEGO":1938766776,"EBHPHHDNMOM":3272647706,"avatarVisionBeforTextMapHash":2084699444,"cvEnglishTextMapHash":3257056228,"infoBirthDay":22,"cvJapaneseTextMapHash":2692019064,"avatarNativeTextMapHash":1542258465,"isHiden":false,"avatarConstellationAfterTextMapHash":1922716547,"avatarVisionAfterTextMapHash":3259184641,"finishConds":[{"paramList":[],"condType":"FETTER_COND_NOT_OPEN"}],"openConds":[],"avatarId":10000061,"fetterId":61600},"10000062":{"avatarTitleTextMapHash":3657688538,"infoBirthMonth":4,"avatarAssocType":"ASSOC_TYPE_RANGER","cvKoreanTextMapHash":3219821695,"cvChineseTextMapHash":1648706814,"avatarDetailTextMapHash":2522784722,"avatarConstellationBeforTextMapHash":1620998442,"PJIIOILAEGO":1529106560,"EBHPHHDNMOM":3178906154,"avatarVisionBeforTextMapHash":1480674860,"cvEnglishTextMapHash":1615682572,"infoBirthDay":4,"cvJapaneseTextMapHash":4143563824,"avatarNativeTextMapHash":2988346225,"isHiden":false,"avatarConstellationAfterTextMapHash":2748691939,"avatarVisionAfterTextMapHash":378832241,"finishConds":[{"paramList":[],"condType":"FETTER_COND_NOT_OPEN"}],"openConds":[],"avatarId":10000062,"fetterId":142},"10000063":{"avatarTitleTextMapHash":1527983530,"infoBirthMonth":3,"avatarAssocType":"ASSOC_TYPE_LIYUE","cvKoreanTextMapHash":3537366703,"cvChineseTextMapHash":2609607934,"avatarDetailTextMapHash":1428853842,"avatarConstellationBeforTextMapHash":2040902610,"PJIIOILAEGO":2908267544,"EBHPHHDNMOM":2492610666,"avatarVisionBeforTextMapHash":2809830820,"cvEnglishTextMapHash":2662606092,"infoBirthDay":10,"cvJapaneseTextMapHash":2028468440,"avatarNativeTextMapHash":3755848081,"isHiden":false,"avatarConstellationAfterTextMapHash":1819308507,"avatarVisionAfterTextMapHash":3905457809,"finishConds":[{"paramList":[],"condType":"FETTER_COND_NOT_OPEN"}],"openConds":[],"avatarId":10000063,"fetterId":63600},"10000064":{"avatarTitleTextMapHash":1737472474,"infoBirthMonth":5,"avatarAssocType":"ASSOC_TYPE_LIYUE","cvKoreanTextMapHash":2929476623,"cvChineseTextMapHash":883286710,"avatarDetailTextMapHash":2551483266,"avatarConstellationBeforTextMapHash":3086360386,"PJIIOILAEGO":236539752,"EBHPHHDNMOM":485599842,"avatarVisionBeforTextMapHash":3219124204,"cvEnglishTextMapHash":375803180,"infoBirthDay":21,"cvJapaneseTextMapHash":117229856,"avatarNativeTextMapHash":1045159985,"isHiden":false,"avatarConstellationAfterTextMapHash":3908001795,"avatarVisionAfterTextMapHash":1258443353,"finishConds":[{"paramList":[],"condType":"FETTER_COND_NOT_OPEN"}],"openConds":[],"avatarId":10000064,"fetterId":64600},"10000065":{"avatarTitleTextMapHash":1098938354,"infoBirthMonth":7,"avatarAssocType":"ASSOC_TYPE_INAZUMA","cvKoreanTextMapHash":3787552607,"cvChineseTextMapHash":2409512318,"avatarDetailTextMapHash":1310009266,"avatarConstellationBeforTextMapHash":1722980498,"PJIIOILAEGO":1525990808,"EBHPHHDNMOM":2799206930,"avatarVisionBeforTextMapHash":689445588,"cvEnglishTextMapHash":248602900,"infoBirthDay":27,"cvJapaneseTextMapHash":4221362976,"avatarNativeTextMapHash":3306526777,"isHiden":false,"avatarConstellationAfterTextMapHash":2265558867,"avatarVisionAfterTextMapHash":2001955905,"finishConds":[{"paramList":[],"condType":"FETTER_COND_NOT_OPEN"}],"openConds":[],"avatarId":10000065,"fetterId":65600},"10000066":{"avatarTitleTextMapHash":448523378,"infoBirthMonth":3,"avatarAssocType":"ASSOC_TYPE_INAZUMA","cvKoreanTextMapHash":2443241887,"cvChineseTextMapHash":2668474270,"avatarDetailTextMapHash":1492104922,"avatarConstellationBeforTextMapHash":3121506370,"PJIIOILAEGO":2474114032,"EBHPHHDNMOM":1367053962,"avatarVisionBeforTextMapHash":756679372,"cvEnglishTextMapHash":107947556,"infoBirthDay":26,"cvJapaneseTextMapHash":1135869512,"avatarNativeTextMapHash":3868131161,"isHiden":false,"avatarConstellationAfterTextMapHash":2987063907,"avatarVisionAfterTextMapHash":2932212113,"finishConds":[{"paramList":[],"condType":"FETTER_COND_NOT_OPEN"}],"openConds":[],"avatarId":10000066,"fetterId":66600},"10000067":{"avatarTitleTextMapHash":3714185090,"infoBirthMonth":5,"avatarAssocType":"ASSOC_TYPE_SUMERU","cvKoreanTextMapHash":1313657191,"cvChineseTextMapHash":2768326286,"avatarDetailTextMapHash":473409506,"avatarConstellationBeforTextMapHash":1135583386,"PJIIOILAEGO":4230835400,"EBHPHHDNMOM":3206584826,"avatarVisionBeforTextMapHash":4017448612,"cvEnglishTextMapHash":325369020,"infoBirthDay":8,"cvJapaneseTextMapHash":201641504,"avatarNativeTextMapHash":3683659841,"isHiden":false,"avatarConstellationAfterTextMapHash":930441339,"avatarVisionAfterTextMapHash":2697108833,"finishConds":[{"paramList":[],"condType":"FETTER_COND_NOT_OPEN"}],"openConds":[],"avatarId":10000067,"fetterId":67600},"10000068":{"avatarTitleTextMapHash":3848819674,"infoBirthMonth":12,"avatarAssocType":"ASSOC_TYPE_SUMERU","cvKoreanTextMapHash":598685287,"cvChineseTextMapHash":3797410094,"avatarDetailTextMapHash":1490694082,"avatarConstellationBeforTextMapHash":3012601882,"PJIIOILAEGO":1909131408,"EBHPHHDNMOM":229658114,"avatarVisionBeforTextMapHash":1843086100,"cvEnglishTextMapHash":1121107132,"infoBirthDay":21,"cvJapaneseTextMapHash":673006928,"avatarNativeTextMapHash":3940327097,"isHiden":false,"avatarConstellationAfterTextMapHash":2229594011,"avatarVisionAfterTextMapHash":432178697,"finishConds":[{"paramList":[],"condType":"FETTER_COND_NOT_OPEN"}],"openConds":[],"avatarId":10000068,"fetterId":68600},"10000069":{"avatarTitleTextMapHash":3265594242,"infoBirthMonth":12,"avatarAssocType":"ASSOC_TYPE_SUMERU","cvKoreanTextMapHash":1817820311,"cvChineseTextMapHash":2107867734,"avatarDetailTextMapHash":3478695082,"avatarConstellationBeforTextMapHash":18086514,"PJIIOILAEGO":1553961784,"EBHPHHDNMOM":1904260938,"avatarVisionBeforTextMapHash":2161032364,"cvEnglishTextMapHash":3536581588,"infoBirthDay":29,"cvJapaneseTextMapHash":2237722088,"avatarNativeTextMapHash":609106153,"isHiden":false,"avatarConstellationAfterTextMapHash":647317707,"avatarVisionAfterTextMapHash":488863433,"finishConds":[{"paramList":[],"condType":"FETTER_COND_NOT_OPEN"}],"openConds":[],"avatarId":10000069,"fetterId":69600},"10000070":{"avatarTitleTextMapHash":2558588218,"infoBirthMonth":12,"avatarAssocType":"ASSOC_TYPE_SUMERU","cvKoreanTextMapHash":973556295,"cvChineseTextMapHash":1034330350,"avatarDetailTextMapHash":3517922962,"avatarConstellationBeforTextMapHash":4233109642,"PJIIOILAEGO":250808280,"EBHPHHDNMOM":2492539114,"avatarVisionBeforTextMapHash":483165900,"cvEnglishTextMapHash":578824684,"infoBirthDay":3,"cvJapaneseTextMapHash":2850202184,"avatarNativeTextMapHash":2136998417,"isHiden":false,"avatarConstellationAfterTextMapHash":1572050475,"avatarVisionAfterTextMapHash":2803900457,"finishConds":[{"paramList":[],"condType":"FETTER_COND_NOT_OPEN"}],"openConds":[],"avatarId":10000070,"fetterId":70600},"10000071":{"avatarTitleTextMapHash":3695276266,"infoBirthMonth":6,"avatarAssocType":"ASSOC_TYPE_SUMERU","cvKoreanTextMapHash":917013751,"cvChineseTextMapHash":842028830,"avatarDetailTextMapHash":3565246018,"avatarConstellationBeforTextMapHash":2651954010,"PJIIOILAEGO":4060290960,"EBHPHHDNMOM":3352059562,"avatarVisionBeforTextMapHash":1072755468,"cvEnglishTextMapHash":2600897892,"infoBirthDay":23,"cvJapaneseTextMapHash":4131341896,"avatarNativeTextMapHash":1402968689,"isHiden":false,"avatarConstellationAfterTextMapHash":2791041171,"avatarVisionAfterTextMapHash":2071410321,"finishConds":[{"paramList":[],"condType":"FETTER_COND_NOT_OPEN"}],"openConds":[],"avatarId":10000071,"fetterId":71600},"10000072":{"avatarTitleTextMapHash":260307914,"infoBirthMonth":5,"avatarAssocType":"ASSOC_TYPE_SUMERU","cvKoreanTextMapHash":2721876559,"cvChineseTextMapHash":1888280046,"avatarDetailTextMapHash":1266475946,"avatarConstellationBeforTextMapHash":1078252442,"PJIIOILAEGO":9996888,"EBHPHHDNMOM":3328989922,"avatarVisionBeforTextMapHash":3228108484,"cvEnglishTextMapHash":2409911636,"infoBirthDay":3,"cvJapaneseTextMapHash":1004041320,"avatarNativeTextMapHash":1037867201,"isHiden":false,"avatarConstellationAfterTextMapHash":2228487675,"avatarVisionAfterTextMapHash":2320032129,"finishConds":[{"paramList":[],"condType":"FETTER_COND_NOT_OPEN"}],"openConds":[],"avatarId":10000072,"fetterId":72600},"10000073":{"avatarTitleTextMapHash":1137340338,"infoBirthMonth":10,"avatarAssocType":"ASSOC_TYPE_SUMERU","cvKoreanTextMapHash":4188248303,"cvChineseTextMapHash":552185750,"avatarDetailTextMapHash":2412105602,"avatarConstellationBeforTextMapHash":3107413186,"PJIIOILAEGO":1312247808,"EBHPHHDNMOM":3517338538,"avatarVisionBeforTextMapHash":1847176908,"cvEnglishTextMapHash":2754808964,"infoBirthDay":27,"cvJapaneseTextMapHash":2973516840,"avatarNativeTextMapHash":1022176185,"isHiden":false,"avatarConstellationAfterTextMapHash":3999086403,"avatarVisionAfterTextMapHash":2239640617,"finishConds":[{"paramList":[1],"condType":"FETTER_COND_AVATAR_LEVEL"}],"openConds":[],"avatarId":10000073,"fetterId":73600},"10000074":{"avatarTitleTextMapHash":3090378778,"infoBirthMonth":12,"avatarAssocType":"ASSOC_TYPE_SUMERU","cvKoreanTextMapHash":1396309311,"cvChineseTextMapHash":2048973342,"avatarDetailTextMapHash":2237383218,"avatarConstellationBeforTextMapHash":4213464010,"PJIIOILAEGO":212707488,"EBHPHHDNMOM":16426098,"avatarVisionBeforTextMapHash":3310700468,"cvEnglishTextMapHash":220491468,"infoBirthDay":19,"cvJapaneseTextMapHash":3341347776,"avatarNativeTextMapHash":329987473,"isHiden":false,"avatarConstellationAfterTextMapHash":2425662555,"avatarVisionAfterTextMapHash":1278207713,"finishConds":[{"paramList":[],"condType":"FETTER_COND_NOT_OPEN"}],"openConds":[],"avatarId":10000074,"fetterId":74600},"10000075":{"avatarTitleTextMapHash":3790608850,"infoBirthMonth":1,"avatarAssocType":"ASSOC_TYPE_SUMERU","cvKoreanTextMapHash":3493037495,"cvChineseTextMapHash":630337230,"avatarDetailTextMapHash":3954453410,"avatarConstellationBeforTextMapHash":2549749394,"PJIIOILAEGO":3137316592,"EBHPHHDNMOM":3143560970,"avatarVisionBeforTextMapHash":2485715868,"cvEnglishTextMapHash":1920018716,"infoBirthDay":3,"cvJapaneseTextMapHash":3262932968,"avatarNativeTextMapHash":672517425,"isHiden":false,"avatarConstellationAfterTextMapHash":1949628451,"avatarVisionAfterTextMapHash":581746209,"finishConds":[{"paramList":[],"condType":"FETTER_COND_NOT_OPEN"}],"openConds":[],"avatarId":10000075,"fetterId":75600},"10000076":{"avatarTitleTextMapHash":2857055778,"infoBirthMonth":8,"avatarAssocType":"ASSOC_TYPE_SUMERU","cvKoreanTextMapHash":1387966575,"cvChineseTextMapHash":2438790894,"avatarDetailTextMapHash":3768390994,"avatarConstellationBeforTextMapHash":3178353930,"PJIIOILAEGO":1757404288,"EBHPHHDNMOM":3249421794,"avatarVisionBeforTextMapHash":296824772,"cvEnglishTextMapHash":2151331996,"infoBirthDay":20,"cvJapaneseTextMapHash":2248744704,"avatarNativeTextMapHash":218331129,"isHiden":false,"avatarConstellationAfterTextMapHash":3383210155,"avatarVisionAfterTextMapHash":1557386273,"finishConds":[{"paramList":[],"condType":"FETTER_COND_NOT_OPEN"}],"openConds":[],"avatarId":10000076,"fetterId":76600},"10000077":{"avatarTitleTextMapHash":4049421714,"infoBirthMonth":3,"avatarAssocType":"ASSOC_TYPE_LIYUE","cvKoreanTextMapHash":3944947359,"cvChineseTextMapHash":1056737670,"avatarDetailTextMapHash":945268338,"avatarConstellationBeforTextMapHash":2612702186,"PJIIOILAEGO":2528843464,"EBHPHHDNMOM":2178684362,"avatarVisionBeforTextMapHash":2196844884,"cvEnglishTextMapHash":3003270908,"infoBirthDay":6,"cvJapaneseTextMapHash":4014441608,"avatarNativeTextMapHash":3131758945,"isHiden":false,"avatarConstellationAfterTextMapHash":3791803347,"avatarVisionAfterTextMapHash":47990377,"finishConds":[{"paramList":[],"condType":"FETTER_COND_NOT_OPEN"}],"openConds":[],"avatarId":10000077,"fetterId":77600},"10000078":{"avatarTitleTextMapHash":1747432458,"infoBirthMonth":2,"avatarAssocType":"ASSOC_TYPE_SUMERU","cvKoreanTextMapHash":1048768247,"cvChineseTextMapHash":2510192286,"avatarDetailTextMapHash":1285637210,"avatarConstellationBeforTextMapHash":3211479602,"PJIIOILAEGO":692510816,"EBHPHHDNMOM":3853784290,"avatarVisionBeforTextMapHash":3790078868,"cvEnglishTextMapHash":694204716,"infoBirthDay":11,"cvJapaneseTextMapHash":974189808,"avatarNativeTextMapHash":1874945657,"isHiden":false,"avatarConstellationAfterTextMapHash":2757789923,"avatarVisionAfterTextMapHash":2263146353,"finishConds":[{"paramList":[],"condType":"FETTER_COND_NOT_OPEN"}],"openConds":[],"avatarId":10000078,"fetterId":78600},"10000079":{"avatarTitleTextMapHash":1079010306,"infoBirthMonth":4,"avatarAssocType":"ASSOC_TYPE_SUMERU","cvKoreanTextMapHash":1226626351,"cvChineseTextMapHash":3954004070,"avatarDetailTextMapHash":1487639730,"avatarConstellationBeforTextMapHash":2948453418,"PJIIOILAEGO":3376736240,"EBHPHHDNMOM":4248163026,"avatarVisionBeforTextMapHash":1720193036,"cvEnglishTextMapHash":1147319956,"infoBirthDay":7,"cvJapaneseTextMapHash":3391811664,"avatarNativeTextMapHash":3915336713,"isHiden":false,"avatarConstellationAfterTextMapHash":3736403947,"avatarVisionAfterTextMapHash":1476165449,"finishConds":[{"paramList":[],"condType":"FETTER_COND_NOT_OPEN"}],"openConds":[],"avatarId":10000079,"fetterId":79600},"10000080":{"avatarTitleTextMapHash":3144322938,"infoBirthMonth":8,"avatarAssocType":"ASSOC_TYPE_MONDSTADT","cvKoreanTextMapHash":2410653255,"cvChineseTextMapHash":2995002326,"avatarDetailTextMapHash":2734451114,"avatarConstellationBeforTextMapHash":792782874,"PJIIOILAEGO":1137105328,"EBHPHHDNMOM":1653115202,"avatarVisionBeforTextMapHash":1295625244,"cvEnglishTextMapHash":3060244500,"infoBirthDay":11,"cvJapaneseTextMapHash":708799776,"avatarNativeTextMapHash":2043902721,"isHiden":false,"avatarConstellationAfterTextMapHash":1919959643,"avatarVisionAfterTextMapHash":2722136921,"finishConds":[{"paramList":[],"condType":"FETTER_COND_NOT_OPEN"}],"openConds":[],"avatarId":10000080,"fetterId":80600},"10000081":{"avatarTitleTextMapHash":18885306,"infoBirthMonth":7,"avatarAssocType":"ASSOC_TYPE_SUMERU","cvKoreanTextMapHash":3452014007,"cvChineseTextMapHash":1039834990,"avatarDetailTextMapHash":477218418,"avatarConstellationBeforTextMapHash":1259949786,"PJIIOILAEGO":2841398600,"EBHPHHDNMOM":4184135658,"avatarVisionBeforTextMapHash":2596397668,"cvEnglishTextMapHash":3769388124,"infoBirthDay":9,"cvJapaneseTextMapHash":1182342256,"avatarNativeTextMapHash":4196831209,"isHiden":false,"avatarConstellationAfterTextMapHash":2891336083,"avatarVisionAfterTextMapHash":3685338753,"finishConds":[{"paramList":[],"condType":"FETTER_COND_NOT_OPEN"}],"openConds":[],"avatarId":10000081,"fetterId":81600},"10000082":{"avatarTitleTextMapHash":3839498106,"infoBirthMonth":4,"avatarAssocType":"ASSOC_TYPE_LIYUE","cvKoreanTextMapHash":1270019695,"cvChineseTextMapHash":3018580542,"avatarDetailTextMapHash":3584266538,"avatarConstellationBeforTextMapHash":1283071826,"PJIIOILAEGO":3456405544,"EBHPHHDNMOM":1407699202,"avatarVisionBeforTextMapHash":302902244,"cvEnglishTextMapHash":2052519700,"infoBirthDay":25,"cvJapaneseTextMapHash":3796478048,"avatarNativeTextMapHash":1371436473,"isHiden":false,"avatarConstellationAfterTextMapHash":2368317523,"avatarVisionAfterTextMapHash":871804721,"finishConds":[{"paramList":[],"condType":"FETTER_COND_NOT_OPEN"}],"openConds":[],"avatarId":10000082,"fetterId":82600},"10000083":{"avatarTitleTextMapHash":1033214146,"infoBirthMonth":2,"avatarAssocType":"ASSOC_TYPE_FONTAINE","cvKoreanTextMapHash":3864832511,"cvChineseTextMapHash":851990838,"avatarDetailTextMapHash":2276870554,"avatarConstellationBeforTextMapHash":42240306,"PJIIOILAEGO":1683986536,"EBHPHHDNMOM":1459554010,"avatarVisionBeforTextMapHash":2599845212,"cvEnglishTextMapHash":3631211396,"infoBirthDay":2,"cvJapaneseTextMapHash":2470048296,"avatarNativeTextMapHash":3277831097,"isHiden":false,"avatarConstellationAfterTextMapHash":3168848315,"avatarVisionAfterTextMapHash":3381109377,"finishConds":[{"paramList":[],"condType":"FETTER_COND_NOT_OPEN"}],"openConds":[],"avatarId":10000083,"fetterId":83600},"10000084":{"avatarTitleTextMapHash":1298389802,"infoBirthMonth":2,"avatarAssocType":"ASSOC_TYPE_FONTAINE","cvKoreanTextMapHash":3914694959,"cvChineseTextMapHash":4146533574,"avatarDetailTextMapHash":3474221690,"avatarConstellationBeforTextMapHash":2699749050,"PJIIOILAEGO":3531058904,"EBHPHHDNMOM":1469023698,"avatarVisionBeforTextMapHash":413121884,"cvEnglishTextMapHash":1578016860,"infoBirthDay":2,"cvJapaneseTextMapHash":587136824,"avatarNativeTextMapHash":3391825985,"isHiden":false,"avatarConstellationAfterTextMapHash":2706910523,"avatarVisionAfterTextMapHash":2945525681,"finishConds":[{"paramList":[],"condType":"FETTER_COND_NOT_OPEN"}],"openConds":[],"avatarId":10000084,"fetterId":84600},"10000085":{"avatarTitleTextMapHash":3824251530,"infoBirthMonth":9,"avatarAssocType":"ASSOC_TYPE_FONTAINE","cvKoreanTextMapHash":404035207,"cvChineseTextMapHash":1748342318,"avatarDetailTextMapHash":2878178530,"avatarConstellationBeforTextMapHash":850970138,"PJIIOILAEGO":1277702200,"EBHPHHDNMOM":4000601530,"avatarVisionBeforTextMapHash":2379581852,"cvEnglishTextMapHash":2819256924,"infoBirthDay":24,"cvJapaneseTextMapHash":558999088,"avatarNativeTextMapHash":2748698681,"isHiden":false,"avatarConstellationAfterTextMapHash":3879680403,"avatarVisionAfterTextMapHash":1041387777,"finishConds":[{"paramList":[],"condType":"FETTER_COND_NOT_OPEN"}],"openConds":[],"avatarId":10000085,"fetterId":85600},"10000086":{"avatarTitleTextMapHash":1614804522,"infoBirthMonth":11,"avatarAssocType":"ASSOC_TYPE_FONTAINE","cvKoreanTextMapHash":2957578959,"cvChineseTextMapHash":4018002582,"avatarDetailTextMapHash":1595742610,"avatarConstellationBeforTextMapHash":1541133810,"PJIIOILAEGO":199541904,"EBHPHHDNMOM":639897322,"avatarVisionBeforTextMapHash":5532,"cvEnglishTextMapHash":2090362484,"infoBirthDay":23,"cvJapaneseTextMapHash":136095792,"avatarNativeTextMapHash":2159068001,"isHiden":false,"avatarConstellationAfterTextMapHash":1410843219,"avatarVisionAfterTextMapHash":2362211441,"finishConds":[{"paramList":[],"condType":"FETTER_COND_NOT_OPEN"}],"openConds":[],"avatarId":10000086,"fetterId":86600},"10000087":{"avatarTitleTextMapHash":129466210,"infoBirthMonth":12,"avatarAssocType":"ASSOC_TYPE_FONTAINE","cvKoreanTextMapHash":706784415,"cvChineseTextMapHash":766917302,"avatarDetailTextMapHash":3392552986,"avatarConstellationBeforTextMapHash":3286900818,"PJIIOILAEGO":4194541152,"EBHPHHDNMOM":923454994,"avatarVisionBeforTextMapHash":524891220,"cvEnglishTextMapHash":1370771460,"infoBirthDay":18,"cvJapaneseTextMapHash":4115082936,"avatarNativeTextMapHash":1846030865,"isHiden":false,"avatarConstellationAfterTextMapHash":1525610219,"avatarVisionAfterTextMapHash":2047555449,"finishConds":[{"paramList":[401906],"condType":"FETTER_COND_FINISH_QUEST"}],"openConds":[],"avatarId":10000087,"fetterId":87600},"10000088":{"avatarTitleTextMapHash":1693018890,"infoBirthMonth":4,"avatarAssocType":"ASSOC_TYPE_FONTAINE","cvKoreanTextMapHash":1455505759,"cvChineseTextMapHash":2958650934,"avatarDetailTextMapHash":3083904506,"avatarConstellationBeforTextMapHash":2161973858,"PJIIOILAEGO":1518900080,"EBHPHHDNMOM":1444268562,"avatarVisionBeforTextMapHash":1758361724,"cvEnglishTextMapHash":1141696676,"infoBirthDay":10,"cvJapaneseTextMapHash":2509122128,"avatarNativeTextMapHash":913098609,"isHiden":false,"avatarConstellationAfterTextMapHash":1158593283,"avatarVisionAfterTextMapHash":53003825,"finishConds":[{"paramList":[],"condType":"FETTER_COND_NOT_OPEN"}],"openConds":[],"avatarId":10000088,"fetterId":88600},"10000089":{"avatarTitleTextMapHash":1998143314,"infoBirthMonth":10,"avatarAssocType":"ASSOC_TYPE_FONTAINE","cvKoreanTextMapHash":707842223,"cvChineseTextMapHash":2843738366,"avatarDetailTextMapHash":3897247930,"avatarConstellationBeforTextMapHash":3172443770,"PJIIOILAEGO":3440757512,"EBHPHHDNMOM":1691740442,"avatarVisionBeforTextMapHash":362824036,"cvEnglishTextMapHash":1880686964,"infoBirthDay":13,"cvJapaneseTextMapHash":1022992704,"avatarNativeTextMapHash":2156420105,"isHiden":false,"avatarConstellationAfterTextMapHash":353431851,"avatarVisionAfterTextMapHash":1807841793,"finishConds":[{"paramList":[1401209],"condType":"FETTER_COND_FINISH_QUEST"}],"openConds":[],"avatarId":10000089,"fetterId":89600},"10000090":{"avatarTitleTextMapHash":2576986026,"infoBirthMonth":1,"avatarAssocType":"ASSOC_TYPE_FONTAINE","cvKoreanTextMapHash":411130439,"cvChineseTextMapHash":4079209518,"avatarDetailTextMapHash":3863752658,"avatarConstellationBeforTextMapHash":2735454538,"PJIIOILAEGO":2325357464,"EBHPHHDNMOM":1556313954,"avatarVisionBeforTextMapHash":1477821100,"cvEnglishTextMapHash":3057584764,"infoBirthDay":10,"cvJapaneseTextMapHash":3694319824,"avatarNativeTextMapHash":1786148945,"isHiden":false,"avatarConstellationAfterTextMapHash":2534594635,"avatarVisionAfterTextMapHash":1630200041,"finishConds":[{"paramList":[],"condType":"FETTER_COND_NOT_OPEN"}],"openConds":[],"avatarId":10000090,"fetterId":90600},"10000091":{"avatarTitleTextMapHash":2673266866,"infoBirthMonth":8,"avatarAssocType":"ASSOC_TYPE_FONTAINE","cvKoreanTextMapHash":2718641023,"cvChineseTextMapHash":761553894,"avatarDetailTextMapHash":3521032186,"avatarConstellationBeforTextMapHash":785421794,"PJIIOILAEGO":3074822128,"EBHPHHDNMOM":3524742858,"avatarVisionBeforTextMapHash":187624284,"cvEnglishTextMapHash":1777724812,"infoBirthDay":16,"cvJapaneseTextMapHash":495098840,"avatarNativeTextMapHash":1823436737,"isHiden":false,"avatarConstellationAfterTextMapHash":2497274579,"avatarVisionAfterTextMapHash":2666130449,"finishConds":[{"paramList":[],"condType":"FETTER_COND_NOT_OPEN"}],"openConds":[],"avatarId":10000091,"fetterId":91600},"10000092":{"avatarTitleTextMapHash":366162906,"infoBirthMonth":12,"avatarAssocType":"ASSOC_TYPE_LIYUE","cvKoreanTextMapHash":2289102503,"cvChineseTextMapHash":181948150,"avatarDetailTextMapHash":2194925506,"avatarConstellationBeforTextMapHash":2892332658,"PJIIOILAEGO":3803067480,"EBHPHHDNMOM":3902984946,"avatarVisionBeforTextMapHash":975256724,"cvEnglishTextMapHash":3062577956,"infoBirthDay":22,"cvJapaneseTextMapHash":1786130768,"avatarNativeTextMapHash":106208633,"isHiden":false,"avatarConstellationAfterTextMapHash":2335932723,"avatarVisionAfterTextMapHash":1968852865,"finishConds":[{"paramList":[],"condType":"FETTER_COND_NOT_OPEN"}],"openConds":[],"avatarId":10000092,"fetterId":92600},"10000093":{"avatarTitleTextMapHash":952438522,"infoBirthMonth":4,"avatarAssocType":"ASSOC_TYPE_LIYUE","cvKoreanTextMapHash":1979587887,"cvChineseTextMapHash":1301612494,"avatarDetailTextMapHash":2183158842,"avatarConstellationBeforTextMapHash":2514371570,"PJIIOILAEGO":1535960648,"EBHPHHDNMOM":3914774458,"avatarVisionBeforTextMapHash":858902540,"cvEnglishTextMapHash":1677629420,"infoBirthDay":11,"cvJapaneseTextMapHash":735775416,"avatarNativeTextMapHash":3322899601,"isHiden":false,"avatarConstellationAfterTextMapHash":2715194347,"avatarVisionAfterTextMapHash":866860777,"finishConds":[{"paramList":[],"condType":"FETTER_COND_NOT_OPEN"}],"openConds":[],"avatarId":10000093,"fetterId":93600},"10000094":{"avatarTitleTextMapHash":2878325034,"infoBirthMonth":8,"avatarAssocType":"ASSOC_TYPE_INAZUMA","cvKoreanTextMapHash":2285185639,"cvChineseTextMapHash":1629902998,"avatarDetailTextMapHash":2527476874,"avatarConstellationBeforTextMapHash":3871564042,"PJIIOILAEGO":50126800,"EBHPHHDNMOM":4165422570,"avatarVisionBeforTextMapHash":2419273932,"cvEnglishTextMapHash":424333836,"infoBirthDay":17,"cvJapaneseTextMapHash":568431904,"avatarNativeTextMapHash":375107489,"isHiden":false,"avatarConstellationAfterTextMapHash":1943153363,"avatarVisionAfterTextMapHash":1498774393,"finishConds":[{"paramList":[],"condType":"FETTER_COND_NOT_OPEN"}],"openConds":[],"avatarId":10000094,"fetterId":94600},"10000095":{"avatarTitleTextMapHash":1006607674,"infoBirthMonth":3,"avatarAssocType":"ASSOC_TYPE_FONTAINE","cvKoreanTextMapHash":3151665055,"cvChineseTextMapHash":359358342,"avatarDetailTextMapHash":2479226994,"avatarConstellationBeforTextMapHash":3701764290,"PJIIOILAEGO":3836656216,"EBHPHHDNMOM":3333864666,"avatarVisionBeforTextMapHash":983257612,"cvEnglishTextMapHash":1963995292,"infoBirthDay":30,"cvJapaneseTextMapHash":2304189064,"avatarNativeTextMapHash":3925829369,"isHiden":false,"avatarConstellationAfterTextMapHash":3189828299,"avatarVisionAfterTextMapHash":2903027681,"finishConds":[{"paramList":[],"condType":"FETTER_COND_NOT_OPEN"}],"openConds":[],"avatarId":10000095,"fetterId":95600},"10000096":{"avatarTitleTextMapHash":3049476050,"infoBirthMonth":8,"avatarAssocType":"ASSOC_TYPE_FATUI","cvKoreanTextMapHash":3511245199,"cvChineseTextMapHash":1652820710,"avatarDetailTextMapHash":348922594,"avatarConstellationBeforTextMapHash":3841193010,"PJIIOILAEGO":3058838936,"EBHPHHDNMOM":2693433394,"avatarVisionBeforTextMapHash":1907938868,"cvEnglishTextMapHash":2075602708,"infoBirthDay":22,"cvJapaneseTextMapHash":1567433064,"avatarNativeTextMapHash":2994119017,"isHiden":false,"avatarConstellationAfterTextMapHash":4179232251,"avatarVisionAfterTextMapHash":2406162233,"finishConds":[{"paramList":[],"condType":"FETTER_COND_NOT_OPEN"}],"openConds":[],"avatarId":10000096,"fetterId":96600},"10000097":{"avatarTitleTextMapHash":592620818,"infoBirthMonth":5,"avatarAssocType":"ASSOC_TYPE_SUMERU","cvKoreanTextMapHash":1196056023,"cvChineseTextMapHash":82089862,"avatarDetailTextMapHash":711156994,"avatarConstellationBeforTextMapHash":1839324786,"PJIIOILAEGO":3834202824,"EBHPHHDNMOM":1754144722,"avatarVisionBeforTextMapHash":900309572,"cvEnglishTextMapHash":2882742516,"infoBirthDay":31,"cvJapaneseTextMapHash":3594367112,"avatarNativeTextMapHash":1710166889,"isHiden":false,"avatarConstellationAfterTextMapHash":2612091683,"avatarVisionAfterTextMapHash":1871299457,"finishConds":[{"paramList":[],"condType":"FETTER_COND_NOT_OPEN"}],"openConds":[],"avatarId":10000097,"fetterId":97600},"10000098":{"avatarTitleTextMapHash":2204666066,"infoBirthMonth":9,"avatarAssocType":"ASSOC_TYPE_FONTAINE","cvKoreanTextMapHash":4045049935,"cvChineseTextMapHash":2586835014,"avatarDetailTextMapHash":3607804282,"avatarConstellationBeforTextMapHash":3930517194,"PJIIOILAEGO":3371371960,"EBHPHHDNMOM":3459897962,"avatarVisionBeforTextMapHash":2108312900,"cvEnglishTextMapHash":1989528772,"infoBirthDay":20,"cvJapaneseTextMapHash":272520760,"avatarNativeTextMapHash":2861834945,"isHiden":false,"avatarConstellationAfterTextMapHash":2939709451,"avatarVisionAfterTextMapHash":2806305897,"finishConds":[{"paramList":[],"condType":"FETTER_COND_NOT_OPEN"}],"openConds":[],"avatarId":10000098,"fetterId":98600},"10000099":{"avatarTitleTextMapHash":1620786530,"infoBirthMonth":9,"avatarAssocType":"ASSOC_TYPE_FONTAINE","cvKoreanTextMapHash":456694311,"cvChineseTextMapHash":282347454,"avatarDetailTextMapHash":2872568882,"avatarConstellationBeforTextMapHash":2104011930,"PJIIOILAEGO":85578912,"EBHPHHDNMOM":4067189458,"avatarVisionBeforTextMapHash":2804230420,"cvEnglishTextMapHash":897115332,"infoBirthDay":22,"cvJapaneseTextMapHash":231062432,"avatarNativeTextMapHash":2828545913,"isHiden":false,"avatarConstellationAfterTextMapHash":3931455107,"avatarVisionAfterTextMapHash":2947626321,"finishConds":[{"paramList":[],"condType":"FETTER_COND_NOT_OPEN"}],"openConds":[],"avatarId":10000099,"fetterId":99600},"10000100":{"avatarTitleTextMapHash":1166581626,"infoBirthMonth":4,"avatarAssocType":"ASSOC_TYPE_NATLAN","cvKoreanTextMapHash":170086711,"cvChineseTextMapHash":263322214,"avatarDetailTextMapHash":2925574410,"avatarConstellationBeforTextMapHash":3428238274,"PJIIOILAEGO":683402632,"EBHPHHDNMOM":2771711746,"avatarVisionBeforTextMapHash":4192242524,"cvEnglishTextMapHash":3925412220,"infoBirthDay":22,"cvJapaneseTextMapHash":1626605240,"avatarNativeTextMapHash":3433906857,"isHiden":false,"avatarConstellationAfterTextMapHash":1780832827,"avatarVisionAfterTextMapHash":4075572745,"finishConds":[{"paramList":[],"condType":"FETTER_COND_NOT_OPEN"}],"openConds":[],"avatarId":10000100,"fetterId":100600},"10000101":{"avatarTitleTextMapHash":3971938690,"infoBirthMonth":11,"avatarAssocType":"ASSOC_TYPE_NATLAN","cvKoreanTextMapHash":1131585071,"cvChineseTextMapHash":2755062638,"avatarDetailTextMapHash":3369230146,"avatarConstellationBeforTextMapHash":988403722,"PJIIOILAEGO":2523254848,"EBHPHHDNMOM":2677436274,"avatarVisionBeforTextMapHash":4017294372,"cvEnglishTextMapHash":2964567508,"infoBirthDay":11,"cvJapaneseTextMapHash":1779921144,"avatarNativeTextMapHash":557952857,"isHiden":false,"avatarConstellationAfterTextMapHash":2165924603,"avatarVisionAfterTextMapHash":2844141721,"finishConds":[{"paramList":[],"condType":"FETTER_COND_NOT_OPEN"}],"openConds":[],"avatarId":10000101,"fetterId":101600},"10000102":{"avatarTitleTextMapHash":2563734330,"infoBirthMonth":8,"avatarAssocType":"ASSOC_TYPE_NATLAN","cvKoreanTextMapHash":2129865799,"cvChineseTextMapHash":3003373510,"avatarDetailTextMapHash":1660843154,"avatarConstellationBeforTextMapHash":1420048706,"PJIIOILAEGO":2882362064,"EBHPHHDNMOM":1683191338,"avatarVisionBeforTextMapHash":3641438436,"cvEnglishTextMapHash":628204340,"infoBirthDay":3,"cvJapaneseTextMapHash":2264155976,"avatarNativeTextMapHash":1364505833,"isHiden":false,"avatarConstellationAfterTextMapHash":1810481299,"avatarVisionAfterTextMapHash":4155919881,"finishConds":[{"paramList":[],"condType":"FETTER_COND_NOT_OPEN"}],"openConds":[],"avatarId":10000102,"fetterId":102600},"10000103":{"avatarTitleTextMapHash":2460167938,"infoBirthMonth":3,"avatarAssocType":"ASSOC_TYPE_NATLAN","cvKoreanTextMapHash":2547915031,"cvChineseTextMapHash":186110470,"avatarDetailTextMapHash":4022124610,"avatarConstellationBeforTextMapHash":2486497690,"PJIIOILAEGO":88716568,"EBHPHHDNMOM":1600272306,"avatarVisionBeforTextMapHash":2562917996,"cvEnglishTextMapHash":2906546108,"infoBirthDay":13,"cvJapaneseTextMapHash":3159132600,"avatarNativeTextMapHash":1594604353,"isHiden":false,"avatarConstellationAfterTextMapHash":1052651387,"avatarVisionAfterTextMapHash":382790393,"finishConds":[{"paramList":[],"condType":"FETTER_COND_NOT_OPEN"}],"openConds":[],"avatarId":10000103,"fetterId":103600},"10000104":{"avatarTitleTextMapHash":2916137698,"infoBirthMonth":12,"avatarAssocType":"ASSOC_TYPE_NATLAN","cvKoreanTextMapHash":2458840319,"cvChineseTextMapHash":2822410766,"avatarDetailTextMapHash":3450775346,"avatarConstellationBeforTextMapHash":982412122,"PJIIOILAEGO":3622492408,"EBHPHHDNMOM":3928669946,"avatarVisionBeforTextMapHash":3301337964,"cvEnglishTextMapHash":1664231228,"infoBirthDay":10,"cvJapaneseTextMapHash":556754784,"avatarNativeTextMapHash":2904125249,"isHiden":false,"avatarConstellationAfterTextMapHash":637855979,"avatarVisionAfterTextMapHash":3268500913,"finishConds":[{"paramList":[],"condType":"FETTER_COND_NOT_OPEN"}],"openConds":[],"avatarId":10000104,"fetterId":104600},"10000105":{"avatarTitleTextMapHash":366462682,"infoBirthMonth":10,"avatarAssocType":"ASSOC_TYPE_NATLAN","cvKoreanTextMapHash":3743111807,"cvChineseTextMapHash":1254565214,"avatarDetailTextMapHash":3439538554,"avatarConstellationBeforTextMapHash":668620602,"PJIIOILAEGO":1734399080,"EBHPHHDNMOM":3029225914,"avatarVisionBeforTextMapHash":3815486868,"cvEnglishTextMapHash":1100663972,"infoBirthDay":14,"cvJapaneseTextMapHash":2952721336,"avatarNativeTextMapHash":631478041,"isHiden":false,"avatarConstellationAfterTextMapHash":3497113075,"avatarVisionAfterTextMapHash":1635725553,"finishConds":[{"paramList":[],"condType":"FETTER_COND_NOT_OPEN"}],"openConds":[],"avatarId":10000105,"fetterId":105600},"10000106":{"avatarTitleTextMapHash":1608133898,"infoBirthMonth":8,"avatarAssocType":"ASSOC_TYPE_NATLAN","cvKoreanTextMapHash":1119355031,"cvChineseTextMapHash":2525304958,"avatarDetailTextMapHash":4097326562,"avatarConstellationBeforTextMapHash":1777699098,"PJIIOILAEGO":4211000096,"EBHPHHDNMOM":979227458,"avatarVisionBeforTextMapHash":3442020340,"cvEnglishTextMapHash":873211772,"infoBirthDay":28,"cvJapaneseTextMapHash":2917049344,"avatarNativeTextMapHash":3361225089,"isHiden":false,"avatarConstellationAfterTextMapHash":2790655171,"avatarVisionAfterTextMapHash":1634984881,"finishConds":[{"paramList":[1],"condType":"FETTER_COND_AVATAR_LEVEL"}],"openConds":[],"avatarId":10000106,"fetterId":106600},"10000107":{"avatarTitleTextMapHash":3813204770,"infoBirthMonth":1,"avatarAssocType":"ASSOC_TYPE_NATLAN","cvKoreanTextMapHash":3518839375,"cvChineseTextMapHash":2476339910,"avatarDetailTextMapHash":1231799066,"avatarConstellationBeforTextMapHash":3615626690,"PJIIOILAEGO":1189881960,"EBHPHHDNMOM":2488090346,"avatarVisionBeforTextMapHash":1816872948,"cvEnglishTextMapHash":3619527332,"infoBirthDay":20,"cvJapaneseTextMapHash":2019951128,"avatarNativeTextMapHash":2330126089,"isHiden":false,"avatarConstellationAfterTextMapHash":2654312107,"avatarVisionAfterTextMapHash":3582166713,"finishConds":[{"paramList":[],"condType":"FETTER_COND_NOT_OPEN"}],"openConds":[],"avatarId":10000107,"fetterId":107600},"10000108":{"avatarTitleTextMapHash":4148362698,"infoBirthMonth":1,"avatarAssocType":"ASSOC_TYPE_LIYUE","cvKoreanTextMapHash":2044282879,"cvChineseTextMapHash":2080597766,"avatarDetailTextMapHash":3668244122,"avatarConstellationBeforTextMapHash":3069807770,"PJIIOILAEGO":2223359552,"EBHPHHDNMOM":3476144186,"avatarVisionBeforTextMapHash":2337532700,"cvEnglishTextMapHash":3481117684,"infoBirthDay":6,"cvJapaneseTextMapHash":854513424,"avatarNativeTextMapHash":1939124825,"isHiden":false,"avatarConstellationAfterTextMapHash":2916764451,"avatarVisionAfterTextMapHash":3266936817,"finishConds":[{"paramList":[],"condType":"FETTER_COND_NOT_OPEN"}],"openConds":[],"avatarId":10000108,"fetterId":108600},"10000109":{"avatarTitleTextMapHash":2118175218,"infoBirthMonth":3,"avatarAssocType":"ASSOC_TYPE_INAZUMA","cvKoreanTextMapHash":1484333527,"cvChineseTextMapHash":4235862974,"avatarDetailTextMapHash":4065950234,"avatarConstellationBeforTextMapHash":4283134666,"PJIIOILAEGO":1604432136,"EBHPHHDNMOM":2007268002,"avatarVisionBeforTextMapHash":2671871612,"cvEnglishTextMapHash":2972007676,"infoBirthDay":16,"cvJapaneseTextMapHash":2631874048,"avatarNativeTextMapHash":2061366433,"isHiden":false,"avatarConstellationAfterTextMapHash":3316983043,"avatarVisionAfterTextMapHash":3987863545,"finishConds":[{"paramList":[],"condType":"FETTER_COND_NOT_OPEN"}],"openConds":[],"avatarId":10000109,"fetterId":109600},"10000110":{"avatarTitleTextMapHash":3782130778,"infoBirthMonth":8,"avatarAssocType":"ASSOC_TYPE_NATLAN","cvKoreanTextMapHash":1862429431,"cvChineseTextMapHash":439315550,"avatarDetailTextMapHash":399097210,"avatarConstellationBeforTextMapHash":3386730066,"PJIIOILAEGO":3930605488,"EBHPHHDNMOM":1564890530,"avatarVisionBeforTextMapHash":3188129380,"cvEnglishTextMapHash":3732022164,"infoBirthDay":8,"cvJapaneseTextMapHash":3617635968,"avatarNativeTextMapHash":712445497,"isHiden":false,"avatarConstellationAfterTextMapHash":1944146987,"avatarVisionAfterTextMapHash":3709904609,"finishConds":[{"paramList":[],"condType":"FETTER_COND_NOT_OPEN"}],"openConds":[],"avatarId":10000110,"fetterId":110600},"10000111":{"avatarTitleTextMapHash":32582546,"infoBirthMonth":11,"avatarAssocType":"ASSOC_TYPE_NATLAN","cvKoreanTextMapHash":706346975,"cvChineseTextMapHash":3467789342,"avatarDetailTextMapHash":1394567898,"avatarConstellationBeforTextMapHash":1762577026,"PJIIOILAEGO":1173648904,"EBHPHHDNMOM":385637114,"avatarVisionBeforTextMapHash":51054212,"cvEnglishTextMapHash":130095036,"infoBirthDay":15,"cvJapaneseTextMapHash":1572196464,"avatarNativeTextMapHash":3124521081,"isHiden":false,"avatarConstellationAfterTextMapHash":3858465163,"avatarVisionAfterTextMapHash":2427252393,"finishConds":[{"paramList":[],"condType":"FETTER_COND_NOT_OPEN"}],"openConds":[],"avatarId":10000111,"fetterId":111600}}