{"10000002":{"infoBirthMonth":9,"openConds":[],"avatarConstellationBeforTextMapHash":2735576330,"avatarDetailTextMapHash":4223738138,"avatarConstellationAfterTextMapHash":1033536715,"avatarAssocType":"ASSOC_TYPE_INAZUMA","avatarVisionBeforTextMapHash":3057990932,"EHPPPDNAJCG":1706132810,"cvEnglishTextMapHash":431619300,"avatarId":10000002,"avatarVisionAfterTextMapHash":4288637793,"isHiden":false,"finishConds":[{"paramList":[],"condType":"FETTER_COND_NOT_OPEN"}],"cvKoreanTextMapHash":825575327,"cvJapaneseTextMapHash":3995062768,"avatarNativeTextMapHash":1763099481,"infoBirthDay":28,"cvChineseTextMapHash":727576102,"fetterId":101,"PGEMGNNBCCH":3690673200,"avatarTitleTextMapHash":3614785250},"10000003":{"infoBirthMonth":3,"openConds":[],"avatarConstellationBeforTextMapHash":201010258,"avatarDetailTextMapHash":1963658218,"avatarConstellationAfterTextMapHash":144282507,"avatarAssocType":"ASSOC_TYPE_MONDSTADT","avatarVisionBeforTextMapHash":467004516,"EHPPPDNAJCG":3459513866,"cvEnglishTextMapHash":91808668,"avatarId":10000003,"avatarVisionAfterTextMapHash":1453458049,"isHiden":false,"finishConds":[{"paramList":[],"condType":"FETTER_COND_NOT_OPEN"}],"cvKoreanTextMapHash":446794071,"cvJapaneseTextMapHash":1712871456,"avatarNativeTextMapHash":2100503169,"infoBirthDay":14,"cvChineseTextMapHash":392436190,"fetterId":102,"PGEMGNNBCCH":2517633056,"avatarTitleTextMapHash":1200647962},"10000005":{"infoBirthMonth":0,"openConds":[],"avatarConstellationBeforTextMapHash":756242466,"avatarDetailTextMapHash":1006022970,"avatarConstellationAfterTextMapHash":2038622971,"avatarAssocType":"ASSOC_TYPE_MAINACTOR","avatarVisionBeforTextMapHash":821712868,"EHPPPDNAJCG":2686169482,"cvEnglishTextMapHash":3354393428,"avatarId":10000005,"avatarVisionAfterTextMapHash":955276209,"isHiden":false,"finishConds":[{"paramList":[],"condType":"FETTER_COND_NOT_OPEN"}],"cvKoreanTextMapHash":986493735,"cvJapaneseTextMapHash":1249978000,"avatarNativeTextMapHash":2022316961,"infoBirthDay":0,"cvChineseTextMapHash":3322055142,"fetterId":103,"PGEMGNNBCCH":3774448256,"avatarTitleTextMapHash":2305320866},"10000006":{"infoBirthMonth":6,"openConds":[],"avatarConstellationBeforTextMapHash":34090282,"avatarDetailTextMapHash":3571277394,"avatarConstellationAfterTextMapHash":3201017387,"avatarAssocType":"ASSOC_TYPE_MONDSTADT","avatarVisionBeforTextMapHash":2480172868,"EHPPPDNAJCG":843711858,"cvEnglishTextMapHash":2422748316,"avatarId":10000006,"avatarVisionAfterTextMapHash":1481798217,"isHiden":false,"finishConds":[{"paramList":[],"condType":"FETTER_COND_NOT_OPEN"}],"cvKoreanTextMapHash":3288865479,"cvJapaneseTextMapHash":3369294496,"avatarNativeTextMapHash":1809237489,"infoBirthDay":9,"cvChineseTextMapHash":943522462,"fetterId":104,"PGEMGNNBCCH":237646104,"avatarTitleTextMapHash":3138609954},"10000007":{"infoBirthMonth":0,"openConds":[],"avatarConstellationBeforTextMapHash":816482658,"avatarDetailTextMapHash":406940522,"avatarConstellationAfterTextMapHash":1928056899,"avatarAssocType":"ASSOC_TYPE_MAINACTOR","avatarVisionBeforTextMapHash":471154292,"EHPPPDNAJCG":3522231050,"cvEnglishTextMapHash":939276444,"avatarId":10000007,"avatarVisionAfterTextMapHash":2590902393,"isHiden":false,"finishConds":[{"paramList":[],"condType":"FETTER_COND_NOT_OPEN"}],"cvKoreanTextMapHash":2958496231,"cvJapaneseTextMapHash":2560583048,"avatarNativeTextMapHash":4064367953,"infoBirthDay":0,"cvChineseTextMapHash":2084890670,"fetterId":105,"PGEMGNNBCCH":2163702912,"avatarTitleTextMapHash":13422330},"10000014":{"infoBirthMonth":7,"openConds":[],"avatarConstellationBeforTextMapHash":2960169546,"avatarDetailTextMapHash":2573623138,"avatarConstellationAfterTextMapHash":3271630931,"avatarAssocType":"ASSOC_TYPE_MONDSTADT","avatarVisionBeforTextMapHash":4022324356,"EHPPPDNAJCG":4025310946,"cvEnglishTextMapHash":488354068,"avatarId":10000014,"avatarVisionAfterTextMapHash":1166340161,"isHiden":false,"finishConds":[{"paramList":[],"condType":"FETTER_COND_NOT_OPEN"}],"cvKoreanTextMapHash":11452367,"cvJapaneseTextMapHash":3860998488,"avatarNativeTextMapHash":1304312049,"infoBirthDay":5,"cvChineseTextMapHash":712582678,"fetterId":106,"PGEMGNNBCCH":1170198240,"avatarTitleTextMapHash":1823500338},"10000015":{"infoBirthMonth":11,"openConds":[],"avatarConstellationBeforTextMapHash":1247404986,"avatarDetailTextMapHash":1365496954,"avatarConstellationAfterTextMapHash":2979025659,"avatarAssocType":"ASSOC_TYPE_MONDSTADT","avatarVisionBeforTextMapHash":4220569804,"EHPPPDNAJCG":2879861602,"cvEnglishTextMapHash":4279338324,"avatarId":10000015,"avatarVisionAfterTextMapHash":2469020049,"isHiden":false,"finishConds":[{"paramList":[],"condType":"FETTER_COND_NOT_OPEN"}],"cvKoreanTextMapHash":1747324815,"cvJapaneseTextMapHash":3911672888,"avatarNativeTextMapHash":2536425521,"infoBirthDay":30,"cvChineseTextMapHash":2863915758,"fetterId":107,"PGEMGNNBCCH":3344490616,"avatarTitleTextMapHash":1785544946},"10000016":{"infoBirthMonth":4,"openConds":[],"avatarConstellationBeforTextMapHash":2314116250,"avatarDetailTextMapHash":4246347802,"avatarConstellationAfterTextMapHash":2509127315,"avatarAssocType":"ASSOC_TYPE_MONDSTADT","avatarVisionBeforTextMapHash":627825788,"EHPPPDNAJCG":2132002266,"cvEnglishTextMapHash":2134469124,"avatarId":10000016,"avatarVisionAfterTextMapHash":1443384873,"isHiden":false,"finishConds":[{"paramList":[],"condType":"FETTER_COND_NOT_OPEN"}],"cvKoreanTextMapHash":1879319503,"cvJapaneseTextMapHash":1865761584,"avatarNativeTextMapHash":3404250905,"infoBirthDay":30,"cvChineseTextMapHash":3191430790,"fetterId":108,"PGEMGNNBCCH":3799992536,"avatarTitleTextMapHash":2612198306},"10000020":{"infoBirthMonth":9,"openConds":[],"avatarConstellationBeforTextMapHash":4052447146,"avatarDetailTextMapHash":2084554490,"avatarConstellationAfterTextMapHash":2854774203,"avatarAssocType":"ASSOC_TYPE_MONDSTADT","avatarVisionBeforTextMapHash":3352621156,"EHPPPDNAJCG":287486234,"cvEnglishTextMapHash":2560038812,"avatarId":10000020,"avatarVisionAfterTextMapHash":2448013937,"isHiden":false,"finishConds":[{"paramList":[],"condType":"FETTER_COND_NOT_OPEN"}],"cvKoreanTextMapHash":3496435439,"cvJapaneseTextMapHash":3412843320,"avatarNativeTextMapHash":2122187449,"infoBirthDay":9,"cvChineseTextMapHash":1758325142,"fetterId":109,"PGEMGNNBCCH":589426792,"avatarTitleTextMapHash":2753191042},"10000021":{"infoBirthMonth":8,"openConds":[],"avatarConstellationBeforTextMapHash":1404729682,"avatarDetailTextMapHash":3097194818,"avatarConstellationAfterTextMapHash":124975747,"avatarAssocType":"ASSOC_TYPE_MONDSTADT","avatarVisionBeforTextMapHash":230082676,"EHPPPDNAJCG":3117786210,"cvEnglishTextMapHash":302898332,"avatarId":10000021,"avatarVisionAfterTextMapHash":2189787097,"isHiden":false,"finishConds":[{"paramList":[],"condType":"FETTER_COND_NOT_OPEN"}],"cvKoreanTextMapHash":3355468295,"cvJapaneseTextMapHash":2350762192,"avatarNativeTextMapHash":2695093385,"infoBirthDay":10,"cvChineseTextMapHash":4036914878,"fetterId":110,"PGEMGNNBCCH":3344377064,"avatarTitleTextMapHash":1238477178},"10000022":{"infoBirthMonth":6,"openConds":[],"avatarConstellationBeforTextMapHash":2226738162,"avatarDetailTextMapHash":3527710554,"avatarConstellationAfterTextMapHash":1329004531,"avatarAssocType":"ASSOC_TYPE_MONDSTADT","avatarVisionBeforTextMapHash":2075460644,"EHPPPDNAJCG":3963077898,"cvEnglishTextMapHash":1300502628,"avatarId":10000022,"avatarVisionAfterTextMapHash":898621369,"isHiden":false,"finishConds":[{"paramList":[39604],"condType":"FETTER_COND_FINISH_QUEST"}],"cvKoreanTextMapHash":4095506519,"cvJapaneseTextMapHash":2801197800,"avatarNativeTextMapHash":2379846137,"infoBirthDay":16,"cvChineseTextMapHash":1085193806,"fetterId":111,"PGEMGNNBCCH":4209150520,"avatarTitleTextMapHash":1225242490},"10000023":{"infoBirthMonth":11,"openConds":[],"avatarConstellationBeforTextMapHash":1451760122,"avatarDetailTextMapHash":3294048674,"avatarConstellationAfterTextMapHash":2028029427,"avatarAssocType":"ASSOC_TYPE_LIYUE","avatarVisionBeforTextMapHash":1247335084,"EHPPPDNAJCG":3772910674,"cvEnglishTextMapHash":1147555332,"avatarId":10000023,"avatarVisionAfterTextMapHash":2356735641,"isHiden":false,"finishConds":[{"paramList":[],"condType":"FETTER_COND_NOT_OPEN"}],"cvKoreanTextMapHash":1742822431,"cvJapaneseTextMapHash":1674112200,"avatarNativeTextMapHash":1144455177,"infoBirthDay":2,"cvChineseTextMapHash":3761441798,"fetterId":112,"PGEMGNNBCCH":2373505632,"avatarTitleTextMapHash":2467527666},"10000024":{"infoBirthMonth":2,"openConds":[],"avatarConstellationBeforTextMapHash":3853657898,"avatarDetailTextMapHash":3138225274,"avatarConstellationAfterTextMapHash":4085422171,"avatarAssocType":"ASSOC_TYPE_LIYUE","avatarVisionBeforTextMapHash":4219874220,"EHPPPDNAJCG":3233464450,"cvEnglishTextMapHash":2562073812,"avatarId":10000024,"avatarVisionAfterTextMapHash":3157737289,"isHiden":false,"finishConds":[{"paramList":[],"condType":"FETTER_COND_NOT_OPEN"}],"cvKoreanTextMapHash":636211263,"cvJapaneseTextMapHash":1497735072,"avatarNativeTextMapHash":3508028969,"infoBirthDay":14,"cvChineseTextMapHash":3660164550,"fetterId":113,"PGEMGNNBCCH":1565047208,"avatarTitleTextMapHash":1152777210},"10000025":{"infoBirthMonth":10,"openConds":[],"avatarConstellationBeforTextMapHash":2497169002,"avatarDetailTextMapHash":2731162298,"avatarConstellationAfterTextMapHash":89315195,"avatarAssocType":"ASSOC_TYPE_LIYUE","avatarVisionBeforTextMapHash":2480954540,"EHPPPDNAJCG":3832852746,"cvEnglishTextMapHash":2288174484,"avatarId":10000025,"avatarVisionAfterTextMapHash":4151243729,"isHiden":false,"finishConds":[{"paramList":[],"condType":"FETTER_COND_NOT_OPEN"}],"cvKoreanTextMapHash":3035055863,"cvJapaneseTextMapHash":3662797544,"avatarNativeTextMapHash":1872514577,"infoBirthDay":9,"cvChineseTextMapHash":4062177694,"fetterId":114,"PGEMGNNBCCH":1504325904,"avatarTitleTextMapHash":4067465850},"10000026":{"infoBirthMonth":4,"openConds":[],"avatarConstellationBeforTextMapHash":3401180666,"avatarDetailTextMapHash":1863419602,"avatarConstellationAfterTextMapHash":2421570635,"avatarAssocType":"ASSOC_TYPE_LIYUE","avatarVisionBeforTextMapHash":550531300,"EHPPPDNAJCG":1043167058,"cvEnglishTextMapHash":975590796,"avatarId":10000026,"avatarVisionAfterTextMapHash":3648530745,"isHiden":false,"finishConds":[{"paramList":[],"condType":"FETTER_COND_NOT_OPEN"}],"cvKoreanTextMapHash":3918463151,"cvJapaneseTextMapHash":2350391048,"avatarNativeTextMapHash":413877289,"infoBirthDay":17,"cvChineseTextMapHash":414772070,"fetterId":115,"PGEMGNNBCCH":2573007264,"avatarTitleTextMapHash":2182504186},"10000027":{"infoBirthMonth":8,"openConds":[],"avatarConstellationBeforTextMapHash":20629626,"avatarDetailTextMapHash":1658614834,"avatarConstellationAfterTextMapHash":876868723,"avatarAssocType":"ASSOC_TYPE_LIYUE","avatarVisionBeforTextMapHash":1662907292,"EHPPPDNAJCG":2587680970,"cvEnglishTextMapHash":1993730884,"avatarId":10000027,"avatarVisionAfterTextMapHash":735278345,"isHiden":false,"finishConds":[{"paramList":[],"condType":"FETTER_COND_NOT_OPEN"}],"cvKoreanTextMapHash":1098860927,"cvJapaneseTextMapHash":257900264,"avatarNativeTextMapHash":218189361,"infoBirthDay":26,"cvChineseTextMapHash":452718846,"fetterId":116,"PGEMGNNBCCH":4104085464,"avatarTitleTextMapHash":1976081594},"10000029":{"infoBirthMonth":7,"openConds":[],"avatarConstellationBeforTextMapHash":2230999650,"avatarDetailTextMapHash":1801721474,"avatarConstellationAfterTextMapHash":567731819,"avatarAssocType":"ASSOC_TYPE_MONDSTADT","avatarVisionBeforTextMapHash":3847511308,"EHPPPDNAJCG":530625634,"cvEnglishTextMapHash":718871660,"avatarId":10000029,"avatarVisionAfterTextMapHash":3057376089,"isHiden":false,"finishConds":[{"paramList":[],"condType":"FETTER_COND_NOT_OPEN"}],"cvKoreanTextMapHash":907548199,"cvJapaneseTextMapHash":2349322992,"avatarNativeTextMapHash":702194017,"infoBirthDay":27,"cvChineseTextMapHash":2371683902,"fetterId":117,"PGEMGNNBCCH":3376049832,"avatarTitleTextMapHash":1897358210},"10000030":{"infoBirthMonth":12,"openConds":[],"avatarConstellationBeforTextMapHash":1594094098,"avatarDetailTextMapHash":3237080338,"avatarConstellationAfterTextMapHash":2721221067,"avatarAssocType":"ASSOC_TYPE_LIYUE","avatarVisionBeforTextMapHash":967031460,"EHPPPDNAJCG":1445264402,"cvEnglishTextMapHash":3331340660,"avatarId":10000030,"avatarVisionAfterTextMapHash":2507042785,"isHiden":false,"finishConds":[{"paramList":[102510],"condType":"FETTER_COND_FINISH_QUEST"}],"cvKoreanTextMapHash":4084646031,"cvJapaneseTextMapHash":1183613792,"avatarNativeTextMapHash":3651078097,"infoBirthDay":31,"cvChineseTextMapHash":1454422278,"fetterId":118,"PGEMGNNBCCH":266760520,"avatarTitleTextMapHash":2789626970},"10000031":{"infoBirthMonth":5,"openConds":[],"avatarConstellationBeforTextMapHash":2198842266,"avatarDetailTextMapHash":1139039362,"avatarConstellationAfterTextMapHash":2276514827,"avatarAssocType":"ASSOC_TYPE_MONDSTADT","avatarVisionBeforTextMapHash":122554396,"EHPPPDNAJCG":3061470746,"cvEnglishTextMapHash":3640880724,"avatarId":10000031,"avatarVisionAfterTextMapHash":936354993,"isHiden":false,"finishConds":[{"paramList":[],"condType":"FETTER_COND_NOT_OPEN"}],"cvKoreanTextMapHash":3964881647,"cvJapaneseTextMapHash":132715032,"avatarNativeTextMapHash":2368787601,"infoBirthDay":27,"cvChineseTextMapHash":465986718,"fetterId":119,"PGEMGNNBCCH":4265322256,"avatarTitleTextMapHash":353285794},"10000032":{"infoBirthMonth":2,"openConds":[],"avatarConstellationBeforTextMapHash":2225075946,"avatarDetailTextMapHash":1030159626,"avatarConstellationAfterTextMapHash":1091946987,"avatarAssocType":"ASSOC_TYPE_MONDSTADT","avatarVisionBeforTextMapHash":1740638908,"EHPPPDNAJCG":3242979482,"cvEnglishTextMapHash":1382070500,"avatarId":10000032,"avatarVisionAfterTextMapHash":3677050081,"isHiden":false,"finishConds":[{"paramList":[],"condType":"FETTER_COND_NOT_OPEN"}],"cvKoreanTextMapHash":681554991,"cvJapaneseTextMapHash":1456485512,"avatarNativeTextMapHash":1181755137,"infoBirthDay":29,"cvChineseTextMapHash":1972439622,"fetterId":120,"PGEMGNNBCCH":816212776,"avatarTitleTextMapHash":1078060234},"10000033":{"infoBirthMonth":7,"openConds":[],"avatarConstellationBeforTextMapHash":3423950162,"avatarDetailTextMapHash":3593799522,"avatarConstellationAfterTextMapHash":605778827,"avatarAssocType":"ASSOC_TYPE_FATUI","avatarVisionBeforTextMapHash":3646588372,"EHPPPDNAJCG":3096737186,"cvEnglishTextMapHash":4115005636,"avatarId":10000033,"avatarVisionAfterTextMapHash":2573101121,"isHiden":false,"finishConds":[{"paramList":[],"condType":"FETTER_COND_NOT_OPEN"}],"cvKoreanTextMapHash":1397738367,"cvJapaneseTextMapHash":2938778568,"avatarNativeTextMapHash":3774913721,"infoBirthDay":20,"cvChineseTextMapHash":4246769190,"fetterId":121,"PGEMGNNBCCH":3943901984,"avatarTitleTextMapHash":3875370554},"10000034":{"infoBirthMonth":3,"openConds":[],"avatarConstellationBeforTextMapHash":808906466,"avatarDetailTextMapHash":2464288834,"avatarConstellationAfterTextMapHash":1057268155,"avatarAssocType":"ASSOC_TYPE_MONDSTADT","avatarVisionBeforTextMapHash":3929787020,"EHPPPDNAJCG":3080175658,"cvEnglishTextMapHash":3349029444,"avatarId":10000034,"avatarVisionAfterTextMapHash":3710640289,"isHiden":false,"finishConds":[{"paramList":[],"condType":"FETTER_COND_NOT_OPEN"}],"cvKoreanTextMapHash":2318572807,"cvJapaneseTextMapHash":2464221280,"avatarNativeTextMapHash":3006274177,"infoBirthDay":21,"cvChineseTextMapHash":4257440758,"fetterId":122,"PGEMGNNBCCH":2632094392,"avatarTitleTextMapHash":2339950258},"10000035":{"infoBirthMonth":3,"openConds":[],"avatarConstellationBeforTextMapHash":1580087082,"avatarDetailTextMapHash":987428418,"avatarConstellationAfterTextMapHash":44381363,"avatarAssocType":"ASSOC_TYPE_LIYUE","avatarVisionBeforTextMapHash":1695600284,"EHPPPDNAJCG":1559151498,"cvEnglishTextMapHash":1881999804,"avatarId":10000035,"avatarVisionAfterTextMapHash":262460977,"isHiden":false,"finishConds":[{"paramList":[],"condType":"FETTER_COND_NOT_OPEN"}],"cvKoreanTextMapHash":3538734815,"cvJapaneseTextMapHash":1926245760,"avatarNativeTextMapHash":802385489,"infoBirthDay":3,"cvChineseTextMapHash":1729369230,"fetterId":123,"PGEMGNNBCCH":2285572816,"avatarTitleTextMapHash":2560957650},"10000036":{"infoBirthMonth":9,"openConds":[],"avatarConstellationBeforTextMapHash":4203973938,"avatarDetailTextMapHash":3590770538,"avatarConstellationAfterTextMapHash":895213803,"avatarAssocType":"ASSOC_TYPE_LIYUE","avatarVisionBeforTextMapHash":766902996,"EHPPPDNAJCG":1925126098,"cvEnglishTextMapHash":3611302012,"avatarId":10000036,"avatarVisionAfterTextMapHash":1485672225,"isHiden":false,"finishConds":[{"paramList":[],"condType":"FETTER_COND_NOT_OPEN"}],"cvKoreanTextMapHash":1935455199,"cvJapaneseTextMapHash":1317323504,"avatarNativeTextMapHash":1769238889,"infoBirthDay":7,"cvChineseTextMapHash":1413748758,"fetterId":124,"PGEMGNNBCCH":1346954368,"avatarTitleTextMapHash":2804590466},"10000037":{"infoBirthMonth":12,"openConds":[],"avatarConstellationBeforTextMapHash":3362074034,"avatarDetailTextMapHash":1747000882,"avatarConstellationAfterTextMapHash":1513569691,"avatarAssocType":"ASSOC_TYPE_LIYUE","avatarVisionBeforTextMapHash":862088588,"EHPPPDNAJCG":1022935738,"cvEnglishTextMapHash":866868980,"avatarId":10000037,"avatarVisionAfterTextMapHash":22897537,"isHiden":false,"finishConds":[{"paramList":[],"condType":"FETTER_COND_NOT_OPEN"}],"cvKoreanTextMapHash":1371351983,"cvJapaneseTextMapHash":2821438752,"avatarNativeTextMapHash":3866698241,"infoBirthDay":2,"cvChineseTextMapHash":3511999998,"fetterId":125,"PGEMGNNBCCH":3183090808,"avatarTitleTextMapHash":1902407402},"10000038":{"infoBirthMonth":9,"openConds":[],"avatarConstellationBeforTextMapHash":4143774770,"avatarDetailTextMapHash":3002069946,"avatarConstellationAfterTextMapHash":126964283,"avatarAssocType":"ASSOC_TYPE_MONDSTADT","avatarVisionBeforTextMapHash":825986772,"EHPPPDNAJCG":3312957898,"cvEnglishTextMapHash":3188933756,"avatarId":10000038,"avatarVisionAfterTextMapHash":3828063489,"isHiden":false,"finishConds":[{"paramList":[],"condType":"FETTER_COND_NOT_OPEN"}],"cvKoreanTextMapHash":1418045575,"cvJapaneseTextMapHash":2478938952,"avatarNativeTextMapHash":371846193,"infoBirthDay":13,"cvChineseTextMapHash":2416424718,"fetterId":126,"PGEMGNNBCCH":1486000232,"avatarTitleTextMapHash":3646853002},"10000039":{"infoBirthMonth":1,"openConds":[],"avatarConstellationBeforTextMapHash":2062356506,"avatarDetailTextMapHash":3267731642,"avatarConstellationAfterTextMapHash":516952915,"avatarAssocType":"ASSOC_TYPE_MONDSTADT","avatarVisionBeforTextMapHash":4127670180,"EHPPPDNAJCG":242842482,"cvEnglishTextMapHash":3190486524,"avatarId":10000039,"avatarVisionAfterTextMapHash":924821409,"isHiden":false,"finishConds":[{"paramList":[],"condType":"FETTER_COND_NOT_OPEN"}],"cvKoreanTextMapHash":3207559823,"cvJapaneseTextMapHash":4045591224,"avatarNativeTextMapHash":967464153,"infoBirthDay":18,"cvChineseTextMapHash":41396374,"fetterId":127,"PGEMGNNBCCH":1156970832,"avatarTitleTextMapHash":955121114},"10000041":{"infoBirthMonth":8,"openConds":[],"avatarConstellationBeforTextMapHash":677289434,"avatarDetailTextMapHash":2099446386,"avatarConstellationAfterTextMapHash":3963245579,"avatarAssocType":"ASSOC_TYPE_MONDSTADT","avatarVisionBeforTextMapHash":321258364,"EHPPPDNAJCG":4221654778,"cvEnglishTextMapHash":36373972,"avatarId":10000041,"avatarVisionAfterTextMapHash":735012401,"isHiden":false,"finishConds":[{"paramList":[],"condType":"FETTER_COND_NOT_OPEN"}],"cvKoreanTextMapHash":3794406463,"cvJapaneseTextMapHash":950394528,"avatarNativeTextMapHash":1827140513,"infoBirthDay":31,"cvChineseTextMapHash":1441549966,"fetterId":128,"PGEMGNNBCCH":1790703360,"avatarTitleTextMapHash":2216682674},"10000042":{"infoBirthMonth":11,"openConds":[],"avatarConstellationBeforTextMapHash":3587152074,"avatarDetailTextMapHash":2307865106,"avatarConstellationAfterTextMapHash":1744331243,"avatarAssocType":"ASSOC_TYPE_LIYUE","avatarVisionBeforTextMapHash":1821644548,"EHPPPDNAJCG":316548354,"cvEnglishTextMapHash":276019972,"avatarId":10000042,"avatarVisionAfterTextMapHash":373974425,"isHiden":false,"finishConds":[{"paramList":[],"condType":"FETTER_COND_NOT_OPEN"}],"cvKoreanTextMapHash":3586027263,"cvJapaneseTextMapHash":1314550072,"avatarNativeTextMapHash":4010071745,"infoBirthDay":20,"cvChineseTextMapHash":2566021790,"fetterId":129,"PGEMGNNBCCH":1905310704,"avatarTitleTextMapHash":3308312162},"10000043":{"infoBirthMonth":11,"openConds":[],"avatarConstellationBeforTextMapHash":4244741386,"avatarDetailTextMapHash":4125000058,"avatarConstellationAfterTextMapHash":3571098147,"avatarAssocType":"ASSOC_TYPE_MONDSTADT","avatarVisionBeforTextMapHash":126875444,"EHPPPDNAJCG":434710650,"cvEnglishTextMapHash":1106805724,"avatarId":10000043,"avatarVisionAfterTextMapHash":519928233,"isHiden":false,"finishConds":[{"paramList":[],"condType":"FETTER_COND_NOT_OPEN"}],"cvKoreanTextMapHash":3790433071,"cvJapaneseTextMapHash":777642752,"avatarNativeTextMapHash":2186025825,"infoBirthDay":26,"cvChineseTextMapHash":309184414,"fetterId":130,"PGEMGNNBCCH":1536116640,"avatarTitleTextMapHash":682411194},"10000044":{"infoBirthMonth":10,"openConds":[],"avatarConstellationBeforTextMapHash":4126360330,"avatarDetailTextMapHash":3355473986,"avatarConstellationAfterTextMapHash":4100226883,"avatarAssocType":"ASSOC_TYPE_LIYUE","avatarVisionBeforTextMapHash":3105283268,"EHPPPDNAJCG":707007002,"cvEnglishTextMapHash":2272456916,"avatarId":10000044,"avatarVisionAfterTextMapHash":3656641129,"isHiden":false,"finishConds":[{"paramList":[],"condType":"FETTER_COND_NOT_OPEN"}],"cvKoreanTextMapHash":2384659519,"cvJapaneseTextMapHash":641682520,"avatarNativeTextMapHash":2939616529,"infoBirthDay":16,"cvChineseTextMapHash":3921936462,"fetterId":131,"PGEMGNNBCCH":448851000,"avatarTitleTextMapHash":2007781754},"10000045":{"infoBirthMonth":1,"openConds":[],"avatarConstellationBeforTextMapHash":3331210802,"avatarDetailTextMapHash":2858258162,"avatarConstellationAfterTextMapHash":490664827,"avatarAssocType":"ASSOC_TYPE_MONDSTADT","avatarVisionBeforTextMapHash":2778487532,"EHPPPDNAJCG":2464502114,"cvEnglishTextMapHash":1467808508,"avatarId":10000045,"avatarVisionAfterTextMapHash":3452454753,"isHiden":false,"finishConds":[{"paramList":[],"condType":"FETTER_COND_NOT_OPEN"}],"cvKoreanTextMapHash":2927759831,"cvJapaneseTextMapHash":3445993248,"avatarNativeTextMapHash":1208431633,"infoBirthDay":24,"cvChineseTextMapHash":1517505318,"fetterId":133,"PGEMGNNBCCH":2879890864,"avatarTitleTextMapHash":3918225546},"10000046":{"infoBirthMonth":7,"openConds":[],"avatarConstellationBeforTextMapHash":3041688594,"avatarDetailTextMapHash":2488599434,"avatarConstellationAfterTextMapHash":3861029139,"avatarAssocType":"ASSOC_TYPE_LIYUE","avatarVisionBeforTextMapHash":3112476852,"EHPPPDNAJCG":1543578802,"cvEnglishTextMapHash":2549651252,"avatarId":10000046,"avatarVisionAfterTextMapHash":719537873,"isHiden":false,"finishConds":[{"paramList":[],"condType":"FETTER_COND_NOT_OPEN"}],"cvKoreanTextMapHash":291020487,"cvJapaneseTextMapHash":1286278240,"avatarNativeTextMapHash":3485382673,"infoBirthDay":15,"cvChineseTextMapHash":3694314910,"fetterId":132,"PGEMGNNBCCH":1330364096,"avatarTitleTextMapHash":662587002},"10000047":{"infoBirthMonth":10,"openConds":[],"avatarConstellationBeforTextMapHash":1782640050,"avatarDetailTextMapHash":3202001138,"avatarConstellationAfterTextMapHash":1697359355,"avatarAssocType":"ASSOC_TYPE_INAZUMA","avatarVisionBeforTextMapHash":2477900860,"EHPPPDNAJCG":3796999538,"cvEnglishTextMapHash":2619878748,"avatarId":10000047,"avatarVisionAfterTextMapHash":130168969,"isHiden":false,"finishConds":[{"paramList":[],"condType":"FETTER_COND_NOT_OPEN"}],"cvKoreanTextMapHash":2590010167,"cvJapaneseTextMapHash":1043658088,"avatarNativeTextMapHash":3703064921,"infoBirthDay":29,"cvChineseTextMapHash":2293363830,"fetterId":136,"PGEMGNNBCCH":2974574648,"avatarTitleTextMapHash":484877954},"10000048":{"infoBirthMonth":7,"openConds":[],"avatarConstellationBeforTextMapHash":4078029322,"avatarDetailTextMapHash":1570282706,"avatarConstellationAfterTextMapHash":3068878723,"avatarAssocType":"ASSOC_TYPE_LIYUE","avatarVisionBeforTextMapHash":313529204,"EHPPPDNAJCG":1808218946,"cvEnglishTextMapHash":2096594156,"avatarId":10000048,"avatarVisionAfterTextMapHash":3214350745,"isHiden":false,"finishConds":[{"paramList":[],"condType":"FETTER_COND_NOT_OPEN"}],"cvKoreanTextMapHash":1293912855,"cvJapaneseTextMapHash":2814295520,"avatarNativeTextMapHash":2280863881,"infoBirthDay":28,"cvChineseTextMapHash":2145440894,"fetterId":134,"PGEMGNNBCCH":70481312,"avatarTitleTextMapHash":1186691770},"10000049":{"infoBirthMonth":6,"openConds":[],"avatarConstellationBeforTextMapHash":1841952946,"avatarDetailTextMapHash":77669938,"avatarConstellationAfterTextMapHash":896433771,"avatarAssocType":"ASSOC_TYPE_INAZUMA","avatarVisionBeforTextMapHash":1646245548,"EHPPPDNAJCG":563824954,"cvEnglishTextMapHash":635183748,"avatarId":10000049,"avatarVisionAfterTextMapHash":2034415441,"isHiden":false,"finishConds":[{"paramList":[],"condType":"FETTER_COND_NOT_OPEN"}],"cvKoreanTextMapHash":4096971807,"cvJapaneseTextMapHash":2984647568,"avatarNativeTextMapHash":235578769,"infoBirthDay":21,"cvChineseTextMapHash":3824775118,"fetterId":137,"PGEMGNNBCCH":1046082232,"avatarTitleTextMapHash":422431338},"10000050":{"infoBirthMonth":1,"openConds":[],"avatarConstellationBeforTextMapHash":2749427906,"avatarDetailTextMapHash":3621848770,"avatarConstellationAfterTextMapHash":3300759683,"avatarAssocType":"ASSOC_TYPE_INAZUMA","avatarVisionBeforTextMapHash":3177381772,"EHPPPDNAJCG":2983947082,"cvEnglishTextMapHash":2755173740,"avatarId":10000050,"avatarVisionAfterTextMapHash":1518014265,"isHiden":false,"finishConds":[{"paramList":[],"condType":"FETTER_COND_NOT_OPEN"}],"cvKoreanTextMapHash":3394774543,"cvJapaneseTextMapHash":1651520080,"avatarNativeTextMapHash":1486341689,"infoBirthDay":9,"cvChineseTextMapHash":720701894,"fetterId":50600,"PGEMGNNBCCH":2994130800,"avatarTitleTextMapHash":2157757826},"10000051":{"infoBirthMonth":10,"openConds":[],"avatarConstellationBeforTextMapHash":2912362594,"avatarDetailTextMapHash":87994090,"avatarConstellationAfterTextMapHash":4077826867,"avatarAssocType":"ASSOC_TYPE_MONDSTADT","avatarVisionBeforTextMapHash":98482612,"EHPPPDNAJCG":1287108090,"cvEnglishTextMapHash":393498596,"avatarId":10000051,"avatarVisionAfterTextMapHash":2857461841,"isHiden":false,"finishConds":[{"paramList":[],"condType":"FETTER_COND_NOT_OPEN"}],"cvKoreanTextMapHash":3009726871,"cvJapaneseTextMapHash":3928491512,"avatarNativeTextMapHash":2081537529,"infoBirthDay":25,"cvChineseTextMapHash":3297741182,"fetterId":135,"PGEMGNNBCCH":937364480,"avatarTitleTextMapHash":3679187618},"10000052":{"infoBirthMonth":6,"openConds":[],"avatarConstellationBeforTextMapHash":2211667090,"avatarDetailTextMapHash":1478158106,"avatarConstellationAfterTextMapHash":3361507539,"avatarAssocType":"ASSOC_TYPE_INAZUMA","avatarVisionBeforTextMapHash":2689029804,"EHPPPDNAJCG":2748948602,"cvEnglishTextMapHash":1088808028,"avatarId":10000052,"avatarVisionAfterTextMapHash":2085306033,"isHiden":false,"finishConds":[{"paramList":[1],"condType":"FETTER_COND_AVATAR_LEVEL"}],"cvKoreanTextMapHash":3031872143,"cvJapaneseTextMapHash":3912819872,"avatarNativeTextMapHash":2339788961,"infoBirthDay":26,"cvChineseTextMapHash":2225307798,"fetterId":139,"PGEMGNNBCCH":3614576216,"avatarTitleTextMapHash":3922655010},"10000053":{"infoBirthMonth":10,"openConds":[],"avatarConstellationBeforTextMapHash":3872411226,"avatarDetailTextMapHash":4079111402,"avatarConstellationAfterTextMapHash":1031389603,"avatarAssocType":"ASSOC_TYPE_INAZUMA","avatarVisionBeforTextMapHash":2648184060,"EHPPPDNAJCG":3694646930,"cvEnglishTextMapHash":3210378124,"avatarId":10000053,"avatarVisionAfterTextMapHash":206259425,"isHiden":false,"finishConds":[{"paramList":[],"condType":"FETTER_COND_NOT_OPEN"}],"cvKoreanTextMapHash":1743312703,"cvJapaneseTextMapHash":1556047408,"avatarNativeTextMapHash":3474733945,"infoBirthDay":19,"cvChineseTextMapHash":393118902,"fetterId":138,"PGEMGNNBCCH":2610777688,"avatarTitleTextMapHash":1757728074},"10000054":{"infoBirthMonth":2,"openConds":[],"avatarConstellationBeforTextMapHash":1752197778,"avatarDetailTextMapHash":1510500586,"avatarConstellationAfterTextMapHash":718604491,"avatarAssocType":"ASSOC_TYPE_INAZUMA","avatarVisionBeforTextMapHash":1688473500,"EHPPPDNAJCG":2525173970,"cvEnglishTextMapHash":709839884,"avatarId":10000054,"avatarVisionAfterTextMapHash":532522121,"isHiden":false,"finishConds":[{"paramList":[],"condType":"FETTER_COND_NOT_OPEN"}],"cvKoreanTextMapHash":3056845727,"cvJapaneseTextMapHash":3525763280,"avatarNativeTextMapHash":683437921,"infoBirthDay":22,"cvChineseTextMapHash":3905129686,"fetterId":140,"PGEMGNNBCCH":1129842336,"avatarTitleTextMapHash":3706226538},"10000055":{"infoBirthMonth":5,"openConds":[],"avatarConstellationBeforTextMapHash":1574145170,"avatarDetailTextMapHash":194478258,"avatarConstellationAfterTextMapHash":3906648139,"avatarAssocType":"ASSOC_TYPE_INAZUMA","avatarVisionBeforTextMapHash":1016213980,"EHPPPDNAJCG":2980534154,"cvEnglishTextMapHash":2508657724,"avatarId":10000055,"avatarVisionAfterTextMapHash":2297824401,"isHiden":false,"finishConds":[{"paramList":[],"condType":"FETTER_COND_NOT_OPEN"}],"cvKoreanTextMapHash":3333163887,"cvJapaneseTextMapHash":55309024,"avatarNativeTextMapHash":3031398817,"infoBirthDay":18,"cvChineseTextMapHash":3391678678,"fetterId":55600,"PGEMGNNBCCH":3203768184,"avatarTitleTextMapHash":1890326034},"10000056":{"infoBirthMonth":7,"openConds":[],"avatarConstellationBeforTextMapHash":912981282,"avatarDetailTextMapHash":3576556674,"avatarConstellationAfterTextMapHash":3463988355,"avatarAssocType":"ASSOC_TYPE_INAZUMA","avatarVisionBeforTextMapHash":608089036,"EHPPPDNAJCG":3706831450,"cvEnglishTextMapHash":520650924,"avatarId":10000056,"avatarVisionAfterTextMapHash":4018363097,"isHiden":false,"finishConds":[{"paramList":[],"condType":"FETTER_COND_NOT_OPEN"}],"cvKoreanTextMapHash":666191887,"cvJapaneseTextMapHash":1441667000,"avatarNativeTextMapHash":639139097,"infoBirthDay":14,"cvChineseTextMapHash":2167487798,"fetterId":141,"PGEMGNNBCCH":2517818952,"avatarTitleTextMapHash":2295939930},"10000057":{"infoBirthMonth":6,"openConds":[],"avatarConstellationBeforTextMapHash":1196020994,"avatarDetailTextMapHash":1595289146,"avatarConstellationAfterTextMapHash":1667338307,"avatarAssocType":"ASSOC_TYPE_INAZUMA","avatarVisionBeforTextMapHash":3617274620,"EHPPPDNAJCG":2192186834,"cvEnglishTextMapHash":941909100,"avatarId":10000057,"avatarVisionAfterTextMapHash":3467232769,"isHiden":false,"finishConds":[{"paramList":[],"condType":"FETTER_COND_NOT_OPEN"}],"cvKoreanTextMapHash":2058994895,"cvJapaneseTextMapHash":2882319304,"avatarNativeTextMapHash":1303956273,"infoBirthDay":1,"cvChineseTextMapHash":1899801486,"fetterId":57600,"PGEMGNNBCCH":2127793120,"avatarTitleTextMapHash":2604770706},"10000058":{"infoBirthMonth":6,"openConds":[],"avatarConstellationBeforTextMapHash":2170266186,"avatarDetailTextMapHash":458309866,"avatarConstellationAfterTextMapHash":3203852891,"avatarAssocType":"ASSOC_TYPE_INAZUMA","avatarVisionBeforTextMapHash":2143937940,"EHPPPDNAJCG":182018,"cvEnglishTextMapHash":3006410060,"avatarId":10000058,"avatarVisionAfterTextMapHash":2330511321,"isHiden":false,"finishConds":[{"paramList":[],"condType":"FETTER_COND_NOT_OPEN"}],"cvKoreanTextMapHash":1281330663,"cvJapaneseTextMapHash":2793962400,"avatarNativeTextMapHash":2162789625,"infoBirthDay":27,"cvChineseTextMapHash":200172646,"fetterId":58600,"PGEMGNNBCCH":1201755288,"avatarTitleTextMapHash":1488134754},"10000059":{"infoBirthMonth":7,"openConds":[],"avatarConstellationBeforTextMapHash":536290178,"avatarDetailTextMapHash":1643709354,"avatarConstellationAfterTextMapHash":843597763,"avatarAssocType":"ASSOC_TYPE_INAZUMA","avatarVisionBeforTextMapHash":1778251796,"EHPPPDNAJCG":428859770,"cvEnglishTextMapHash":2861659036,"avatarId":10000059,"avatarVisionAfterTextMapHash":1395432457,"isHiden":false,"finishConds":[{"paramList":[],"condType":"FETTER_COND_NOT_OPEN"}],"cvKoreanTextMapHash":2667157559,"cvJapaneseTextMapHash":3267244704,"avatarNativeTextMapHash":193374057,"infoBirthDay":24,"cvChineseTextMapHash":3316269318,"fetterId":59600,"PGEMGNNBCCH":3576490936,"avatarTitleTextMapHash":4014506362},"10000060":{"infoBirthMonth":4,"openConds":[],"avatarConstellationBeforTextMapHash":1929498690,"avatarDetailTextMapHash":2989616018,"avatarConstellationAfterTextMapHash":1424613211,"avatarAssocType":"ASSOC_TYPE_LIYUE","avatarVisionBeforTextMapHash":3400532572,"EHPPPDNAJCG":3763195346,"cvEnglishTextMapHash":225791116,"avatarId":10000060,"avatarVisionAfterTextMapHash":1360252865,"isHiden":false,"finishConds":[{"paramList":[],"condType":"FETTER_COND_NOT_OPEN"}],"cvKoreanTextMapHash":2969110199,"cvJapaneseTextMapHash":3484305312,"avatarNativeTextMapHash":3107636921,"infoBirthDay":20,"cvChineseTextMapHash":3515853070,"fetterId":60600,"PGEMGNNBCCH":3281808952,"avatarTitleTextMapHash":144441626},"10000061":{"infoBirthMonth":1,"openConds":[],"avatarConstellationBeforTextMapHash":1610912066,"avatarDetailTextMapHash":882707162,"avatarConstellationAfterTextMapHash":1922716547,"avatarAssocType":"ASSOC_TYPE_INAZUMA","avatarVisionBeforTextMapHash":2084699444,"EHPPPDNAJCG":3272647706,"cvEnglishTextMapHash":3257056228,"avatarId":10000061,"avatarVisionAfterTextMapHash":3259184641,"isHiden":false,"finishConds":[{"paramList":[],"condType":"FETTER_COND_NOT_OPEN"}],"cvKoreanTextMapHash":418504743,"cvJapaneseTextMapHash":2692019064,"avatarNativeTextMapHash":1542258465,"infoBirthDay":22,"cvChineseTextMapHash":223495054,"fetterId":61600,"PGEMGNNBCCH":1938766776,"avatarTitleTextMapHash":3294635634},"10000062":{"infoBirthMonth":4,"openConds":[],"avatarConstellationBeforTextMapHash":1620998442,"avatarDetailTextMapHash":2522784722,"avatarConstellationAfterTextMapHash":2748691939,"avatarAssocType":"ASSOC_TYPE_RANGER","avatarVisionBeforTextMapHash":1480674860,"EHPPPDNAJCG":3178906154,"cvEnglishTextMapHash":1615682572,"avatarId":10000062,"avatarVisionAfterTextMapHash":378832241,"isHiden":false,"finishConds":[{"paramList":[],"condType":"FETTER_COND_NOT_OPEN"}],"cvKoreanTextMapHash":3219821695,"cvJapaneseTextMapHash":4143563824,"avatarNativeTextMapHash":2988346225,"infoBirthDay":4,"cvChineseTextMapHash":1648706814,"fetterId":142,"PGEMGNNBCCH":1529106560,"avatarTitleTextMapHash":3657688538},"10000063":{"infoBirthMonth":3,"openConds":[],"avatarConstellationBeforTextMapHash":2040902610,"avatarDetailTextMapHash":1428853842,"avatarConstellationAfterTextMapHash":1819308507,"avatarAssocType":"ASSOC_TYPE_LIYUE","avatarVisionBeforTextMapHash":2809830820,"EHPPPDNAJCG":2492610666,"cvEnglishTextMapHash":2662606092,"avatarId":10000063,"avatarVisionAfterTextMapHash":3905457809,"isHiden":false,"finishConds":[{"paramList":[],"condType":"FETTER_COND_NOT_OPEN"}],"cvKoreanTextMapHash":3537366703,"cvJapaneseTextMapHash":2028468440,"avatarNativeTextMapHash":3755848081,"infoBirthDay":10,"cvChineseTextMapHash":2609607934,"fetterId":63600,"PGEMGNNBCCH":2908267544,"avatarTitleTextMapHash":1527983530},"10000064":{"infoBirthMonth":5,"openConds":[],"avatarConstellationBeforTextMapHash":3086360386,"avatarDetailTextMapHash":2551483266,"avatarConstellationAfterTextMapHash":3908001795,"avatarAssocType":"ASSOC_TYPE_LIYUE","avatarVisionBeforTextMapHash":3219124204,"EHPPPDNAJCG":485599842,"cvEnglishTextMapHash":375803180,"avatarId":10000064,"avatarVisionAfterTextMapHash":1258443353,"isHiden":false,"finishConds":[{"paramList":[],"condType":"FETTER_COND_NOT_OPEN"}],"cvKoreanTextMapHash":2929476623,"cvJapaneseTextMapHash":117229856,"avatarNativeTextMapHash":1045159985,"infoBirthDay":21,"cvChineseTextMapHash":883286710,"fetterId":64600,"PGEMGNNBCCH":236539752,"avatarTitleTextMapHash":1737472474},"10000065":{"infoBirthMonth":7,"openConds":[],"avatarConstellationBeforTextMapHash":1722980498,"avatarDetailTextMapHash":1310009266,"avatarConstellationAfterTextMapHash":2265558867,"avatarAssocType":"ASSOC_TYPE_INAZUMA","avatarVisionBeforTextMapHash":689445588,"EHPPPDNAJCG":2799206930,"cvEnglishTextMapHash":248602900,"avatarId":10000065,"avatarVisionAfterTextMapHash":2001955905,"isHiden":false,"finishConds":[{"paramList":[],"condType":"FETTER_COND_NOT_OPEN"}],"cvKoreanTextMapHash":3787552607,"cvJapaneseTextMapHash":4221362976,"avatarNativeTextMapHash":3306526777,"infoBirthDay":27,"cvChineseTextMapHash":2409512318,"fetterId":65600,"PGEMGNNBCCH":1525990808,"avatarTitleTextMapHash":1098938354},"10000066":{"infoBirthMonth":3,"openConds":[],"avatarConstellationBeforTextMapHash":3121506370,"avatarDetailTextMapHash":1492104922,"avatarConstellationAfterTextMapHash":2987063907,"avatarAssocType":"ASSOC_TYPE_INAZUMA","avatarVisionBeforTextMapHash":756679372,"EHPPPDNAJCG":1367053962,"cvEnglishTextMapHash":107947556,"avatarId":10000066,"avatarVisionAfterTextMapHash":2932212113,"isHiden":false,"finishConds":[{"paramList":[],"condType":"FETTER_COND_NOT_OPEN"}],"cvKoreanTextMapHash":2443241887,"cvJapaneseTextMapHash":1135869512,"avatarNativeTextMapHash":3868131161,"infoBirthDay":26,"cvChineseTextMapHash":2668474270,"fetterId":66600,"PGEMGNNBCCH":2474114032,"avatarTitleTextMapHash":448523378},"10000067":{"infoBirthMonth":5,"openConds":[],"avatarConstellationBeforTextMapHash":1135583386,"avatarDetailTextMapHash":473409506,"avatarConstellationAfterTextMapHash":930441339,"avatarAssocType":"ASSOC_TYPE_SUMERU","avatarVisionBeforTextMapHash":4017448612,"EHPPPDNAJCG":3206584826,"cvEnglishTextMapHash":325369020,"avatarId":10000067,"avatarVisionAfterTextMapHash":2697108833,"isHiden":false,"finishConds":[{"paramList":[],"condType":"FETTER_COND_NOT_OPEN"}],"cvKoreanTextMapHash":1313657191,"cvJapaneseTextMapHash":201641504,"avatarNativeTextMapHash":3683659841,"infoBirthDay":8,"cvChineseTextMapHash":2768326286,"fetterId":67600,"PGEMGNNBCCH":4230835400,"avatarTitleTextMapHash":3714185090},"10000068":{"infoBirthMonth":12,"openConds":[],"avatarConstellationBeforTextMapHash":3012601882,"avatarDetailTextMapHash":1490694082,"avatarConstellationAfterTextMapHash":2229594011,"avatarAssocType":"ASSOC_TYPE_SUMERU","avatarVisionBeforTextMapHash":1843086100,"EHPPPDNAJCG":229658114,"cvEnglishTextMapHash":1121107132,"avatarId":10000068,"avatarVisionAfterTextMapHash":432178697,"isHiden":false,"finishConds":[{"paramList":[],"condType":"FETTER_COND_NOT_OPEN"}],"cvKoreanTextMapHash":598685287,"cvJapaneseTextMapHash":673006928,"avatarNativeTextMapHash":3940327097,"infoBirthDay":21,"cvChineseTextMapHash":3797410094,"fetterId":68600,"PGEMGNNBCCH":1909131408,"avatarTitleTextMapHash":3848819674},"10000069":{"infoBirthMonth":12,"openConds":[],"avatarConstellationBeforTextMapHash":18086514,"avatarDetailTextMapHash":3478695082,"avatarConstellationAfterTextMapHash":647317707,"avatarAssocType":"ASSOC_TYPE_SUMERU","avatarVisionBeforTextMapHash":2161032364,"EHPPPDNAJCG":1904260938,"cvEnglishTextMapHash":3536581588,"avatarId":10000069,"avatarVisionAfterTextMapHash":488863433,"isHiden":false,"finishConds":[{"paramList":[],"condType":"FETTER_COND_NOT_OPEN"}],"cvKoreanTextMapHash":1817820311,"cvJapaneseTextMapHash":2237722088,"avatarNativeTextMapHash":609106153,"infoBirthDay":29,"cvChineseTextMapHash":2107867734,"fetterId":69600,"PGEMGNNBCCH":1553961784,"avatarTitleTextMapHash":3265594242},"10000070":{"infoBirthMonth":12,"openConds":[],"avatarConstellationBeforTextMapHash":4233109642,"avatarDetailTextMapHash":3517922962,"avatarConstellationAfterTextMapHash":1572050475,"avatarAssocType":"ASSOC_TYPE_SUMERU","avatarVisionBeforTextMapHash":483165900,"EHPPPDNAJCG":2492539114,"cvEnglishTextMapHash":578824684,"avatarId":10000070,"avatarVisionAfterTextMapHash":2803900457,"isHiden":false,"finishConds":[{"paramList":[],"condType":"FETTER_COND_NOT_OPEN"}],"cvKoreanTextMapHash":973556295,"cvJapaneseTextMapHash":2850202184,"avatarNativeTextMapHash":2136998417,"infoBirthDay":3,"cvChineseTextMapHash":1034330350,"fetterId":70600,"PGEMGNNBCCH":250808280,"avatarTitleTextMapHash":2558588218},"10000071":{"infoBirthMonth":6,"openConds":[],"avatarConstellationBeforTextMapHash":2651954010,"avatarDetailTextMapHash":3565246018,"avatarConstellationAfterTextMapHash":2791041171,"avatarAssocType":"ASSOC_TYPE_SUMERU","avatarVisionBeforTextMapHash":1072755468,"EHPPPDNAJCG":3352059562,"cvEnglishTextMapHash":2600897892,"avatarId":10000071,"avatarVisionAfterTextMapHash":2071410321,"isHiden":false,"finishConds":[{"paramList":[],"condType":"FETTER_COND_NOT_OPEN"}],"cvKoreanTextMapHash":917013751,"cvJapaneseTextMapHash":4131341896,"avatarNativeTextMapHash":1402968689,"infoBirthDay":23,"cvChineseTextMapHash":842028830,"fetterId":71600,"PGEMGNNBCCH":4060290960,"avatarTitleTextMapHash":3695276266},"10000072":{"infoBirthMonth":5,"openConds":[],"avatarConstellationBeforTextMapHash":1078252442,"avatarDetailTextMapHash":1266475946,"avatarConstellationAfterTextMapHash":2228487675,"avatarAssocType":"ASSOC_TYPE_SUMERU","avatarVisionBeforTextMapHash":3228108484,"EHPPPDNAJCG":3328989922,"cvEnglishTextMapHash":2409911636,"avatarId":10000072,"avatarVisionAfterTextMapHash":2320032129,"isHiden":false,"finishConds":[{"paramList":[],"condType":"FETTER_COND_NOT_OPEN"}],"cvKoreanTextMapHash":2721876559,"cvJapaneseTextMapHash":1004041320,"avatarNativeTextMapHash":1037867201,"infoBirthDay":3,"cvChineseTextMapHash":1888280046,"fetterId":72600,"PGEMGNNBCCH":9996888,"avatarTitleTextMapHash":260307914},"10000073":{"infoBirthMonth":10,"openConds":[],"avatarConstellationBeforTextMapHash":3107413186,"avatarDetailTextMapHash":2412105602,"avatarConstellationAfterTextMapHash":3999086403,"avatarAssocType":"ASSOC_TYPE_SUMERU","avatarVisionBeforTextMapHash":1847176908,"EHPPPDNAJCG":3517338538,"cvEnglishTextMapHash":2754808964,"avatarId":10000073,"avatarVisionAfterTextMapHash":2239640617,"isHiden":false,"finishConds":[{"paramList":[1],"condType":"FETTER_COND_AVATAR_LEVEL"}],"cvKoreanTextMapHash":4188248303,"cvJapaneseTextMapHash":2973516840,"avatarNativeTextMapHash":1022176185,"infoBirthDay":27,"cvChineseTextMapHash":552185750,"fetterId":73600,"PGEMGNNBCCH":1312247808,"avatarTitleTextMapHash":1137340338},"10000074":{"infoBirthMonth":12,"openConds":[],"avatarConstellationBeforTextMapHash":4213464010,"avatarDetailTextMapHash":2237383218,"avatarConstellationAfterTextMapHash":2425662555,"avatarAssocType":"ASSOC_TYPE_SUMERU","avatarVisionBeforTextMapHash":3310700468,"EHPPPDNAJCG":16426098,"cvEnglishTextMapHash":220491468,"avatarId":10000074,"avatarVisionAfterTextMapHash":1278207713,"isHiden":false,"finishConds":[{"paramList":[],"condType":"FETTER_COND_NOT_OPEN"}],"cvKoreanTextMapHash":1396309311,"cvJapaneseTextMapHash":3341347776,"avatarNativeTextMapHash":329987473,"infoBirthDay":19,"cvChineseTextMapHash":2048973342,"fetterId":74600,"PGEMGNNBCCH":212707488,"avatarTitleTextMapHash":3090378778},"10000075":{"infoBirthMonth":1,"openConds":[],"avatarConstellationBeforTextMapHash":2549749394,"avatarDetailTextMapHash":3954453410,"avatarConstellationAfterTextMapHash":1949628451,"avatarAssocType":"ASSOC_TYPE_SUMERU","avatarVisionBeforTextMapHash":2485715868,"EHPPPDNAJCG":3143560970,"cvEnglishTextMapHash":1920018716,"avatarId":10000075,"avatarVisionAfterTextMapHash":581746209,"isHiden":false,"finishConds":[{"paramList":[],"condType":"FETTER_COND_NOT_OPEN"}],"cvKoreanTextMapHash":3493037495,"cvJapaneseTextMapHash":3262932968,"avatarNativeTextMapHash":672517425,"infoBirthDay":3,"cvChineseTextMapHash":630337230,"fetterId":75600,"PGEMGNNBCCH":3137316592,"avatarTitleTextMapHash":3790608850},"10000076":{"infoBirthMonth":8,"openConds":[],"avatarConstellationBeforTextMapHash":3178353930,"avatarDetailTextMapHash":3768390994,"avatarConstellationAfterTextMapHash":3383210155,"avatarAssocType":"ASSOC_TYPE_SUMERU","avatarVisionBeforTextMapHash":296824772,"EHPPPDNAJCG":3249421794,"cvEnglishTextMapHash":2151331996,"avatarId":10000076,"avatarVisionAfterTextMapHash":1557386273,"isHiden":false,"finishConds":[{"paramList":[],"condType":"FETTER_COND_NOT_OPEN"}],"cvKoreanTextMapHash":1387966575,"cvJapaneseTextMapHash":2248744704,"avatarNativeTextMapHash":218331129,"infoBirthDay":20,"cvChineseTextMapHash":2438790894,"fetterId":76600,"PGEMGNNBCCH":1757404288,"avatarTitleTextMapHash":2857055778},"10000077":{"infoBirthMonth":3,"openConds":[],"avatarConstellationBeforTextMapHash":2612702186,"avatarDetailTextMapHash":945268338,"avatarConstellationAfterTextMapHash":3791803347,"avatarAssocType":"ASSOC_TYPE_LIYUE","avatarVisionBeforTextMapHash":2196844884,"EHPPPDNAJCG":2178684362,"cvEnglishTextMapHash":3003270908,"avatarId":10000077,"avatarVisionAfterTextMapHash":47990377,"isHiden":false,"finishConds":[{"paramList":[],"condType":"FETTER_COND_NOT_OPEN"}],"cvKoreanTextMapHash":3944947359,"cvJapaneseTextMapHash":4014441608,"avatarNativeTextMapHash":3131758945,"infoBirthDay":6,"cvChineseTextMapHash":1056737670,"fetterId":77600,"PGEMGNNBCCH":2528843464,"avatarTitleTextMapHash":4049421714},"10000078":{"infoBirthMonth":2,"openConds":[],"avatarConstellationBeforTextMapHash":3211479602,"avatarDetailTextMapHash":1285637210,"avatarConstellationAfterTextMapHash":2757789923,"avatarAssocType":"ASSOC_TYPE_SUMERU","avatarVisionBeforTextMapHash":3790078868,"EHPPPDNAJCG":3853784290,"cvEnglishTextMapHash":694204716,"avatarId":10000078,"avatarVisionAfterTextMapHash":2263146353,"isHiden":false,"finishConds":[{"paramList":[],"condType":"FETTER_COND_NOT_OPEN"}],"cvKoreanTextMapHash":1048768247,"cvJapaneseTextMapHash":974189808,"avatarNativeTextMapHash":1874945657,"infoBirthDay":11,"cvChineseTextMapHash":2510192286,"fetterId":78600,"PGEMGNNBCCH":692510816,"avatarTitleTextMapHash":1747432458},"10000079":{"infoBirthMonth":4,"openConds":[],"avatarConstellationBeforTextMapHash":2948453418,"avatarDetailTextMapHash":1487639730,"avatarConstellationAfterTextMapHash":3736403947,"avatarAssocType":"ASSOC_TYPE_SUMERU","avatarVisionBeforTextMapHash":1720193036,"EHPPPDNAJCG":4248163026,"cvEnglishTextMapHash":1147319956,"avatarId":10000079,"avatarVisionAfterTextMapHash":1476165449,"isHiden":false,"finishConds":[{"paramList":[],"condType":"FETTER_COND_NOT_OPEN"}],"cvKoreanTextMapHash":1226626351,"cvJapaneseTextMapHash":3391811664,"avatarNativeTextMapHash":3915336713,"infoBirthDay":7,"cvChineseTextMapHash":3954004070,"fetterId":79600,"PGEMGNNBCCH":3376736240,"avatarTitleTextMapHash":1079010306},"10000080":{"infoBirthMonth":8,"openConds":[],"avatarConstellationBeforTextMapHash":792782874,"avatarDetailTextMapHash":2734451114,"avatarConstellationAfterTextMapHash":1919959643,"avatarAssocType":"ASSOC_TYPE_MONDSTADT","avatarVisionBeforTextMapHash":1295625244,"EHPPPDNAJCG":1653115202,"cvEnglishTextMapHash":3060244500,"avatarId":10000080,"avatarVisionAfterTextMapHash":2722136921,"isHiden":false,"finishConds":[{"paramList":[],"condType":"FETTER_COND_NOT_OPEN"}],"cvKoreanTextMapHash":2410653255,"cvJapaneseTextMapHash":708799776,"avatarNativeTextMapHash":2043902721,"infoBirthDay":11,"cvChineseTextMapHash":2995002326,"fetterId":80600,"PGEMGNNBCCH":1137105328,"avatarTitleTextMapHash":3144322938},"10000081":{"infoBirthMonth":7,"openConds":[],"avatarConstellationBeforTextMapHash":1259949786,"avatarDetailTextMapHash":477218418,"avatarConstellationAfterTextMapHash":2891336083,"avatarAssocType":"ASSOC_TYPE_SUMERU","avatarVisionBeforTextMapHash":2596397668,"EHPPPDNAJCG":4184135658,"cvEnglishTextMapHash":3769388124,"avatarId":10000081,"avatarVisionAfterTextMapHash":3685338753,"isHiden":false,"finishConds":[{"paramList":[],"condType":"FETTER_COND_NOT_OPEN"}],"cvKoreanTextMapHash":3452014007,"cvJapaneseTextMapHash":1182342256,"avatarNativeTextMapHash":4196831209,"infoBirthDay":9,"cvChineseTextMapHash":1039834990,"fetterId":81600,"PGEMGNNBCCH":2841398600,"avatarTitleTextMapHash":18885306},"10000082":{"infoBirthMonth":4,"openConds":[],"avatarConstellationBeforTextMapHash":1283071826,"avatarDetailTextMapHash":3584266538,"avatarConstellationAfterTextMapHash":2368317523,"avatarAssocType":"ASSOC_TYPE_LIYUE","avatarVisionBeforTextMapHash":302902244,"EHPPPDNAJCG":1407699202,"cvEnglishTextMapHash":2052519700,"avatarId":10000082,"avatarVisionAfterTextMapHash":871804721,"isHiden":false,"finishConds":[{"paramList":[],"condType":"FETTER_COND_NOT_OPEN"}],"cvKoreanTextMapHash":1270019695,"cvJapaneseTextMapHash":3796478048,"avatarNativeTextMapHash":1371436473,"infoBirthDay":25,"cvChineseTextMapHash":3018580542,"fetterId":82600,"PGEMGNNBCCH":3456405544,"avatarTitleTextMapHash":3839498106},"10000083":{"infoBirthMonth":2,"openConds":[],"avatarConstellationBeforTextMapHash":42240306,"avatarDetailTextMapHash":2276870554,"avatarConstellationAfterTextMapHash":3168848315,"avatarAssocType":"ASSOC_TYPE_FONTAINE","avatarVisionBeforTextMapHash":2599845212,"EHPPPDNAJCG":1459554010,"cvEnglishTextMapHash":3631211396,"avatarId":10000083,"avatarVisionAfterTextMapHash":3381109377,"isHiden":false,"finishConds":[{"paramList":[],"condType":"FETTER_COND_NOT_OPEN"}],"cvKoreanTextMapHash":3864832511,"cvJapaneseTextMapHash":2470048296,"avatarNativeTextMapHash":3277831097,"infoBirthDay":2,"cvChineseTextMapHash":851990838,"fetterId":83600,"PGEMGNNBCCH":1683986536,"avatarTitleTextMapHash":1033214146},"10000084":{"infoBirthMonth":2,"openConds":[],"avatarConstellationBeforTextMapHash":2699749050,"avatarDetailTextMapHash":3474221690,"avatarConstellationAfterTextMapHash":2706910523,"avatarAssocType":"ASSOC_TYPE_FONTAINE","avatarVisionBeforTextMapHash":413121884,"EHPPPDNAJCG":1469023698,"cvEnglishTextMapHash":1578016860,"avatarId":10000084,"avatarVisionAfterTextMapHash":2945525681,"isHiden":false,"finishConds":[{"paramList":[],"condType":"FETTER_COND_NOT_OPEN"}],"cvKoreanTextMapHash":3914694959,"cvJapaneseTextMapHash":587136824,"avatarNativeTextMapHash":3391825985,"infoBirthDay":2,"cvChineseTextMapHash":4146533574,"fetterId":84600,"PGEMGNNBCCH":3531058904,"avatarTitleTextMapHash":1298389802},"10000085":{"infoBirthMonth":9,"openConds":[],"avatarConstellationBeforTextMapHash":850970138,"avatarDetailTextMapHash":2878178530,"avatarConstellationAfterTextMapHash":3879680403,"avatarAssocType":"ASSOC_TYPE_FONTAINE","avatarVisionBeforTextMapHash":2379581852,"EHPPPDNAJCG":4000601530,"cvEnglishTextMapHash":2819256924,"avatarId":10000085,"avatarVisionAfterTextMapHash":1041387777,"isHiden":false,"finishConds":[{"paramList":[],"condType":"FETTER_COND_NOT_OPEN"}],"cvKoreanTextMapHash":404035207,"cvJapaneseTextMapHash":558999088,"avatarNativeTextMapHash":2748698681,"infoBirthDay":24,"cvChineseTextMapHash":1748342318,"fetterId":85600,"PGEMGNNBCCH":1277702200,"avatarTitleTextMapHash":3824251530},"10000086":{"infoBirthMonth":11,"openConds":[],"avatarConstellationBeforTextMapHash":1541133810,"avatarDetailTextMapHash":1595742610,"avatarConstellationAfterTextMapHash":1410843219,"avatarAssocType":"ASSOC_TYPE_FONTAINE","avatarVisionBeforTextMapHash":5532,"EHPPPDNAJCG":639897322,"cvEnglishTextMapHash":2090362484,"avatarId":10000086,"avatarVisionAfterTextMapHash":2362211441,"isHiden":false,"finishConds":[{"paramList":[],"condType":"FETTER_COND_NOT_OPEN"}],"cvKoreanTextMapHash":2957578959,"cvJapaneseTextMapHash":136095792,"avatarNativeTextMapHash":2159068001,"infoBirthDay":23,"cvChineseTextMapHash":4018002582,"fetterId":86600,"PGEMGNNBCCH":199541904,"avatarTitleTextMapHash":1614804522},"10000087":{"infoBirthMonth":12,"openConds":[],"avatarConstellationBeforTextMapHash":3286900818,"avatarDetailTextMapHash":3392552986,"avatarConstellationAfterTextMapHash":1525610219,"avatarAssocType":"ASSOC_TYPE_FONTAINE","avatarVisionBeforTextMapHash":524891220,"EHPPPDNAJCG":923454994,"cvEnglishTextMapHash":1370771460,"avatarId":10000087,"avatarVisionAfterTextMapHash":2047555449,"isHiden":false,"finishConds":[{"paramList":[401906],"condType":"FETTER_COND_FINISH_QUEST"}],"cvKoreanTextMapHash":706784415,"cvJapaneseTextMapHash":4115082936,"avatarNativeTextMapHash":1846030865,"infoBirthDay":18,"cvChineseTextMapHash":766917302,"fetterId":87600,"PGEMGNNBCCH":4194541152,"avatarTitleTextMapHash":129466210},"10000088":{"infoBirthMonth":4,"openConds":[],"avatarConstellationBeforTextMapHash":2161973858,"avatarDetailTextMapHash":3083904506,"avatarConstellationAfterTextMapHash":1158593283,"avatarAssocType":"ASSOC_TYPE_FONTAINE","avatarVisionBeforTextMapHash":1758361724,"EHPPPDNAJCG":1444268562,"cvEnglishTextMapHash":1141696676,"avatarId":10000088,"avatarVisionAfterTextMapHash":53003825,"isHiden":false,"finishConds":[{"paramList":[],"condType":"FETTER_COND_NOT_OPEN"}],"cvKoreanTextMapHash":1455505759,"cvJapaneseTextMapHash":2509122128,"avatarNativeTextMapHash":913098609,"infoBirthDay":10,"cvChineseTextMapHash":2958650934,"fetterId":88600,"PGEMGNNBCCH":1518900080,"avatarTitleTextMapHash":1693018890},"10000089":{"infoBirthMonth":10,"openConds":[],"avatarConstellationBeforTextMapHash":3172443770,"avatarDetailTextMapHash":3897247930,"avatarConstellationAfterTextMapHash":353431851,"avatarAssocType":"ASSOC_TYPE_FONTAINE","avatarVisionBeforTextMapHash":362824036,"EHPPPDNAJCG":1691740442,"cvEnglishTextMapHash":1880686964,"avatarId":10000089,"avatarVisionAfterTextMapHash":1807841793,"isHiden":false,"finishConds":[{"paramList":[1401209],"condType":"FETTER_COND_FINISH_QUEST"}],"cvKoreanTextMapHash":707842223,"cvJapaneseTextMapHash":1022992704,"avatarNativeTextMapHash":2156420105,"infoBirthDay":13,"cvChineseTextMapHash":2843738366,"fetterId":89600,"PGEMGNNBCCH":3440757512,"avatarTitleTextMapHash":1998143314},"10000090":{"infoBirthMonth":1,"openConds":[],"avatarConstellationBeforTextMapHash":2735454538,"avatarDetailTextMapHash":3863752658,"avatarConstellationAfterTextMapHash":2534594635,"avatarAssocType":"ASSOC_TYPE_FONTAINE","avatarVisionBeforTextMapHash":1477821100,"EHPPPDNAJCG":1556313954,"cvEnglishTextMapHash":3057584764,"avatarId":10000090,"avatarVisionAfterTextMapHash":1630200041,"isHiden":false,"finishConds":[{"paramList":[],"condType":"FETTER_COND_NOT_OPEN"}],"cvKoreanTextMapHash":411130439,"cvJapaneseTextMapHash":3694319824,"avatarNativeTextMapHash":1786148945,"infoBirthDay":10,"cvChineseTextMapHash":4079209518,"fetterId":90600,"PGEMGNNBCCH":2325357464,"avatarTitleTextMapHash":2576986026},"10000091":{"infoBirthMonth":8,"openConds":[],"avatarConstellationBeforTextMapHash":785421794,"avatarDetailTextMapHash":3521032186,"avatarConstellationAfterTextMapHash":2497274579,"avatarAssocType":"ASSOC_TYPE_FONTAINE","avatarVisionBeforTextMapHash":187624284,"EHPPPDNAJCG":3524742858,"cvEnglishTextMapHash":1777724812,"avatarId":10000091,"avatarVisionAfterTextMapHash":2666130449,"isHiden":false,"finishConds":[{"paramList":[],"condType":"FETTER_COND_NOT_OPEN"}],"cvKoreanTextMapHash":2718641023,"cvJapaneseTextMapHash":495098840,"avatarNativeTextMapHash":1823436737,"infoBirthDay":16,"cvChineseTextMapHash":761553894,"fetterId":91600,"PGEMGNNBCCH":3074822128,"avatarTitleTextMapHash":2673266866},"10000092":{"infoBirthMonth":12,"openConds":[],"avatarConstellationBeforTextMapHash":2892332658,"avatarDetailTextMapHash":2194925506,"avatarConstellationAfterTextMapHash":2335932723,"avatarAssocType":"ASSOC_TYPE_LIYUE","avatarVisionBeforTextMapHash":975256724,"EHPPPDNAJCG":3902984946,"cvEnglishTextMapHash":3062577956,"avatarId":10000092,"avatarVisionAfterTextMapHash":1968852865,"isHiden":false,"finishConds":[{"paramList":[],"condType":"FETTER_COND_NOT_OPEN"}],"cvKoreanTextMapHash":2289102503,"cvJapaneseTextMapHash":1786130768,"avatarNativeTextMapHash":106208633,"infoBirthDay":22,"cvChineseTextMapHash":181948150,"fetterId":92600,"PGEMGNNBCCH":3803067480,"avatarTitleTextMapHash":366162906},"10000093":{"infoBirthMonth":4,"openConds":[],"avatarConstellationBeforTextMapHash":2514371570,"avatarDetailTextMapHash":2183158842,"avatarConstellationAfterTextMapHash":2715194347,"avatarAssocType":"ASSOC_TYPE_LIYUE","avatarVisionBeforTextMapHash":858902540,"EHPPPDNAJCG":3914774458,"cvEnglishTextMapHash":1677629420,"avatarId":10000093,"avatarVisionAfterTextMapHash":866860777,"isHiden":false,"finishConds":[{"paramList":[],"condType":"FETTER_COND_NOT_OPEN"}],"cvKoreanTextMapHash":1979587887,"cvJapaneseTextMapHash":735775416,"avatarNativeTextMapHash":3322899601,"infoBirthDay":11,"cvChineseTextMapHash":1301612494,"fetterId":93600,"PGEMGNNBCCH":1535960648,"avatarTitleTextMapHash":952438522},"10000094":{"infoBirthMonth":8,"openConds":[],"avatarConstellationBeforTextMapHash":3871564042,"avatarDetailTextMapHash":2527476874,"avatarConstellationAfterTextMapHash":1943153363,"avatarAssocType":"ASSOC_TYPE_INAZUMA","avatarVisionBeforTextMapHash":2419273932,"EHPPPDNAJCG":4165422570,"cvEnglishTextMapHash":424333836,"avatarId":10000094,"avatarVisionAfterTextMapHash":1498774393,"isHiden":false,"finishConds":[{"paramList":[],"condType":"FETTER_COND_NOT_OPEN"}],"cvKoreanTextMapHash":2285185639,"cvJapaneseTextMapHash":568431904,"avatarNativeTextMapHash":375107489,"infoBirthDay":17,"cvChineseTextMapHash":1629902998,"fetterId":94600,"PGEMGNNBCCH":50126800,"avatarTitleTextMapHash":2878325034},"10000095":{"infoBirthMonth":3,"openConds":[],"avatarConstellationBeforTextMapHash":3701764290,"avatarDetailTextMapHash":2479226994,"avatarConstellationAfterTextMapHash":3189828299,"avatarAssocType":"ASSOC_TYPE_FONTAINE","avatarVisionBeforTextMapHash":983257612,"EHPPPDNAJCG":3333864666,"cvEnglishTextMapHash":1963995292,"avatarId":10000095,"avatarVisionAfterTextMapHash":2903027681,"isHiden":false,"finishConds":[{"paramList":[],"condType":"FETTER_COND_NOT_OPEN"}],"cvKoreanTextMapHash":3151665055,"cvJapaneseTextMapHash":2304189064,"avatarNativeTextMapHash":3925829369,"infoBirthDay":30,"cvChineseTextMapHash":359358342,"fetterId":95600,"PGEMGNNBCCH":3836656216,"avatarTitleTextMapHash":1006607674},"10000096":{"infoBirthMonth":8,"openConds":[],"avatarConstellationBeforTextMapHash":3841193010,"avatarDetailTextMapHash":348922594,"avatarConstellationAfterTextMapHash":4179232251,"avatarAssocType":"ASSOC_TYPE_FATUI","avatarVisionBeforTextMapHash":1907938868,"EHPPPDNAJCG":2693433394,"cvEnglishTextMapHash":2075602708,"avatarId":10000096,"avatarVisionAfterTextMapHash":2406162233,"isHiden":false,"finishConds":[{"paramList":[],"condType":"FETTER_COND_NOT_OPEN"}],"cvKoreanTextMapHash":3511245199,"cvJapaneseTextMapHash":1567433064,"avatarNativeTextMapHash":2994119017,"infoBirthDay":22,"cvChineseTextMapHash":1652820710,"fetterId":96600,"PGEMGNNBCCH":3058838936,"avatarTitleTextMapHash":3049476050},"10000097":{"infoBirthMonth":5,"openConds":[],"avatarConstellationBeforTextMapHash":1839324786,"avatarDetailTextMapHash":711156994,"avatarConstellationAfterTextMapHash":2612091683,"avatarAssocType":"ASSOC_TYPE_SUMERU","avatarVisionBeforTextMapHash":900309572,"EHPPPDNAJCG":1754144722,"cvEnglishTextMapHash":2882742516,"avatarId":10000097,"avatarVisionAfterTextMapHash":1871299457,"isHiden":false,"finishConds":[{"paramList":[],"condType":"FETTER_COND_NOT_OPEN"}],"cvKoreanTextMapHash":1196056023,"cvJapaneseTextMapHash":3594367112,"avatarNativeTextMapHash":1710166889,"infoBirthDay":31,"cvChineseTextMapHash":82089862,"fetterId":97600,"PGEMGNNBCCH":3834202824,"avatarTitleTextMapHash":592620818},"10000098":{"infoBirthMonth":9,"openConds":[],"avatarConstellationBeforTextMapHash":3930517194,"avatarDetailTextMapHash":3607804282,"avatarConstellationAfterTextMapHash":2939709451,"avatarAssocType":"ASSOC_TYPE_FONTAINE","avatarVisionBeforTextMapHash":2108312900,"EHPPPDNAJCG":3459897962,"cvEnglishTextMapHash":1989528772,"avatarId":10000098,"avatarVisionAfterTextMapHash":2806305897,"isHiden":false,"finishConds":[{"paramList":[],"condType":"FETTER_COND_NOT_OPEN"}],"cvKoreanTextMapHash":4045049935,"cvJapaneseTextMapHash":272520760,"avatarNativeTextMapHash":2861834945,"infoBirthDay":20,"cvChineseTextMapHash":2586835014,"fetterId":98600,"PGEMGNNBCCH":3371371960,"avatarTitleTextMapHash":2204666066},"10000099":{"infoBirthMonth":9,"openConds":[],"avatarConstellationBeforTextMapHash":2104011930,"avatarDetailTextMapHash":2872568882,"avatarConstellationAfterTextMapHash":3931455107,"avatarAssocType":"ASSOC_TYPE_FONTAINE","avatarVisionBeforTextMapHash":2804230420,"EHPPPDNAJCG":4067189458,"cvEnglishTextMapHash":897115332,"avatarId":10000099,"avatarVisionAfterTextMapHash":2947626321,"isHiden":false,"finishConds":[{"paramList":[],"condType":"FETTER_COND_NOT_OPEN"}],"cvKoreanTextMapHash":456694311,"cvJapaneseTextMapHash":231062432,"avatarNativeTextMapHash":2828545913,"infoBirthDay":22,"cvChineseTextMapHash":282347454,"fetterId":99600,"PGEMGNNBCCH":85578912,"avatarTitleTextMapHash":1620786530},"10000100":{"infoBirthMonth":4,"openConds":[],"avatarConstellationBeforTextMapHash":3428238274,"avatarDetailTextMapHash":2925574410,"avatarConstellationAfterTextMapHash":1780832827,"avatarAssocType":"ASSOC_TYPE_NATLAN","avatarVisionBeforTextMapHash":4192242524,"EHPPPDNAJCG":2771711746,"cvEnglishTextMapHash":3925412220,"avatarId":10000100,"avatarVisionAfterTextMapHash":4075572745,"isHiden":false,"finishConds":[{"paramList":[],"condType":"FETTER_COND_NOT_OPEN"}],"cvKoreanTextMapHash":170086711,"cvJapaneseTextMapHash":1626605240,"avatarNativeTextMapHash":3433906857,"infoBirthDay":22,"cvChineseTextMapHash":263322214,"fetterId":100600,"PGEMGNNBCCH":683402632,"avatarTitleTextMapHash":1166581626},"10000101":{"infoBirthMonth":11,"openConds":[],"avatarConstellationBeforTextMapHash":988403722,"avatarDetailTextMapHash":3369230146,"avatarConstellationAfterTextMapHash":2165924603,"avatarAssocType":"ASSOC_TYPE_NATLAN","avatarVisionBeforTextMapHash":4017294372,"EHPPPDNAJCG":2677436274,"cvEnglishTextMapHash":2964567508,"avatarId":10000101,"avatarVisionAfterTextMapHash":2844141721,"isHiden":false,"finishConds":[{"paramList":[],"condType":"FETTER_COND_NOT_OPEN"}],"cvKoreanTextMapHash":1131585071,"cvJapaneseTextMapHash":1779921144,"avatarNativeTextMapHash":557952857,"infoBirthDay":11,"cvChineseTextMapHash":2755062638,"fetterId":101600,"PGEMGNNBCCH":2523254848,"avatarTitleTextMapHash":3971938690},"10000102":{"infoBirthMonth":8,"openConds":[],"avatarConstellationBeforTextMapHash":1420048706,"avatarDetailTextMapHash":1660843154,"avatarConstellationAfterTextMapHash":1810481299,"avatarAssocType":"ASSOC_TYPE_NATLAN","avatarVisionBeforTextMapHash":3641438436,"EHPPPDNAJCG":1683191338,"cvEnglishTextMapHash":628204340,"avatarId":10000102,"avatarVisionAfterTextMapHash":4155919881,"isHiden":false,"finishConds":[{"paramList":[],"condType":"FETTER_COND_NOT_OPEN"}],"cvKoreanTextMapHash":2129865799,"cvJapaneseTextMapHash":2264155976,"avatarNativeTextMapHash":1364505833,"infoBirthDay":3,"cvChineseTextMapHash":3003373510,"fetterId":102600,"PGEMGNNBCCH":2882362064,"avatarTitleTextMapHash":2563734330},"10000103":{"infoBirthMonth":3,"openConds":[],"avatarConstellationBeforTextMapHash":2486497690,"avatarDetailTextMapHash":4022124610,"avatarConstellationAfterTextMapHash":1052651387,"avatarAssocType":"ASSOC_TYPE_NATLAN","avatarVisionBeforTextMapHash":2562917996,"EHPPPDNAJCG":1600272306,"cvEnglishTextMapHash":2906546108,"avatarId":10000103,"avatarVisionAfterTextMapHash":382790393,"isHiden":false,"finishConds":[{"paramList":[],"condType":"FETTER_COND_NOT_OPEN"}],"cvKoreanTextMapHash":2547915031,"cvJapaneseTextMapHash":3159132600,"avatarNativeTextMapHash":1594604353,"infoBirthDay":13,"cvChineseTextMapHash":186110470,"fetterId":103600,"PGEMGNNBCCH":88716568,"avatarTitleTextMapHash":2460167938},"10000104":{"infoBirthMonth":12,"openConds":[],"avatarConstellationBeforTextMapHash":982412122,"avatarDetailTextMapHash":3450775346,"avatarConstellationAfterTextMapHash":637855979,"avatarAssocType":"ASSOC_TYPE_NATLAN","avatarVisionBeforTextMapHash":3301337964,"EHPPPDNAJCG":3928669946,"cvEnglishTextMapHash":1664231228,"avatarId":10000104,"avatarVisionAfterTextMapHash":3268500913,"isHiden":false,"finishConds":[{"paramList":[],"condType":"FETTER_COND_NOT_OPEN"}],"cvKoreanTextMapHash":2458840319,"cvJapaneseTextMapHash":556754784,"avatarNativeTextMapHash":2904125249,"infoBirthDay":10,"cvChineseTextMapHash":2822410766,"fetterId":104600,"PGEMGNNBCCH":3622492408,"avatarTitleTextMapHash":2916137698},"10000105":{"infoBirthMonth":10,"openConds":[],"avatarConstellationBeforTextMapHash":668620602,"avatarDetailTextMapHash":3439538554,"avatarConstellationAfterTextMapHash":3497113075,"avatarAssocType":"ASSOC_TYPE_NATLAN","avatarVisionBeforTextMapHash":3815486868,"EHPPPDNAJCG":3029225914,"cvEnglishTextMapHash":1100663972,"avatarId":10000105,"avatarVisionAfterTextMapHash":1635725553,"isHiden":false,"finishConds":[{"paramList":[],"condType":"FETTER_COND_NOT_OPEN"}],"cvKoreanTextMapHash":3743111807,"cvJapaneseTextMapHash":2952721336,"avatarNativeTextMapHash":631478041,"infoBirthDay":14,"cvChineseTextMapHash":1254565214,"fetterId":105600,"PGEMGNNBCCH":1734399080,"avatarTitleTextMapHash":366462682},"10000106":{"infoBirthMonth":8,"openConds":[],"avatarConstellationBeforTextMapHash":1777699098,"avatarDetailTextMapHash":4097326562,"avatarConstellationAfterTextMapHash":2790655171,"avatarAssocType":"ASSOC_TYPE_NATLAN","avatarVisionBeforTextMapHash":3442020340,"EHPPPDNAJCG":979227458,"cvEnglishTextMapHash":873211772,"avatarId":10000106,"avatarVisionAfterTextMapHash":1634984881,"isHiden":false,"finishConds":[{"paramList":[1],"condType":"FETTER_COND_AVATAR_LEVEL"}],"cvKoreanTextMapHash":1119355031,"cvJapaneseTextMapHash":2917049344,"avatarNativeTextMapHash":3361225089,"infoBirthDay":28,"cvChineseTextMapHash":2525304958,"fetterId":106600,"PGEMGNNBCCH":4211000096,"avatarTitleTextMapHash":1608133898},"10000107":{"infoBirthMonth":1,"openConds":[],"avatarConstellationBeforTextMapHash":3615626690,"avatarDetailTextMapHash":1231799066,"avatarConstellationAfterTextMapHash":2654312107,"avatarAssocType":"ASSOC_TYPE_NATLAN","avatarVisionBeforTextMapHash":1816872948,"EHPPPDNAJCG":2488090346,"cvEnglishTextMapHash":3619527332,"avatarId":10000107,"avatarVisionAfterTextMapHash":3582166713,"isHiden":false,"finishConds":[{"paramList":[],"condType":"FETTER_COND_NOT_OPEN"}],"cvKoreanTextMapHash":3518839375,"cvJapaneseTextMapHash":2019951128,"avatarNativeTextMapHash":2330126089,"infoBirthDay":20,"cvChineseTextMapHash":2476339910,"fetterId":107600,"PGEMGNNBCCH":1189881960,"avatarTitleTextMapHash":3813204770},"10000108":{"infoBirthMonth":1,"openConds":[],"avatarConstellationBeforTextMapHash":3069807770,"avatarDetailTextMapHash":3668244122,"avatarConstellationAfterTextMapHash":2916764451,"avatarAssocType":"ASSOC_TYPE_LIYUE","avatarVisionBeforTextMapHash":2337532700,"EHPPPDNAJCG":3476144186,"cvEnglishTextMapHash":3481117684,"avatarId":10000108,"avatarVisionAfterTextMapHash":3266936817,"isHiden":false,"finishConds":[{"paramList":[],"condType":"FETTER_COND_NOT_OPEN"}],"cvKoreanTextMapHash":2044282879,"cvJapaneseTextMapHash":854513424,"avatarNativeTextMapHash":1939124825,"infoBirthDay":6,"cvChineseTextMapHash":2080597766,"fetterId":108600,"PGEMGNNBCCH":2223359552,"avatarTitleTextMapHash":4148362698},"10000109":{"infoBirthMonth":3,"openConds":[],"avatarConstellationBeforTextMapHash":4283134666,"avatarDetailTextMapHash":4065950234,"avatarConstellationAfterTextMapHash":3316983043,"avatarAssocType":"ASSOC_TYPE_INAZUMA","avatarVisionBeforTextMapHash":2671871612,"EHPPPDNAJCG":2007268002,"cvEnglishTextMapHash":2972007676,"avatarId":10000109,"avatarVisionAfterTextMapHash":3987863545,"isHiden":false,"finishConds":[{"paramList":[],"condType":"FETTER_COND_NOT_OPEN"}],"cvKoreanTextMapHash":1484333527,"cvJapaneseTextMapHash":2631874048,"avatarNativeTextMapHash":2061366433,"infoBirthDay":16,"cvChineseTextMapHash":4235862974,"fetterId":109600,"PGEMGNNBCCH":1604432136,"avatarTitleTextMapHash":2118175218},"10000110":{"infoBirthMonth":8,"openConds":[],"avatarConstellationBeforTextMapHash":3386730066,"avatarDetailTextMapHash":399097210,"avatarConstellationAfterTextMapHash":1944146987,"avatarAssocType":"ASSOC_TYPE_NATLAN","avatarVisionBeforTextMapHash":3188129380,"EHPPPDNAJCG":1564890530,"cvEnglishTextMapHash":3732022164,"avatarId":10000110,"avatarVisionAfterTextMapHash":3709904609,"isHiden":false,"finishConds":[{"paramList":[],"condType":"FETTER_COND_NOT_OPEN"}],"cvKoreanTextMapHash":1862429431,"cvJapaneseTextMapHash":3617635968,"avatarNativeTextMapHash":712445497,"infoBirthDay":8,"cvChineseTextMapHash":439315550,"fetterId":110600,"PGEMGNNBCCH":3930605488,"avatarTitleTextMapHash":3782130778},"10000111":{"infoBirthMonth":11,"openConds":[],"avatarConstellationBeforTextMapHash":1762577026,"avatarDetailTextMapHash":1394567898,"avatarConstellationAfterTextMapHash":3858465163,"avatarAssocType":"ASSOC_TYPE_NATLAN","avatarVisionBeforTextMapHash":51054212,"EHPPPDNAJCG":385637114,"cvEnglishTextMapHash":130095036,"avatarId":10000111,"avatarVisionAfterTextMapHash":2427252393,"isHiden":false,"finishConds":[{"paramList":[],"condType":"FETTER_COND_NOT_OPEN"}],"cvKoreanTextMapHash":706346975,"cvJapaneseTextMapHash":1572196464,"avatarNativeTextMapHash":3124521081,"infoBirthDay":15,"cvChineseTextMapHash":3467789342,"fetterId":111600,"PGEMGNNBCCH":1173648904,"avatarTitleTextMapHash":32582546},"10000112":{"infoBirthMonth":6,"openConds":[],"avatarConstellationBeforTextMapHash":3990088386,"avatarDetailTextMapHash":1783502434,"avatarConstellationAfterTextMapHash":2279658987,"avatarAssocType":"ASSOC_TYPE_FONTAINE","avatarVisionBeforTextMapHash":3230082772,"EHPPPDNAJCG":957833042,"cvEnglishTextMapHash":1463793028,"avatarId":10000112,"avatarVisionAfterTextMapHash":3554506625,"isHiden":false,"finishConds":[{"paramList":[],"condType":"FETTER_COND_NOT_OPEN"}],"cvKoreanTextMapHash":3470181679,"cvJapaneseTextMapHash":1303428128,"avatarNativeTextMapHash":2464914569,"infoBirthDay":8,"cvChineseTextMapHash":884103830,"fetterId":112600,"PGEMGNNBCCH":2148599000,"avatarTitleTextMapHash":3555073130},"10000113":{"infoBirthMonth":3,"openConds":[],"avatarConstellationBeforTextMapHash":3593665434,"avatarDetailTextMapHash":3626418890,"avatarConstellationAfterTextMapHash":1702728859,"avatarAssocType":"ASSOC_TYPE_NATLAN","avatarVisionBeforTextMapHash":1221948900,"EHPPPDNAJCG":4044292842,"cvEnglishTextMapHash":2800400020,"avatarId":10000113,"avatarVisionAfterTextMapHash":4162775209,"isHiden":false,"finishConds":[{"paramList":[],"condType":"FETTER_COND_NOT_OPEN"}],"cvKoreanTextMapHash":2786296175,"cvJapaneseTextMapHash":2495761320,"avatarNativeTextMapHash":2819723233,"infoBirthDay":23,"cvChineseTextMapHash":3155539190,"fetterId":113600,"PGEMGNNBCCH":1942263920,"avatarTitleTextMapHash":971018842},"10000114":{"infoBirthMonth":11,"openConds":[],"avatarConstellationBeforTextMapHash":3774689962,"avatarDetailTextMapHash":3716714802,"avatarConstellationAfterTextMapHash":3355158347,"avatarAssocType":"ASSOC_TYPE_OMNI_SCOURGE","avatarVisionBeforTextMapHash":1723833716,"EHPPPDNAJCG":2389758066,"cvEnglishTextMapHash":1361932772,"avatarId":10000114,"avatarVisionAfterTextMapHash":541238193,"isHiden":false,"finishConds":[{"paramList":[],"condType":"FETTER_COND_NOT_OPEN"}],"cvKoreanTextMapHash":1859617327,"cvJapaneseTextMapHash":3489119184,"avatarNativeTextMapHash":1897389881,"infoBirthDay":5,"cvChineseTextMapHash":4070951942,"fetterId":114600,"PGEMGNNBCCH":4252609488,"avatarTitleTextMapHash":1444421514},"10000115":{"infoBirthMonth":5,"openConds":[],"avatarConstellationBeforTextMapHash":539753802,"avatarDetailTextMapHash":709608978,"avatarConstellationAfterTextMapHash":3710837275,"avatarAssocType":"ASSOC_TYPE_MONDSTADT","avatarVisionBeforTextMapHash":973596852,"EHPPPDNAJCG":164988698,"cvEnglishTextMapHash":1269593284,"avatarId":10000115,"avatarVisionAfterTextMapHash":4096619521,"isHiden":false,"finishConds":[{"paramList":[],"condType":"FETTER_COND_NOT_OPEN"}],"cvKoreanTextMapHash":114485095,"cvJapaneseTextMapHash":3809275800,"avatarNativeTextMapHash":2378969177,"infoBirthDay":25,"cvChineseTextMapHash":4201827430,"fetterId":115600,"PGEMGNNBCCH":1038480096,"avatarTitleTextMapHash":3935680122}}