[{"infoBirthMonth":9,"infoBirthDay":28,"avatarNativeTextMapHash":1763099481,"avatarVisionBeforTextMapHash":3057990932,"avatarConstellationBeforTextMapHash":2735576330,"avatarTitleTextMapHash":3614785250,"avatarDetailTextMapHash":4223738138,"avatarAssocType":"ASSOC_TYPE_INAZUMA","cvChineseTextMapHash":727576102,"cvJapaneseTextMapHash":3995062768,"cvEnglishTextMapHash":431619300,"cvKoreanTextMapHash":825575327,"avatarVisionAfterTextMapHash":4288637793,"avatarConstellationAfterTextMapHash":1033536715,"fetterId":101,"avatarId":10000002,"openConds":[],"PNJPCCBFIJH":[{"condType":"FETTER_COND_NOT_OPEN","paramList":[]}]},{"infoBirthMonth":3,"infoBirthDay":14,"avatarNativeTextMapHash":2100503169,"avatarVisionBeforTextMapHash":467004516,"avatarConstellationBeforTextMapHash":201010258,"avatarTitleTextMapHash":1200647962,"avatarDetailTextMapHash":1963658218,"avatarAssocType":"ASSOC_TYPE_MONDSTADT","cvChineseTextMapHash":392436190,"cvJapaneseTextMapHash":1712871456,"cvEnglishTextMapHash":91808668,"cvKoreanTextMapHash":446794071,"avatarVisionAfterTextMapHash":1453458049,"avatarConstellationAfterTextMapHash":144282507,"fetterId":102,"avatarId":10000003,"openConds":[],"PNJPCCBFIJH":[{"condType":"FETTER_COND_NOT_OPEN","paramList":[]}]},{"avatarNativeTextMapHash":2022316961,"avatarVisionBeforTextMapHash":821712868,"avatarConstellationBeforTextMapHash":756242466,"avatarTitleTextMapHash":2305320866,"avatarDetailTextMapHash":1006022970,"avatarAssocType":"ASSOC_TYPE_MAINACTOR","cvChineseTextMapHash":3322055142,"cvJapaneseTextMapHash":1249978000,"cvEnglishTextMapHash":3354393428,"cvKoreanTextMapHash":986493735,"avatarVisionAfterTextMapHash":955276209,"avatarConstellationAfterTextMapHash":2038622971,"fetterId":103,"avatarId":10000005,"openConds":[],"PNJPCCBFIJH":[{"condType":"FETTER_COND_NOT_OPEN","paramList":[]}]},{"infoBirthMonth":6,"infoBirthDay":9,"avatarNativeTextMapHash":1809237489,"avatarVisionBeforTextMapHash":2480172868,"avatarConstellationBeforTextMapHash":34090282,"avatarTitleTextMapHash":3138609954,"avatarDetailTextMapHash":3571277394,"avatarAssocType":"ASSOC_TYPE_MONDSTADT","cvChineseTextMapHash":943522462,"cvJapaneseTextMapHash":3369294496,"cvEnglishTextMapHash":2422748316,"cvKoreanTextMapHash":3288865479,"avatarVisionAfterTextMapHash":1481798217,"avatarConstellationAfterTextMapHash":3201017387,"fetterId":104,"avatarId":10000006,"openConds":[],"PNJPCCBFIJH":[{"condType":"FETTER_COND_NOT_OPEN","paramList":[]}]},{"avatarNativeTextMapHash":4064367953,"avatarVisionBeforTextMapHash":471154292,"avatarConstellationBeforTextMapHash":816482658,"avatarTitleTextMapHash":13422330,"avatarDetailTextMapHash":406940522,"avatarAssocType":"ASSOC_TYPE_MAINACTOR","cvChineseTextMapHash":2084890670,"cvJapaneseTextMapHash":2560583048,"cvEnglishTextMapHash":939276444,"cvKoreanTextMapHash":2958496231,"avatarVisionAfterTextMapHash":2590902393,"avatarConstellationAfterTextMapHash":1928056899,"fetterId":105,"avatarId":10000007,"openConds":[],"PNJPCCBFIJH":[{"condType":"FETTER_COND_NOT_OPEN","paramList":[]}]},{"infoBirthMonth":7,"infoBirthDay":5,"avatarNativeTextMapHash":1304312049,"avatarVisionBeforTextMapHash":4022324356,"avatarConstellationBeforTextMapHash":2960169546,"avatarTitleTextMapHash":1823500338,"avatarDetailTextMapHash":2573623138,"avatarAssocType":"ASSOC_TYPE_MONDSTADT","cvChineseTextMapHash":712582678,"cvJapaneseTextMapHash":3860998488,"cvEnglishTextMapHash":488354068,"cvKoreanTextMapHash":11452367,"avatarVisionAfterTextMapHash":1166340161,"avatarConstellationAfterTextMapHash":3271630931,"fetterId":106,"avatarId":10000014,"openConds":[],"PNJPCCBFIJH":[{"condType":"FETTER_COND_NOT_OPEN","paramList":[]}]},{"infoBirthMonth":11,"infoBirthDay":30,"avatarNativeTextMapHash":2536425521,"avatarVisionBeforTextMapHash":4220569804,"avatarConstellationBeforTextMapHash":1247404986,"avatarTitleTextMapHash":1785544946,"avatarDetailTextMapHash":1365496954,"avatarAssocType":"ASSOC_TYPE_MONDSTADT","cvChineseTextMapHash":2863915758,"cvJapaneseTextMapHash":3911672888,"cvEnglishTextMapHash":4279338324,"cvKoreanTextMapHash":1747324815,"avatarVisionAfterTextMapHash":2469020049,"avatarConstellationAfterTextMapHash":2979025659,"fetterId":107,"avatarId":10000015,"openConds":[],"PNJPCCBFIJH":[{"condType":"FETTER_COND_NOT_OPEN","paramList":[]}]},{"infoBirthMonth":4,"infoBirthDay":30,"avatarNativeTextMapHash":3404250905,"avatarVisionBeforTextMapHash":627825788,"avatarConstellationBeforTextMapHash":2314116250,"avatarTitleTextMapHash":2612198306,"avatarDetailTextMapHash":4246347802,"avatarAssocType":"ASSOC_TYPE_MONDSTADT","cvChineseTextMapHash":3191430790,"cvJapaneseTextMapHash":1865761584,"cvEnglishTextMapHash":2134469124,"cvKoreanTextMapHash":1879319503,"avatarVisionAfterTextMapHash":1443384873,"avatarConstellationAfterTextMapHash":2509127315,"fetterId":108,"avatarId":10000016,"openConds":[],"PNJPCCBFIJH":[{"condType":"FETTER_COND_NOT_OPEN","paramList":[]}]},{"infoBirthMonth":9,"infoBirthDay":9,"avatarNativeTextMapHash":2122187449,"avatarVisionBeforTextMapHash":3352621156,"avatarConstellationBeforTextMapHash":4052447146,"avatarTitleTextMapHash":2753191042,"avatarDetailTextMapHash":2084554490,"avatarAssocType":"ASSOC_TYPE_MONDSTADT","cvChineseTextMapHash":1758325142,"cvJapaneseTextMapHash":3412843320,"cvEnglishTextMapHash":2560038812,"cvKoreanTextMapHash":3496435439,"avatarVisionAfterTextMapHash":2448013937,"avatarConstellationAfterTextMapHash":2854774203,"fetterId":109,"avatarId":10000020,"openConds":[],"PNJPCCBFIJH":[{"condType":"FETTER_COND_NOT_OPEN","paramList":[]}]},{"infoBirthMonth":8,"infoBirthDay":10,"avatarNativeTextMapHash":2695093385,"avatarVisionBeforTextMapHash":230082676,"avatarConstellationBeforTextMapHash":1404729682,"avatarTitleTextMapHash":1238477178,"avatarDetailTextMapHash":3097194818,"avatarAssocType":"ASSOC_TYPE_MONDSTADT","cvChineseTextMapHash":4036914878,"cvJapaneseTextMapHash":2350762192,"cvEnglishTextMapHash":302898332,"cvKoreanTextMapHash":3355468295,"avatarVisionAfterTextMapHash":2189787097,"avatarConstellationAfterTextMapHash":124975747,"fetterId":110,"avatarId":10000021,"openConds":[],"PNJPCCBFIJH":[{"condType":"FETTER_COND_NOT_OPEN","paramList":[]}]},{"infoBirthMonth":6,"infoBirthDay":16,"avatarNativeTextMapHash":2379846137,"avatarVisionBeforTextMapHash":2075460644,"avatarConstellationBeforTextMapHash":2226738162,"avatarTitleTextMapHash":1225242490,"avatarDetailTextMapHash":3527710554,"avatarAssocType":"ASSOC_TYPE_MONDSTADT","cvChineseTextMapHash":1085193806,"cvJapaneseTextMapHash":2801197800,"cvEnglishTextMapHash":1300502628,"cvKoreanTextMapHash":4095506519,"avatarVisionAfterTextMapHash":898621369,"avatarConstellationAfterTextMapHash":1329004531,"fetterId":111,"avatarId":10000022,"openConds":[],"PNJPCCBFIJH":[{"condType":"FETTER_COND_FINISH_QUEST","paramList":[39604]}]},{"infoBirthMonth":11,"infoBirthDay":2,"avatarNativeTextMapHash":1144455177,"avatarVisionBeforTextMapHash":1247335084,"avatarConstellationBeforTextMapHash":1451760122,"avatarTitleTextMapHash":2467527666,"avatarDetailTextMapHash":3294048674,"avatarAssocType":"ASSOC_TYPE_LIYUE","cvChineseTextMapHash":3761441798,"cvJapaneseTextMapHash":1674112200,"cvEnglishTextMapHash":1147555332,"cvKoreanTextMapHash":1742822431,"avatarVisionAfterTextMapHash":2356735641,"avatarConstellationAfterTextMapHash":2028029427,"fetterId":112,"avatarId":10000023,"openConds":[],"PNJPCCBFIJH":[{"condType":"FETTER_COND_NOT_OPEN","paramList":[]}]},{"infoBirthMonth":2,"infoBirthDay":14,"avatarNativeTextMapHash":3508028969,"avatarVisionBeforTextMapHash":4219874220,"avatarConstellationBeforTextMapHash":3853657898,"avatarTitleTextMapHash":1152777210,"avatarDetailTextMapHash":3138225274,"avatarAssocType":"ASSOC_TYPE_LIYUE","cvChineseTextMapHash":3660164550,"cvJapaneseTextMapHash":1497735072,"cvEnglishTextMapHash":2562073812,"cvKoreanTextMapHash":636211263,"avatarVisionAfterTextMapHash":3157737289,"avatarConstellationAfterTextMapHash":4085422171,"fetterId":113,"avatarId":10000024,"openConds":[],"PNJPCCBFIJH":[{"condType":"FETTER_COND_NOT_OPEN","paramList":[]}]},{"infoBirthMonth":10,"infoBirthDay":9,"avatarNativeTextMapHash":1872514577,"avatarVisionBeforTextMapHash":2480954540,"avatarConstellationBeforTextMapHash":2497169002,"avatarTitleTextMapHash":4067465850,"avatarDetailTextMapHash":2731162298,"avatarAssocType":"ASSOC_TYPE_LIYUE","cvChineseTextMapHash":4062177694,"cvJapaneseTextMapHash":3662797544,"cvEnglishTextMapHash":2288174484,"cvKoreanTextMapHash":3035055863,"avatarVisionAfterTextMapHash":4151243729,"avatarConstellationAfterTextMapHash":89315195,"fetterId":114,"avatarId":10000025,"openConds":[],"PNJPCCBFIJH":[{"condType":"FETTER_COND_NOT_OPEN","paramList":[]}]},{"infoBirthMonth":4,"infoBirthDay":17,"avatarNativeTextMapHash":413877289,"avatarVisionBeforTextMapHash":550531300,"avatarConstellationBeforTextMapHash":3401180666,"avatarTitleTextMapHash":2182504186,"avatarDetailTextMapHash":1863419602,"avatarAssocType":"ASSOC_TYPE_LIYUE","cvChineseTextMapHash":414772070,"cvJapaneseTextMapHash":2350391048,"cvEnglishTextMapHash":975590796,"cvKoreanTextMapHash":3918463151,"avatarVisionAfterTextMapHash":3648530745,"avatarConstellationAfterTextMapHash":2421570635,"fetterId":115,"avatarId":10000026,"openConds":[],"PNJPCCBFIJH":[{"condType":"FETTER_COND_NOT_OPEN","paramList":[]}]},{"infoBirthMonth":8,"infoBirthDay":26,"avatarNativeTextMapHash":218189361,"avatarVisionBeforTextMapHash":1662907292,"avatarConstellationBeforTextMapHash":20629626,"avatarTitleTextMapHash":1976081594,"avatarDetailTextMapHash":1658614834,"avatarAssocType":"ASSOC_TYPE_LIYUE","cvChineseTextMapHash":452718846,"cvJapaneseTextMapHash":257900264,"cvEnglishTextMapHash":1993730884,"cvKoreanTextMapHash":1098860927,"avatarVisionAfterTextMapHash":735278345,"avatarConstellationAfterTextMapHash":876868723,"fetterId":116,"avatarId":10000027,"openConds":[],"PNJPCCBFIJH":[{"condType":"FETTER_COND_NOT_OPEN","paramList":[]}]},{"infoBirthMonth":7,"infoBirthDay":27,"avatarNativeTextMapHash":702194017,"avatarVisionBeforTextMapHash":3847511308,"avatarConstellationBeforTextMapHash":2230999650,"avatarTitleTextMapHash":1897358210,"avatarDetailTextMapHash":1801721474,"avatarAssocType":"ASSOC_TYPE_MONDSTADT","cvChineseTextMapHash":2371683902,"cvJapaneseTextMapHash":2349322992,"cvEnglishTextMapHash":718871660,"cvKoreanTextMapHash":907548199,"avatarVisionAfterTextMapHash":3057376089,"avatarConstellationAfterTextMapHash":567731819,"fetterId":117,"avatarId":10000029,"openConds":[],"PNJPCCBFIJH":[{"condType":"FETTER_COND_NOT_OPEN","paramList":[]}]},{"infoBirthMonth":12,"infoBirthDay":31,"avatarNativeTextMapHash":3651078097,"avatarVisionBeforTextMapHash":967031460,"avatarConstellationBeforTextMapHash":1594094098,"avatarTitleTextMapHash":2789626970,"avatarDetailTextMapHash":3237080338,"avatarAssocType":"ASSOC_TYPE_LIYUE","cvChineseTextMapHash":1454422278,"cvJapaneseTextMapHash":1183613792,"cvEnglishTextMapHash":3331340660,"cvKoreanTextMapHash":4084646031,"avatarVisionAfterTextMapHash":2507042785,"avatarConstellationAfterTextMapHash":2721221067,"fetterId":118,"avatarId":10000030,"openConds":[],"PNJPCCBFIJH":[{"condType":"FETTER_COND_FINISH_QUEST","paramList":[102510]}]},{"infoBirthMonth":5,"infoBirthDay":27,"avatarNativeTextMapHash":2368787601,"avatarVisionBeforTextMapHash":122554396,"avatarConstellationBeforTextMapHash":2198842266,"avatarTitleTextMapHash":353285794,"avatarDetailTextMapHash":1139039362,"avatarAssocType":"ASSOC_TYPE_MONDSTADT","cvChineseTextMapHash":465986718,"cvJapaneseTextMapHash":132715032,"cvEnglishTextMapHash":3640880724,"cvKoreanTextMapHash":3964881647,"avatarVisionAfterTextMapHash":936354993,"avatarConstellationAfterTextMapHash":2276514827,"fetterId":119,"avatarId":10000031,"openConds":[],"PNJPCCBFIJH":[{"condType":"FETTER_COND_NOT_OPEN","paramList":[]}]},{"infoBirthMonth":2,"infoBirthDay":29,"avatarNativeTextMapHash":1181755137,"avatarVisionBeforTextMapHash":1740638908,"avatarConstellationBeforTextMapHash":2225075946,"avatarTitleTextMapHash":1078060234,"avatarDetailTextMapHash":1030159626,"avatarAssocType":"ASSOC_TYPE_MONDSTADT","cvChineseTextMapHash":1972439622,"cvJapaneseTextMapHash":1456485512,"cvEnglishTextMapHash":1382070500,"cvKoreanTextMapHash":681554991,"avatarVisionAfterTextMapHash":3677050081,"avatarConstellationAfterTextMapHash":1091946987,"fetterId":120,"avatarId":10000032,"openConds":[],"PNJPCCBFIJH":[{"condType":"FETTER_COND_NOT_OPEN","paramList":[]}]},{"infoBirthMonth":7,"infoBirthDay":20,"avatarNativeTextMapHash":3774913721,"avatarVisionBeforTextMapHash":3646588372,"avatarConstellationBeforTextMapHash":3423950162,"avatarTitleTextMapHash":3875370554,"avatarDetailTextMapHash":3593799522,"avatarAssocType":"ASSOC_TYPE_FATUI","cvChineseTextMapHash":4246769190,"cvJapaneseTextMapHash":2938778568,"cvEnglishTextMapHash":4115005636,"cvKoreanTextMapHash":1397738367,"avatarVisionAfterTextMapHash":2573101121,"avatarConstellationAfterTextMapHash":605778827,"fetterId":121,"avatarId":10000033,"openConds":[],"PNJPCCBFIJH":[{"condType":"FETTER_COND_NOT_OPEN","paramList":[]}]},{"infoBirthMonth":3,"infoBirthDay":21,"avatarNativeTextMapHash":3006274177,"avatarVisionBeforTextMapHash":3929787020,"avatarConstellationBeforTextMapHash":808906466,"avatarTitleTextMapHash":2339950258,"avatarDetailTextMapHash":2464288834,"avatarAssocType":"ASSOC_TYPE_MONDSTADT","cvChineseTextMapHash":4257440758,"cvJapaneseTextMapHash":2464221280,"cvEnglishTextMapHash":3349029444,"cvKoreanTextMapHash":2318572807,"avatarVisionAfterTextMapHash":3710640289,"avatarConstellationAfterTextMapHash":1057268155,"fetterId":122,"avatarId":10000034,"openConds":[],"PNJPCCBFIJH":[{"condType":"FETTER_COND_NOT_OPEN","paramList":[]}]},{"infoBirthMonth":3,"infoBirthDay":3,"avatarNativeTextMapHash":802385489,"avatarVisionBeforTextMapHash":1695600284,"avatarConstellationBeforTextMapHash":1580087082,"avatarTitleTextMapHash":2560957650,"avatarDetailTextMapHash":987428418,"avatarAssocType":"ASSOC_TYPE_LIYUE","cvChineseTextMapHash":1729369230,"cvJapaneseTextMapHash":1926245760,"cvEnglishTextMapHash":1881999804,"cvKoreanTextMapHash":3538734815,"avatarVisionAfterTextMapHash":262460977,"avatarConstellationAfterTextMapHash":44381363,"fetterId":123,"avatarId":10000035,"openConds":[],"PNJPCCBFIJH":[{"condType":"FETTER_COND_NOT_OPEN","paramList":[]}]},{"infoBirthMonth":9,"infoBirthDay":7,"avatarNativeTextMapHash":1769238889,"avatarVisionBeforTextMapHash":766902996,"avatarConstellationBeforTextMapHash":4203973938,"avatarTitleTextMapHash":2804590466,"avatarDetailTextMapHash":3590770538,"avatarAssocType":"ASSOC_TYPE_LIYUE","cvChineseTextMapHash":1413748758,"cvJapaneseTextMapHash":1317323504,"cvEnglishTextMapHash":3611302012,"cvKoreanTextMapHash":1935455199,"avatarVisionAfterTextMapHash":1485672225,"avatarConstellationAfterTextMapHash":895213803,"fetterId":124,"avatarId":10000036,"openConds":[],"PNJPCCBFIJH":[{"condType":"FETTER_COND_NOT_OPEN","paramList":[]}]},{"infoBirthMonth":12,"infoBirthDay":2,"avatarNativeTextMapHash":3866698241,"avatarVisionBeforTextMapHash":862088588,"avatarConstellationBeforTextMapHash":3362074034,"avatarTitleTextMapHash":1902407402,"avatarDetailTextMapHash":1747000882,"avatarAssocType":"ASSOC_TYPE_LIYUE","cvChineseTextMapHash":3511999998,"cvJapaneseTextMapHash":2821438752,"cvEnglishTextMapHash":866868980,"cvKoreanTextMapHash":1371351983,"avatarVisionAfterTextMapHash":22897537,"avatarConstellationAfterTextMapHash":1513569691,"fetterId":125,"avatarId":10000037,"openConds":[],"PNJPCCBFIJH":[{"condType":"FETTER_COND_NOT_OPEN","paramList":[]}]},{"infoBirthMonth":9,"infoBirthDay":13,"avatarNativeTextMapHash":371846193,"avatarVisionBeforTextMapHash":825986772,"avatarConstellationBeforTextMapHash":4143774770,"avatarTitleTextMapHash":3646853002,"avatarDetailTextMapHash":3002069946,"avatarAssocType":"ASSOC_TYPE_MONDSTADT","cvChineseTextMapHash":2416424718,"cvJapaneseTextMapHash":2478938952,"cvEnglishTextMapHash":3188933756,"cvKoreanTextMapHash":1418045575,"avatarVisionAfterTextMapHash":3828063489,"avatarConstellationAfterTextMapHash":126964283,"fetterId":126,"avatarId":10000038,"openConds":[],"PNJPCCBFIJH":[{"condType":"FETTER_COND_NOT_OPEN","paramList":[]}]},{"infoBirthMonth":1,"infoBirthDay":18,"avatarNativeTextMapHash":967464153,"avatarVisionBeforTextMapHash":4127670180,"avatarConstellationBeforTextMapHash":2062356506,"avatarTitleTextMapHash":955121114,"avatarDetailTextMapHash":3267731642,"avatarAssocType":"ASSOC_TYPE_MONDSTADT","cvChineseTextMapHash":41396374,"cvJapaneseTextMapHash":4045591224,"cvEnglishTextMapHash":3190486524,"cvKoreanTextMapHash":3207559823,"avatarVisionAfterTextMapHash":924821409,"avatarConstellationAfterTextMapHash":516952915,"fetterId":127,"avatarId":10000039,"openConds":[],"PNJPCCBFIJH":[{"condType":"FETTER_COND_NOT_OPEN","paramList":[]}]},{"infoBirthMonth":8,"infoBirthDay":31,"avatarNativeTextMapHash":1827140513,"avatarVisionBeforTextMapHash":321258364,"avatarConstellationBeforTextMapHash":677289434,"avatarTitleTextMapHash":2216682674,"avatarDetailTextMapHash":2099446386,"avatarAssocType":"ASSOC_TYPE_MONDSTADT","cvChineseTextMapHash":1441549966,"cvJapaneseTextMapHash":950394528,"cvEnglishTextMapHash":36373972,"cvKoreanTextMapHash":3794406463,"avatarVisionAfterTextMapHash":735012401,"avatarConstellationAfterTextMapHash":3963245579,"fetterId":128,"avatarId":10000041,"openConds":[],"PNJPCCBFIJH":[{"condType":"FETTER_COND_NOT_OPEN","paramList":[]}]},{"infoBirthMonth":11,"infoBirthDay":20,"avatarNativeTextMapHash":4010071745,"avatarVisionBeforTextMapHash":1821644548,"avatarConstellationBeforTextMapHash":3587152074,"avatarTitleTextMapHash":3308312162,"avatarDetailTextMapHash":2307865106,"avatarAssocType":"ASSOC_TYPE_LIYUE","cvChineseTextMapHash":2566021790,"cvJapaneseTextMapHash":1314550072,"cvEnglishTextMapHash":276019972,"cvKoreanTextMapHash":3586027263,"avatarVisionAfterTextMapHash":373974425,"avatarConstellationAfterTextMapHash":1744331243,"fetterId":129,"avatarId":10000042,"openConds":[],"PNJPCCBFIJH":[{"condType":"FETTER_COND_NOT_OPEN","paramList":[]}]},{"infoBirthMonth":11,"infoBirthDay":26,"avatarNativeTextMapHash":2186025825,"avatarVisionBeforTextMapHash":126875444,"avatarConstellationBeforTextMapHash":4244741386,"avatarTitleTextMapHash":682411194,"avatarDetailTextMapHash":4125000058,"avatarAssocType":"ASSOC_TYPE_MONDSTADT","cvChineseTextMapHash":309184414,"cvJapaneseTextMapHash":777642752,"cvEnglishTextMapHash":1106805724,"cvKoreanTextMapHash":3790433071,"avatarVisionAfterTextMapHash":519928233,"avatarConstellationAfterTextMapHash":3571098147,"fetterId":130,"avatarId":10000043,"openConds":[],"PNJPCCBFIJH":[{"condType":"FETTER_COND_NOT_OPEN","paramList":[]}]},{"infoBirthMonth":10,"infoBirthDay":16,"avatarNativeTextMapHash":2939616529,"avatarVisionBeforTextMapHash":3105283268,"avatarConstellationBeforTextMapHash":4126360330,"avatarTitleTextMapHash":2007781754,"avatarDetailTextMapHash":3355473986,"avatarAssocType":"ASSOC_TYPE_LIYUE","cvChineseTextMapHash":3921936462,"cvJapaneseTextMapHash":641682520,"cvEnglishTextMapHash":2272456916,"cvKoreanTextMapHash":2384659519,"avatarVisionAfterTextMapHash":3656641129,"avatarConstellationAfterTextMapHash":4100226883,"fetterId":131,"avatarId":10000044,"openConds":[],"PNJPCCBFIJH":[{"condType":"FETTER_COND_NOT_OPEN","paramList":[]}]},{"infoBirthMonth":7,"infoBirthDay":15,"avatarNativeTextMapHash":3485382673,"avatarVisionBeforTextMapHash":3112476852,"avatarConstellationBeforTextMapHash":3041688594,"avatarTitleTextMapHash":662587002,"avatarDetailTextMapHash":2488599434,"avatarAssocType":"ASSOC_TYPE_LIYUE","cvChineseTextMapHash":3694314910,"cvJapaneseTextMapHash":1286278240,"cvEnglishTextMapHash":2549651252,"cvKoreanTextMapHash":291020487,"avatarVisionAfterTextMapHash":719537873,"avatarConstellationAfterTextMapHash":3861029139,"fetterId":132,"avatarId":10000046,"openConds":[],"PNJPCCBFIJH":[{"condType":"FETTER_COND_NOT_OPEN","paramList":[]}]},{"infoBirthMonth":1,"infoBirthDay":24,"avatarNativeTextMapHash":1208431633,"avatarVisionBeforTextMapHash":2778487532,"avatarConstellationBeforTextMapHash":3331210802,"avatarTitleTextMapHash":3918225546,"avatarDetailTextMapHash":2858258162,"avatarAssocType":"ASSOC_TYPE_MONDSTADT","cvChineseTextMapHash":1517505318,"cvJapaneseTextMapHash":3445993248,"cvEnglishTextMapHash":1467808508,"cvKoreanTextMapHash":2927759831,"avatarVisionAfterTextMapHash":3452454753,"avatarConstellationAfterTextMapHash":490664827,"fetterId":133,"avatarId":10000045,"openConds":[],"PNJPCCBFIJH":[{"condType":"FETTER_COND_NOT_OPEN","paramList":[]}]},{"infoBirthMonth":7,"infoBirthDay":28,"avatarNativeTextMapHash":2280863881,"avatarVisionBeforTextMapHash":313529204,"avatarConstellationBeforTextMapHash":4078029322,"avatarTitleTextMapHash":1186691770,"avatarDetailTextMapHash":1570282706,"avatarAssocType":"ASSOC_TYPE_LIYUE","cvChineseTextMapHash":2145440894,"cvJapaneseTextMapHash":2814295520,"cvEnglishTextMapHash":2096594156,"cvKoreanTextMapHash":1293912855,"avatarVisionAfterTextMapHash":3214350745,"avatarConstellationAfterTextMapHash":3068878723,"fetterId":134,"avatarId":10000048,"openConds":[],"PNJPCCBFIJH":[{"condType":"FETTER_COND_NOT_OPEN","paramList":[]}]},{"infoBirthMonth":10,"infoBirthDay":25,"avatarNativeTextMapHash":2081537529,"avatarVisionBeforTextMapHash":98482612,"avatarConstellationBeforTextMapHash":2912362594,"avatarTitleTextMapHash":3679187618,"avatarDetailTextMapHash":87994090,"avatarAssocType":"ASSOC_TYPE_MONDSTADT","cvChineseTextMapHash":3297741182,"cvJapaneseTextMapHash":3928491512,"cvEnglishTextMapHash":393498596,"cvKoreanTextMapHash":3009726871,"avatarVisionAfterTextMapHash":2857461841,"avatarConstellationAfterTextMapHash":4077826867,"fetterId":135,"avatarId":10000051,"openConds":[],"PNJPCCBFIJH":[{"condType":"FETTER_COND_NOT_OPEN","paramList":[]}]},{"infoBirthMonth":10,"infoBirthDay":29,"avatarNativeTextMapHash":3703064921,"avatarVisionBeforTextMapHash":2477900860,"avatarConstellationBeforTextMapHash":1782640050,"avatarTitleTextMapHash":484877954,"avatarDetailTextMapHash":3202001138,"avatarAssocType":"ASSOC_TYPE_INAZUMA","cvChineseTextMapHash":2293363830,"cvJapaneseTextMapHash":1043658088,"cvEnglishTextMapHash":2619878748,"cvKoreanTextMapHash":2590010167,"avatarVisionAfterTextMapHash":130168969,"avatarConstellationAfterTextMapHash":1697359355,"fetterId":136,"avatarId":10000047,"openConds":[],"PNJPCCBFIJH":[{"condType":"FETTER_COND_NOT_OPEN","paramList":[]}]},{"infoBirthMonth":6,"infoBirthDay":21,"avatarNativeTextMapHash":235578769,"avatarVisionBeforTextMapHash":1646245548,"avatarConstellationBeforTextMapHash":1841952946,"avatarTitleTextMapHash":422431338,"avatarDetailTextMapHash":77669938,"avatarAssocType":"ASSOC_TYPE_INAZUMA","cvChineseTextMapHash":3824775118,"cvJapaneseTextMapHash":2984647568,"cvEnglishTextMapHash":635183748,"cvKoreanTextMapHash":4096971807,"avatarVisionAfterTextMapHash":2034415441,"avatarConstellationAfterTextMapHash":896433771,"fetterId":137,"avatarId":10000049,"openConds":[],"PNJPCCBFIJH":[{"condType":"FETTER_COND_NOT_OPEN","paramList":[]}]},{"infoBirthMonth":10,"infoBirthDay":19,"avatarNativeTextMapHash":3474733945,"avatarVisionBeforTextMapHash":2648184060,"avatarConstellationBeforTextMapHash":3872411226,"avatarTitleTextMapHash":1757728074,"avatarDetailTextMapHash":4079111402,"avatarAssocType":"ASSOC_TYPE_INAZUMA","cvChineseTextMapHash":393118902,"cvJapaneseTextMapHash":1556047408,"cvEnglishTextMapHash":3210378124,"cvKoreanTextMapHash":1743312703,"avatarVisionAfterTextMapHash":206259425,"avatarConstellationAfterTextMapHash":1031389603,"fetterId":138,"avatarId":10000053,"openConds":[],"PNJPCCBFIJH":[{"condType":"FETTER_COND_NOT_OPEN","paramList":[]}]},{"infoBirthMonth":6,"infoBirthDay":26,"avatarNativeTextMapHash":2339788961,"avatarVisionBeforTextMapHash":2689029804,"avatarConstellationBeforTextMapHash":2211667090,"avatarTitleTextMapHash":3922655010,"avatarDetailTextMapHash":1478158106,"avatarAssocType":"ASSOC_TYPE_INAZUMA","cvChineseTextMapHash":2225307798,"cvJapaneseTextMapHash":3912819872,"cvEnglishTextMapHash":1088808028,"cvKoreanTextMapHash":3031872143,"avatarVisionAfterTextMapHash":2085306033,"avatarConstellationAfterTextMapHash":3361507539,"fetterId":139,"avatarId":10000052,"openConds":[],"PNJPCCBFIJH":[{"condType":"FETTER_COND_AVATAR_LEVEL","paramList":[1]}]},{"infoBirthMonth":2,"infoBirthDay":22,"avatarNativeTextMapHash":683437921,"avatarVisionBeforTextMapHash":1688473500,"avatarConstellationBeforTextMapHash":1752197778,"avatarTitleTextMapHash":3706226538,"avatarDetailTextMapHash":1510500586,"avatarAssocType":"ASSOC_TYPE_INAZUMA","cvChineseTextMapHash":3905129686,"cvJapaneseTextMapHash":3525763280,"cvEnglishTextMapHash":709839884,"cvKoreanTextMapHash":3056845727,"avatarVisionAfterTextMapHash":532522121,"avatarConstellationAfterTextMapHash":718604491,"fetterId":140,"avatarId":10000054,"openConds":[],"PNJPCCBFIJH":[{"condType":"FETTER_COND_NOT_OPEN","paramList":[]}]},{"infoBirthMonth":7,"infoBirthDay":14,"avatarNativeTextMapHash":639139097,"avatarVisionBeforTextMapHash":608089036,"avatarConstellationBeforTextMapHash":912981282,"avatarTitleTextMapHash":2295939930,"avatarDetailTextMapHash":3576556674,"avatarAssocType":"ASSOC_TYPE_INAZUMA","cvChineseTextMapHash":2167487798,"cvJapaneseTextMapHash":1441667000,"cvEnglishTextMapHash":520650924,"cvKoreanTextMapHash":666191887,"avatarVisionAfterTextMapHash":4018363097,"avatarConstellationAfterTextMapHash":3463988355,"fetterId":141,"avatarId":10000056,"openConds":[],"PNJPCCBFIJH":[{"condType":"FETTER_COND_NOT_OPEN","paramList":[]}]},{"infoBirthMonth":4,"infoBirthDay":4,"avatarNativeTextMapHash":2988346225,"avatarVisionBeforTextMapHash":1480674860,"avatarConstellationBeforTextMapHash":1620998442,"avatarTitleTextMapHash":3657688538,"avatarDetailTextMapHash":2522784722,"avatarAssocType":"ASSOC_TYPE_RANGER","cvChineseTextMapHash":1648706814,"cvJapaneseTextMapHash":4143563824,"cvEnglishTextMapHash":1615682572,"cvKoreanTextMapHash":3219821695,"avatarVisionAfterTextMapHash":378832241,"avatarConstellationAfterTextMapHash":2748691939,"fetterId":142,"avatarId":10000062,"openConds":[],"PNJPCCBFIJH":[{"condType":"FETTER_COND_NOT_OPEN","paramList":[]}]},{"infoBirthMonth":1,"infoBirthDay":9,"avatarNativeTextMapHash":1486341689,"avatarVisionBeforTextMapHash":3177381772,"avatarConstellationBeforTextMapHash":2749427906,"avatarTitleTextMapHash":2157757826,"avatarDetailTextMapHash":3621848770,"avatarAssocType":"ASSOC_TYPE_INAZUMA","cvChineseTextMapHash":720701894,"cvJapaneseTextMapHash":1651520080,"cvEnglishTextMapHash":2755173740,"cvKoreanTextMapHash":3394774543,"avatarVisionAfterTextMapHash":1518014265,"avatarConstellationAfterTextMapHash":3300759683,"fetterId":50600,"avatarId":10000050,"openConds":[],"PNJPCCBFIJH":[{"condType":"FETTER_COND_NOT_OPEN","paramList":[]}]},{"infoBirthMonth":6,"infoBirthDay":1,"avatarNativeTextMapHash":1303956273,"avatarVisionBeforTextMapHash":3617274620,"avatarConstellationBeforTextMapHash":1196020994,"avatarTitleTextMapHash":2604770706,"avatarDetailTextMapHash":1595289146,"avatarAssocType":"ASSOC_TYPE_INAZUMA","cvChineseTextMapHash":1899801486,"cvJapaneseTextMapHash":2882319304,"cvEnglishTextMapHash":941909100,"cvKoreanTextMapHash":2058994895,"avatarVisionAfterTextMapHash":3467232769,"avatarConstellationAfterTextMapHash":1667338307,"fetterId":57600,"avatarId":10000057,"openConds":[],"PNJPCCBFIJH":[{"condType":"FETTER_COND_NOT_OPEN","paramList":[]}]},{"infoBirthMonth":5,"infoBirthDay":18,"avatarNativeTextMapHash":3031398817,"avatarVisionBeforTextMapHash":1016213980,"avatarConstellationBeforTextMapHash":1574145170,"avatarTitleTextMapHash":1890326034,"avatarDetailTextMapHash":194478258,"avatarAssocType":"ASSOC_TYPE_INAZUMA","cvChineseTextMapHash":3391678678,"cvJapaneseTextMapHash":55309024,"cvEnglishTextMapHash":2508657724,"cvKoreanTextMapHash":3333163887,"avatarVisionAfterTextMapHash":2297824401,"avatarConstellationAfterTextMapHash":3906648139,"fetterId":55600,"avatarId":10000055,"openConds":[],"PNJPCCBFIJH":[{"condType":"FETTER_COND_NOT_OPEN","paramList":[]}]},{"infoBirthMonth":3,"infoBirthDay":10,"avatarNativeTextMapHash":3755848081,"avatarVisionBeforTextMapHash":2809830820,"avatarConstellationBeforTextMapHash":2040902610,"avatarTitleTextMapHash":1527983530,"avatarDetailTextMapHash":1428853842,"avatarAssocType":"ASSOC_TYPE_LIYUE","cvChineseTextMapHash":2609607934,"cvJapaneseTextMapHash":2028468440,"cvEnglishTextMapHash":2662606092,"cvKoreanTextMapHash":3537366703,"avatarVisionAfterTextMapHash":3905457809,"avatarConstellationAfterTextMapHash":1819308507,"fetterId":63600,"avatarId":10000063,"openConds":[],"PNJPCCBFIJH":[{"condType":"FETTER_COND_NOT_OPEN","paramList":[]}]},{"infoBirthMonth":5,"infoBirthDay":21,"avatarNativeTextMapHash":1045159985,"avatarVisionBeforTextMapHash":3219124204,"avatarConstellationBeforTextMapHash":3086360386,"avatarTitleTextMapHash":1737472474,"avatarDetailTextMapHash":2551483266,"avatarAssocType":"ASSOC_TYPE_LIYUE","cvChineseTextMapHash":883286710,"cvJapaneseTextMapHash":117229856,"cvEnglishTextMapHash":375803180,"cvKoreanTextMapHash":2929476623,"avatarVisionAfterTextMapHash":1258443353,"avatarConstellationAfterTextMapHash":3908001795,"fetterId":64600,"avatarId":10000064,"openConds":[],"PNJPCCBFIJH":[{"condType":"FETTER_COND_NOT_OPEN","paramList":[]}]},{"infoBirthMonth":6,"infoBirthDay":27,"avatarNativeTextMapHash":2162789625,"avatarVisionBeforTextMapHash":2143937940,"avatarConstellationBeforTextMapHash":2170266186,"avatarTitleTextMapHash":1488134754,"avatarDetailTextMapHash":458309866,"avatarAssocType":"ASSOC_TYPE_INAZUMA","cvChineseTextMapHash":200172646,"cvJapaneseTextMapHash":2793962400,"cvEnglishTextMapHash":3006410060,"cvKoreanTextMapHash":1281330663,"avatarVisionAfterTextMapHash":2330511321,"avatarConstellationAfterTextMapHash":3203852891,"fetterId":58600,"avatarId":10000058,"openConds":[],"PNJPCCBFIJH":[{"condType":"FETTER_COND_NOT_OPEN","paramList":[]}]},{"infoBirthMonth":3,"infoBirthDay":26,"avatarNativeTextMapHash":3868131161,"avatarVisionBeforTextMapHash":756679372,"avatarConstellationBeforTextMapHash":3121506370,"avatarTitleTextMapHash":448523378,"avatarDetailTextMapHash":1492104922,"avatarAssocType":"ASSOC_TYPE_INAZUMA","cvChineseTextMapHash":2668474270,"cvJapaneseTextMapHash":1135869512,"cvEnglishTextMapHash":107947556,"cvKoreanTextMapHash":2443241887,"avatarVisionAfterTextMapHash":2932212113,"avatarConstellationAfterTextMapHash":2987063907,"fetterId":66600,"avatarId":10000066,"openConds":[],"PNJPCCBFIJH":[{"condType":"FETTER_COND_NOT_OPEN","paramList":[]}]},{"infoBirthMonth":4,"infoBirthDay":20,"avatarNativeTextMapHash":3107636921,"avatarVisionBeforTextMapHash":3400532572,"avatarConstellationBeforTextMapHash":1929498690,"avatarTitleTextMapHash":144441626,"avatarDetailTextMapHash":2989616018,"avatarAssocType":"ASSOC_TYPE_LIYUE","cvChineseTextMapHash":3515853070,"cvJapaneseTextMapHash":3484305312,"cvEnglishTextMapHash":225791116,"cvKoreanTextMapHash":2969110199,"avatarVisionAfterTextMapHash":1360252865,"avatarConstellationAfterTextMapHash":1424613211,"fetterId":60600,"avatarId":10000060,"openConds":[],"PNJPCCBFIJH":[{"condType":"FETTER_COND_NOT_OPEN","paramList":[]}]},{"infoBirthMonth":7,"infoBirthDay":27,"avatarNativeTextMapHash":3306526777,"avatarVisionBeforTextMapHash":689445588,"avatarConstellationBeforTextMapHash":1722980498,"avatarTitleTextMapHash":1098938354,"avatarDetailTextMapHash":1310009266,"avatarAssocType":"ASSOC_TYPE_INAZUMA","cvChineseTextMapHash":2409512318,"cvJapaneseTextMapHash":4221362976,"cvEnglishTextMapHash":248602900,"cvKoreanTextMapHash":3787552607,"avatarVisionAfterTextMapHash":2001955905,"avatarConstellationAfterTextMapHash":2265558867,"fetterId":65600,"avatarId":10000065,"openConds":[],"PNJPCCBFIJH":[{"condType":"FETTER_COND_NOT_OPEN","paramList":[]}]},{"infoBirthMonth":7,"infoBirthDay":24,"avatarNativeTextMapHash":193374057,"avatarVisionBeforTextMapHash":1778251796,"avatarConstellationBeforTextMapHash":536290178,"avatarTitleTextMapHash":4014506362,"avatarDetailTextMapHash":1643709354,"avatarAssocType":"ASSOC_TYPE_INAZUMA","cvChineseTextMapHash":3316269318,"cvJapaneseTextMapHash":3267244704,"cvEnglishTextMapHash":2861659036,"cvKoreanTextMapHash":2667157559,"avatarVisionAfterTextMapHash":1395432457,"avatarConstellationAfterTextMapHash":843597763,"fetterId":59600,"avatarId":10000059,"openConds":[],"PNJPCCBFIJH":[{"condType":"FETTER_COND_NOT_OPEN","paramList":[]}]},{"infoBirthMonth":12,"infoBirthDay":29,"avatarNativeTextMapHash":609106153,"avatarVisionBeforTextMapHash":2161032364,"avatarConstellationBeforTextMapHash":18086514,"avatarTitleTextMapHash":3265594242,"avatarDetailTextMapHash":3478695082,"avatarAssocType":"ASSOC_TYPE_SUMERU","cvChineseTextMapHash":2107867734,"cvJapaneseTextMapHash":2237722088,"cvEnglishTextMapHash":3536581588,"cvKoreanTextMapHash":1817820311,"avatarVisionAfterTextMapHash":488863433,"avatarConstellationAfterTextMapHash":647317707,"fetterId":69600,"avatarId":10000069,"openConds":[],"PNJPCCBFIJH":[{"condType":"FETTER_COND_NOT_OPEN","paramList":[]}]},{"infoBirthMonth":5,"infoBirthDay":8,"avatarNativeTextMapHash":3683659841,"avatarVisionBeforTextMapHash":4017448612,"avatarConstellationBeforTextMapHash":1135583386,"avatarTitleTextMapHash":3714185090,"avatarDetailTextMapHash":473409506,"avatarAssocType":"ASSOC_TYPE_SUMERU","cvChineseTextMapHash":2768326286,"cvJapaneseTextMapHash":201641504,"cvEnglishTextMapHash":325369020,"cvKoreanTextMapHash":1313657191,"avatarVisionAfterTextMapHash":2697108833,"avatarConstellationAfterTextMapHash":930441339,"fetterId":67600,"avatarId":10000067,"openConds":[],"PNJPCCBFIJH":[{"condType":"FETTER_COND_NOT_OPEN","paramList":[]}]},{"infoBirthMonth":12,"infoBirthDay":21,"avatarNativeTextMapHash":3940327097,"avatarVisionBeforTextMapHash":1843086100,"avatarConstellationBeforTextMapHash":3012601882,"avatarTitleTextMapHash":3848819674,"avatarDetailTextMapHash":1490694082,"avatarAssocType":"ASSOC_TYPE_SUMERU","cvChineseTextMapHash":3797410094,"cvJapaneseTextMapHash":673006928,"cvEnglishTextMapHash":1121107132,"cvKoreanTextMapHash":598685287,"avatarVisionAfterTextMapHash":432178697,"avatarConstellationAfterTextMapHash":2229594011,"fetterId":68600,"avatarId":10000068,"openConds":[],"PNJPCCBFIJH":[{"condType":"FETTER_COND_NOT_OPEN","paramList":[]}]},{"infoBirthMonth":12,"infoBirthDay":3,"avatarNativeTextMapHash":2136998417,"avatarVisionBeforTextMapHash":483165900,"avatarConstellationBeforTextMapHash":4233109642,"avatarTitleTextMapHash":2558588218,"avatarDetailTextMapHash":3517922962,"avatarAssocType":"ASSOC_TYPE_SUMERU","cvChineseTextMapHash":1034330350,"cvJapaneseTextMapHash":2850202184,"cvEnglishTextMapHash":578824684,"cvKoreanTextMapHash":973556295,"avatarVisionAfterTextMapHash":2803900457,"avatarConstellationAfterTextMapHash":1572050475,"fetterId":70600,"avatarId":10000070,"openConds":[],"PNJPCCBFIJH":[{"condType":"FETTER_COND_NOT_OPEN","paramList":[]}]},{"infoBirthMonth":6,"infoBirthDay":23,"avatarNativeTextMapHash":1402968689,"avatarVisionBeforTextMapHash":1072755468,"avatarConstellationBeforTextMapHash":2651954010,"avatarTitleTextMapHash":3695276266,"avatarDetailTextMapHash":3565246018,"avatarAssocType":"ASSOC_TYPE_SUMERU","cvChineseTextMapHash":842028830,"cvJapaneseTextMapHash":4131341896,"cvEnglishTextMapHash":2600897892,"cvKoreanTextMapHash":917013751,"avatarVisionAfterTextMapHash":2071410321,"avatarConstellationAfterTextMapHash":2791041171,"fetterId":71600,"avatarId":10000071,"openConds":[],"PNJPCCBFIJH":[{"condType":"FETTER_COND_NOT_OPEN","paramList":[]}]},{"infoBirthMonth":5,"infoBirthDay":3,"avatarNativeTextMapHash":1037867201,"avatarVisionBeforTextMapHash":3228108484,"avatarConstellationBeforTextMapHash":1078252442,"avatarTitleTextMapHash":260307914,"avatarDetailTextMapHash":1266475946,"avatarAssocType":"ASSOC_TYPE_SUMERU","cvChineseTextMapHash":1888280046,"cvJapaneseTextMapHash":1004041320,"cvEnglishTextMapHash":2409911636,"cvKoreanTextMapHash":2721876559,"avatarVisionAfterTextMapHash":2320032129,"avatarConstellationAfterTextMapHash":2228487675,"fetterId":72600,"avatarId":10000072,"openConds":[],"PNJPCCBFIJH":[{"condType":"FETTER_COND_NOT_OPEN","paramList":[]}]},{"infoBirthMonth":10,"infoBirthDay":27,"avatarNativeTextMapHash":1022176185,"avatarVisionBeforTextMapHash":1847176908,"avatarConstellationBeforTextMapHash":3107413186,"avatarTitleTextMapHash":1137340338,"avatarDetailTextMapHash":2412105602,"avatarAssocType":"ASSOC_TYPE_SUMERU","cvChineseTextMapHash":552185750,"cvJapaneseTextMapHash":2973516840,"cvEnglishTextMapHash":2754808964,"cvKoreanTextMapHash":4188248303,"avatarVisionAfterTextMapHash":2239640617,"avatarConstellationAfterTextMapHash":3999086403,"fetterId":73600,"avatarId":10000073,"openConds":[],"PNJPCCBFIJH":[{"condType":"FETTER_COND_AVATAR_LEVEL","paramList":[1]}]},{"infoBirthMonth":12,"infoBirthDay":19,"avatarNativeTextMapHash":329987473,"avatarVisionBeforTextMapHash":3310700468,"avatarConstellationBeforTextMapHash":4213464010,"avatarTitleTextMapHash":3090378778,"avatarDetailTextMapHash":2237383218,"avatarAssocType":"ASSOC_TYPE_SUMERU","cvChineseTextMapHash":2048973342,"cvJapaneseTextMapHash":3341347776,"cvEnglishTextMapHash":220491468,"cvKoreanTextMapHash":1396309311,"avatarVisionAfterTextMapHash":1278207713,"avatarConstellationAfterTextMapHash":2425662555,"fetterId":74600,"avatarId":10000074,"openConds":[],"PNJPCCBFIJH":[{"condType":"FETTER_COND_NOT_OPEN","paramList":[]}]},{"infoBirthMonth":1,"infoBirthDay":3,"avatarNativeTextMapHash":672517425,"avatarVisionBeforTextMapHash":2485715868,"avatarConstellationBeforTextMapHash":2549749394,"avatarTitleTextMapHash":3790608850,"avatarDetailTextMapHash":3954453410,"avatarAssocType":"ASSOC_TYPE_SUMERU","cvChineseTextMapHash":630337230,"cvJapaneseTextMapHash":3262932968,"cvEnglishTextMapHash":1920018716,"cvKoreanTextMapHash":3493037495,"avatarVisionAfterTextMapHash":581746209,"avatarConstellationAfterTextMapHash":1949628451,"fetterId":75600,"avatarId":10000075,"openConds":[],"PNJPCCBFIJH":[{"condType":"FETTER_COND_NOT_OPEN","paramList":[]}]},{"infoBirthMonth":8,"infoBirthDay":20,"avatarNativeTextMapHash":218331129,"avatarVisionBeforTextMapHash":296824772,"avatarConstellationBeforTextMapHash":3178353930,"avatarTitleTextMapHash":2857055778,"avatarDetailTextMapHash":3768390994,"avatarAssocType":"ASSOC_TYPE_SUMERU","cvChineseTextMapHash":2438790894,"cvJapaneseTextMapHash":2248744704,"cvEnglishTextMapHash":2151331996,"cvKoreanTextMapHash":1387966575,"avatarVisionAfterTextMapHash":1557386273,"avatarConstellationAfterTextMapHash":3383210155,"fetterId":76600,"avatarId":10000076,"openConds":[],"PNJPCCBFIJH":[{"condType":"FETTER_COND_NOT_OPEN","paramList":[]}]},{"infoBirthMonth":2,"infoBirthDay":11,"avatarNativeTextMapHash":1874945657,"avatarVisionBeforTextMapHash":3790078868,"avatarConstellationBeforTextMapHash":3211479602,"avatarTitleTextMapHash":1747432458,"avatarDetailTextMapHash":1285637210,"avatarAssocType":"ASSOC_TYPE_SUMERU","cvChineseTextMapHash":2510192286,"cvJapaneseTextMapHash":974189808,"cvEnglishTextMapHash":694204716,"cvKoreanTextMapHash":1048768247,"avatarVisionAfterTextMapHash":2263146353,"avatarConstellationAfterTextMapHash":2757789923,"fetterId":78600,"avatarId":10000078,"openConds":[],"PNJPCCBFIJH":[{"condType":"FETTER_COND_NOT_OPEN","paramList":[]}]},{"infoBirthMonth":3,"infoBirthDay":6,"avatarNativeTextMapHash":3131758945,"avatarVisionBeforTextMapHash":2196844884,"avatarConstellationBeforTextMapHash":2612702186,"avatarTitleTextMapHash":4049421714,"avatarDetailTextMapHash":945268338,"avatarAssocType":"ASSOC_TYPE_LIYUE","cvChineseTextMapHash":1056737670,"cvJapaneseTextMapHash":4014441608,"cvEnglishTextMapHash":3003270908,"cvKoreanTextMapHash":3944947359,"avatarVisionAfterTextMapHash":47990377,"avatarConstellationAfterTextMapHash":3791803347,"fetterId":77600,"avatarId":10000077,"openConds":[],"PNJPCCBFIJH":[{"condType":"FETTER_COND_NOT_OPEN","paramList":[]}]},{"infoBirthMonth":4,"infoBirthDay":7,"avatarNativeTextMapHash":3915336713,"avatarVisionBeforTextMapHash":1720193036,"avatarConstellationBeforTextMapHash":2948453418,"avatarTitleTextMapHash":1079010306,"avatarDetailTextMapHash":1487639730,"avatarAssocType":"ASSOC_TYPE_SUMERU","cvChineseTextMapHash":3954004070,"cvJapaneseTextMapHash":3391811664,"cvEnglishTextMapHash":1147319956,"cvKoreanTextMapHash":1226626351,"avatarVisionAfterTextMapHash":1476165449,"avatarConstellationAfterTextMapHash":3736403947,"fetterId":79600,"avatarId":10000079,"openConds":[],"PNJPCCBFIJH":[{"condType":"FETTER_COND_NOT_OPEN","paramList":[]}]},{"infoBirthMonth":8,"infoBirthDay":11,"avatarNativeTextMapHash":2043902721,"avatarVisionBeforTextMapHash":1295625244,"avatarConstellationBeforTextMapHash":792782874,"avatarTitleTextMapHash":3144322938,"avatarDetailTextMapHash":2734451114,"avatarAssocType":"ASSOC_TYPE_MONDSTADT","cvChineseTextMapHash":2995002326,"cvJapaneseTextMapHash":708799776,"cvEnglishTextMapHash":3060244500,"cvKoreanTextMapHash":2410653255,"avatarVisionAfterTextMapHash":2722136921,"avatarConstellationAfterTextMapHash":1919959643,"fetterId":80600,"avatarId":10000080,"openConds":[],"PNJPCCBFIJH":[{"condType":"FETTER_COND_NOT_OPEN","paramList":[]}]},{"infoBirthMonth":4,"infoBirthDay":25,"avatarNativeTextMapHash":1371436473,"avatarVisionBeforTextMapHash":302902244,"avatarConstellationBeforTextMapHash":1283071826,"avatarTitleTextMapHash":3839498106,"avatarDetailTextMapHash":3584266538,"avatarAssocType":"ASSOC_TYPE_LIYUE","cvChineseTextMapHash":3018580542,"cvJapaneseTextMapHash":3796478048,"cvEnglishTextMapHash":2052519700,"cvKoreanTextMapHash":1270019695,"avatarVisionAfterTextMapHash":871804721,"avatarConstellationAfterTextMapHash":2368317523,"fetterId":82600,"avatarId":10000082,"openConds":[],"PNJPCCBFIJH":[{"condType":"FETTER_COND_NOT_OPEN","paramList":[]}]},{"infoBirthMonth":7,"infoBirthDay":9,"avatarNativeTextMapHash":4196831209,"avatarVisionBeforTextMapHash":2596397668,"avatarConstellationBeforTextMapHash":1259949786,"avatarTitleTextMapHash":18885306,"avatarDetailTextMapHash":477218418,"avatarAssocType":"ASSOC_TYPE_SUMERU","cvChineseTextMapHash":1039834990,"cvJapaneseTextMapHash":1182342256,"cvEnglishTextMapHash":3769388124,"cvKoreanTextMapHash":3452014007,"avatarVisionAfterTextMapHash":3685338753,"avatarConstellationAfterTextMapHash":2891336083,"fetterId":81600,"avatarId":10000081,"openConds":[],"PNJPCCBFIJH":[{"condType":"FETTER_COND_NOT_OPEN","paramList":[]}]},{"infoBirthMonth":1,"infoBirthDay":22,"avatarNativeTextMapHash":1542258465,"avatarVisionBeforTextMapHash":2084699444,"avatarConstellationBeforTextMapHash":1610912066,"avatarTitleTextMapHash":3294635634,"avatarDetailTextMapHash":882707162,"avatarAssocType":"ASSOC_TYPE_INAZUMA","cvChineseTextMapHash":223495054,"cvJapaneseTextMapHash":2692019064,"cvEnglishTextMapHash":3257056228,"cvKoreanTextMapHash":418504743,"avatarVisionAfterTextMapHash":3259184641,"avatarConstellationAfterTextMapHash":1922716547,"fetterId":61600,"avatarId":10000061,"openConds":[],"PNJPCCBFIJH":[{"condType":"FETTER_COND_NOT_OPEN","paramList":[]}]}]