{"10000002":{"IDLLFKKGDLO":1706132810,"BFOCLKDEGBD":3690673200,"avatarTitleTextMapHash":3614785250,"cvJapaneseTextMapHash":3995062768,"cvKoreanTextMapHash":825575327,"avatarConstellationBeforTextMapHash":2735576330,"infoBirthMonth":9,"avatarConstellationAfterTextMapHash":1033536715,"cvChineseTextMapHash":727576102,"avatarAssocType":"ASSOC_TYPE_INAZUMA","isHiden":false,"avatarNativeTextMapHash":1763099481,"avatarVisionBeforTextMapHash":3057990932,"infoBirthDay":28,"avatarDetailTextMapHash":4223738138,"avatarVisionAfterTextMapHash":4288637793,"cvEnglishTextMapHash":431619300,"finishConds":[{"paramList":[],"condType":"FETTER_COND_NOT_OPEN"}],"openConds":[],"avatarId":10000002,"fetterId":101},"10000003":{"IDLLFKKGDLO":3459513866,"BFOCLKDEGBD":2517633056,"avatarTitleTextMapHash":1200647962,"cvJapaneseTextMapHash":1712871456,"cvKoreanTextMapHash":446794071,"avatarConstellationBeforTextMapHash":201010258,"infoBirthMonth":3,"avatarConstellationAfterTextMapHash":144282507,"cvChineseTextMapHash":392436190,"avatarAssocType":"ASSOC_TYPE_MONDSTADT","isHiden":false,"avatarNativeTextMapHash":2100503169,"avatarVisionBeforTextMapHash":467004516,"infoBirthDay":14,"avatarDetailTextMapHash":1963658218,"avatarVisionAfterTextMapHash":1453458049,"cvEnglishTextMapHash":91808668,"finishConds":[{"paramList":[],"condType":"FETTER_COND_NOT_OPEN"}],"openConds":[],"avatarId":10000003,"fetterId":102},"10000005":{"IDLLFKKGDLO":2686169482,"BFOCLKDEGBD":3774448256,"avatarTitleTextMapHash":2305320866,"cvJapaneseTextMapHash":1249978000,"cvKoreanTextMapHash":986493735,"avatarConstellationBeforTextMapHash":756242466,"infoBirthMonth":0,"avatarConstellationAfterTextMapHash":2038622971,"cvChineseTextMapHash":3322055142,"avatarAssocType":"ASSOC_TYPE_MAINACTOR","isHiden":false,"avatarNativeTextMapHash":2022316961,"avatarVisionBeforTextMapHash":821712868,"infoBirthDay":0,"avatarDetailTextMapHash":1006022970,"avatarVisionAfterTextMapHash":955276209,"cvEnglishTextMapHash":3354393428,"finishConds":[{"paramList":[],"condType":"FETTER_COND_NOT_OPEN"}],"openConds":[],"avatarId":10000005,"fetterId":103},"10000006":{"IDLLFKKGDLO":843711858,"BFOCLKDEGBD":237646104,"avatarTitleTextMapHash":3138609954,"cvJapaneseTextMapHash":3369294496,"cvKoreanTextMapHash":3288865479,"avatarConstellationBeforTextMapHash":34090282,"infoBirthMonth":6,"avatarConstellationAfterTextMapHash":3201017387,"cvChineseTextMapHash":943522462,"avatarAssocType":"ASSOC_TYPE_MONDSTADT","isHiden":false,"avatarNativeTextMapHash":1809237489,"avatarVisionBeforTextMapHash":2480172868,"infoBirthDay":9,"avatarDetailTextMapHash":3571277394,"avatarVisionAfterTextMapHash":1481798217,"cvEnglishTextMapHash":2422748316,"finishConds":[{"paramList":[],"condType":"FETTER_COND_NOT_OPEN"}],"openConds":[],"avatarId":10000006,"fetterId":104},"10000007":{"IDLLFKKGDLO":3522231050,"BFOCLKDEGBD":2163702912,"avatarTitleTextMapHash":13422330,"cvJapaneseTextMapHash":2560583048,"cvKoreanTextMapHash":2958496231,"avatarConstellationBeforTextMapHash":816482658,"infoBirthMonth":0,"avatarConstellationAfterTextMapHash":1928056899,"cvChineseTextMapHash":2084890670,"avatarAssocType":"ASSOC_TYPE_MAINACTOR","isHiden":false,"avatarNativeTextMapHash":4064367953,"avatarVisionBeforTextMapHash":471154292,"infoBirthDay":0,"avatarDetailTextMapHash":406940522,"avatarVisionAfterTextMapHash":2590902393,"cvEnglishTextMapHash":939276444,"finishConds":[{"paramList":[],"condType":"FETTER_COND_NOT_OPEN"}],"openConds":[],"avatarId":10000007,"fetterId":105},"10000014":{"IDLLFKKGDLO":4025310946,"BFOCLKDEGBD":1170198240,"avatarTitleTextMapHash":1823500338,"cvJapaneseTextMapHash":3860998488,"cvKoreanTextMapHash":11452367,"avatarConstellationBeforTextMapHash":2960169546,"infoBirthMonth":7,"avatarConstellationAfterTextMapHash":3271630931,"cvChineseTextMapHash":712582678,"avatarAssocType":"ASSOC_TYPE_MONDSTADT","isHiden":false,"avatarNativeTextMapHash":1304312049,"avatarVisionBeforTextMapHash":4022324356,"infoBirthDay":5,"avatarDetailTextMapHash":2573623138,"avatarVisionAfterTextMapHash":1166340161,"cvEnglishTextMapHash":488354068,"finishConds":[{"paramList":[],"condType":"FETTER_COND_NOT_OPEN"}],"openConds":[],"avatarId":10000014,"fetterId":106},"10000015":{"IDLLFKKGDLO":2879861602,"BFOCLKDEGBD":3344490616,"avatarTitleTextMapHash":1785544946,"cvJapaneseTextMapHash":3911672888,"cvKoreanTextMapHash":1747324815,"avatarConstellationBeforTextMapHash":1247404986,"infoBirthMonth":11,"avatarConstellationAfterTextMapHash":2979025659,"cvChineseTextMapHash":2863915758,"avatarAssocType":"ASSOC_TYPE_MONDSTADT","isHiden":false,"avatarNativeTextMapHash":2536425521,"avatarVisionBeforTextMapHash":4220569804,"infoBirthDay":30,"avatarDetailTextMapHash":1365496954,"avatarVisionAfterTextMapHash":2469020049,"cvEnglishTextMapHash":4279338324,"finishConds":[{"paramList":[],"condType":"FETTER_COND_NOT_OPEN"}],"openConds":[],"avatarId":10000015,"fetterId":107},"10000016":{"IDLLFKKGDLO":2132002266,"BFOCLKDEGBD":3799992536,"avatarTitleTextMapHash":2612198306,"cvJapaneseTextMapHash":1865761584,"cvKoreanTextMapHash":1879319503,"avatarConstellationBeforTextMapHash":2314116250,"infoBirthMonth":4,"avatarConstellationAfterTextMapHash":2509127315,"cvChineseTextMapHash":3191430790,"avatarAssocType":"ASSOC_TYPE_MONDSTADT","isHiden":false,"avatarNativeTextMapHash":3404250905,"avatarVisionBeforTextMapHash":627825788,"infoBirthDay":30,"avatarDetailTextMapHash":4246347802,"avatarVisionAfterTextMapHash":1443384873,"cvEnglishTextMapHash":2134469124,"finishConds":[{"paramList":[],"condType":"FETTER_COND_NOT_OPEN"}],"openConds":[],"avatarId":10000016,"fetterId":108},"10000020":{"IDLLFKKGDLO":287486234,"BFOCLKDEGBD":589426792,"avatarTitleTextMapHash":2753191042,"cvJapaneseTextMapHash":3412843320,"cvKoreanTextMapHash":3496435439,"avatarConstellationBeforTextMapHash":4052447146,"infoBirthMonth":9,"avatarConstellationAfterTextMapHash":2854774203,"cvChineseTextMapHash":1758325142,"avatarAssocType":"ASSOC_TYPE_MONDSTADT","isHiden":false,"avatarNativeTextMapHash":2122187449,"avatarVisionBeforTextMapHash":3352621156,"infoBirthDay":9,"avatarDetailTextMapHash":2084554490,"avatarVisionAfterTextMapHash":2448013937,"cvEnglishTextMapHash":2560038812,"finishConds":[{"paramList":[],"condType":"FETTER_COND_NOT_OPEN"}],"openConds":[],"avatarId":10000020,"fetterId":109},"10000021":{"IDLLFKKGDLO":3117786210,"BFOCLKDEGBD":3344377064,"avatarTitleTextMapHash":1238477178,"cvJapaneseTextMapHash":2350762192,"cvKoreanTextMapHash":3355468295,"avatarConstellationBeforTextMapHash":1404729682,"infoBirthMonth":8,"avatarConstellationAfterTextMapHash":124975747,"cvChineseTextMapHash":4036914878,"avatarAssocType":"ASSOC_TYPE_MONDSTADT","isHiden":false,"avatarNativeTextMapHash":2695093385,"avatarVisionBeforTextMapHash":230082676,"infoBirthDay":10,"avatarDetailTextMapHash":3097194818,"avatarVisionAfterTextMapHash":2189787097,"cvEnglishTextMapHash":302898332,"finishConds":[{"paramList":[],"condType":"FETTER_COND_NOT_OPEN"}],"openConds":[],"avatarId":10000021,"fetterId":110},"10000022":{"IDLLFKKGDLO":3963077898,"BFOCLKDEGBD":4209150520,"avatarTitleTextMapHash":1225242490,"cvJapaneseTextMapHash":2801197800,"cvKoreanTextMapHash":4095506519,"avatarConstellationBeforTextMapHash":2226738162,"infoBirthMonth":6,"avatarConstellationAfterTextMapHash":1329004531,"cvChineseTextMapHash":1085193806,"avatarAssocType":"ASSOC_TYPE_MONDSTADT","isHiden":false,"avatarNativeTextMapHash":2379846137,"avatarVisionBeforTextMapHash":2075460644,"infoBirthDay":16,"avatarDetailTextMapHash":3527710554,"avatarVisionAfterTextMapHash":898621369,"cvEnglishTextMapHash":1300502628,"finishConds":[{"paramList":[39604],"condType":"FETTER_COND_FINISH_QUEST"}],"openConds":[],"avatarId":10000022,"fetterId":111},"10000023":{"IDLLFKKGDLO":3772910674,"BFOCLKDEGBD":2373505632,"avatarTitleTextMapHash":2467527666,"cvJapaneseTextMapHash":1674112200,"cvKoreanTextMapHash":1742822431,"avatarConstellationBeforTextMapHash":1451760122,"infoBirthMonth":11,"avatarConstellationAfterTextMapHash":2028029427,"cvChineseTextMapHash":3761441798,"avatarAssocType":"ASSOC_TYPE_LIYUE","isHiden":false,"avatarNativeTextMapHash":1144455177,"avatarVisionBeforTextMapHash":1247335084,"infoBirthDay":2,"avatarDetailTextMapHash":3294048674,"avatarVisionAfterTextMapHash":2356735641,"cvEnglishTextMapHash":1147555332,"finishConds":[{"paramList":[],"condType":"FETTER_COND_NOT_OPEN"}],"openConds":[],"avatarId":10000023,"fetterId":112},"10000024":{"IDLLFKKGDLO":3233464450,"BFOCLKDEGBD":1565047208,"avatarTitleTextMapHash":1152777210,"cvJapaneseTextMapHash":1497735072,"cvKoreanTextMapHash":636211263,"avatarConstellationBeforTextMapHash":3853657898,"infoBirthMonth":2,"avatarConstellationAfterTextMapHash":4085422171,"cvChineseTextMapHash":3660164550,"avatarAssocType":"ASSOC_TYPE_LIYUE","isHiden":false,"avatarNativeTextMapHash":3508028969,"avatarVisionBeforTextMapHash":4219874220,"infoBirthDay":14,"avatarDetailTextMapHash":3138225274,"avatarVisionAfterTextMapHash":3157737289,"cvEnglishTextMapHash":2562073812,"finishConds":[{"paramList":[],"condType":"FETTER_COND_NOT_OPEN"}],"openConds":[],"avatarId":10000024,"fetterId":113},"10000025":{"IDLLFKKGDLO":3832852746,"BFOCLKDEGBD":1504325904,"avatarTitleTextMapHash":4067465850,"cvJapaneseTextMapHash":3662797544,"cvKoreanTextMapHash":3035055863,"avatarConstellationBeforTextMapHash":2497169002,"infoBirthMonth":10,"avatarConstellationAfterTextMapHash":89315195,"cvChineseTextMapHash":4062177694,"avatarAssocType":"ASSOC_TYPE_LIYUE","isHiden":false,"avatarNativeTextMapHash":1872514577,"avatarVisionBeforTextMapHash":2480954540,"infoBirthDay":9,"avatarDetailTextMapHash":2731162298,"avatarVisionAfterTextMapHash":4151243729,"cvEnglishTextMapHash":2288174484,"finishConds":[{"paramList":[],"condType":"FETTER_COND_NOT_OPEN"}],"openConds":[],"avatarId":10000025,"fetterId":114},"10000026":{"IDLLFKKGDLO":1043167058,"BFOCLKDEGBD":2573007264,"avatarTitleTextMapHash":2182504186,"cvJapaneseTextMapHash":2350391048,"cvKoreanTextMapHash":3918463151,"avatarConstellationBeforTextMapHash":3401180666,"infoBirthMonth":4,"avatarConstellationAfterTextMapHash":2421570635,"cvChineseTextMapHash":414772070,"avatarAssocType":"ASSOC_TYPE_LIYUE","isHiden":false,"avatarNativeTextMapHash":413877289,"avatarVisionBeforTextMapHash":550531300,"infoBirthDay":17,"avatarDetailTextMapHash":1863419602,"avatarVisionAfterTextMapHash":3648530745,"cvEnglishTextMapHash":975590796,"finishConds":[{"paramList":[],"condType":"FETTER_COND_NOT_OPEN"}],"openConds":[],"avatarId":10000026,"fetterId":115},"10000027":{"IDLLFKKGDLO":2587680970,"BFOCLKDEGBD":4104085464,"avatarTitleTextMapHash":1976081594,"cvJapaneseTextMapHash":257900264,"cvKoreanTextMapHash":1098860927,"avatarConstellationBeforTextMapHash":20629626,"infoBirthMonth":8,"avatarConstellationAfterTextMapHash":876868723,"cvChineseTextMapHash":452718846,"avatarAssocType":"ASSOC_TYPE_LIYUE","isHiden":false,"avatarNativeTextMapHash":218189361,"avatarVisionBeforTextMapHash":1662907292,"infoBirthDay":26,"avatarDetailTextMapHash":1658614834,"avatarVisionAfterTextMapHash":735278345,"cvEnglishTextMapHash":1993730884,"finishConds":[{"paramList":[],"condType":"FETTER_COND_NOT_OPEN"}],"openConds":[],"avatarId":10000027,"fetterId":116},"10000029":{"IDLLFKKGDLO":530625634,"BFOCLKDEGBD":3376049832,"avatarTitleTextMapHash":1897358210,"cvJapaneseTextMapHash":2349322992,"cvKoreanTextMapHash":907548199,"avatarConstellationBeforTextMapHash":2230999650,"infoBirthMonth":7,"avatarConstellationAfterTextMapHash":567731819,"cvChineseTextMapHash":2371683902,"avatarAssocType":"ASSOC_TYPE_MONDSTADT","isHiden":false,"avatarNativeTextMapHash":702194017,"avatarVisionBeforTextMapHash":3847511308,"infoBirthDay":27,"avatarDetailTextMapHash":1801721474,"avatarVisionAfterTextMapHash":3057376089,"cvEnglishTextMapHash":718871660,"finishConds":[{"paramList":[],"condType":"FETTER_COND_NOT_OPEN"}],"openConds":[],"avatarId":10000029,"fetterId":117},"10000030":{"IDLLFKKGDLO":1445264402,"BFOCLKDEGBD":266760520,"avatarTitleTextMapHash":2789626970,"cvJapaneseTextMapHash":1183613792,"cvKoreanTextMapHash":4084646031,"avatarConstellationBeforTextMapHash":1594094098,"infoBirthMonth":12,"avatarConstellationAfterTextMapHash":2721221067,"cvChineseTextMapHash":1454422278,"avatarAssocType":"ASSOC_TYPE_LIYUE","isHiden":false,"avatarNativeTextMapHash":3651078097,"avatarVisionBeforTextMapHash":967031460,"infoBirthDay":31,"avatarDetailTextMapHash":3237080338,"avatarVisionAfterTextMapHash":2507042785,"cvEnglishTextMapHash":3331340660,"finishConds":[{"paramList":[102510],"condType":"FETTER_COND_FINISH_QUEST"}],"openConds":[],"avatarId":10000030,"fetterId":118},"10000031":{"IDLLFKKGDLO":3061470746,"BFOCLKDEGBD":4265322256,"avatarTitleTextMapHash":353285794,"cvJapaneseTextMapHash":132715032,"cvKoreanTextMapHash":3964881647,"avatarConstellationBeforTextMapHash":2198842266,"infoBirthMonth":5,"avatarConstellationAfterTextMapHash":2276514827,"cvChineseTextMapHash":465986718,"avatarAssocType":"ASSOC_TYPE_MONDSTADT","isHiden":false,"avatarNativeTextMapHash":2368787601,"avatarVisionBeforTextMapHash":122554396,"infoBirthDay":27,"avatarDetailTextMapHash":1139039362,"avatarVisionAfterTextMapHash":936354993,"cvEnglishTextMapHash":3640880724,"finishConds":[{"paramList":[],"condType":"FETTER_COND_NOT_OPEN"}],"openConds":[],"avatarId":10000031,"fetterId":119},"10000032":{"IDLLFKKGDLO":3242979482,"BFOCLKDEGBD":816212776,"avatarTitleTextMapHash":1078060234,"cvJapaneseTextMapHash":1456485512,"cvKoreanTextMapHash":681554991,"avatarConstellationBeforTextMapHash":2225075946,"infoBirthMonth":2,"avatarConstellationAfterTextMapHash":1091946987,"cvChineseTextMapHash":1972439622,"avatarAssocType":"ASSOC_TYPE_MONDSTADT","isHiden":false,"avatarNativeTextMapHash":1181755137,"avatarVisionBeforTextMapHash":1740638908,"infoBirthDay":29,"avatarDetailTextMapHash":1030159626,"avatarVisionAfterTextMapHash":3677050081,"cvEnglishTextMapHash":1382070500,"finishConds":[{"paramList":[],"condType":"FETTER_COND_NOT_OPEN"}],"openConds":[],"avatarId":10000032,"fetterId":120},"10000033":{"IDLLFKKGDLO":3096737186,"BFOCLKDEGBD":3943901984,"avatarTitleTextMapHash":3875370554,"cvJapaneseTextMapHash":2938778568,"cvKoreanTextMapHash":1397738367,"avatarConstellationBeforTextMapHash":3423950162,"infoBirthMonth":7,"avatarConstellationAfterTextMapHash":605778827,"cvChineseTextMapHash":4246769190,"avatarAssocType":"ASSOC_TYPE_FATUI","isHiden":false,"avatarNativeTextMapHash":3774913721,"avatarVisionBeforTextMapHash":3646588372,"infoBirthDay":20,"avatarDetailTextMapHash":3593799522,"avatarVisionAfterTextMapHash":2573101121,"cvEnglishTextMapHash":4115005636,"finishConds":[{"paramList":[],"condType":"FETTER_COND_NOT_OPEN"}],"openConds":[],"avatarId":10000033,"fetterId":121},"10000034":{"IDLLFKKGDLO":3080175658,"BFOCLKDEGBD":2632094392,"avatarTitleTextMapHash":2339950258,"cvJapaneseTextMapHash":2464221280,"cvKoreanTextMapHash":2318572807,"avatarConstellationBeforTextMapHash":808906466,"infoBirthMonth":3,"avatarConstellationAfterTextMapHash":1057268155,"cvChineseTextMapHash":4257440758,"avatarAssocType":"ASSOC_TYPE_MONDSTADT","isHiden":false,"avatarNativeTextMapHash":3006274177,"avatarVisionBeforTextMapHash":3929787020,"infoBirthDay":21,"avatarDetailTextMapHash":2464288834,"avatarVisionAfterTextMapHash":3710640289,"cvEnglishTextMapHash":3349029444,"finishConds":[{"paramList":[],"condType":"FETTER_COND_NOT_OPEN"}],"openConds":[],"avatarId":10000034,"fetterId":122},"10000035":{"IDLLFKKGDLO":1559151498,"BFOCLKDEGBD":2285572816,"avatarTitleTextMapHash":2560957650,"cvJapaneseTextMapHash":1926245760,"cvKoreanTextMapHash":3538734815,"avatarConstellationBeforTextMapHash":1580087082,"infoBirthMonth":3,"avatarConstellationAfterTextMapHash":44381363,"cvChineseTextMapHash":1729369230,"avatarAssocType":"ASSOC_TYPE_LIYUE","isHiden":false,"avatarNativeTextMapHash":802385489,"avatarVisionBeforTextMapHash":1695600284,"infoBirthDay":3,"avatarDetailTextMapHash":987428418,"avatarVisionAfterTextMapHash":262460977,"cvEnglishTextMapHash":1881999804,"finishConds":[{"paramList":[],"condType":"FETTER_COND_NOT_OPEN"}],"openConds":[],"avatarId":10000035,"fetterId":123},"10000036":{"IDLLFKKGDLO":1925126098,"BFOCLKDEGBD":1346954368,"avatarTitleTextMapHash":2804590466,"cvJapaneseTextMapHash":1317323504,"cvKoreanTextMapHash":1935455199,"avatarConstellationBeforTextMapHash":4203973938,"infoBirthMonth":9,"avatarConstellationAfterTextMapHash":895213803,"cvChineseTextMapHash":1413748758,"avatarAssocType":"ASSOC_TYPE_LIYUE","isHiden":false,"avatarNativeTextMapHash":1769238889,"avatarVisionBeforTextMapHash":766902996,"infoBirthDay":7,"avatarDetailTextMapHash":3590770538,"avatarVisionAfterTextMapHash":1485672225,"cvEnglishTextMapHash":3611302012,"finishConds":[{"paramList":[],"condType":"FETTER_COND_NOT_OPEN"}],"openConds":[],"avatarId":10000036,"fetterId":124},"10000037":{"IDLLFKKGDLO":1022935738,"BFOCLKDEGBD":3183090808,"avatarTitleTextMapHash":1902407402,"cvJapaneseTextMapHash":2821438752,"cvKoreanTextMapHash":1371351983,"avatarConstellationBeforTextMapHash":3362074034,"infoBirthMonth":12,"avatarConstellationAfterTextMapHash":1513569691,"cvChineseTextMapHash":3511999998,"avatarAssocType":"ASSOC_TYPE_LIYUE","isHiden":false,"avatarNativeTextMapHash":3866698241,"avatarVisionBeforTextMapHash":862088588,"infoBirthDay":2,"avatarDetailTextMapHash":1747000882,"avatarVisionAfterTextMapHash":22897537,"cvEnglishTextMapHash":866868980,"finishConds":[{"paramList":[],"condType":"FETTER_COND_NOT_OPEN"}],"openConds":[],"avatarId":10000037,"fetterId":125},"10000038":{"IDLLFKKGDLO":3312957898,"BFOCLKDEGBD":1486000232,"avatarTitleTextMapHash":3646853002,"cvJapaneseTextMapHash":2478938952,"cvKoreanTextMapHash":1418045575,"avatarConstellationBeforTextMapHash":4143774770,"infoBirthMonth":9,"avatarConstellationAfterTextMapHash":126964283,"cvChineseTextMapHash":2416424718,"avatarAssocType":"ASSOC_TYPE_MONDSTADT","isHiden":false,"avatarNativeTextMapHash":371846193,"avatarVisionBeforTextMapHash":825986772,"infoBirthDay":13,"avatarDetailTextMapHash":3002069946,"avatarVisionAfterTextMapHash":3828063489,"cvEnglishTextMapHash":3188933756,"finishConds":[{"paramList":[],"condType":"FETTER_COND_NOT_OPEN"}],"openConds":[],"avatarId":10000038,"fetterId":126},"10000039":{"IDLLFKKGDLO":242842482,"BFOCLKDEGBD":1156970832,"avatarTitleTextMapHash":955121114,"cvJapaneseTextMapHash":4045591224,"cvKoreanTextMapHash":3207559823,"avatarConstellationBeforTextMapHash":2062356506,"infoBirthMonth":1,"avatarConstellationAfterTextMapHash":516952915,"cvChineseTextMapHash":41396374,"avatarAssocType":"ASSOC_TYPE_MONDSTADT","isHiden":false,"avatarNativeTextMapHash":967464153,"avatarVisionBeforTextMapHash":4127670180,"infoBirthDay":18,"avatarDetailTextMapHash":3267731642,"avatarVisionAfterTextMapHash":924821409,"cvEnglishTextMapHash":3190486524,"finishConds":[{"paramList":[],"condType":"FETTER_COND_NOT_OPEN"}],"openConds":[],"avatarId":10000039,"fetterId":127},"10000041":{"IDLLFKKGDLO":4221654778,"BFOCLKDEGBD":1790703360,"avatarTitleTextMapHash":2216682674,"cvJapaneseTextMapHash":950394528,"cvKoreanTextMapHash":3794406463,"avatarConstellationBeforTextMapHash":677289434,"infoBirthMonth":8,"avatarConstellationAfterTextMapHash":3963245579,"cvChineseTextMapHash":1441549966,"avatarAssocType":"ASSOC_TYPE_MONDSTADT","isHiden":false,"avatarNativeTextMapHash":1827140513,"avatarVisionBeforTextMapHash":321258364,"infoBirthDay":31,"avatarDetailTextMapHash":2099446386,"avatarVisionAfterTextMapHash":735012401,"cvEnglishTextMapHash":36373972,"finishConds":[{"paramList":[],"condType":"FETTER_COND_NOT_OPEN"}],"openConds":[],"avatarId":10000041,"fetterId":128},"10000042":{"IDLLFKKGDLO":316548354,"BFOCLKDEGBD":1905310704,"avatarTitleTextMapHash":3308312162,"cvJapaneseTextMapHash":1314550072,"cvKoreanTextMapHash":3586027263,"avatarConstellationBeforTextMapHash":3587152074,"infoBirthMonth":11,"avatarConstellationAfterTextMapHash":1744331243,"cvChineseTextMapHash":2566021790,"avatarAssocType":"ASSOC_TYPE_LIYUE","isHiden":false,"avatarNativeTextMapHash":4010071745,"avatarVisionBeforTextMapHash":1821644548,"infoBirthDay":20,"avatarDetailTextMapHash":2307865106,"avatarVisionAfterTextMapHash":373974425,"cvEnglishTextMapHash":276019972,"finishConds":[{"paramList":[],"condType":"FETTER_COND_NOT_OPEN"}],"openConds":[],"avatarId":10000042,"fetterId":129},"10000043":{"IDLLFKKGDLO":434710650,"BFOCLKDEGBD":1536116640,"avatarTitleTextMapHash":682411194,"cvJapaneseTextMapHash":777642752,"cvKoreanTextMapHash":3790433071,"avatarConstellationBeforTextMapHash":4244741386,"infoBirthMonth":11,"avatarConstellationAfterTextMapHash":3571098147,"cvChineseTextMapHash":309184414,"avatarAssocType":"ASSOC_TYPE_MONDSTADT","isHiden":false,"avatarNativeTextMapHash":2186025825,"avatarVisionBeforTextMapHash":126875444,"infoBirthDay":26,"avatarDetailTextMapHash":4125000058,"avatarVisionAfterTextMapHash":519928233,"cvEnglishTextMapHash":1106805724,"finishConds":[{"paramList":[],"condType":"FETTER_COND_NOT_OPEN"}],"openConds":[],"avatarId":10000043,"fetterId":130},"10000044":{"IDLLFKKGDLO":707007002,"BFOCLKDEGBD":448851000,"avatarTitleTextMapHash":2007781754,"cvJapaneseTextMapHash":641682520,"cvKoreanTextMapHash":2384659519,"avatarConstellationBeforTextMapHash":4126360330,"infoBirthMonth":10,"avatarConstellationAfterTextMapHash":4100226883,"cvChineseTextMapHash":3921936462,"avatarAssocType":"ASSOC_TYPE_LIYUE","isHiden":false,"avatarNativeTextMapHash":2939616529,"avatarVisionBeforTextMapHash":3105283268,"infoBirthDay":16,"avatarDetailTextMapHash":3355473986,"avatarVisionAfterTextMapHash":3656641129,"cvEnglishTextMapHash":2272456916,"finishConds":[{"paramList":[],"condType":"FETTER_COND_NOT_OPEN"}],"openConds":[],"avatarId":10000044,"fetterId":131},"10000045":{"IDLLFKKGDLO":2464502114,"BFOCLKDEGBD":2879890864,"avatarTitleTextMapHash":3918225546,"cvJapaneseTextMapHash":3445993248,"cvKoreanTextMapHash":2927759831,"avatarConstellationBeforTextMapHash":3331210802,"infoBirthMonth":1,"avatarConstellationAfterTextMapHash":490664827,"cvChineseTextMapHash":1517505318,"avatarAssocType":"ASSOC_TYPE_MONDSTADT","isHiden":false,"avatarNativeTextMapHash":1208431633,"avatarVisionBeforTextMapHash":2778487532,"infoBirthDay":24,"avatarDetailTextMapHash":2858258162,"avatarVisionAfterTextMapHash":3452454753,"cvEnglishTextMapHash":1467808508,"finishConds":[{"paramList":[],"condType":"FETTER_COND_NOT_OPEN"}],"openConds":[],"avatarId":10000045,"fetterId":133},"10000046":{"IDLLFKKGDLO":1543578802,"BFOCLKDEGBD":1330364096,"avatarTitleTextMapHash":662587002,"cvJapaneseTextMapHash":1286278240,"cvKoreanTextMapHash":291020487,"avatarConstellationBeforTextMapHash":3041688594,"infoBirthMonth":7,"avatarConstellationAfterTextMapHash":3861029139,"cvChineseTextMapHash":3694314910,"avatarAssocType":"ASSOC_TYPE_LIYUE","isHiden":false,"avatarNativeTextMapHash":3485382673,"avatarVisionBeforTextMapHash":3112476852,"infoBirthDay":15,"avatarDetailTextMapHash":2488599434,"avatarVisionAfterTextMapHash":719537873,"cvEnglishTextMapHash":2549651252,"finishConds":[{"paramList":[],"condType":"FETTER_COND_NOT_OPEN"}],"openConds":[],"avatarId":10000046,"fetterId":132},"10000047":{"IDLLFKKGDLO":3796999538,"BFOCLKDEGBD":2974574648,"avatarTitleTextMapHash":484877954,"cvJapaneseTextMapHash":1043658088,"cvKoreanTextMapHash":2590010167,"avatarConstellationBeforTextMapHash":1782640050,"infoBirthMonth":10,"avatarConstellationAfterTextMapHash":1697359355,"cvChineseTextMapHash":2293363830,"avatarAssocType":"ASSOC_TYPE_INAZUMA","isHiden":false,"avatarNativeTextMapHash":3703064921,"avatarVisionBeforTextMapHash":2477900860,"infoBirthDay":29,"avatarDetailTextMapHash":3202001138,"avatarVisionAfterTextMapHash":130168969,"cvEnglishTextMapHash":2619878748,"finishConds":[{"paramList":[],"condType":"FETTER_COND_NOT_OPEN"}],"openConds":[],"avatarId":10000047,"fetterId":136},"10000048":{"IDLLFKKGDLO":1808218946,"BFOCLKDEGBD":70481312,"avatarTitleTextMapHash":1186691770,"cvJapaneseTextMapHash":2814295520,"cvKoreanTextMapHash":1293912855,"avatarConstellationBeforTextMapHash":4078029322,"infoBirthMonth":7,"avatarConstellationAfterTextMapHash":3068878723,"cvChineseTextMapHash":2145440894,"avatarAssocType":"ASSOC_TYPE_LIYUE","isHiden":false,"avatarNativeTextMapHash":2280863881,"avatarVisionBeforTextMapHash":313529204,"infoBirthDay":28,"avatarDetailTextMapHash":1570282706,"avatarVisionAfterTextMapHash":3214350745,"cvEnglishTextMapHash":2096594156,"finishConds":[{"paramList":[],"condType":"FETTER_COND_NOT_OPEN"}],"openConds":[],"avatarId":10000048,"fetterId":134},"10000049":{"IDLLFKKGDLO":563824954,"BFOCLKDEGBD":1046082232,"avatarTitleTextMapHash":422431338,"cvJapaneseTextMapHash":2984647568,"cvKoreanTextMapHash":4096971807,"avatarConstellationBeforTextMapHash":1841952946,"infoBirthMonth":6,"avatarConstellationAfterTextMapHash":896433771,"cvChineseTextMapHash":3824775118,"avatarAssocType":"ASSOC_TYPE_INAZUMA","isHiden":false,"avatarNativeTextMapHash":235578769,"avatarVisionBeforTextMapHash":1646245548,"infoBirthDay":21,"avatarDetailTextMapHash":77669938,"avatarVisionAfterTextMapHash":2034415441,"cvEnglishTextMapHash":635183748,"finishConds":[{"paramList":[],"condType":"FETTER_COND_NOT_OPEN"}],"openConds":[],"avatarId":10000049,"fetterId":137},"10000050":{"IDLLFKKGDLO":2983947082,"BFOCLKDEGBD":2994130800,"avatarTitleTextMapHash":2157757826,"cvJapaneseTextMapHash":1651520080,"cvKoreanTextMapHash":3394774543,"avatarConstellationBeforTextMapHash":2749427906,"infoBirthMonth":1,"avatarConstellationAfterTextMapHash":3300759683,"cvChineseTextMapHash":720701894,"avatarAssocType":"ASSOC_TYPE_INAZUMA","isHiden":false,"avatarNativeTextMapHash":1486341689,"avatarVisionBeforTextMapHash":3177381772,"infoBirthDay":9,"avatarDetailTextMapHash":3621848770,"avatarVisionAfterTextMapHash":1518014265,"cvEnglishTextMapHash":2755173740,"finishConds":[{"paramList":[],"condType":"FETTER_COND_NOT_OPEN"}],"openConds":[],"avatarId":10000050,"fetterId":50600},"10000051":{"IDLLFKKGDLO":1287108090,"BFOCLKDEGBD":937364480,"avatarTitleTextMapHash":3679187618,"cvJapaneseTextMapHash":3928491512,"cvKoreanTextMapHash":3009726871,"avatarConstellationBeforTextMapHash":2912362594,"infoBirthMonth":10,"avatarConstellationAfterTextMapHash":4077826867,"cvChineseTextMapHash":3297741182,"avatarAssocType":"ASSOC_TYPE_MONDSTADT","isHiden":false,"avatarNativeTextMapHash":2081537529,"avatarVisionBeforTextMapHash":98482612,"infoBirthDay":25,"avatarDetailTextMapHash":87994090,"avatarVisionAfterTextMapHash":2857461841,"cvEnglishTextMapHash":393498596,"finishConds":[{"paramList":[],"condType":"FETTER_COND_NOT_OPEN"}],"openConds":[],"avatarId":10000051,"fetterId":135},"10000052":{"IDLLFKKGDLO":2748948602,"BFOCLKDEGBD":3614576216,"avatarTitleTextMapHash":3922655010,"cvJapaneseTextMapHash":3912819872,"cvKoreanTextMapHash":3031872143,"avatarConstellationBeforTextMapHash":2211667090,"infoBirthMonth":6,"avatarConstellationAfterTextMapHash":3361507539,"cvChineseTextMapHash":2225307798,"avatarAssocType":"ASSOC_TYPE_INAZUMA","isHiden":false,"avatarNativeTextMapHash":2339788961,"avatarVisionBeforTextMapHash":2689029804,"infoBirthDay":26,"avatarDetailTextMapHash":1478158106,"avatarVisionAfterTextMapHash":2085306033,"cvEnglishTextMapHash":1088808028,"finishConds":[{"paramList":[1],"condType":"FETTER_COND_AVATAR_LEVEL"}],"openConds":[],"avatarId":10000052,"fetterId":139},"10000053":{"IDLLFKKGDLO":3694646930,"BFOCLKDEGBD":2610777688,"avatarTitleTextMapHash":1757728074,"cvJapaneseTextMapHash":1556047408,"cvKoreanTextMapHash":1743312703,"avatarConstellationBeforTextMapHash":3872411226,"infoBirthMonth":10,"avatarConstellationAfterTextMapHash":1031389603,"cvChineseTextMapHash":393118902,"avatarAssocType":"ASSOC_TYPE_INAZUMA","isHiden":false,"avatarNativeTextMapHash":3474733945,"avatarVisionBeforTextMapHash":2648184060,"infoBirthDay":19,"avatarDetailTextMapHash":4079111402,"avatarVisionAfterTextMapHash":206259425,"cvEnglishTextMapHash":3210378124,"finishConds":[{"paramList":[],"condType":"FETTER_COND_NOT_OPEN"}],"openConds":[],"avatarId":10000053,"fetterId":138},"10000054":{"IDLLFKKGDLO":2525173970,"BFOCLKDEGBD":1129842336,"avatarTitleTextMapHash":3706226538,"cvJapaneseTextMapHash":3525763280,"cvKoreanTextMapHash":3056845727,"avatarConstellationBeforTextMapHash":1752197778,"infoBirthMonth":2,"avatarConstellationAfterTextMapHash":718604491,"cvChineseTextMapHash":3905129686,"avatarAssocType":"ASSOC_TYPE_INAZUMA","isHiden":false,"avatarNativeTextMapHash":683437921,"avatarVisionBeforTextMapHash":1688473500,"infoBirthDay":22,"avatarDetailTextMapHash":1510500586,"avatarVisionAfterTextMapHash":532522121,"cvEnglishTextMapHash":709839884,"finishConds":[{"paramList":[],"condType":"FETTER_COND_NOT_OPEN"}],"openConds":[],"avatarId":10000054,"fetterId":140},"10000055":{"IDLLFKKGDLO":2980534154,"BFOCLKDEGBD":3203768184,"avatarTitleTextMapHash":1890326034,"cvJapaneseTextMapHash":55309024,"cvKoreanTextMapHash":3333163887,"avatarConstellationBeforTextMapHash":1574145170,"infoBirthMonth":5,"avatarConstellationAfterTextMapHash":3906648139,"cvChineseTextMapHash":3391678678,"avatarAssocType":"ASSOC_TYPE_INAZUMA","isHiden":false,"avatarNativeTextMapHash":3031398817,"avatarVisionBeforTextMapHash":1016213980,"infoBirthDay":18,"avatarDetailTextMapHash":194478258,"avatarVisionAfterTextMapHash":2297824401,"cvEnglishTextMapHash":2508657724,"finishConds":[{"paramList":[],"condType":"FETTER_COND_NOT_OPEN"}],"openConds":[],"avatarId":10000055,"fetterId":55600},"10000056":{"IDLLFKKGDLO":3706831450,"BFOCLKDEGBD":2517818952,"avatarTitleTextMapHash":2295939930,"cvJapaneseTextMapHash":1441667000,"cvKoreanTextMapHash":666191887,"avatarConstellationBeforTextMapHash":912981282,"infoBirthMonth":7,"avatarConstellationAfterTextMapHash":3463988355,"cvChineseTextMapHash":2167487798,"avatarAssocType":"ASSOC_TYPE_INAZUMA","isHiden":false,"avatarNativeTextMapHash":639139097,"avatarVisionBeforTextMapHash":608089036,"infoBirthDay":14,"avatarDetailTextMapHash":3576556674,"avatarVisionAfterTextMapHash":4018363097,"cvEnglishTextMapHash":520650924,"finishConds":[{"paramList":[],"condType":"FETTER_COND_NOT_OPEN"}],"openConds":[],"avatarId":10000056,"fetterId":141},"10000057":{"IDLLFKKGDLO":2192186834,"BFOCLKDEGBD":2127793120,"avatarTitleTextMapHash":2604770706,"cvJapaneseTextMapHash":2882319304,"cvKoreanTextMapHash":2058994895,"avatarConstellationBeforTextMapHash":1196020994,"infoBirthMonth":6,"avatarConstellationAfterTextMapHash":1667338307,"cvChineseTextMapHash":1899801486,"avatarAssocType":"ASSOC_TYPE_INAZUMA","isHiden":false,"avatarNativeTextMapHash":1303956273,"avatarVisionBeforTextMapHash":3617274620,"infoBirthDay":1,"avatarDetailTextMapHash":1595289146,"avatarVisionAfterTextMapHash":3467232769,"cvEnglishTextMapHash":941909100,"finishConds":[{"paramList":[],"condType":"FETTER_COND_NOT_OPEN"}],"openConds":[],"avatarId":10000057,"fetterId":57600},"10000058":{"IDLLFKKGDLO":182018,"BFOCLKDEGBD":1201755288,"avatarTitleTextMapHash":1488134754,"cvJapaneseTextMapHash":2793962400,"cvKoreanTextMapHash":1281330663,"avatarConstellationBeforTextMapHash":2170266186,"infoBirthMonth":6,"avatarConstellationAfterTextMapHash":3203852891,"cvChineseTextMapHash":200172646,"avatarAssocType":"ASSOC_TYPE_INAZUMA","isHiden":false,"avatarNativeTextMapHash":2162789625,"avatarVisionBeforTextMapHash":2143937940,"infoBirthDay":27,"avatarDetailTextMapHash":458309866,"avatarVisionAfterTextMapHash":2330511321,"cvEnglishTextMapHash":3006410060,"finishConds":[{"paramList":[],"condType":"FETTER_COND_NOT_OPEN"}],"openConds":[],"avatarId":10000058,"fetterId":58600},"10000059":{"IDLLFKKGDLO":428859770,"BFOCLKDEGBD":3576490936,"avatarTitleTextMapHash":4014506362,"cvJapaneseTextMapHash":3267244704,"cvKoreanTextMapHash":2667157559,"avatarConstellationBeforTextMapHash":536290178,"infoBirthMonth":7,"avatarConstellationAfterTextMapHash":843597763,"cvChineseTextMapHash":3316269318,"avatarAssocType":"ASSOC_TYPE_INAZUMA","isHiden":false,"avatarNativeTextMapHash":193374057,"avatarVisionBeforTextMapHash":1778251796,"infoBirthDay":24,"avatarDetailTextMapHash":1643709354,"avatarVisionAfterTextMapHash":1395432457,"cvEnglishTextMapHash":2861659036,"finishConds":[{"paramList":[],"condType":"FETTER_COND_NOT_OPEN"}],"openConds":[],"avatarId":10000059,"fetterId":59600},"10000060":{"IDLLFKKGDLO":3763195346,"BFOCLKDEGBD":3281808952,"avatarTitleTextMapHash":144441626,"cvJapaneseTextMapHash":3484305312,"cvKoreanTextMapHash":2969110199,"avatarConstellationBeforTextMapHash":1929498690,"infoBirthMonth":4,"avatarConstellationAfterTextMapHash":1424613211,"cvChineseTextMapHash":3515853070,"avatarAssocType":"ASSOC_TYPE_LIYUE","isHiden":false,"avatarNativeTextMapHash":3107636921,"avatarVisionBeforTextMapHash":3400532572,"infoBirthDay":20,"avatarDetailTextMapHash":2989616018,"avatarVisionAfterTextMapHash":1360252865,"cvEnglishTextMapHash":225791116,"finishConds":[{"paramList":[],"condType":"FETTER_COND_NOT_OPEN"}],"openConds":[],"avatarId":10000060,"fetterId":60600},"10000061":{"IDLLFKKGDLO":3272647706,"BFOCLKDEGBD":1938766776,"avatarTitleTextMapHash":3294635634,"cvJapaneseTextMapHash":2692019064,"cvKoreanTextMapHash":418504743,"avatarConstellationBeforTextMapHash":1610912066,"infoBirthMonth":1,"avatarConstellationAfterTextMapHash":1922716547,"cvChineseTextMapHash":223495054,"avatarAssocType":"ASSOC_TYPE_INAZUMA","isHiden":false,"avatarNativeTextMapHash":1542258465,"avatarVisionBeforTextMapHash":2084699444,"infoBirthDay":22,"avatarDetailTextMapHash":882707162,"avatarVisionAfterTextMapHash":3259184641,"cvEnglishTextMapHash":3257056228,"finishConds":[{"paramList":[],"condType":"FETTER_COND_NOT_OPEN"}],"openConds":[],"avatarId":10000061,"fetterId":61600},"10000062":{"IDLLFKKGDLO":3178906154,"BFOCLKDEGBD":1529106560,"avatarTitleTextMapHash":3657688538,"cvJapaneseTextMapHash":4143563824,"cvKoreanTextMapHash":3219821695,"avatarConstellationBeforTextMapHash":1620998442,"infoBirthMonth":4,"avatarConstellationAfterTextMapHash":2748691939,"cvChineseTextMapHash":1648706814,"avatarAssocType":"ASSOC_TYPE_RANGER","isHiden":false,"avatarNativeTextMapHash":2988346225,"avatarVisionBeforTextMapHash":1480674860,"infoBirthDay":4,"avatarDetailTextMapHash":2522784722,"avatarVisionAfterTextMapHash":378832241,"cvEnglishTextMapHash":1615682572,"finishConds":[{"paramList":[],"condType":"FETTER_COND_NOT_OPEN"}],"openConds":[],"avatarId":10000062,"fetterId":142},"10000063":{"IDLLFKKGDLO":2492610666,"BFOCLKDEGBD":2908267544,"avatarTitleTextMapHash":1527983530,"cvJapaneseTextMapHash":2028468440,"cvKoreanTextMapHash":3537366703,"avatarConstellationBeforTextMapHash":2040902610,"infoBirthMonth":3,"avatarConstellationAfterTextMapHash":1819308507,"cvChineseTextMapHash":2609607934,"avatarAssocType":"ASSOC_TYPE_LIYUE","isHiden":false,"avatarNativeTextMapHash":3755848081,"avatarVisionBeforTextMapHash":2809830820,"infoBirthDay":10,"avatarDetailTextMapHash":1428853842,"avatarVisionAfterTextMapHash":3905457809,"cvEnglishTextMapHash":2662606092,"finishConds":[{"paramList":[],"condType":"FETTER_COND_NOT_OPEN"}],"openConds":[],"avatarId":10000063,"fetterId":63600},"10000064":{"IDLLFKKGDLO":485599842,"BFOCLKDEGBD":236539752,"avatarTitleTextMapHash":1737472474,"cvJapaneseTextMapHash":117229856,"cvKoreanTextMapHash":2929476623,"avatarConstellationBeforTextMapHash":3086360386,"infoBirthMonth":5,"avatarConstellationAfterTextMapHash":3908001795,"cvChineseTextMapHash":883286710,"avatarAssocType":"ASSOC_TYPE_LIYUE","isHiden":false,"avatarNativeTextMapHash":1045159985,"avatarVisionBeforTextMapHash":3219124204,"infoBirthDay":21,"avatarDetailTextMapHash":2551483266,"avatarVisionAfterTextMapHash":1258443353,"cvEnglishTextMapHash":375803180,"finishConds":[{"paramList":[],"condType":"FETTER_COND_NOT_OPEN"}],"openConds":[],"avatarId":10000064,"fetterId":64600},"10000065":{"IDLLFKKGDLO":2799206930,"BFOCLKDEGBD":1525990808,"avatarTitleTextMapHash":1098938354,"cvJapaneseTextMapHash":4221362976,"cvKoreanTextMapHash":3787552607,"avatarConstellationBeforTextMapHash":1722980498,"infoBirthMonth":7,"avatarConstellationAfterTextMapHash":2265558867,"cvChineseTextMapHash":2409512318,"avatarAssocType":"ASSOC_TYPE_INAZUMA","isHiden":false,"avatarNativeTextMapHash":3306526777,"avatarVisionBeforTextMapHash":689445588,"infoBirthDay":27,"avatarDetailTextMapHash":1310009266,"avatarVisionAfterTextMapHash":2001955905,"cvEnglishTextMapHash":248602900,"finishConds":[{"paramList":[],"condType":"FETTER_COND_NOT_OPEN"}],"openConds":[],"avatarId":10000065,"fetterId":65600},"10000066":{"IDLLFKKGDLO":1367053962,"BFOCLKDEGBD":2474114032,"avatarTitleTextMapHash":448523378,"cvJapaneseTextMapHash":1135869512,"cvKoreanTextMapHash":2443241887,"avatarConstellationBeforTextMapHash":3121506370,"infoBirthMonth":3,"avatarConstellationAfterTextMapHash":2987063907,"cvChineseTextMapHash":2668474270,"avatarAssocType":"ASSOC_TYPE_INAZUMA","isHiden":false,"avatarNativeTextMapHash":3868131161,"avatarVisionBeforTextMapHash":756679372,"infoBirthDay":26,"avatarDetailTextMapHash":1492104922,"avatarVisionAfterTextMapHash":2932212113,"cvEnglishTextMapHash":107947556,"finishConds":[{"paramList":[],"condType":"FETTER_COND_NOT_OPEN"}],"openConds":[],"avatarId":10000066,"fetterId":66600},"10000067":{"IDLLFKKGDLO":3206584826,"BFOCLKDEGBD":4230835400,"avatarTitleTextMapHash":3714185090,"cvJapaneseTextMapHash":201641504,"cvKoreanTextMapHash":1313657191,"avatarConstellationBeforTextMapHash":1135583386,"infoBirthMonth":5,"avatarConstellationAfterTextMapHash":930441339,"cvChineseTextMapHash":2768326286,"avatarAssocType":"ASSOC_TYPE_SUMERU","isHiden":false,"avatarNativeTextMapHash":3683659841,"avatarVisionBeforTextMapHash":4017448612,"infoBirthDay":8,"avatarDetailTextMapHash":473409506,"avatarVisionAfterTextMapHash":2697108833,"cvEnglishTextMapHash":325369020,"finishConds":[{"paramList":[],"condType":"FETTER_COND_NOT_OPEN"}],"openConds":[],"avatarId":10000067,"fetterId":67600},"10000068":{"IDLLFKKGDLO":229658114,"BFOCLKDEGBD":1909131408,"avatarTitleTextMapHash":3848819674,"cvJapaneseTextMapHash":673006928,"cvKoreanTextMapHash":598685287,"avatarConstellationBeforTextMapHash":3012601882,"infoBirthMonth":12,"avatarConstellationAfterTextMapHash":2229594011,"cvChineseTextMapHash":3797410094,"avatarAssocType":"ASSOC_TYPE_SUMERU","isHiden":false,"avatarNativeTextMapHash":3940327097,"avatarVisionBeforTextMapHash":1843086100,"infoBirthDay":21,"avatarDetailTextMapHash":1490694082,"avatarVisionAfterTextMapHash":432178697,"cvEnglishTextMapHash":1121107132,"finishConds":[{"paramList":[],"condType":"FETTER_COND_NOT_OPEN"}],"openConds":[],"avatarId":10000068,"fetterId":68600},"10000069":{"IDLLFKKGDLO":1904260938,"BFOCLKDEGBD":1553961784,"avatarTitleTextMapHash":3265594242,"cvJapaneseTextMapHash":2237722088,"cvKoreanTextMapHash":1817820311,"avatarConstellationBeforTextMapHash":18086514,"infoBirthMonth":12,"avatarConstellationAfterTextMapHash":647317707,"cvChineseTextMapHash":2107867734,"avatarAssocType":"ASSOC_TYPE_SUMERU","isHiden":false,"avatarNativeTextMapHash":609106153,"avatarVisionBeforTextMapHash":2161032364,"infoBirthDay":29,"avatarDetailTextMapHash":3478695082,"avatarVisionAfterTextMapHash":488863433,"cvEnglishTextMapHash":3536581588,"finishConds":[{"paramList":[],"condType":"FETTER_COND_NOT_OPEN"}],"openConds":[],"avatarId":10000069,"fetterId":69600},"10000070":{"IDLLFKKGDLO":2492539114,"BFOCLKDEGBD":250808280,"avatarTitleTextMapHash":2558588218,"cvJapaneseTextMapHash":2850202184,"cvKoreanTextMapHash":973556295,"avatarConstellationBeforTextMapHash":4233109642,"infoBirthMonth":12,"avatarConstellationAfterTextMapHash":1572050475,"cvChineseTextMapHash":1034330350,"avatarAssocType":"ASSOC_TYPE_SUMERU","isHiden":false,"avatarNativeTextMapHash":2136998417,"avatarVisionBeforTextMapHash":483165900,"infoBirthDay":3,"avatarDetailTextMapHash":3517922962,"avatarVisionAfterTextMapHash":2803900457,"cvEnglishTextMapHash":578824684,"finishConds":[{"paramList":[],"condType":"FETTER_COND_NOT_OPEN"}],"openConds":[],"avatarId":10000070,"fetterId":70600},"10000071":{"IDLLFKKGDLO":3352059562,"BFOCLKDEGBD":4060290960,"avatarTitleTextMapHash":3695276266,"cvJapaneseTextMapHash":4131341896,"cvKoreanTextMapHash":917013751,"avatarConstellationBeforTextMapHash":2651954010,"infoBirthMonth":6,"avatarConstellationAfterTextMapHash":2791041171,"cvChineseTextMapHash":842028830,"avatarAssocType":"ASSOC_TYPE_SUMERU","isHiden":false,"avatarNativeTextMapHash":1402968689,"avatarVisionBeforTextMapHash":1072755468,"infoBirthDay":23,"avatarDetailTextMapHash":3565246018,"avatarVisionAfterTextMapHash":2071410321,"cvEnglishTextMapHash":2600897892,"finishConds":[{"paramList":[],"condType":"FETTER_COND_NOT_OPEN"}],"openConds":[],"avatarId":10000071,"fetterId":71600},"10000072":{"IDLLFKKGDLO":3328989922,"BFOCLKDEGBD":9996888,"avatarTitleTextMapHash":260307914,"cvJapaneseTextMapHash":1004041320,"cvKoreanTextMapHash":2721876559,"avatarConstellationBeforTextMapHash":1078252442,"infoBirthMonth":5,"avatarConstellationAfterTextMapHash":2228487675,"cvChineseTextMapHash":1888280046,"avatarAssocType":"ASSOC_TYPE_SUMERU","isHiden":false,"avatarNativeTextMapHash":1037867201,"avatarVisionBeforTextMapHash":3228108484,"infoBirthDay":3,"avatarDetailTextMapHash":1266475946,"avatarVisionAfterTextMapHash":2320032129,"cvEnglishTextMapHash":2409911636,"finishConds":[{"paramList":[],"condType":"FETTER_COND_NOT_OPEN"}],"openConds":[],"avatarId":10000072,"fetterId":72600},"10000073":{"IDLLFKKGDLO":3517338538,"BFOCLKDEGBD":1312247808,"avatarTitleTextMapHash":1137340338,"cvJapaneseTextMapHash":2973516840,"cvKoreanTextMapHash":4188248303,"avatarConstellationBeforTextMapHash":3107413186,"infoBirthMonth":10,"avatarConstellationAfterTextMapHash":3999086403,"cvChineseTextMapHash":552185750,"avatarAssocType":"ASSOC_TYPE_SUMERU","isHiden":false,"avatarNativeTextMapHash":1022176185,"avatarVisionBeforTextMapHash":1847176908,"infoBirthDay":27,"avatarDetailTextMapHash":2412105602,"avatarVisionAfterTextMapHash":2239640617,"cvEnglishTextMapHash":2754808964,"finishConds":[{"paramList":[1],"condType":"FETTER_COND_AVATAR_LEVEL"}],"openConds":[],"avatarId":10000073,"fetterId":73600},"10000074":{"IDLLFKKGDLO":16426098,"BFOCLKDEGBD":212707488,"avatarTitleTextMapHash":3090378778,"cvJapaneseTextMapHash":3341347776,"cvKoreanTextMapHash":1396309311,"avatarConstellationBeforTextMapHash":4213464010,"infoBirthMonth":12,"avatarConstellationAfterTextMapHash":2425662555,"cvChineseTextMapHash":2048973342,"avatarAssocType":"ASSOC_TYPE_SUMERU","isHiden":false,"avatarNativeTextMapHash":329987473,"avatarVisionBeforTextMapHash":3310700468,"infoBirthDay":19,"avatarDetailTextMapHash":2237383218,"avatarVisionAfterTextMapHash":1278207713,"cvEnglishTextMapHash":220491468,"finishConds":[{"paramList":[],"condType":"FETTER_COND_NOT_OPEN"}],"openConds":[],"avatarId":10000074,"fetterId":74600},"10000075":{"IDLLFKKGDLO":3143560970,"BFOCLKDEGBD":3137316592,"avatarTitleTextMapHash":3790608850,"cvJapaneseTextMapHash":3262932968,"cvKoreanTextMapHash":3493037495,"avatarConstellationBeforTextMapHash":2549749394,"infoBirthMonth":1,"avatarConstellationAfterTextMapHash":1949628451,"cvChineseTextMapHash":630337230,"avatarAssocType":"ASSOC_TYPE_SUMERU","isHiden":false,"avatarNativeTextMapHash":672517425,"avatarVisionBeforTextMapHash":2485715868,"infoBirthDay":3,"avatarDetailTextMapHash":3954453410,"avatarVisionAfterTextMapHash":581746209,"cvEnglishTextMapHash":1920018716,"finishConds":[{"paramList":[],"condType":"FETTER_COND_NOT_OPEN"}],"openConds":[],"avatarId":10000075,"fetterId":75600},"10000076":{"IDLLFKKGDLO":3249421794,"BFOCLKDEGBD":1757404288,"avatarTitleTextMapHash":2857055778,"cvJapaneseTextMapHash":2248744704,"cvKoreanTextMapHash":1387966575,"avatarConstellationBeforTextMapHash":3178353930,"infoBirthMonth":8,"avatarConstellationAfterTextMapHash":3383210155,"cvChineseTextMapHash":2438790894,"avatarAssocType":"ASSOC_TYPE_SUMERU","isHiden":false,"avatarNativeTextMapHash":218331129,"avatarVisionBeforTextMapHash":296824772,"infoBirthDay":20,"avatarDetailTextMapHash":3768390994,"avatarVisionAfterTextMapHash":1557386273,"cvEnglishTextMapHash":2151331996,"finishConds":[{"paramList":[],"condType":"FETTER_COND_NOT_OPEN"}],"openConds":[],"avatarId":10000076,"fetterId":76600},"10000077":{"IDLLFKKGDLO":2178684362,"BFOCLKDEGBD":2528843464,"avatarTitleTextMapHash":4049421714,"cvJapaneseTextMapHash":4014441608,"cvKoreanTextMapHash":3944947359,"avatarConstellationBeforTextMapHash":2612702186,"infoBirthMonth":3,"avatarConstellationAfterTextMapHash":3791803347,"cvChineseTextMapHash":1056737670,"avatarAssocType":"ASSOC_TYPE_LIYUE","isHiden":false,"avatarNativeTextMapHash":3131758945,"avatarVisionBeforTextMapHash":2196844884,"infoBirthDay":6,"avatarDetailTextMapHash":945268338,"avatarVisionAfterTextMapHash":47990377,"cvEnglishTextMapHash":3003270908,"finishConds":[{"paramList":[],"condType":"FETTER_COND_NOT_OPEN"}],"openConds":[],"avatarId":10000077,"fetterId":77600},"10000078":{"IDLLFKKGDLO":3853784290,"BFOCLKDEGBD":692510816,"avatarTitleTextMapHash":1747432458,"cvJapaneseTextMapHash":974189808,"cvKoreanTextMapHash":1048768247,"avatarConstellationBeforTextMapHash":3211479602,"infoBirthMonth":2,"avatarConstellationAfterTextMapHash":2757789923,"cvChineseTextMapHash":2510192286,"avatarAssocType":"ASSOC_TYPE_SUMERU","isHiden":false,"avatarNativeTextMapHash":1874945657,"avatarVisionBeforTextMapHash":3790078868,"infoBirthDay":11,"avatarDetailTextMapHash":1285637210,"avatarVisionAfterTextMapHash":2263146353,"cvEnglishTextMapHash":694204716,"finishConds":[{"paramList":[],"condType":"FETTER_COND_NOT_OPEN"}],"openConds":[],"avatarId":10000078,"fetterId":78600},"10000079":{"IDLLFKKGDLO":4248163026,"BFOCLKDEGBD":3376736240,"avatarTitleTextMapHash":1079010306,"cvJapaneseTextMapHash":3391811664,"cvKoreanTextMapHash":1226626351,"avatarConstellationBeforTextMapHash":2948453418,"infoBirthMonth":4,"avatarConstellationAfterTextMapHash":3736403947,"cvChineseTextMapHash":3954004070,"avatarAssocType":"ASSOC_TYPE_SUMERU","isHiden":false,"avatarNativeTextMapHash":3915336713,"avatarVisionBeforTextMapHash":1720193036,"infoBirthDay":7,"avatarDetailTextMapHash":1487639730,"avatarVisionAfterTextMapHash":1476165449,"cvEnglishTextMapHash":1147319956,"finishConds":[{"paramList":[],"condType":"FETTER_COND_NOT_OPEN"}],"openConds":[],"avatarId":10000079,"fetterId":79600},"10000080":{"IDLLFKKGDLO":1653115202,"BFOCLKDEGBD":1137105328,"avatarTitleTextMapHash":3144322938,"cvJapaneseTextMapHash":708799776,"cvKoreanTextMapHash":2410653255,"avatarConstellationBeforTextMapHash":792782874,"infoBirthMonth":8,"avatarConstellationAfterTextMapHash":1919959643,"cvChineseTextMapHash":2995002326,"avatarAssocType":"ASSOC_TYPE_MONDSTADT","isHiden":false,"avatarNativeTextMapHash":2043902721,"avatarVisionBeforTextMapHash":1295625244,"infoBirthDay":11,"avatarDetailTextMapHash":2734451114,"avatarVisionAfterTextMapHash":2722136921,"cvEnglishTextMapHash":3060244500,"finishConds":[{"paramList":[],"condType":"FETTER_COND_NOT_OPEN"}],"openConds":[],"avatarId":10000080,"fetterId":80600},"10000081":{"IDLLFKKGDLO":4184135658,"BFOCLKDEGBD":2841398600,"avatarTitleTextMapHash":18885306,"cvJapaneseTextMapHash":1182342256,"cvKoreanTextMapHash":3452014007,"avatarConstellationBeforTextMapHash":1259949786,"infoBirthMonth":7,"avatarConstellationAfterTextMapHash":2891336083,"cvChineseTextMapHash":1039834990,"avatarAssocType":"ASSOC_TYPE_SUMERU","isHiden":false,"avatarNativeTextMapHash":4196831209,"avatarVisionBeforTextMapHash":2596397668,"infoBirthDay":9,"avatarDetailTextMapHash":477218418,"avatarVisionAfterTextMapHash":3685338753,"cvEnglishTextMapHash":3769388124,"finishConds":[{"paramList":[],"condType":"FETTER_COND_NOT_OPEN"}],"openConds":[],"avatarId":10000081,"fetterId":81600},"10000082":{"IDLLFKKGDLO":1407699202,"BFOCLKDEGBD":3456405544,"avatarTitleTextMapHash":3839498106,"cvJapaneseTextMapHash":3796478048,"cvKoreanTextMapHash":1270019695,"avatarConstellationBeforTextMapHash":1283071826,"infoBirthMonth":4,"avatarConstellationAfterTextMapHash":2368317523,"cvChineseTextMapHash":3018580542,"avatarAssocType":"ASSOC_TYPE_LIYUE","isHiden":false,"avatarNativeTextMapHash":1371436473,"avatarVisionBeforTextMapHash":302902244,"infoBirthDay":25,"avatarDetailTextMapHash":3584266538,"avatarVisionAfterTextMapHash":871804721,"cvEnglishTextMapHash":2052519700,"finishConds":[{"paramList":[],"condType":"FETTER_COND_NOT_OPEN"}],"openConds":[],"avatarId":10000082,"fetterId":82600},"10000083":{"IDLLFKKGDLO":1459554010,"BFOCLKDEGBD":1683986536,"avatarTitleTextMapHash":1033214146,"cvJapaneseTextMapHash":2470048296,"cvKoreanTextMapHash":3864832511,"avatarConstellationBeforTextMapHash":42240306,"infoBirthMonth":2,"avatarConstellationAfterTextMapHash":3168848315,"cvChineseTextMapHash":851990838,"avatarAssocType":"ASSOC_TYPE_FONTAINE","isHiden":false,"avatarNativeTextMapHash":3277831097,"avatarVisionBeforTextMapHash":2599845212,"infoBirthDay":2,"avatarDetailTextMapHash":2276870554,"avatarVisionAfterTextMapHash":3381109377,"cvEnglishTextMapHash":3631211396,"finishConds":[{"paramList":[],"condType":"FETTER_COND_NOT_OPEN"}],"openConds":[],"avatarId":10000083,"fetterId":83600},"10000084":{"IDLLFKKGDLO":1469023698,"BFOCLKDEGBD":3531058904,"avatarTitleTextMapHash":1298389802,"cvJapaneseTextMapHash":587136824,"cvKoreanTextMapHash":3914694959,"avatarConstellationBeforTextMapHash":2699749050,"infoBirthMonth":2,"avatarConstellationAfterTextMapHash":2706910523,"cvChineseTextMapHash":4146533574,"avatarAssocType":"ASSOC_TYPE_FONTAINE","isHiden":false,"avatarNativeTextMapHash":3391825985,"avatarVisionBeforTextMapHash":413121884,"infoBirthDay":2,"avatarDetailTextMapHash":3474221690,"avatarVisionAfterTextMapHash":2945525681,"cvEnglishTextMapHash":1578016860,"finishConds":[{"paramList":[],"condType":"FETTER_COND_NOT_OPEN"}],"openConds":[],"avatarId":10000084,"fetterId":84600},"10000085":{"IDLLFKKGDLO":4000601530,"BFOCLKDEGBD":1277702200,"avatarTitleTextMapHash":3824251530,"cvJapaneseTextMapHash":558999088,"cvKoreanTextMapHash":404035207,"avatarConstellationBeforTextMapHash":850970138,"infoBirthMonth":9,"avatarConstellationAfterTextMapHash":3879680403,"cvChineseTextMapHash":1748342318,"avatarAssocType":"ASSOC_TYPE_FONTAINE","isHiden":false,"avatarNativeTextMapHash":2748698681,"avatarVisionBeforTextMapHash":2379581852,"infoBirthDay":24,"avatarDetailTextMapHash":2878178530,"avatarVisionAfterTextMapHash":1041387777,"cvEnglishTextMapHash":2819256924,"finishConds":[{"paramList":[],"condType":"FETTER_COND_NOT_OPEN"}],"openConds":[],"avatarId":10000085,"fetterId":85600},"10000086":{"IDLLFKKGDLO":639897322,"BFOCLKDEGBD":199541904,"avatarTitleTextMapHash":1614804522,"cvJapaneseTextMapHash":136095792,"cvKoreanTextMapHash":2957578959,"avatarConstellationBeforTextMapHash":1541133810,"infoBirthMonth":11,"avatarConstellationAfterTextMapHash":1410843219,"cvChineseTextMapHash":4018002582,"avatarAssocType":"ASSOC_TYPE_FONTAINE","isHiden":false,"avatarNativeTextMapHash":2159068001,"avatarVisionBeforTextMapHash":5532,"infoBirthDay":23,"avatarDetailTextMapHash":1595742610,"avatarVisionAfterTextMapHash":2362211441,"cvEnglishTextMapHash":2090362484,"finishConds":[{"paramList":[],"condType":"FETTER_COND_NOT_OPEN"}],"openConds":[],"avatarId":10000086,"fetterId":86600},"10000087":{"IDLLFKKGDLO":923454994,"BFOCLKDEGBD":4194541152,"avatarTitleTextMapHash":129466210,"cvJapaneseTextMapHash":4115082936,"cvKoreanTextMapHash":706784415,"avatarConstellationBeforTextMapHash":3286900818,"infoBirthMonth":12,"avatarConstellationAfterTextMapHash":1525610219,"cvChineseTextMapHash":766917302,"avatarAssocType":"ASSOC_TYPE_FONTAINE","isHiden":false,"avatarNativeTextMapHash":1846030865,"avatarVisionBeforTextMapHash":524891220,"infoBirthDay":18,"avatarDetailTextMapHash":3392552986,"avatarVisionAfterTextMapHash":2047555449,"cvEnglishTextMapHash":1370771460,"finishConds":[{"paramList":[401906],"condType":"FETTER_COND_FINISH_QUEST"}],"openConds":[],"avatarId":10000087,"fetterId":87600},"10000088":{"IDLLFKKGDLO":1444268562,"BFOCLKDEGBD":1518900080,"avatarTitleTextMapHash":1693018890,"cvJapaneseTextMapHash":2509122128,"cvKoreanTextMapHash":1455505759,"avatarConstellationBeforTextMapHash":2161973858,"infoBirthMonth":4,"avatarConstellationAfterTextMapHash":1158593283,"cvChineseTextMapHash":2958650934,"avatarAssocType":"ASSOC_TYPE_FONTAINE","isHiden":false,"avatarNativeTextMapHash":913098609,"avatarVisionBeforTextMapHash":1758361724,"infoBirthDay":10,"avatarDetailTextMapHash":3083904506,"avatarVisionAfterTextMapHash":53003825,"cvEnglishTextMapHash":1141696676,"finishConds":[{"paramList":[],"condType":"FETTER_COND_NOT_OPEN"}],"openConds":[],"avatarId":10000088,"fetterId":88600},"10000089":{"IDLLFKKGDLO":1691740442,"BFOCLKDEGBD":3440757512,"avatarTitleTextMapHash":1998143314,"cvJapaneseTextMapHash":1022992704,"cvKoreanTextMapHash":707842223,"avatarConstellationBeforTextMapHash":3172443770,"infoBirthMonth":10,"avatarConstellationAfterTextMapHash":353431851,"cvChineseTextMapHash":2843738366,"avatarAssocType":"ASSOC_TYPE_FONTAINE","isHiden":false,"avatarNativeTextMapHash":2156420105,"avatarVisionBeforTextMapHash":362824036,"infoBirthDay":13,"avatarDetailTextMapHash":3897247930,"avatarVisionAfterTextMapHash":1807841793,"cvEnglishTextMapHash":1880686964,"finishConds":[{"paramList":[1401209],"condType":"FETTER_COND_FINISH_QUEST"}],"openConds":[],"avatarId":10000089,"fetterId":89600},"10000090":{"IDLLFKKGDLO":1556313954,"BFOCLKDEGBD":2325357464,"avatarTitleTextMapHash":2576986026,"cvJapaneseTextMapHash":3694319824,"cvKoreanTextMapHash":411130439,"avatarConstellationBeforTextMapHash":2735454538,"infoBirthMonth":1,"avatarConstellationAfterTextMapHash":2534594635,"cvChineseTextMapHash":4079209518,"avatarAssocType":"ASSOC_TYPE_FONTAINE","isHiden":false,"avatarNativeTextMapHash":1786148945,"avatarVisionBeforTextMapHash":1477821100,"infoBirthDay":10,"avatarDetailTextMapHash":3863752658,"avatarVisionAfterTextMapHash":1630200041,"cvEnglishTextMapHash":3057584764,"finishConds":[{"paramList":[],"condType":"FETTER_COND_NOT_OPEN"}],"openConds":[],"avatarId":10000090,"fetterId":90600},"10000091":{"IDLLFKKGDLO":3524742858,"BFOCLKDEGBD":3074822128,"avatarTitleTextMapHash":2673266866,"cvJapaneseTextMapHash":495098840,"cvKoreanTextMapHash":2718641023,"avatarConstellationBeforTextMapHash":785421794,"infoBirthMonth":8,"avatarConstellationAfterTextMapHash":2497274579,"cvChineseTextMapHash":761553894,"avatarAssocType":"ASSOC_TYPE_FONTAINE","isHiden":false,"avatarNativeTextMapHash":1823436737,"avatarVisionBeforTextMapHash":187624284,"infoBirthDay":16,"avatarDetailTextMapHash":3521032186,"avatarVisionAfterTextMapHash":2666130449,"cvEnglishTextMapHash":1777724812,"finishConds":[{"paramList":[],"condType":"FETTER_COND_NOT_OPEN"}],"openConds":[],"avatarId":10000091,"fetterId":91600},"10000092":{"IDLLFKKGDLO":3902984946,"BFOCLKDEGBD":3803067480,"avatarTitleTextMapHash":366162906,"cvJapaneseTextMapHash":1786130768,"cvKoreanTextMapHash":2289102503,"avatarConstellationBeforTextMapHash":2892332658,"infoBirthMonth":12,"avatarConstellationAfterTextMapHash":2335932723,"cvChineseTextMapHash":181948150,"avatarAssocType":"ASSOC_TYPE_LIYUE","isHiden":false,"avatarNativeTextMapHash":106208633,"avatarVisionBeforTextMapHash":975256724,"infoBirthDay":22,"avatarDetailTextMapHash":2194925506,"avatarVisionAfterTextMapHash":1968852865,"cvEnglishTextMapHash":3062577956,"finishConds":[{"paramList":[],"condType":"FETTER_COND_NOT_OPEN"}],"openConds":[],"avatarId":10000092,"fetterId":92600},"10000093":{"IDLLFKKGDLO":3914774458,"BFOCLKDEGBD":1535960648,"avatarTitleTextMapHash":952438522,"cvJapaneseTextMapHash":735775416,"cvKoreanTextMapHash":1979587887,"avatarConstellationBeforTextMapHash":2514371570,"infoBirthMonth":4,"avatarConstellationAfterTextMapHash":2715194347,"cvChineseTextMapHash":1301612494,"avatarAssocType":"ASSOC_TYPE_LIYUE","isHiden":false,"avatarNativeTextMapHash":3322899601,"avatarVisionBeforTextMapHash":858902540,"infoBirthDay":11,"avatarDetailTextMapHash":2183158842,"avatarVisionAfterTextMapHash":866860777,"cvEnglishTextMapHash":1677629420,"finishConds":[{"paramList":[],"condType":"FETTER_COND_NOT_OPEN"}],"openConds":[],"avatarId":10000093,"fetterId":93600},"10000094":{"IDLLFKKGDLO":4165422570,"BFOCLKDEGBD":50126800,"avatarTitleTextMapHash":2878325034,"cvJapaneseTextMapHash":568431904,"cvKoreanTextMapHash":2285185639,"avatarConstellationBeforTextMapHash":3871564042,"infoBirthMonth":8,"avatarConstellationAfterTextMapHash":1943153363,"cvChineseTextMapHash":1629902998,"avatarAssocType":"ASSOC_TYPE_INAZUMA","isHiden":false,"avatarNativeTextMapHash":375107489,"avatarVisionBeforTextMapHash":2419273932,"infoBirthDay":17,"avatarDetailTextMapHash":2527476874,"avatarVisionAfterTextMapHash":1498774393,"cvEnglishTextMapHash":424333836,"finishConds":[{"paramList":[],"condType":"FETTER_COND_NOT_OPEN"}],"openConds":[],"avatarId":10000094,"fetterId":94600},"10000095":{"IDLLFKKGDLO":3333864666,"BFOCLKDEGBD":3836656216,"avatarTitleTextMapHash":1006607674,"cvJapaneseTextMapHash":2304189064,"cvKoreanTextMapHash":3151665055,"avatarConstellationBeforTextMapHash":3701764290,"infoBirthMonth":3,"avatarConstellationAfterTextMapHash":3189828299,"cvChineseTextMapHash":359358342,"avatarAssocType":"ASSOC_TYPE_FONTAINE","isHiden":false,"avatarNativeTextMapHash":3925829369,"avatarVisionBeforTextMapHash":983257612,"infoBirthDay":30,"avatarDetailTextMapHash":2479226994,"avatarVisionAfterTextMapHash":2903027681,"cvEnglishTextMapHash":1963995292,"finishConds":[{"paramList":[],"condType":"FETTER_COND_NOT_OPEN"}],"openConds":[],"avatarId":10000095,"fetterId":95600},"10000096":{"IDLLFKKGDLO":2693433394,"BFOCLKDEGBD":3058838936,"avatarTitleTextMapHash":3049476050,"cvJapaneseTextMapHash":1567433064,"cvKoreanTextMapHash":3511245199,"avatarConstellationBeforTextMapHash":3841193010,"infoBirthMonth":8,"avatarConstellationAfterTextMapHash":4179232251,"cvChineseTextMapHash":1652820710,"avatarAssocType":"ASSOC_TYPE_FATUI","isHiden":false,"avatarNativeTextMapHash":2994119017,"avatarVisionBeforTextMapHash":1907938868,"infoBirthDay":22,"avatarDetailTextMapHash":348922594,"avatarVisionAfterTextMapHash":2406162233,"cvEnglishTextMapHash":2075602708,"finishConds":[{"paramList":[],"condType":"FETTER_COND_NOT_OPEN"}],"openConds":[],"avatarId":10000096,"fetterId":96600},"10000097":{"IDLLFKKGDLO":1754144722,"BFOCLKDEGBD":3834202824,"avatarTitleTextMapHash":592620818,"cvJapaneseTextMapHash":3594367112,"cvKoreanTextMapHash":1196056023,"avatarConstellationBeforTextMapHash":1839324786,"infoBirthMonth":5,"avatarConstellationAfterTextMapHash":2612091683,"cvChineseTextMapHash":82089862,"avatarAssocType":"ASSOC_TYPE_SUMERU","isHiden":false,"avatarNativeTextMapHash":1710166889,"avatarVisionBeforTextMapHash":900309572,"infoBirthDay":31,"avatarDetailTextMapHash":711156994,"avatarVisionAfterTextMapHash":1871299457,"cvEnglishTextMapHash":2882742516,"finishConds":[{"paramList":[],"condType":"FETTER_COND_NOT_OPEN"}],"openConds":[],"avatarId":10000097,"fetterId":97600},"10000098":{"IDLLFKKGDLO":3459897962,"BFOCLKDEGBD":3371371960,"avatarTitleTextMapHash":2204666066,"cvJapaneseTextMapHash":272520760,"cvKoreanTextMapHash":4045049935,"avatarConstellationBeforTextMapHash":3930517194,"infoBirthMonth":9,"avatarConstellationAfterTextMapHash":2939709451,"cvChineseTextMapHash":2586835014,"avatarAssocType":"ASSOC_TYPE_FONTAINE","isHiden":false,"avatarNativeTextMapHash":2861834945,"avatarVisionBeforTextMapHash":2108312900,"infoBirthDay":20,"avatarDetailTextMapHash":3607804282,"avatarVisionAfterTextMapHash":2806305897,"cvEnglishTextMapHash":1989528772,"finishConds":[{"paramList":[],"condType":"FETTER_COND_NOT_OPEN"}],"openConds":[],"avatarId":10000098,"fetterId":98600},"10000099":{"IDLLFKKGDLO":4067189458,"BFOCLKDEGBD":85578912,"avatarTitleTextMapHash":1620786530,"cvJapaneseTextMapHash":231062432,"cvKoreanTextMapHash":456694311,"avatarConstellationBeforTextMapHash":2104011930,"infoBirthMonth":9,"avatarConstellationAfterTextMapHash":3931455107,"cvChineseTextMapHash":282347454,"avatarAssocType":"ASSOC_TYPE_FONTAINE","isHiden":false,"avatarNativeTextMapHash":2828545913,"avatarVisionBeforTextMapHash":2804230420,"infoBirthDay":22,"avatarDetailTextMapHash":2872568882,"avatarVisionAfterTextMapHash":2947626321,"cvEnglishTextMapHash":897115332,"finishConds":[{"paramList":[],"condType":"FETTER_COND_NOT_OPEN"}],"openConds":[],"avatarId":10000099,"fetterId":99600},"10000100":{"IDLLFKKGDLO":2771711746,"BFOCLKDEGBD":683402632,"avatarTitleTextMapHash":1166581626,"cvJapaneseTextMapHash":1626605240,"cvKoreanTextMapHash":170086711,"avatarConstellationBeforTextMapHash":3428238274,"infoBirthMonth":4,"avatarConstellationAfterTextMapHash":1780832827,"cvChineseTextMapHash":263322214,"avatarAssocType":"ASSOC_TYPE_NATLAN","isHiden":false,"avatarNativeTextMapHash":3433906857,"avatarVisionBeforTextMapHash":4192242524,"infoBirthDay":22,"avatarDetailTextMapHash":2925574410,"avatarVisionAfterTextMapHash":4075572745,"cvEnglishTextMapHash":3925412220,"finishConds":[{"paramList":[],"condType":"FETTER_COND_NOT_OPEN"}],"openConds":[],"avatarId":10000100,"fetterId":100600},"10000101":{"IDLLFKKGDLO":2677436274,"BFOCLKDEGBD":2523254848,"avatarTitleTextMapHash":3971938690,"cvJapaneseTextMapHash":1779921144,"cvKoreanTextMapHash":1131585071,"avatarConstellationBeforTextMapHash":988403722,"infoBirthMonth":11,"avatarConstellationAfterTextMapHash":2165924603,"cvChineseTextMapHash":2755062638,"avatarAssocType":"ASSOC_TYPE_NATLAN","isHiden":false,"avatarNativeTextMapHash":557952857,"avatarVisionBeforTextMapHash":4017294372,"infoBirthDay":11,"avatarDetailTextMapHash":3369230146,"avatarVisionAfterTextMapHash":2844141721,"cvEnglishTextMapHash":2964567508,"finishConds":[{"paramList":[],"condType":"FETTER_COND_NOT_OPEN"}],"openConds":[],"avatarId":10000101,"fetterId":101600},"10000102":{"IDLLFKKGDLO":1683191338,"BFOCLKDEGBD":2882362064,"avatarTitleTextMapHash":2563734330,"cvJapaneseTextMapHash":2264155976,"cvKoreanTextMapHash":2129865799,"avatarConstellationBeforTextMapHash":1420048706,"infoBirthMonth":8,"avatarConstellationAfterTextMapHash":1810481299,"cvChineseTextMapHash":3003373510,"avatarAssocType":"ASSOC_TYPE_NATLAN","isHiden":false,"avatarNativeTextMapHash":1364505833,"avatarVisionBeforTextMapHash":3641438436,"infoBirthDay":3,"avatarDetailTextMapHash":1660843154,"avatarVisionAfterTextMapHash":4155919881,"cvEnglishTextMapHash":628204340,"finishConds":[{"paramList":[],"condType":"FETTER_COND_NOT_OPEN"}],"openConds":[],"avatarId":10000102,"fetterId":102600},"10000103":{"IDLLFKKGDLO":1600272306,"BFOCLKDEGBD":88716568,"avatarTitleTextMapHash":2460167938,"cvJapaneseTextMapHash":3159132600,"cvKoreanTextMapHash":2547915031,"avatarConstellationBeforTextMapHash":2486497690,"infoBirthMonth":3,"avatarConstellationAfterTextMapHash":1052651387,"cvChineseTextMapHash":186110470,"avatarAssocType":"ASSOC_TYPE_NATLAN","isHiden":false,"avatarNativeTextMapHash":1594604353,"avatarVisionBeforTextMapHash":2562917996,"infoBirthDay":13,"avatarDetailTextMapHash":4022124610,"avatarVisionAfterTextMapHash":382790393,"cvEnglishTextMapHash":2906546108,"finishConds":[{"paramList":[],"condType":"FETTER_COND_NOT_OPEN"}],"openConds":[],"avatarId":10000103,"fetterId":103600},"10000104":{"IDLLFKKGDLO":3928669946,"BFOCLKDEGBD":3622492408,"avatarTitleTextMapHash":2916137698,"cvJapaneseTextMapHash":556754784,"cvKoreanTextMapHash":2458840319,"avatarConstellationBeforTextMapHash":982412122,"infoBirthMonth":12,"avatarConstellationAfterTextMapHash":637855979,"cvChineseTextMapHash":2822410766,"avatarAssocType":"ASSOC_TYPE_NATLAN","isHiden":false,"avatarNativeTextMapHash":2904125249,"avatarVisionBeforTextMapHash":3301337964,"infoBirthDay":10,"avatarDetailTextMapHash":3450775346,"avatarVisionAfterTextMapHash":3268500913,"cvEnglishTextMapHash":1664231228,"finishConds":[{"paramList":[],"condType":"FETTER_COND_NOT_OPEN"}],"openConds":[],"avatarId":10000104,"fetterId":104600},"10000105":{"IDLLFKKGDLO":3029225914,"BFOCLKDEGBD":1734399080,"avatarTitleTextMapHash":366462682,"cvJapaneseTextMapHash":2952721336,"cvKoreanTextMapHash":3743111807,"avatarConstellationBeforTextMapHash":668620602,"infoBirthMonth":10,"avatarConstellationAfterTextMapHash":3497113075,"cvChineseTextMapHash":1254565214,"avatarAssocType":"ASSOC_TYPE_NATLAN","isHiden":false,"avatarNativeTextMapHash":631478041,"avatarVisionBeforTextMapHash":3815486868,"infoBirthDay":14,"avatarDetailTextMapHash":3439538554,"avatarVisionAfterTextMapHash":1635725553,"cvEnglishTextMapHash":1100663972,"finishConds":[{"paramList":[],"condType":"FETTER_COND_NOT_OPEN"}],"openConds":[],"avatarId":10000105,"fetterId":105600},"10000106":{"IDLLFKKGDLO":979227458,"BFOCLKDEGBD":4211000096,"avatarTitleTextMapHash":1608133898,"cvJapaneseTextMapHash":2917049344,"cvKoreanTextMapHash":1119355031,"avatarConstellationBeforTextMapHash":1777699098,"infoBirthMonth":8,"avatarConstellationAfterTextMapHash":2790655171,"cvChineseTextMapHash":2525304958,"avatarAssocType":"ASSOC_TYPE_NATLAN","isHiden":false,"avatarNativeTextMapHash":3361225089,"avatarVisionBeforTextMapHash":3442020340,"infoBirthDay":28,"avatarDetailTextMapHash":4097326562,"avatarVisionAfterTextMapHash":1634984881,"cvEnglishTextMapHash":873211772,"finishConds":[{"paramList":[1],"condType":"FETTER_COND_AVATAR_LEVEL"}],"openConds":[],"avatarId":10000106,"fetterId":106600},"10000107":{"IDLLFKKGDLO":2488090346,"BFOCLKDEGBD":1189881960,"avatarTitleTextMapHash":3813204770,"cvJapaneseTextMapHash":2019951128,"cvKoreanTextMapHash":3518839375,"avatarConstellationBeforTextMapHash":3615626690,"infoBirthMonth":1,"avatarConstellationAfterTextMapHash":2654312107,"cvChineseTextMapHash":2476339910,"avatarAssocType":"ASSOC_TYPE_NATLAN","isHiden":false,"avatarNativeTextMapHash":2330126089,"avatarVisionBeforTextMapHash":1816872948,"infoBirthDay":20,"avatarDetailTextMapHash":1231799066,"avatarVisionAfterTextMapHash":3582166713,"cvEnglishTextMapHash":3619527332,"finishConds":[{"paramList":[],"condType":"FETTER_COND_NOT_OPEN"}],"openConds":[],"avatarId":10000107,"fetterId":107600},"10000108":{"IDLLFKKGDLO":3476144186,"BFOCLKDEGBD":2223359552,"avatarTitleTextMapHash":4148362698,"cvJapaneseTextMapHash":854513424,"cvKoreanTextMapHash":2044282879,"avatarConstellationBeforTextMapHash":3069807770,"infoBirthMonth":1,"avatarConstellationAfterTextMapHash":2916764451,"cvChineseTextMapHash":2080597766,"avatarAssocType":"ASSOC_TYPE_LIYUE","isHiden":false,"avatarNativeTextMapHash":1939124825,"avatarVisionBeforTextMapHash":2337532700,"infoBirthDay":6,"avatarDetailTextMapHash":3668244122,"avatarVisionAfterTextMapHash":3266936817,"cvEnglishTextMapHash":3481117684,"finishConds":[{"paramList":[],"condType":"FETTER_COND_NOT_OPEN"}],"openConds":[],"avatarId":10000108,"fetterId":108600},"10000109":{"IDLLFKKGDLO":2007268002,"BFOCLKDEGBD":1604432136,"avatarTitleTextMapHash":2118175218,"cvJapaneseTextMapHash":2631874048,"cvKoreanTextMapHash":1484333527,"avatarConstellationBeforTextMapHash":4283134666,"infoBirthMonth":3,"avatarConstellationAfterTextMapHash":3316983043,"cvChineseTextMapHash":4235862974,"avatarAssocType":"ASSOC_TYPE_INAZUMA","isHiden":false,"avatarNativeTextMapHash":2061366433,"avatarVisionBeforTextMapHash":2671871612,"infoBirthDay":16,"avatarDetailTextMapHash":4065950234,"avatarVisionAfterTextMapHash":3987863545,"cvEnglishTextMapHash":2972007676,"finishConds":[{"paramList":[],"condType":"FETTER_COND_NOT_OPEN"}],"openConds":[],"avatarId":10000109,"fetterId":109600},"10000110":{"IDLLFKKGDLO":1564890530,"BFOCLKDEGBD":3930605488,"avatarTitleTextMapHash":3782130778,"cvJapaneseTextMapHash":3617635968,"cvKoreanTextMapHash":1862429431,"avatarConstellationBeforTextMapHash":3386730066,"infoBirthMonth":8,"avatarConstellationAfterTextMapHash":1944146987,"cvChineseTextMapHash":439315550,"avatarAssocType":"ASSOC_TYPE_NATLAN","isHiden":false,"avatarNativeTextMapHash":712445497,"avatarVisionBeforTextMapHash":3188129380,"infoBirthDay":8,"avatarDetailTextMapHash":399097210,"avatarVisionAfterTextMapHash":3709904609,"cvEnglishTextMapHash":3732022164,"finishConds":[{"paramList":[],"condType":"FETTER_COND_NOT_OPEN"}],"openConds":[],"avatarId":10000110,"fetterId":110600},"10000111":{"IDLLFKKGDLO":385637114,"BFOCLKDEGBD":1173648904,"avatarTitleTextMapHash":32582546,"cvJapaneseTextMapHash":1572196464,"cvKoreanTextMapHash":706346975,"avatarConstellationBeforTextMapHash":1762577026,"infoBirthMonth":11,"avatarConstellationAfterTextMapHash":3858465163,"cvChineseTextMapHash":3467789342,"avatarAssocType":"ASSOC_TYPE_NATLAN","isHiden":false,"avatarNativeTextMapHash":3124521081,"avatarVisionBeforTextMapHash":51054212,"infoBirthDay":15,"avatarDetailTextMapHash":1394567898,"avatarVisionAfterTextMapHash":2427252393,"cvEnglishTextMapHash":130095036,"finishConds":[{"paramList":[],"condType":"FETTER_COND_NOT_OPEN"}],"openConds":[],"avatarId":10000111,"fetterId":111600},"10000112":{"IDLLFKKGDLO":957833042,"BFOCLKDEGBD":2148599000,"avatarTitleTextMapHash":3555073130,"cvJapaneseTextMapHash":1303428128,"cvKoreanTextMapHash":3470181679,"avatarConstellationBeforTextMapHash":3990088386,"infoBirthMonth":6,"avatarConstellationAfterTextMapHash":2279658987,"cvChineseTextMapHash":884103830,"avatarAssocType":"ASSOC_TYPE_FONTAINE","isHiden":false,"avatarNativeTextMapHash":2464914569,"avatarVisionBeforTextMapHash":3230082772,"infoBirthDay":8,"avatarDetailTextMapHash":1783502434,"avatarVisionAfterTextMapHash":3554506625,"cvEnglishTextMapHash":1463793028,"finishConds":[{"paramList":[],"condType":"FETTER_COND_NOT_OPEN"}],"openConds":[],"avatarId":10000112,"fetterId":112600},"10000113":{"IDLLFKKGDLO":4044292842,"BFOCLKDEGBD":1942263920,"avatarTitleTextMapHash":971018842,"cvJapaneseTextMapHash":2495761320,"cvKoreanTextMapHash":2786296175,"avatarConstellationBeforTextMapHash":3593665434,"infoBirthMonth":3,"avatarConstellationAfterTextMapHash":1702728859,"cvChineseTextMapHash":3155539190,"avatarAssocType":"ASSOC_TYPE_NATLAN","isHiden":false,"avatarNativeTextMapHash":2819723233,"avatarVisionBeforTextMapHash":1221948900,"infoBirthDay":23,"avatarDetailTextMapHash":3626418890,"avatarVisionAfterTextMapHash":4162775209,"cvEnglishTextMapHash":2800400020,"finishConds":[{"paramList":[],"condType":"FETTER_COND_NOT_OPEN"}],"openConds":[],"avatarId":10000113,"fetterId":113600}}