{"10000002":{"finishConds":[{"condType":"FETTER_COND_NOT_OPEN"}],"EBHPHHDNMOM":1706132810,"avatarNativeTextMapHash":1763099481,"avatarVisionAfterTextMapHash":4288637793,"avatarConstellationAfterTextMapHash":1033536715,"avatarVisionBeforTextMapHash":3057990932,"cvKoreanTextMapHash":825575327,"avatarId":10000002,"avatarConstellationBeforTextMapHash":2735576330,"cvJapaneseTextMapHash":3995062768,"cvEnglishTextMapHash":431619300,"fetterId":101,"avatarDetailTextMapHash":4223738138,"infoBirthMonth":9,"avatarAssocType":"ASSOC_TYPE_INAZUMA","cvChineseTextMapHash":727576102,"PJIIOILAEGO":3690673200,"infoBirthDay":28,"avatarTitleTextMapHash":3614785250},"10000003":{"finishConds":[{"condType":"FETTER_COND_NOT_OPEN"}],"EBHPHHDNMOM":3459513866,"avatarNativeTextMapHash":2100503169,"avatarVisionAfterTextMapHash":1453458049,"avatarConstellationAfterTextMapHash":144282507,"avatarVisionBeforTextMapHash":467004516,"cvKoreanTextMapHash":446794071,"avatarId":10000003,"avatarConstellationBeforTextMapHash":201010258,"cvJapaneseTextMapHash":1712871456,"cvEnglishTextMapHash":91808668,"fetterId":102,"avatarDetailTextMapHash":1963658218,"infoBirthMonth":3,"avatarAssocType":"ASSOC_TYPE_MONDSTADT","cvChineseTextMapHash":392436190,"PJIIOILAEGO":2517633056,"infoBirthDay":14,"avatarTitleTextMapHash":1200647962},"10000005":{"finishConds":[{"condType":"FETTER_COND_NOT_OPEN"}],"EBHPHHDNMOM":2686169482,"avatarNativeTextMapHash":2022316961,"avatarVisionAfterTextMapHash":955276209,"avatarConstellationAfterTextMapHash":2038622971,"avatarVisionBeforTextMapHash":821712868,"cvKoreanTextMapHash":986493735,"avatarId":10000005,"avatarConstellationBeforTextMapHash":756242466,"cvJapaneseTextMapHash":1249978000,"cvEnglishTextMapHash":3354393428,"fetterId":103,"avatarDetailTextMapHash":1006022970,"avatarAssocType":"ASSOC_TYPE_MAINACTOR","cvChineseTextMapHash":3322055142,"PJIIOILAEGO":3774448256,"avatarTitleTextMapHash":2305320866},"10000006":{"finishConds":[{"condType":"FETTER_COND_NOT_OPEN"}],"EBHPHHDNMOM":843711858,"avatarNativeTextMapHash":1809237489,"avatarVisionAfterTextMapHash":1481798217,"avatarConstellationAfterTextMapHash":3201017387,"avatarVisionBeforTextMapHash":2480172868,"cvKoreanTextMapHash":3288865479,"avatarId":10000006,"avatarConstellationBeforTextMapHash":34090282,"cvJapaneseTextMapHash":3369294496,"cvEnglishTextMapHash":2422748316,"fetterId":104,"avatarDetailTextMapHash":3571277394,"infoBirthMonth":6,"avatarAssocType":"ASSOC_TYPE_MONDSTADT","cvChineseTextMapHash":943522462,"PJIIOILAEGO":237646104,"infoBirthDay":9,"avatarTitleTextMapHash":3138609954},"10000007":{"finishConds":[{"condType":"FETTER_COND_NOT_OPEN"}],"EBHPHHDNMOM":3522231050,"avatarNativeTextMapHash":4064367953,"avatarVisionAfterTextMapHash":2590902393,"avatarConstellationAfterTextMapHash":1928056899,"avatarVisionBeforTextMapHash":471154292,"cvKoreanTextMapHash":2958496231,"avatarId":10000007,"avatarConstellationBeforTextMapHash":816482658,"cvJapaneseTextMapHash":2560583048,"cvEnglishTextMapHash":939276444,"fetterId":105,"avatarDetailTextMapHash":406940522,"avatarAssocType":"ASSOC_TYPE_MAINACTOR","cvChineseTextMapHash":2084890670,"PJIIOILAEGO":2163702912,"avatarTitleTextMapHash":13422330},"10000014":{"finishConds":[{"condType":"FETTER_COND_NOT_OPEN"}],"EBHPHHDNMOM":4025310946,"avatarNativeTextMapHash":1304312049,"avatarVisionAfterTextMapHash":1166340161,"avatarConstellationAfterTextMapHash":3271630931,"avatarVisionBeforTextMapHash":4022324356,"cvKoreanTextMapHash":11452367,"avatarId":10000014,"avatarConstellationBeforTextMapHash":2960169546,"cvJapaneseTextMapHash":3860998488,"cvEnglishTextMapHash":488354068,"fetterId":106,"avatarDetailTextMapHash":2573623138,"infoBirthMonth":7,"avatarAssocType":"ASSOC_TYPE_MONDSTADT","cvChineseTextMapHash":712582678,"PJIIOILAEGO":1170198240,"infoBirthDay":5,"avatarTitleTextMapHash":1823500338},"10000015":{"finishConds":[{"condType":"FETTER_COND_NOT_OPEN"}],"EBHPHHDNMOM":2879861602,"avatarNativeTextMapHash":2536425521,"avatarVisionAfterTextMapHash":2469020049,"avatarConstellationAfterTextMapHash":2979025659,"avatarVisionBeforTextMapHash":4220569804,"cvKoreanTextMapHash":1747324815,"avatarId":10000015,"avatarConstellationBeforTextMapHash":1247404986,"cvJapaneseTextMapHash":3911672888,"cvEnglishTextMapHash":4279338324,"fetterId":107,"avatarDetailTextMapHash":1365496954,"infoBirthMonth":11,"avatarAssocType":"ASSOC_TYPE_MONDSTADT","cvChineseTextMapHash":2863915758,"PJIIOILAEGO":3344490616,"infoBirthDay":30,"avatarTitleTextMapHash":1785544946},"10000016":{"finishConds":[{"condType":"FETTER_COND_NOT_OPEN"}],"EBHPHHDNMOM":2132002266,"avatarNativeTextMapHash":3404250905,"avatarVisionAfterTextMapHash":1443384873,"avatarConstellationAfterTextMapHash":2509127315,"avatarVisionBeforTextMapHash":627825788,"cvKoreanTextMapHash":1879319503,"avatarId":10000016,"avatarConstellationBeforTextMapHash":2314116250,"cvJapaneseTextMapHash":1865761584,"cvEnglishTextMapHash":2134469124,"fetterId":108,"avatarDetailTextMapHash":4246347802,"infoBirthMonth":4,"avatarAssocType":"ASSOC_TYPE_MONDSTADT","cvChineseTextMapHash":3191430790,"PJIIOILAEGO":3799992536,"infoBirthDay":30,"avatarTitleTextMapHash":2612198306},"10000020":{"finishConds":[{"condType":"FETTER_COND_NOT_OPEN"}],"EBHPHHDNMOM":287486234,"avatarNativeTextMapHash":2122187449,"avatarVisionAfterTextMapHash":2448013937,"avatarConstellationAfterTextMapHash":2854774203,"avatarVisionBeforTextMapHash":3352621156,"cvKoreanTextMapHash":3496435439,"avatarId":10000020,"avatarConstellationBeforTextMapHash":4052447146,"cvJapaneseTextMapHash":3412843320,"cvEnglishTextMapHash":2560038812,"fetterId":109,"avatarDetailTextMapHash":2084554490,"infoBirthMonth":9,"avatarAssocType":"ASSOC_TYPE_MONDSTADT","cvChineseTextMapHash":1758325142,"PJIIOILAEGO":589426792,"infoBirthDay":9,"avatarTitleTextMapHash":2753191042},"10000021":{"finishConds":[{"condType":"FETTER_COND_NOT_OPEN"}],"EBHPHHDNMOM":3117786210,"avatarNativeTextMapHash":2695093385,"avatarVisionAfterTextMapHash":2189787097,"avatarConstellationAfterTextMapHash":124975747,"avatarVisionBeforTextMapHash":230082676,"cvKoreanTextMapHash":3355468295,"avatarId":10000021,"avatarConstellationBeforTextMapHash":1404729682,"cvJapaneseTextMapHash":2350762192,"cvEnglishTextMapHash":302898332,"fetterId":110,"avatarDetailTextMapHash":3097194818,"infoBirthMonth":8,"avatarAssocType":"ASSOC_TYPE_MONDSTADT","cvChineseTextMapHash":4036914878,"PJIIOILAEGO":3344377064,"infoBirthDay":10,"avatarTitleTextMapHash":1238477178},"10000022":{"finishConds":[{"condType":"FETTER_COND_FINISH_QUEST","paramList":[39604]}],"EBHPHHDNMOM":3963077898,"avatarNativeTextMapHash":2379846137,"avatarVisionAfterTextMapHash":898621369,"avatarConstellationAfterTextMapHash":1329004531,"avatarVisionBeforTextMapHash":2075460644,"cvKoreanTextMapHash":4095506519,"avatarId":10000022,"avatarConstellationBeforTextMapHash":2226738162,"cvJapaneseTextMapHash":2801197800,"cvEnglishTextMapHash":1300502628,"fetterId":111,"avatarDetailTextMapHash":3527710554,"infoBirthMonth":6,"avatarAssocType":"ASSOC_TYPE_MONDSTADT","cvChineseTextMapHash":1085193806,"PJIIOILAEGO":4209150520,"infoBirthDay":16,"avatarTitleTextMapHash":1225242490},"10000023":{"finishConds":[{"condType":"FETTER_COND_NOT_OPEN"}],"EBHPHHDNMOM":3772910674,"avatarNativeTextMapHash":1144455177,"avatarVisionAfterTextMapHash":2356735641,"avatarConstellationAfterTextMapHash":2028029427,"avatarVisionBeforTextMapHash":1247335084,"cvKoreanTextMapHash":1742822431,"avatarId":10000023,"avatarConstellationBeforTextMapHash":1451760122,"cvJapaneseTextMapHash":1674112200,"cvEnglishTextMapHash":1147555332,"fetterId":112,"avatarDetailTextMapHash":3294048674,"infoBirthMonth":11,"avatarAssocType":"ASSOC_TYPE_LIYUE","cvChineseTextMapHash":3761441798,"PJIIOILAEGO":2373505632,"infoBirthDay":2,"avatarTitleTextMapHash":2467527666},"10000024":{"finishConds":[{"condType":"FETTER_COND_NOT_OPEN"}],"EBHPHHDNMOM":3233464450,"avatarNativeTextMapHash":3508028969,"avatarVisionAfterTextMapHash":3157737289,"avatarConstellationAfterTextMapHash":4085422171,"avatarVisionBeforTextMapHash":4219874220,"cvKoreanTextMapHash":636211263,"avatarId":10000024,"avatarConstellationBeforTextMapHash":3853657898,"cvJapaneseTextMapHash":1497735072,"cvEnglishTextMapHash":2562073812,"fetterId":113,"avatarDetailTextMapHash":3138225274,"infoBirthMonth":2,"avatarAssocType":"ASSOC_TYPE_LIYUE","cvChineseTextMapHash":3660164550,"PJIIOILAEGO":1565047208,"infoBirthDay":14,"avatarTitleTextMapHash":1152777210},"10000025":{"finishConds":[{"condType":"FETTER_COND_NOT_OPEN"}],"EBHPHHDNMOM":3832852746,"avatarNativeTextMapHash":1872514577,"avatarVisionAfterTextMapHash":4151243729,"avatarConstellationAfterTextMapHash":89315195,"avatarVisionBeforTextMapHash":2480954540,"cvKoreanTextMapHash":3035055863,"avatarId":10000025,"avatarConstellationBeforTextMapHash":2497169002,"cvJapaneseTextMapHash":3662797544,"cvEnglishTextMapHash":2288174484,"fetterId":114,"avatarDetailTextMapHash":2731162298,"infoBirthMonth":10,"avatarAssocType":"ASSOC_TYPE_LIYUE","cvChineseTextMapHash":4062177694,"PJIIOILAEGO":1504325904,"infoBirthDay":9,"avatarTitleTextMapHash":4067465850},"10000026":{"finishConds":[{"condType":"FETTER_COND_NOT_OPEN"}],"EBHPHHDNMOM":1043167058,"avatarNativeTextMapHash":413877289,"avatarVisionAfterTextMapHash":3648530745,"avatarConstellationAfterTextMapHash":2421570635,"avatarVisionBeforTextMapHash":550531300,"cvKoreanTextMapHash":3918463151,"avatarId":10000026,"avatarConstellationBeforTextMapHash":3401180666,"cvJapaneseTextMapHash":2350391048,"cvEnglishTextMapHash":975590796,"fetterId":115,"avatarDetailTextMapHash":1863419602,"infoBirthMonth":4,"avatarAssocType":"ASSOC_TYPE_LIYUE","cvChineseTextMapHash":414772070,"PJIIOILAEGO":2573007264,"infoBirthDay":17,"avatarTitleTextMapHash":2182504186},"10000027":{"finishConds":[{"condType":"FETTER_COND_NOT_OPEN"}],"EBHPHHDNMOM":2587680970,"avatarNativeTextMapHash":218189361,"avatarVisionAfterTextMapHash":735278345,"avatarConstellationAfterTextMapHash":876868723,"avatarVisionBeforTextMapHash":1662907292,"cvKoreanTextMapHash":1098860927,"avatarId":10000027,"avatarConstellationBeforTextMapHash":20629626,"cvJapaneseTextMapHash":257900264,"cvEnglishTextMapHash":1993730884,"fetterId":116,"avatarDetailTextMapHash":1658614834,"infoBirthMonth":8,"avatarAssocType":"ASSOC_TYPE_LIYUE","cvChineseTextMapHash":452718846,"PJIIOILAEGO":4104085464,"infoBirthDay":26,"avatarTitleTextMapHash":1976081594},"10000029":{"finishConds":[{"condType":"FETTER_COND_NOT_OPEN"}],"EBHPHHDNMOM":530625634,"avatarNativeTextMapHash":702194017,"avatarVisionAfterTextMapHash":3057376089,"avatarConstellationAfterTextMapHash":567731819,"avatarVisionBeforTextMapHash":3847511308,"cvKoreanTextMapHash":907548199,"avatarId":10000029,"avatarConstellationBeforTextMapHash":2230999650,"cvJapaneseTextMapHash":2349322992,"cvEnglishTextMapHash":718871660,"fetterId":117,"avatarDetailTextMapHash":1801721474,"infoBirthMonth":7,"avatarAssocType":"ASSOC_TYPE_MONDSTADT","cvChineseTextMapHash":2371683902,"PJIIOILAEGO":3376049832,"infoBirthDay":27,"avatarTitleTextMapHash":1897358210},"10000030":{"finishConds":[{"condType":"FETTER_COND_FINISH_QUEST","paramList":[102510]}],"EBHPHHDNMOM":1445264402,"avatarNativeTextMapHash":3651078097,"avatarVisionAfterTextMapHash":2507042785,"avatarConstellationAfterTextMapHash":2721221067,"avatarVisionBeforTextMapHash":967031460,"cvKoreanTextMapHash":4084646031,"avatarId":10000030,"avatarConstellationBeforTextMapHash":1594094098,"cvJapaneseTextMapHash":1183613792,"cvEnglishTextMapHash":3331340660,"fetterId":118,"avatarDetailTextMapHash":3237080338,"infoBirthMonth":12,"avatarAssocType":"ASSOC_TYPE_LIYUE","cvChineseTextMapHash":1454422278,"PJIIOILAEGO":266760520,"infoBirthDay":31,"avatarTitleTextMapHash":2789626970},"10000031":{"finishConds":[{"condType":"FETTER_COND_NOT_OPEN"}],"EBHPHHDNMOM":3061470746,"avatarNativeTextMapHash":2368787601,"avatarVisionAfterTextMapHash":936354993,"avatarConstellationAfterTextMapHash":2276514827,"avatarVisionBeforTextMapHash":122554396,"cvKoreanTextMapHash":3964881647,"avatarId":10000031,"avatarConstellationBeforTextMapHash":2198842266,"cvJapaneseTextMapHash":132715032,"cvEnglishTextMapHash":3640880724,"fetterId":119,"avatarDetailTextMapHash":1139039362,"infoBirthMonth":5,"avatarAssocType":"ASSOC_TYPE_MONDSTADT","cvChineseTextMapHash":465986718,"PJIIOILAEGO":4265322256,"infoBirthDay":27,"avatarTitleTextMapHash":353285794},"10000032":{"finishConds":[{"condType":"FETTER_COND_NOT_OPEN"}],"EBHPHHDNMOM":3242979482,"avatarNativeTextMapHash":1181755137,"avatarVisionAfterTextMapHash":3677050081,"avatarConstellationAfterTextMapHash":1091946987,"avatarVisionBeforTextMapHash":1740638908,"cvKoreanTextMapHash":681554991,"avatarId":10000032,"avatarConstellationBeforTextMapHash":2225075946,"cvJapaneseTextMapHash":1456485512,"cvEnglishTextMapHash":1382070500,"fetterId":120,"avatarDetailTextMapHash":1030159626,"infoBirthMonth":2,"avatarAssocType":"ASSOC_TYPE_MONDSTADT","cvChineseTextMapHash":1972439622,"PJIIOILAEGO":816212776,"infoBirthDay":29,"avatarTitleTextMapHash":1078060234},"10000033":{"finishConds":[{"condType":"FETTER_COND_NOT_OPEN"}],"EBHPHHDNMOM":3096737186,"avatarNativeTextMapHash":3774913721,"avatarVisionAfterTextMapHash":2573101121,"avatarConstellationAfterTextMapHash":605778827,"avatarVisionBeforTextMapHash":3646588372,"cvKoreanTextMapHash":1397738367,"avatarId":10000033,"avatarConstellationBeforTextMapHash":3423950162,"cvJapaneseTextMapHash":2938778568,"cvEnglishTextMapHash":4115005636,"fetterId":121,"avatarDetailTextMapHash":3593799522,"infoBirthMonth":7,"avatarAssocType":"ASSOC_TYPE_FATUI","cvChineseTextMapHash":4246769190,"PJIIOILAEGO":3943901984,"infoBirthDay":20,"avatarTitleTextMapHash":3875370554},"10000034":{"finishConds":[{"condType":"FETTER_COND_NOT_OPEN"}],"EBHPHHDNMOM":3080175658,"avatarNativeTextMapHash":3006274177,"avatarVisionAfterTextMapHash":3710640289,"avatarConstellationAfterTextMapHash":1057268155,"avatarVisionBeforTextMapHash":3929787020,"cvKoreanTextMapHash":2318572807,"avatarId":10000034,"avatarConstellationBeforTextMapHash":808906466,"cvJapaneseTextMapHash":2464221280,"cvEnglishTextMapHash":3349029444,"fetterId":122,"avatarDetailTextMapHash":2464288834,"infoBirthMonth":3,"avatarAssocType":"ASSOC_TYPE_MONDSTADT","cvChineseTextMapHash":4257440758,"PJIIOILAEGO":2632094392,"infoBirthDay":21,"avatarTitleTextMapHash":2339950258},"10000035":{"finishConds":[{"condType":"FETTER_COND_NOT_OPEN"}],"EBHPHHDNMOM":1559151498,"avatarNativeTextMapHash":802385489,"avatarVisionAfterTextMapHash":262460977,"avatarConstellationAfterTextMapHash":44381363,"avatarVisionBeforTextMapHash":1695600284,"cvKoreanTextMapHash":3538734815,"avatarId":10000035,"avatarConstellationBeforTextMapHash":1580087082,"cvJapaneseTextMapHash":1926245760,"cvEnglishTextMapHash":1881999804,"fetterId":123,"avatarDetailTextMapHash":987428418,"infoBirthMonth":3,"avatarAssocType":"ASSOC_TYPE_LIYUE","cvChineseTextMapHash":1729369230,"PJIIOILAEGO":2285572816,"infoBirthDay":3,"avatarTitleTextMapHash":2560957650},"10000036":{"finishConds":[{"condType":"FETTER_COND_NOT_OPEN"}],"EBHPHHDNMOM":1925126098,"avatarNativeTextMapHash":1769238889,"avatarVisionAfterTextMapHash":1485672225,"avatarConstellationAfterTextMapHash":895213803,"avatarVisionBeforTextMapHash":766902996,"cvKoreanTextMapHash":1935455199,"avatarId":10000036,"avatarConstellationBeforTextMapHash":4203973938,"cvJapaneseTextMapHash":1317323504,"cvEnglishTextMapHash":3611302012,"fetterId":124,"avatarDetailTextMapHash":3590770538,"infoBirthMonth":9,"avatarAssocType":"ASSOC_TYPE_LIYUE","cvChineseTextMapHash":1413748758,"PJIIOILAEGO":1346954368,"infoBirthDay":7,"avatarTitleTextMapHash":2804590466},"10000037":{"finishConds":[{"condType":"FETTER_COND_NOT_OPEN"}],"EBHPHHDNMOM":1022935738,"avatarNativeTextMapHash":3866698241,"avatarVisionAfterTextMapHash":22897537,"avatarConstellationAfterTextMapHash":1513569691,"avatarVisionBeforTextMapHash":862088588,"cvKoreanTextMapHash":1371351983,"avatarId":10000037,"avatarConstellationBeforTextMapHash":3362074034,"cvJapaneseTextMapHash":2821438752,"cvEnglishTextMapHash":866868980,"fetterId":125,"avatarDetailTextMapHash":1747000882,"infoBirthMonth":12,"avatarAssocType":"ASSOC_TYPE_LIYUE","cvChineseTextMapHash":3511999998,"PJIIOILAEGO":3183090808,"infoBirthDay":2,"avatarTitleTextMapHash":1902407402},"10000038":{"finishConds":[{"condType":"FETTER_COND_NOT_OPEN"}],"EBHPHHDNMOM":3312957898,"avatarNativeTextMapHash":371846193,"avatarVisionAfterTextMapHash":3828063489,"avatarConstellationAfterTextMapHash":126964283,"avatarVisionBeforTextMapHash":825986772,"cvKoreanTextMapHash":1418045575,"avatarId":10000038,"avatarConstellationBeforTextMapHash":4143774770,"cvJapaneseTextMapHash":2478938952,"cvEnglishTextMapHash":3188933756,"fetterId":126,"avatarDetailTextMapHash":3002069946,"infoBirthMonth":9,"avatarAssocType":"ASSOC_TYPE_MONDSTADT","cvChineseTextMapHash":2416424718,"PJIIOILAEGO":1486000232,"infoBirthDay":13,"avatarTitleTextMapHash":3646853002},"10000039":{"finishConds":[{"condType":"FETTER_COND_NOT_OPEN"}],"EBHPHHDNMOM":242842482,"avatarNativeTextMapHash":967464153,"avatarVisionAfterTextMapHash":924821409,"avatarConstellationAfterTextMapHash":516952915,"avatarVisionBeforTextMapHash":4127670180,"cvKoreanTextMapHash":3207559823,"avatarId":10000039,"avatarConstellationBeforTextMapHash":2062356506,"cvJapaneseTextMapHash":4045591224,"cvEnglishTextMapHash":3190486524,"fetterId":127,"avatarDetailTextMapHash":3267731642,"infoBirthMonth":1,"avatarAssocType":"ASSOC_TYPE_MONDSTADT","cvChineseTextMapHash":41396374,"PJIIOILAEGO":1156970832,"infoBirthDay":18,"avatarTitleTextMapHash":955121114},"10000041":{"finishConds":[{"condType":"FETTER_COND_NOT_OPEN"}],"EBHPHHDNMOM":4221654778,"avatarNativeTextMapHash":1827140513,"avatarVisionAfterTextMapHash":735012401,"avatarConstellationAfterTextMapHash":3963245579,"avatarVisionBeforTextMapHash":321258364,"cvKoreanTextMapHash":3794406463,"avatarId":10000041,"avatarConstellationBeforTextMapHash":677289434,"cvJapaneseTextMapHash":950394528,"cvEnglishTextMapHash":36373972,"fetterId":128,"avatarDetailTextMapHash":2099446386,"infoBirthMonth":8,"avatarAssocType":"ASSOC_TYPE_MONDSTADT","cvChineseTextMapHash":1441549966,"PJIIOILAEGO":1790703360,"infoBirthDay":31,"avatarTitleTextMapHash":2216682674},"10000042":{"finishConds":[{"condType":"FETTER_COND_NOT_OPEN"}],"EBHPHHDNMOM":316548354,"avatarNativeTextMapHash":4010071745,"avatarVisionAfterTextMapHash":373974425,"avatarConstellationAfterTextMapHash":1744331243,"avatarVisionBeforTextMapHash":1821644548,"cvKoreanTextMapHash":3586027263,"avatarId":10000042,"avatarConstellationBeforTextMapHash":3587152074,"cvJapaneseTextMapHash":1314550072,"cvEnglishTextMapHash":276019972,"fetterId":129,"avatarDetailTextMapHash":2307865106,"infoBirthMonth":11,"avatarAssocType":"ASSOC_TYPE_LIYUE","cvChineseTextMapHash":2566021790,"PJIIOILAEGO":1905310704,"infoBirthDay":20,"avatarTitleTextMapHash":3308312162},"10000043":{"finishConds":[{"condType":"FETTER_COND_NOT_OPEN"}],"EBHPHHDNMOM":434710650,"avatarNativeTextMapHash":2186025825,"avatarVisionAfterTextMapHash":519928233,"avatarConstellationAfterTextMapHash":3571098147,"avatarVisionBeforTextMapHash":126875444,"cvKoreanTextMapHash":3790433071,"avatarId":10000043,"avatarConstellationBeforTextMapHash":4244741386,"cvJapaneseTextMapHash":777642752,"cvEnglishTextMapHash":1106805724,"fetterId":130,"avatarDetailTextMapHash":4125000058,"infoBirthMonth":11,"avatarAssocType":"ASSOC_TYPE_MONDSTADT","cvChineseTextMapHash":309184414,"PJIIOILAEGO":1536116640,"infoBirthDay":26,"avatarTitleTextMapHash":682411194},"10000044":{"finishConds":[{"condType":"FETTER_COND_NOT_OPEN"}],"EBHPHHDNMOM":707007002,"avatarNativeTextMapHash":2939616529,"avatarVisionAfterTextMapHash":3656641129,"avatarConstellationAfterTextMapHash":4100226883,"avatarVisionBeforTextMapHash":3105283268,"cvKoreanTextMapHash":2384659519,"avatarId":10000044,"avatarConstellationBeforTextMapHash":4126360330,"cvJapaneseTextMapHash":641682520,"cvEnglishTextMapHash":2272456916,"fetterId":131,"avatarDetailTextMapHash":3355473986,"infoBirthMonth":10,"avatarAssocType":"ASSOC_TYPE_LIYUE","cvChineseTextMapHash":3921936462,"PJIIOILAEGO":448851000,"infoBirthDay":16,"avatarTitleTextMapHash":2007781754},"10000045":{"finishConds":[{"condType":"FETTER_COND_NOT_OPEN"}],"EBHPHHDNMOM":2464502114,"avatarNativeTextMapHash":1208431633,"avatarVisionAfterTextMapHash":3452454753,"avatarConstellationAfterTextMapHash":490664827,"avatarVisionBeforTextMapHash":2778487532,"cvKoreanTextMapHash":2927759831,"avatarId":10000045,"avatarConstellationBeforTextMapHash":3331210802,"cvJapaneseTextMapHash":3445993248,"cvEnglishTextMapHash":1467808508,"fetterId":133,"avatarDetailTextMapHash":2858258162,"infoBirthMonth":1,"avatarAssocType":"ASSOC_TYPE_MONDSTADT","cvChineseTextMapHash":1517505318,"PJIIOILAEGO":2879890864,"infoBirthDay":24,"avatarTitleTextMapHash":3918225546},"10000046":{"finishConds":[{"condType":"FETTER_COND_NOT_OPEN"}],"EBHPHHDNMOM":1543578802,"avatarNativeTextMapHash":3485382673,"avatarVisionAfterTextMapHash":719537873,"avatarConstellationAfterTextMapHash":3861029139,"avatarVisionBeforTextMapHash":3112476852,"cvKoreanTextMapHash":291020487,"avatarId":10000046,"avatarConstellationBeforTextMapHash":3041688594,"cvJapaneseTextMapHash":1286278240,"cvEnglishTextMapHash":2549651252,"fetterId":132,"avatarDetailTextMapHash":2488599434,"infoBirthMonth":7,"avatarAssocType":"ASSOC_TYPE_LIYUE","cvChineseTextMapHash":3694314910,"PJIIOILAEGO":1330364096,"infoBirthDay":15,"avatarTitleTextMapHash":662587002},"10000047":{"finishConds":[{"condType":"FETTER_COND_NOT_OPEN"}],"EBHPHHDNMOM":3796999538,"avatarNativeTextMapHash":3703064921,"avatarVisionAfterTextMapHash":130168969,"avatarConstellationAfterTextMapHash":1697359355,"avatarVisionBeforTextMapHash":2477900860,"cvKoreanTextMapHash":2590010167,"avatarId":10000047,"avatarConstellationBeforTextMapHash":1782640050,"cvJapaneseTextMapHash":1043658088,"cvEnglishTextMapHash":2619878748,"fetterId":136,"avatarDetailTextMapHash":3202001138,"infoBirthMonth":10,"avatarAssocType":"ASSOC_TYPE_INAZUMA","cvChineseTextMapHash":2293363830,"PJIIOILAEGO":2974574648,"infoBirthDay":29,"avatarTitleTextMapHash":484877954},"10000048":{"finishConds":[{"condType":"FETTER_COND_NOT_OPEN"}],"EBHPHHDNMOM":1808218946,"avatarNativeTextMapHash":2280863881,"avatarVisionAfterTextMapHash":3214350745,"avatarConstellationAfterTextMapHash":3068878723,"avatarVisionBeforTextMapHash":313529204,"cvKoreanTextMapHash":1293912855,"avatarId":10000048,"avatarConstellationBeforTextMapHash":4078029322,"cvJapaneseTextMapHash":2814295520,"cvEnglishTextMapHash":2096594156,"fetterId":134,"avatarDetailTextMapHash":1570282706,"infoBirthMonth":7,"avatarAssocType":"ASSOC_TYPE_LIYUE","cvChineseTextMapHash":2145440894,"PJIIOILAEGO":70481312,"infoBirthDay":28,"avatarTitleTextMapHash":1186691770},"10000049":{"finishConds":[{"condType":"FETTER_COND_NOT_OPEN"}],"EBHPHHDNMOM":563824954,"avatarNativeTextMapHash":235578769,"avatarVisionAfterTextMapHash":2034415441,"avatarConstellationAfterTextMapHash":896433771,"avatarVisionBeforTextMapHash":1646245548,"cvKoreanTextMapHash":4096971807,"avatarId":10000049,"avatarConstellationBeforTextMapHash":1841952946,"cvJapaneseTextMapHash":2984647568,"cvEnglishTextMapHash":635183748,"fetterId":137,"avatarDetailTextMapHash":77669938,"infoBirthMonth":6,"avatarAssocType":"ASSOC_TYPE_INAZUMA","cvChineseTextMapHash":3824775118,"PJIIOILAEGO":1046082232,"infoBirthDay":21,"avatarTitleTextMapHash":422431338},"10000050":{"finishConds":[{"condType":"FETTER_COND_NOT_OPEN"}],"EBHPHHDNMOM":2983947082,"avatarNativeTextMapHash":1486341689,"avatarVisionAfterTextMapHash":1518014265,"avatarConstellationAfterTextMapHash":3300759683,"avatarVisionBeforTextMapHash":3177381772,"cvKoreanTextMapHash":3394774543,"avatarId":10000050,"avatarConstellationBeforTextMapHash":2749427906,"cvJapaneseTextMapHash":1651520080,"cvEnglishTextMapHash":2755173740,"fetterId":50600,"avatarDetailTextMapHash":3621848770,"infoBirthMonth":1,"avatarAssocType":"ASSOC_TYPE_INAZUMA","cvChineseTextMapHash":720701894,"PJIIOILAEGO":2994130800,"infoBirthDay":9,"avatarTitleTextMapHash":2157757826},"10000051":{"finishConds":[{"condType":"FETTER_COND_NOT_OPEN"}],"EBHPHHDNMOM":1287108090,"avatarNativeTextMapHash":2081537529,"avatarVisionAfterTextMapHash":2857461841,"avatarConstellationAfterTextMapHash":4077826867,"avatarVisionBeforTextMapHash":98482612,"cvKoreanTextMapHash":3009726871,"avatarId":10000051,"avatarConstellationBeforTextMapHash":2912362594,"cvJapaneseTextMapHash":3928491512,"cvEnglishTextMapHash":393498596,"fetterId":135,"avatarDetailTextMapHash":87994090,"infoBirthMonth":10,"avatarAssocType":"ASSOC_TYPE_MONDSTADT","cvChineseTextMapHash":3297741182,"PJIIOILAEGO":937364480,"infoBirthDay":25,"avatarTitleTextMapHash":3679187618},"10000052":{"finishConds":[{"condType":"FETTER_COND_AVATAR_LEVEL","paramList":[1]}],"EBHPHHDNMOM":2748948602,"avatarNativeTextMapHash":2339788961,"avatarVisionAfterTextMapHash":2085306033,"avatarConstellationAfterTextMapHash":3361507539,"avatarVisionBeforTextMapHash":2689029804,"cvKoreanTextMapHash":3031872143,"avatarId":10000052,"avatarConstellationBeforTextMapHash":2211667090,"cvJapaneseTextMapHash":3912819872,"cvEnglishTextMapHash":1088808028,"fetterId":139,"avatarDetailTextMapHash":1478158106,"infoBirthMonth":6,"avatarAssocType":"ASSOC_TYPE_INAZUMA","cvChineseTextMapHash":2225307798,"PJIIOILAEGO":3614576216,"infoBirthDay":26,"avatarTitleTextMapHash":3922655010},"10000053":{"finishConds":[{"condType":"FETTER_COND_NOT_OPEN"}],"EBHPHHDNMOM":3694646930,"avatarNativeTextMapHash":3474733945,"avatarVisionAfterTextMapHash":206259425,"avatarConstellationAfterTextMapHash":1031389603,"avatarVisionBeforTextMapHash":2648184060,"cvKoreanTextMapHash":1743312703,"avatarId":10000053,"avatarConstellationBeforTextMapHash":3872411226,"cvJapaneseTextMapHash":1556047408,"cvEnglishTextMapHash":3210378124,"fetterId":138,"avatarDetailTextMapHash":4079111402,"infoBirthMonth":10,"avatarAssocType":"ASSOC_TYPE_INAZUMA","cvChineseTextMapHash":393118902,"PJIIOILAEGO":2610777688,"infoBirthDay":19,"avatarTitleTextMapHash":1757728074},"10000054":{"finishConds":[{"condType":"FETTER_COND_NOT_OPEN"}],"EBHPHHDNMOM":2525173970,"avatarNativeTextMapHash":683437921,"avatarVisionAfterTextMapHash":532522121,"avatarConstellationAfterTextMapHash":718604491,"avatarVisionBeforTextMapHash":1688473500,"cvKoreanTextMapHash":3056845727,"avatarId":10000054,"avatarConstellationBeforTextMapHash":1752197778,"cvJapaneseTextMapHash":3525763280,"cvEnglishTextMapHash":709839884,"fetterId":140,"avatarDetailTextMapHash":1510500586,"infoBirthMonth":2,"avatarAssocType":"ASSOC_TYPE_INAZUMA","cvChineseTextMapHash":3905129686,"PJIIOILAEGO":1129842336,"infoBirthDay":22,"avatarTitleTextMapHash":3706226538},"10000055":{"finishConds":[{"condType":"FETTER_COND_NOT_OPEN"}],"EBHPHHDNMOM":2980534154,"avatarNativeTextMapHash":3031398817,"avatarVisionAfterTextMapHash":2297824401,"avatarConstellationAfterTextMapHash":3906648139,"avatarVisionBeforTextMapHash":1016213980,"cvKoreanTextMapHash":3333163887,"avatarId":10000055,"avatarConstellationBeforTextMapHash":1574145170,"cvJapaneseTextMapHash":55309024,"cvEnglishTextMapHash":2508657724,"fetterId":55600,"avatarDetailTextMapHash":194478258,"infoBirthMonth":5,"avatarAssocType":"ASSOC_TYPE_INAZUMA","cvChineseTextMapHash":3391678678,"PJIIOILAEGO":3203768184,"infoBirthDay":18,"avatarTitleTextMapHash":1890326034},"10000056":{"finishConds":[{"condType":"FETTER_COND_NOT_OPEN"}],"EBHPHHDNMOM":3706831450,"avatarNativeTextMapHash":639139097,"avatarVisionAfterTextMapHash":4018363097,"avatarConstellationAfterTextMapHash":3463988355,"avatarVisionBeforTextMapHash":608089036,"cvKoreanTextMapHash":666191887,"avatarId":10000056,"avatarConstellationBeforTextMapHash":912981282,"cvJapaneseTextMapHash":1441667000,"cvEnglishTextMapHash":520650924,"fetterId":141,"avatarDetailTextMapHash":3576556674,"infoBirthMonth":7,"avatarAssocType":"ASSOC_TYPE_INAZUMA","cvChineseTextMapHash":2167487798,"PJIIOILAEGO":2517818952,"infoBirthDay":14,"avatarTitleTextMapHash":2295939930},"10000057":{"finishConds":[{"condType":"FETTER_COND_NOT_OPEN"}],"EBHPHHDNMOM":2192186834,"avatarNativeTextMapHash":1303956273,"avatarVisionAfterTextMapHash":3467232769,"avatarConstellationAfterTextMapHash":1667338307,"avatarVisionBeforTextMapHash":3617274620,"cvKoreanTextMapHash":2058994895,"avatarId":10000057,"avatarConstellationBeforTextMapHash":1196020994,"cvJapaneseTextMapHash":2882319304,"cvEnglishTextMapHash":941909100,"fetterId":57600,"avatarDetailTextMapHash":1595289146,"infoBirthMonth":6,"avatarAssocType":"ASSOC_TYPE_INAZUMA","cvChineseTextMapHash":1899801486,"PJIIOILAEGO":2127793120,"infoBirthDay":1,"avatarTitleTextMapHash":2604770706},"10000058":{"finishConds":[{"condType":"FETTER_COND_NOT_OPEN"}],"EBHPHHDNMOM":182018,"avatarNativeTextMapHash":2162789625,"avatarVisionAfterTextMapHash":2330511321,"avatarConstellationAfterTextMapHash":3203852891,"avatarVisionBeforTextMapHash":2143937940,"cvKoreanTextMapHash":1281330663,"avatarId":10000058,"avatarConstellationBeforTextMapHash":2170266186,"cvJapaneseTextMapHash":2793962400,"cvEnglishTextMapHash":3006410060,"fetterId":58600,"avatarDetailTextMapHash":458309866,"infoBirthMonth":6,"avatarAssocType":"ASSOC_TYPE_INAZUMA","cvChineseTextMapHash":200172646,"PJIIOILAEGO":1201755288,"infoBirthDay":27,"avatarTitleTextMapHash":1488134754},"10000059":{"finishConds":[{"condType":"FETTER_COND_NOT_OPEN"}],"EBHPHHDNMOM":428859770,"avatarNativeTextMapHash":193374057,"avatarVisionAfterTextMapHash":1395432457,"avatarConstellationAfterTextMapHash":843597763,"avatarVisionBeforTextMapHash":1778251796,"cvKoreanTextMapHash":2667157559,"avatarId":10000059,"avatarConstellationBeforTextMapHash":536290178,"cvJapaneseTextMapHash":3267244704,"cvEnglishTextMapHash":2861659036,"fetterId":59600,"avatarDetailTextMapHash":1643709354,"infoBirthMonth":7,"avatarAssocType":"ASSOC_TYPE_INAZUMA","cvChineseTextMapHash":3316269318,"PJIIOILAEGO":3576490936,"infoBirthDay":24,"avatarTitleTextMapHash":4014506362},"10000060":{"finishConds":[{"condType":"FETTER_COND_NOT_OPEN"}],"EBHPHHDNMOM":3763195346,"avatarNativeTextMapHash":3107636921,"avatarVisionAfterTextMapHash":1360252865,"avatarConstellationAfterTextMapHash":1424613211,"avatarVisionBeforTextMapHash":3400532572,"cvKoreanTextMapHash":2969110199,"avatarId":10000060,"avatarConstellationBeforTextMapHash":1929498690,"cvJapaneseTextMapHash":3484305312,"cvEnglishTextMapHash":225791116,"fetterId":60600,"avatarDetailTextMapHash":2989616018,"infoBirthMonth":4,"avatarAssocType":"ASSOC_TYPE_LIYUE","cvChineseTextMapHash":3515853070,"PJIIOILAEGO":3281808952,"infoBirthDay":20,"avatarTitleTextMapHash":144441626},"10000061":{"finishConds":[{"condType":"FETTER_COND_NOT_OPEN"}],"EBHPHHDNMOM":3272647706,"avatarNativeTextMapHash":1542258465,"avatarVisionAfterTextMapHash":3259184641,"avatarConstellationAfterTextMapHash":1922716547,"avatarVisionBeforTextMapHash":2084699444,"cvKoreanTextMapHash":418504743,"avatarId":10000061,"avatarConstellationBeforTextMapHash":1610912066,"cvJapaneseTextMapHash":2692019064,"cvEnglishTextMapHash":3257056228,"fetterId":61600,"avatarDetailTextMapHash":882707162,"infoBirthMonth":1,"avatarAssocType":"ASSOC_TYPE_INAZUMA","cvChineseTextMapHash":223495054,"PJIIOILAEGO":1938766776,"infoBirthDay":22,"avatarTitleTextMapHash":3294635634},"10000062":{"finishConds":[{"condType":"FETTER_COND_NOT_OPEN"}],"EBHPHHDNMOM":3178906154,"avatarNativeTextMapHash":2988346225,"avatarVisionAfterTextMapHash":378832241,"avatarConstellationAfterTextMapHash":2748691939,"avatarVisionBeforTextMapHash":1480674860,"cvKoreanTextMapHash":3219821695,"avatarId":10000062,"avatarConstellationBeforTextMapHash":1620998442,"cvJapaneseTextMapHash":4143563824,"cvEnglishTextMapHash":1615682572,"fetterId":142,"avatarDetailTextMapHash":2522784722,"infoBirthMonth":4,"avatarAssocType":"ASSOC_TYPE_RANGER","cvChineseTextMapHash":1648706814,"PJIIOILAEGO":1529106560,"infoBirthDay":4,"avatarTitleTextMapHash":3657688538},"10000063":{"finishConds":[{"condType":"FETTER_COND_NOT_OPEN"}],"EBHPHHDNMOM":2492610666,"avatarNativeTextMapHash":3755848081,"avatarVisionAfterTextMapHash":3905457809,"avatarConstellationAfterTextMapHash":1819308507,"avatarVisionBeforTextMapHash":2809830820,"cvKoreanTextMapHash":3537366703,"avatarId":10000063,"avatarConstellationBeforTextMapHash":2040902610,"cvJapaneseTextMapHash":2028468440,"cvEnglishTextMapHash":2662606092,"fetterId":63600,"avatarDetailTextMapHash":1428853842,"infoBirthMonth":3,"avatarAssocType":"ASSOC_TYPE_LIYUE","cvChineseTextMapHash":2609607934,"PJIIOILAEGO":2908267544,"infoBirthDay":10,"avatarTitleTextMapHash":1527983530},"10000064":{"finishConds":[{"condType":"FETTER_COND_NOT_OPEN"}],"EBHPHHDNMOM":485599842,"avatarNativeTextMapHash":1045159985,"avatarVisionAfterTextMapHash":1258443353,"avatarConstellationAfterTextMapHash":3908001795,"avatarVisionBeforTextMapHash":3219124204,"cvKoreanTextMapHash":2929476623,"avatarId":10000064,"avatarConstellationBeforTextMapHash":3086360386,"cvJapaneseTextMapHash":117229856,"cvEnglishTextMapHash":375803180,"fetterId":64600,"avatarDetailTextMapHash":2551483266,"infoBirthMonth":5,"avatarAssocType":"ASSOC_TYPE_LIYUE","cvChineseTextMapHash":883286710,"PJIIOILAEGO":236539752,"infoBirthDay":21,"avatarTitleTextMapHash":1737472474},"10000065":{"finishConds":[{"condType":"FETTER_COND_NOT_OPEN"}],"EBHPHHDNMOM":2799206930,"avatarNativeTextMapHash":3306526777,"avatarVisionAfterTextMapHash":2001955905,"avatarConstellationAfterTextMapHash":2265558867,"avatarVisionBeforTextMapHash":689445588,"cvKoreanTextMapHash":3787552607,"avatarId":10000065,"avatarConstellationBeforTextMapHash":1722980498,"cvJapaneseTextMapHash":4221362976,"cvEnglishTextMapHash":248602900,"fetterId":65600,"avatarDetailTextMapHash":1310009266,"infoBirthMonth":7,"avatarAssocType":"ASSOC_TYPE_INAZUMA","cvChineseTextMapHash":2409512318,"PJIIOILAEGO":1525990808,"infoBirthDay":27,"avatarTitleTextMapHash":1098938354},"10000066":{"finishConds":[{"condType":"FETTER_COND_NOT_OPEN"}],"EBHPHHDNMOM":1367053962,"avatarNativeTextMapHash":3868131161,"avatarVisionAfterTextMapHash":2932212113,"avatarConstellationAfterTextMapHash":2987063907,"avatarVisionBeforTextMapHash":756679372,"cvKoreanTextMapHash":2443241887,"avatarId":10000066,"avatarConstellationBeforTextMapHash":3121506370,"cvJapaneseTextMapHash":1135869512,"cvEnglishTextMapHash":107947556,"fetterId":66600,"avatarDetailTextMapHash":1492104922,"infoBirthMonth":3,"avatarAssocType":"ASSOC_TYPE_INAZUMA","cvChineseTextMapHash":2668474270,"PJIIOILAEGO":2474114032,"infoBirthDay":26,"avatarTitleTextMapHash":448523378},"10000067":{"finishConds":[{"condType":"FETTER_COND_NOT_OPEN"}],"EBHPHHDNMOM":3206584826,"avatarNativeTextMapHash":3683659841,"avatarVisionAfterTextMapHash":2697108833,"avatarConstellationAfterTextMapHash":930441339,"avatarVisionBeforTextMapHash":4017448612,"cvKoreanTextMapHash":1313657191,"avatarId":10000067,"avatarConstellationBeforTextMapHash":1135583386,"cvJapaneseTextMapHash":201641504,"cvEnglishTextMapHash":325369020,"fetterId":67600,"avatarDetailTextMapHash":473409506,"infoBirthMonth":5,"avatarAssocType":"ASSOC_TYPE_SUMERU","cvChineseTextMapHash":2768326286,"PJIIOILAEGO":4230835400,"infoBirthDay":8,"avatarTitleTextMapHash":3714185090},"10000068":{"finishConds":[{"condType":"FETTER_COND_NOT_OPEN"}],"EBHPHHDNMOM":229658114,"avatarNativeTextMapHash":3940327097,"avatarVisionAfterTextMapHash":432178697,"avatarConstellationAfterTextMapHash":2229594011,"avatarVisionBeforTextMapHash":1843086100,"cvKoreanTextMapHash":598685287,"avatarId":10000068,"avatarConstellationBeforTextMapHash":3012601882,"cvJapaneseTextMapHash":673006928,"cvEnglishTextMapHash":1121107132,"fetterId":68600,"avatarDetailTextMapHash":1490694082,"infoBirthMonth":12,"avatarAssocType":"ASSOC_TYPE_SUMERU","cvChineseTextMapHash":3797410094,"PJIIOILAEGO":1909131408,"infoBirthDay":21,"avatarTitleTextMapHash":3848819674},"10000069":{"finishConds":[{"condType":"FETTER_COND_NOT_OPEN"}],"EBHPHHDNMOM":1904260938,"avatarNativeTextMapHash":609106153,"avatarVisionAfterTextMapHash":488863433,"avatarConstellationAfterTextMapHash":647317707,"avatarVisionBeforTextMapHash":2161032364,"cvKoreanTextMapHash":1817820311,"avatarId":10000069,"avatarConstellationBeforTextMapHash":18086514,"cvJapaneseTextMapHash":2237722088,"cvEnglishTextMapHash":3536581588,"fetterId":69600,"avatarDetailTextMapHash":3478695082,"infoBirthMonth":12,"avatarAssocType":"ASSOC_TYPE_SUMERU","cvChineseTextMapHash":2107867734,"PJIIOILAEGO":1553961784,"infoBirthDay":29,"avatarTitleTextMapHash":3265594242},"10000070":{"finishConds":[{"condType":"FETTER_COND_NOT_OPEN"}],"EBHPHHDNMOM":2492539114,"avatarNativeTextMapHash":2136998417,"avatarVisionAfterTextMapHash":2803900457,"avatarConstellationAfterTextMapHash":1572050475,"avatarVisionBeforTextMapHash":483165900,"cvKoreanTextMapHash":973556295,"avatarId":10000070,"avatarConstellationBeforTextMapHash":4233109642,"cvJapaneseTextMapHash":2850202184,"cvEnglishTextMapHash":578824684,"fetterId":70600,"avatarDetailTextMapHash":3517922962,"infoBirthMonth":12,"avatarAssocType":"ASSOC_TYPE_SUMERU","cvChineseTextMapHash":1034330350,"PJIIOILAEGO":250808280,"infoBirthDay":3,"avatarTitleTextMapHash":2558588218},"10000071":{"finishConds":[{"condType":"FETTER_COND_NOT_OPEN"}],"EBHPHHDNMOM":3352059562,"avatarNativeTextMapHash":1402968689,"avatarVisionAfterTextMapHash":2071410321,"avatarConstellationAfterTextMapHash":2791041171,"avatarVisionBeforTextMapHash":1072755468,"cvKoreanTextMapHash":917013751,"avatarId":10000071,"avatarConstellationBeforTextMapHash":2651954010,"cvJapaneseTextMapHash":4131341896,"cvEnglishTextMapHash":2600897892,"fetterId":71600,"avatarDetailTextMapHash":3565246018,"infoBirthMonth":6,"avatarAssocType":"ASSOC_TYPE_SUMERU","cvChineseTextMapHash":842028830,"PJIIOILAEGO":4060290960,"infoBirthDay":23,"avatarTitleTextMapHash":3695276266},"10000072":{"finishConds":[{"condType":"FETTER_COND_NOT_OPEN"}],"EBHPHHDNMOM":3328989922,"avatarNativeTextMapHash":1037867201,"avatarVisionAfterTextMapHash":2320032129,"avatarConstellationAfterTextMapHash":2228487675,"avatarVisionBeforTextMapHash":3228108484,"cvKoreanTextMapHash":2721876559,"avatarId":10000072,"avatarConstellationBeforTextMapHash":1078252442,"cvJapaneseTextMapHash":1004041320,"cvEnglishTextMapHash":2409911636,"fetterId":72600,"avatarDetailTextMapHash":1266475946,"infoBirthMonth":5,"avatarAssocType":"ASSOC_TYPE_SUMERU","cvChineseTextMapHash":1888280046,"PJIIOILAEGO":9996888,"infoBirthDay":3,"avatarTitleTextMapHash":260307914},"10000073":{"finishConds":[{"condType":"FETTER_COND_AVATAR_LEVEL","paramList":[1]}],"EBHPHHDNMOM":3517338538,"avatarNativeTextMapHash":1022176185,"avatarVisionAfterTextMapHash":2239640617,"avatarConstellationAfterTextMapHash":3999086403,"avatarVisionBeforTextMapHash":1847176908,"cvKoreanTextMapHash":4188248303,"avatarId":10000073,"avatarConstellationBeforTextMapHash":3107413186,"cvJapaneseTextMapHash":2973516840,"cvEnglishTextMapHash":2754808964,"fetterId":73600,"avatarDetailTextMapHash":2412105602,"infoBirthMonth":10,"avatarAssocType":"ASSOC_TYPE_SUMERU","cvChineseTextMapHash":552185750,"PJIIOILAEGO":1312247808,"infoBirthDay":27,"avatarTitleTextMapHash":1137340338},"10000074":{"finishConds":[{"condType":"FETTER_COND_NOT_OPEN"}],"EBHPHHDNMOM":16426098,"avatarNativeTextMapHash":329987473,"avatarVisionAfterTextMapHash":1278207713,"avatarConstellationAfterTextMapHash":2425662555,"avatarVisionBeforTextMapHash":3310700468,"cvKoreanTextMapHash":1396309311,"avatarId":10000074,"avatarConstellationBeforTextMapHash":4213464010,"cvJapaneseTextMapHash":3341347776,"cvEnglishTextMapHash":220491468,"fetterId":74600,"avatarDetailTextMapHash":2237383218,"infoBirthMonth":12,"avatarAssocType":"ASSOC_TYPE_SUMERU","cvChineseTextMapHash":2048973342,"PJIIOILAEGO":212707488,"infoBirthDay":19,"avatarTitleTextMapHash":3090378778},"10000075":{"finishConds":[{"condType":"FETTER_COND_NOT_OPEN"}],"EBHPHHDNMOM":3143560970,"avatarNativeTextMapHash":672517425,"avatarVisionAfterTextMapHash":581746209,"avatarConstellationAfterTextMapHash":1949628451,"avatarVisionBeforTextMapHash":2485715868,"cvKoreanTextMapHash":3493037495,"avatarId":10000075,"avatarConstellationBeforTextMapHash":2549749394,"cvJapaneseTextMapHash":3262932968,"cvEnglishTextMapHash":1920018716,"fetterId":75600,"avatarDetailTextMapHash":3954453410,"infoBirthMonth":1,"avatarAssocType":"ASSOC_TYPE_SUMERU","cvChineseTextMapHash":630337230,"PJIIOILAEGO":3137316592,"infoBirthDay":3,"avatarTitleTextMapHash":3790608850},"10000076":{"finishConds":[{"condType":"FETTER_COND_NOT_OPEN"}],"EBHPHHDNMOM":3249421794,"avatarNativeTextMapHash":218331129,"avatarVisionAfterTextMapHash":1557386273,"avatarConstellationAfterTextMapHash":3383210155,"avatarVisionBeforTextMapHash":296824772,"cvKoreanTextMapHash":1387966575,"avatarId":10000076,"avatarConstellationBeforTextMapHash":3178353930,"cvJapaneseTextMapHash":2248744704,"cvEnglishTextMapHash":2151331996,"fetterId":76600,"avatarDetailTextMapHash":3768390994,"infoBirthMonth":8,"avatarAssocType":"ASSOC_TYPE_SUMERU","cvChineseTextMapHash":2438790894,"PJIIOILAEGO":1757404288,"infoBirthDay":20,"avatarTitleTextMapHash":2857055778},"10000077":{"finishConds":[{"condType":"FETTER_COND_NOT_OPEN"}],"EBHPHHDNMOM":2178684362,"avatarNativeTextMapHash":3131758945,"avatarVisionAfterTextMapHash":47990377,"avatarConstellationAfterTextMapHash":3791803347,"avatarVisionBeforTextMapHash":2196844884,"cvKoreanTextMapHash":3944947359,"avatarId":10000077,"avatarConstellationBeforTextMapHash":2612702186,"cvJapaneseTextMapHash":4014441608,"cvEnglishTextMapHash":3003270908,"fetterId":77600,"avatarDetailTextMapHash":945268338,"infoBirthMonth":3,"avatarAssocType":"ASSOC_TYPE_LIYUE","cvChineseTextMapHash":1056737670,"PJIIOILAEGO":2528843464,"infoBirthDay":6,"avatarTitleTextMapHash":4049421714},"10000078":{"finishConds":[{"condType":"FETTER_COND_NOT_OPEN"}],"EBHPHHDNMOM":3853784290,"avatarNativeTextMapHash":1874945657,"avatarVisionAfterTextMapHash":2263146353,"avatarConstellationAfterTextMapHash":2757789923,"avatarVisionBeforTextMapHash":3790078868,"cvKoreanTextMapHash":1048768247,"avatarId":10000078,"avatarConstellationBeforTextMapHash":3211479602,"cvJapaneseTextMapHash":974189808,"cvEnglishTextMapHash":694204716,"fetterId":78600,"avatarDetailTextMapHash":1285637210,"infoBirthMonth":2,"avatarAssocType":"ASSOC_TYPE_SUMERU","cvChineseTextMapHash":2510192286,"PJIIOILAEGO":692510816,"infoBirthDay":11,"avatarTitleTextMapHash":1747432458},"10000079":{"finishConds":[{"condType":"FETTER_COND_NOT_OPEN"}],"EBHPHHDNMOM":4248163026,"avatarNativeTextMapHash":3915336713,"avatarVisionAfterTextMapHash":1476165449,"avatarConstellationAfterTextMapHash":3736403947,"avatarVisionBeforTextMapHash":1720193036,"cvKoreanTextMapHash":1226626351,"avatarId":10000079,"avatarConstellationBeforTextMapHash":2948453418,"cvJapaneseTextMapHash":3391811664,"cvEnglishTextMapHash":1147319956,"fetterId":79600,"avatarDetailTextMapHash":1487639730,"infoBirthMonth":4,"avatarAssocType":"ASSOC_TYPE_SUMERU","cvChineseTextMapHash":3954004070,"PJIIOILAEGO":3376736240,"infoBirthDay":7,"avatarTitleTextMapHash":1079010306},"10000080":{"finishConds":[{"condType":"FETTER_COND_NOT_OPEN"}],"EBHPHHDNMOM":1653115202,"avatarNativeTextMapHash":2043902721,"avatarVisionAfterTextMapHash":2722136921,"avatarConstellationAfterTextMapHash":1919959643,"avatarVisionBeforTextMapHash":1295625244,"cvKoreanTextMapHash":2410653255,"avatarId":10000080,"avatarConstellationBeforTextMapHash":792782874,"cvJapaneseTextMapHash":708799776,"cvEnglishTextMapHash":3060244500,"fetterId":80600,"avatarDetailTextMapHash":2734451114,"infoBirthMonth":8,"avatarAssocType":"ASSOC_TYPE_MONDSTADT","cvChineseTextMapHash":2995002326,"PJIIOILAEGO":1137105328,"infoBirthDay":11,"avatarTitleTextMapHash":3144322938},"10000081":{"finishConds":[{"condType":"FETTER_COND_NOT_OPEN"}],"EBHPHHDNMOM":4184135658,"avatarNativeTextMapHash":4196831209,"avatarVisionAfterTextMapHash":3685338753,"avatarConstellationAfterTextMapHash":2891336083,"avatarVisionBeforTextMapHash":2596397668,"cvKoreanTextMapHash":3452014007,"avatarId":10000081,"avatarConstellationBeforTextMapHash":1259949786,"cvJapaneseTextMapHash":1182342256,"cvEnglishTextMapHash":3769388124,"fetterId":81600,"avatarDetailTextMapHash":477218418,"infoBirthMonth":7,"avatarAssocType":"ASSOC_TYPE_SUMERU","cvChineseTextMapHash":1039834990,"PJIIOILAEGO":2841398600,"infoBirthDay":9,"avatarTitleTextMapHash":18885306},"10000082":{"finishConds":[{"condType":"FETTER_COND_NOT_OPEN"}],"EBHPHHDNMOM":1407699202,"avatarNativeTextMapHash":1371436473,"avatarVisionAfterTextMapHash":871804721,"avatarConstellationAfterTextMapHash":2368317523,"avatarVisionBeforTextMapHash":302902244,"cvKoreanTextMapHash":1270019695,"avatarId":10000082,"avatarConstellationBeforTextMapHash":1283071826,"cvJapaneseTextMapHash":3796478048,"cvEnglishTextMapHash":2052519700,"fetterId":82600,"avatarDetailTextMapHash":3584266538,"infoBirthMonth":4,"avatarAssocType":"ASSOC_TYPE_LIYUE","cvChineseTextMapHash":3018580542,"PJIIOILAEGO":3456405544,"infoBirthDay":25,"avatarTitleTextMapHash":3839498106},"10000083":{"finishConds":[{"condType":"FETTER_COND_NOT_OPEN"}],"EBHPHHDNMOM":1459554010,"avatarNativeTextMapHash":3277831097,"avatarVisionAfterTextMapHash":3381109377,"avatarConstellationAfterTextMapHash":3168848315,"avatarVisionBeforTextMapHash":2599845212,"cvKoreanTextMapHash":3864832511,"avatarId":10000083,"avatarConstellationBeforTextMapHash":42240306,"cvJapaneseTextMapHash":2470048296,"cvEnglishTextMapHash":3631211396,"fetterId":83600,"avatarDetailTextMapHash":2276870554,"infoBirthMonth":2,"avatarAssocType":"ASSOC_TYPE_FONTAINE","cvChineseTextMapHash":851990838,"PJIIOILAEGO":1683986536,"infoBirthDay":2,"avatarTitleTextMapHash":1033214146},"10000084":{"finishConds":[{"condType":"FETTER_COND_NOT_OPEN"}],"EBHPHHDNMOM":1469023698,"avatarNativeTextMapHash":3391825985,"avatarVisionAfterTextMapHash":2945525681,"avatarConstellationAfterTextMapHash":2706910523,"avatarVisionBeforTextMapHash":413121884,"cvKoreanTextMapHash":3914694959,"avatarId":10000084,"avatarConstellationBeforTextMapHash":2699749050,"cvJapaneseTextMapHash":587136824,"cvEnglishTextMapHash":1578016860,"fetterId":84600,"avatarDetailTextMapHash":3474221690,"infoBirthMonth":2,"avatarAssocType":"ASSOC_TYPE_FONTAINE","cvChineseTextMapHash":4146533574,"PJIIOILAEGO":3531058904,"infoBirthDay":2,"avatarTitleTextMapHash":1298389802},"10000085":{"finishConds":[{"condType":"FETTER_COND_NOT_OPEN"}],"EBHPHHDNMOM":4000601530,"avatarNativeTextMapHash":2748698681,"avatarVisionAfterTextMapHash":1041387777,"avatarConstellationAfterTextMapHash":3879680403,"avatarVisionBeforTextMapHash":2379581852,"cvKoreanTextMapHash":404035207,"avatarId":10000085,"avatarConstellationBeforTextMapHash":850970138,"cvJapaneseTextMapHash":558999088,"cvEnglishTextMapHash":2819256924,"fetterId":85600,"avatarDetailTextMapHash":2878178530,"infoBirthMonth":9,"avatarAssocType":"ASSOC_TYPE_FONTAINE","cvChineseTextMapHash":1748342318,"PJIIOILAEGO":1277702200,"infoBirthDay":24,"avatarTitleTextMapHash":3824251530},"10000086":{"finishConds":[{"condType":"FETTER_COND_NOT_OPEN"}],"EBHPHHDNMOM":639897322,"avatarNativeTextMapHash":2159068001,"avatarVisionAfterTextMapHash":2362211441,"avatarConstellationAfterTextMapHash":1410843219,"avatarVisionBeforTextMapHash":5532,"cvKoreanTextMapHash":2957578959,"avatarId":10000086,"avatarConstellationBeforTextMapHash":1541133810,"cvJapaneseTextMapHash":136095792,"cvEnglishTextMapHash":2090362484,"fetterId":86600,"avatarDetailTextMapHash":1595742610,"infoBirthMonth":11,"avatarAssocType":"ASSOC_TYPE_FONTAINE","cvChineseTextMapHash":4018002582,"PJIIOILAEGO":199541904,"infoBirthDay":23,"avatarTitleTextMapHash":1614804522},"10000087":{"finishConds":[{"condType":"FETTER_COND_FINISH_QUEST","paramList":[401906]}],"EBHPHHDNMOM":923454994,"avatarNativeTextMapHash":1846030865,"avatarVisionAfterTextMapHash":2047555449,"avatarConstellationAfterTextMapHash":1525610219,"avatarVisionBeforTextMapHash":524891220,"cvKoreanTextMapHash":706784415,"avatarId":10000087,"avatarConstellationBeforTextMapHash":3286900818,"cvJapaneseTextMapHash":4115082936,"cvEnglishTextMapHash":1370771460,"fetterId":87600,"avatarDetailTextMapHash":3392552986,"infoBirthMonth":12,"avatarAssocType":"ASSOC_TYPE_FONTAINE","cvChineseTextMapHash":766917302,"PJIIOILAEGO":4194541152,"infoBirthDay":18,"avatarTitleTextMapHash":129466210},"10000088":{"finishConds":[{"condType":"FETTER_COND_NOT_OPEN"}],"EBHPHHDNMOM":1444268562,"avatarNativeTextMapHash":913098609,"avatarVisionAfterTextMapHash":53003825,"avatarConstellationAfterTextMapHash":1158593283,"avatarVisionBeforTextMapHash":1758361724,"cvKoreanTextMapHash":1455505759,"avatarId":10000088,"avatarConstellationBeforTextMapHash":2161973858,"cvJapaneseTextMapHash":2509122128,"cvEnglishTextMapHash":1141696676,"fetterId":88600,"avatarDetailTextMapHash":3083904506,"infoBirthMonth":4,"avatarAssocType":"ASSOC_TYPE_FONTAINE","cvChineseTextMapHash":2958650934,"PJIIOILAEGO":1518900080,"infoBirthDay":10,"avatarTitleTextMapHash":1693018890},"10000089":{"finishConds":[{"condType":"FETTER_COND_FINISH_QUEST","paramList":[1401209]}],"EBHPHHDNMOM":1691740442,"avatarNativeTextMapHash":2156420105,"avatarVisionAfterTextMapHash":1807841793,"avatarConstellationAfterTextMapHash":353431851,"avatarVisionBeforTextMapHash":362824036,"cvKoreanTextMapHash":707842223,"avatarId":10000089,"avatarConstellationBeforTextMapHash":3172443770,"cvJapaneseTextMapHash":1022992704,"cvEnglishTextMapHash":1880686964,"fetterId":89600,"avatarDetailTextMapHash":3897247930,"infoBirthMonth":10,"avatarAssocType":"ASSOC_TYPE_FONTAINE","cvChineseTextMapHash":2843738366,"PJIIOILAEGO":3440757512,"infoBirthDay":13,"avatarTitleTextMapHash":1998143314},"10000090":{"finishConds":[{"condType":"FETTER_COND_NOT_OPEN"}],"EBHPHHDNMOM":1556313954,"avatarNativeTextMapHash":1786148945,"avatarVisionAfterTextMapHash":1630200041,"avatarConstellationAfterTextMapHash":2534594635,"avatarVisionBeforTextMapHash":1477821100,"cvKoreanTextMapHash":411130439,"avatarId":10000090,"avatarConstellationBeforTextMapHash":2735454538,"cvJapaneseTextMapHash":3694319824,"cvEnglishTextMapHash":3057584764,"fetterId":90600,"avatarDetailTextMapHash":3863752658,"infoBirthMonth":1,"avatarAssocType":"ASSOC_TYPE_FONTAINE","cvChineseTextMapHash":4079209518,"PJIIOILAEGO":2325357464,"infoBirthDay":10,"avatarTitleTextMapHash":2576986026},"10000091":{"finishConds":[{"condType":"FETTER_COND_NOT_OPEN"}],"EBHPHHDNMOM":3524742858,"avatarNativeTextMapHash":1823436737,"avatarVisionAfterTextMapHash":2666130449,"avatarConstellationAfterTextMapHash":2497274579,"avatarVisionBeforTextMapHash":187624284,"cvKoreanTextMapHash":2718641023,"avatarId":10000091,"avatarConstellationBeforTextMapHash":785421794,"cvJapaneseTextMapHash":495098840,"cvEnglishTextMapHash":1777724812,"fetterId":91600,"avatarDetailTextMapHash":3521032186,"infoBirthMonth":8,"avatarAssocType":"ASSOC_TYPE_FONTAINE","cvChineseTextMapHash":761553894,"PJIIOILAEGO":3074822128,"infoBirthDay":16,"avatarTitleTextMapHash":2673266866},"10000092":{"finishConds":[{"condType":"FETTER_COND_NOT_OPEN"}],"EBHPHHDNMOM":3902984946,"avatarNativeTextMapHash":106208633,"avatarVisionAfterTextMapHash":1968852865,"avatarConstellationAfterTextMapHash":2335932723,"avatarVisionBeforTextMapHash":975256724,"cvKoreanTextMapHash":2289102503,"avatarId":10000092,"avatarConstellationBeforTextMapHash":2892332658,"cvJapaneseTextMapHash":1786130768,"cvEnglishTextMapHash":3062577956,"fetterId":92600,"avatarDetailTextMapHash":2194925506,"infoBirthMonth":12,"avatarAssocType":"ASSOC_TYPE_LIYUE","cvChineseTextMapHash":181948150,"PJIIOILAEGO":3803067480,"infoBirthDay":22,"avatarTitleTextMapHash":366162906},"10000093":{"finishConds":[{"condType":"FETTER_COND_NOT_OPEN"}],"EBHPHHDNMOM":3914774458,"avatarNativeTextMapHash":3322899601,"avatarVisionAfterTextMapHash":866860777,"avatarConstellationAfterTextMapHash":2715194347,"avatarVisionBeforTextMapHash":858902540,"cvKoreanTextMapHash":1979587887,"avatarId":10000093,"avatarConstellationBeforTextMapHash":2514371570,"cvJapaneseTextMapHash":735775416,"cvEnglishTextMapHash":1677629420,"fetterId":93600,"avatarDetailTextMapHash":2183158842,"infoBirthMonth":4,"avatarAssocType":"ASSOC_TYPE_LIYUE","cvChineseTextMapHash":1301612494,"PJIIOILAEGO":1535960648,"infoBirthDay":11,"avatarTitleTextMapHash":952438522},"10000094":{"finishConds":[{"condType":"FETTER_COND_NOT_OPEN"}],"EBHPHHDNMOM":4165422570,"avatarNativeTextMapHash":375107489,"avatarVisionAfterTextMapHash":1498774393,"avatarConstellationAfterTextMapHash":1943153363,"avatarVisionBeforTextMapHash":2419273932,"cvKoreanTextMapHash":2285185639,"avatarId":10000094,"avatarConstellationBeforTextMapHash":3871564042,"cvJapaneseTextMapHash":568431904,"cvEnglishTextMapHash":424333836,"fetterId":94600,"avatarDetailTextMapHash":2527476874,"infoBirthMonth":8,"avatarAssocType":"ASSOC_TYPE_INAZUMA","cvChineseTextMapHash":1629902998,"PJIIOILAEGO":50126800,"infoBirthDay":17,"avatarTitleTextMapHash":2878325034},"10000095":{"finishConds":[{"condType":"FETTER_COND_NOT_OPEN"}],"EBHPHHDNMOM":3333864666,"avatarNativeTextMapHash":3925829369,"avatarVisionAfterTextMapHash":2903027681,"avatarConstellationAfterTextMapHash":3189828299,"avatarVisionBeforTextMapHash":983257612,"cvKoreanTextMapHash":3151665055,"avatarId":10000095,"avatarConstellationBeforTextMapHash":3701764290,"cvJapaneseTextMapHash":2304189064,"cvEnglishTextMapHash":1963995292,"fetterId":95600,"avatarDetailTextMapHash":2479226994,"infoBirthMonth":3,"avatarAssocType":"ASSOC_TYPE_FONTAINE","cvChineseTextMapHash":359358342,"PJIIOILAEGO":3836656216,"infoBirthDay":30,"avatarTitleTextMapHash":1006607674},"10000096":{"finishConds":[{"condType":"FETTER_COND_NOT_OPEN"}],"EBHPHHDNMOM":2693433394,"avatarNativeTextMapHash":2994119017,"avatarVisionAfterTextMapHash":2406162233,"avatarConstellationAfterTextMapHash":4179232251,"avatarVisionBeforTextMapHash":1907938868,"cvKoreanTextMapHash":3511245199,"avatarId":10000096,"avatarConstellationBeforTextMapHash":3841193010,"cvJapaneseTextMapHash":1567433064,"cvEnglishTextMapHash":2075602708,"fetterId":96600,"avatarDetailTextMapHash":348922594,"infoBirthMonth":8,"avatarAssocType":"ASSOC_TYPE_FATUI","cvChineseTextMapHash":1652820710,"PJIIOILAEGO":3058838936,"infoBirthDay":22,"avatarTitleTextMapHash":3049476050},"10000097":{"finishConds":[{"condType":"FETTER_COND_NOT_OPEN"}],"EBHPHHDNMOM":1754144722,"avatarNativeTextMapHash":1710166889,"avatarVisionAfterTextMapHash":1871299457,"avatarConstellationAfterTextMapHash":2612091683,"avatarVisionBeforTextMapHash":900309572,"cvKoreanTextMapHash":1196056023,"avatarId":10000097,"avatarConstellationBeforTextMapHash":1839324786,"cvJapaneseTextMapHash":3594367112,"cvEnglishTextMapHash":2882742516,"fetterId":97600,"avatarDetailTextMapHash":711156994,"infoBirthMonth":5,"avatarAssocType":"ASSOC_TYPE_SUMERU","cvChineseTextMapHash":82089862,"PJIIOILAEGO":3834202824,"infoBirthDay":31,"avatarTitleTextMapHash":592620818},"10000098":{"finishConds":[{"condType":"FETTER_COND_NOT_OPEN"}],"EBHPHHDNMOM":3459897962,"avatarNativeTextMapHash":2861834945,"avatarVisionAfterTextMapHash":2806305897,"avatarConstellationAfterTextMapHash":2939709451,"avatarVisionBeforTextMapHash":2108312900,"cvKoreanTextMapHash":4045049935,"avatarId":10000098,"avatarConstellationBeforTextMapHash":3930517194,"cvJapaneseTextMapHash":272520760,"cvEnglishTextMapHash":1989528772,"fetterId":98600,"avatarDetailTextMapHash":3607804282,"infoBirthMonth":9,"avatarAssocType":"ASSOC_TYPE_FONTAINE","cvChineseTextMapHash":2586835014,"PJIIOILAEGO":3371371960,"infoBirthDay":20,"avatarTitleTextMapHash":2204666066},"10000099":{"finishConds":[{"condType":"FETTER_COND_NOT_OPEN"}],"EBHPHHDNMOM":4067189458,"avatarNativeTextMapHash":2828545913,"avatarVisionAfterTextMapHash":2947626321,"avatarConstellationAfterTextMapHash":3931455107,"avatarVisionBeforTextMapHash":2804230420,"cvKoreanTextMapHash":456694311,"avatarId":10000099,"avatarConstellationBeforTextMapHash":2104011930,"cvJapaneseTextMapHash":231062432,"cvEnglishTextMapHash":897115332,"fetterId":99600,"avatarDetailTextMapHash":2872568882,"infoBirthMonth":9,"avatarAssocType":"ASSOC_TYPE_FONTAINE","cvChineseTextMapHash":282347454,"PJIIOILAEGO":85578912,"infoBirthDay":22,"avatarTitleTextMapHash":1620786530},"10000100":{"finishConds":[{"condType":"FETTER_COND_NOT_OPEN"}],"EBHPHHDNMOM":2771711746,"avatarNativeTextMapHash":3433906857,"avatarVisionAfterTextMapHash":4075572745,"avatarConstellationAfterTextMapHash":1780832827,"avatarVisionBeforTextMapHash":4192242524,"cvKoreanTextMapHash":170086711,"avatarId":10000100,"avatarConstellationBeforTextMapHash":3428238274,"cvJapaneseTextMapHash":1626605240,"cvEnglishTextMapHash":3925412220,"fetterId":100600,"avatarDetailTextMapHash":2925574410,"infoBirthMonth":4,"avatarAssocType":"ASSOC_TYPE_NATLAN","cvChineseTextMapHash":263322214,"PJIIOILAEGO":683402632,"infoBirthDay":22,"avatarTitleTextMapHash":1166581626},"10000101":{"finishConds":[{"condType":"FETTER_COND_NOT_OPEN"}],"EBHPHHDNMOM":2677436274,"avatarNativeTextMapHash":557952857,"avatarVisionAfterTextMapHash":2844141721,"avatarConstellationAfterTextMapHash":2165924603,"avatarVisionBeforTextMapHash":4017294372,"cvKoreanTextMapHash":1131585071,"avatarId":10000101,"avatarConstellationBeforTextMapHash":988403722,"cvJapaneseTextMapHash":1779921144,"cvEnglishTextMapHash":2964567508,"fetterId":101600,"avatarDetailTextMapHash":3369230146,"infoBirthMonth":11,"avatarAssocType":"ASSOC_TYPE_NATLAN","cvChineseTextMapHash":2755062638,"PJIIOILAEGO":2523254848,"infoBirthDay":11,"avatarTitleTextMapHash":3971938690},"10000102":{"finishConds":[{"condType":"FETTER_COND_NOT_OPEN"}],"EBHPHHDNMOM":1683191338,"avatarNativeTextMapHash":1364505833,"avatarVisionAfterTextMapHash":4155919881,"avatarConstellationAfterTextMapHash":1810481299,"avatarVisionBeforTextMapHash":3641438436,"cvKoreanTextMapHash":2129865799,"avatarId":10000102,"avatarConstellationBeforTextMapHash":1420048706,"cvJapaneseTextMapHash":2264155976,"cvEnglishTextMapHash":628204340,"fetterId":102600,"avatarDetailTextMapHash":1660843154,"infoBirthMonth":8,"avatarAssocType":"ASSOC_TYPE_NATLAN","cvChineseTextMapHash":3003373510,"PJIIOILAEGO":2882362064,"infoBirthDay":3,"avatarTitleTextMapHash":2563734330},"10000103":{"finishConds":[{"condType":"FETTER_COND_NOT_OPEN"}],"EBHPHHDNMOM":1600272306,"avatarNativeTextMapHash":1594604353,"avatarVisionAfterTextMapHash":382790393,"avatarConstellationAfterTextMapHash":1052651387,"avatarVisionBeforTextMapHash":2562917996,"cvKoreanTextMapHash":2547915031,"avatarId":10000103,"avatarConstellationBeforTextMapHash":2486497690,"cvJapaneseTextMapHash":3159132600,"cvEnglishTextMapHash":2906546108,"fetterId":103600,"avatarDetailTextMapHash":4022124610,"infoBirthMonth":3,"avatarAssocType":"ASSOC_TYPE_NATLAN","cvChineseTextMapHash":186110470,"PJIIOILAEGO":88716568,"infoBirthDay":13,"avatarTitleTextMapHash":2460167938},"10000104":{"finishConds":[{"condType":"FETTER_COND_NOT_OPEN"}],"EBHPHHDNMOM":3928669946,"avatarNativeTextMapHash":2904125249,"avatarVisionAfterTextMapHash":3268500913,"avatarConstellationAfterTextMapHash":637855979,"avatarVisionBeforTextMapHash":3301337964,"cvKoreanTextMapHash":2458840319,"avatarId":10000104,"avatarConstellationBeforTextMapHash":982412122,"cvJapaneseTextMapHash":556754784,"cvEnglishTextMapHash":1664231228,"fetterId":104600,"avatarDetailTextMapHash":3450775346,"infoBirthMonth":12,"avatarAssocType":"ASSOC_TYPE_NATLAN","cvChineseTextMapHash":2822410766,"PJIIOILAEGO":3622492408,"infoBirthDay":10,"avatarTitleTextMapHash":2916137698},"10000105":{"finishConds":[{"condType":"FETTER_COND_NOT_OPEN"}],"EBHPHHDNMOM":3029225914,"avatarNativeTextMapHash":631478041,"avatarVisionAfterTextMapHash":1635725553,"avatarConstellationAfterTextMapHash":3497113075,"avatarVisionBeforTextMapHash":3815486868,"cvKoreanTextMapHash":3743111807,"avatarId":10000105,"avatarConstellationBeforTextMapHash":668620602,"cvJapaneseTextMapHash":2952721336,"cvEnglishTextMapHash":1100663972,"fetterId":105600,"avatarDetailTextMapHash":3439538554,"infoBirthMonth":10,"avatarAssocType":"ASSOC_TYPE_NATLAN","cvChineseTextMapHash":1254565214,"PJIIOILAEGO":1734399080,"infoBirthDay":14,"avatarTitleTextMapHash":366462682},"10000106":{"finishConds":[{"condType":"FETTER_COND_AVATAR_LEVEL","paramList":[1]}],"EBHPHHDNMOM":979227458,"avatarNativeTextMapHash":3361225089,"avatarVisionAfterTextMapHash":1634984881,"avatarConstellationAfterTextMapHash":2790655171,"avatarVisionBeforTextMapHash":3442020340,"cvKoreanTextMapHash":1119355031,"avatarId":10000106,"avatarConstellationBeforTextMapHash":1777699098,"cvJapaneseTextMapHash":2917049344,"cvEnglishTextMapHash":873211772,"fetterId":106600,"avatarDetailTextMapHash":4097326562,"infoBirthMonth":8,"avatarAssocType":"ASSOC_TYPE_NATLAN","cvChineseTextMapHash":2525304958,"PJIIOILAEGO":4211000096,"infoBirthDay":28,"avatarTitleTextMapHash":1608133898},"10000107":{"finishConds":[{"condType":"FETTER_COND_NOT_OPEN"}],"EBHPHHDNMOM":2488090346,"avatarNativeTextMapHash":2330126089,"avatarVisionAfterTextMapHash":3582166713,"avatarConstellationAfterTextMapHash":2654312107,"avatarVisionBeforTextMapHash":1816872948,"cvKoreanTextMapHash":3518839375,"avatarId":10000107,"avatarConstellationBeforTextMapHash":3615626690,"cvJapaneseTextMapHash":2019951128,"cvEnglishTextMapHash":3619527332,"fetterId":107600,"avatarDetailTextMapHash":1231799066,"infoBirthMonth":1,"avatarAssocType":"ASSOC_TYPE_NATLAN","cvChineseTextMapHash":2476339910,"PJIIOILAEGO":1189881960,"infoBirthDay":20,"avatarTitleTextMapHash":3813204770},"10000108":{"finishConds":[{"condType":"FETTER_COND_NOT_OPEN"}],"EBHPHHDNMOM":3476144186,"avatarNativeTextMapHash":1939124825,"avatarVisionAfterTextMapHash":3266936817,"avatarConstellationAfterTextMapHash":2916764451,"avatarVisionBeforTextMapHash":2337532700,"cvKoreanTextMapHash":2044282879,"avatarId":10000108,"avatarConstellationBeforTextMapHash":3069807770,"cvJapaneseTextMapHash":854513424,"cvEnglishTextMapHash":3481117684,"fetterId":108600,"avatarDetailTextMapHash":3668244122,"infoBirthMonth":1,"avatarAssocType":"ASSOC_TYPE_LIYUE","cvChineseTextMapHash":2080597766,"PJIIOILAEGO":2223359552,"infoBirthDay":6,"avatarTitleTextMapHash":4148362698},"10000109":{"finishConds":[{"condType":"FETTER_COND_NOT_OPEN"}],"EBHPHHDNMOM":2007268002,"avatarNativeTextMapHash":2061366433,"avatarVisionAfterTextMapHash":3987863545,"avatarConstellationAfterTextMapHash":3316983043,"avatarVisionBeforTextMapHash":2671871612,"cvKoreanTextMapHash":1484333527,"avatarId":10000109,"avatarConstellationBeforTextMapHash":4283134666,"cvJapaneseTextMapHash":2631874048,"cvEnglishTextMapHash":2972007676,"fetterId":109600,"avatarDetailTextMapHash":4065950234,"infoBirthMonth":3,"avatarAssocType":"ASSOC_TYPE_INAZUMA","cvChineseTextMapHash":4235862974,"PJIIOILAEGO":1604432136,"infoBirthDay":16,"avatarTitleTextMapHash":2118175218},"10000110":{"finishConds":[{"condType":"FETTER_COND_NOT_OPEN"}],"EBHPHHDNMOM":1564890530,"avatarNativeTextMapHash":712445497,"avatarVisionAfterTextMapHash":3709904609,"avatarConstellationAfterTextMapHash":1944146987,"avatarVisionBeforTextMapHash":3188129380,"cvKoreanTextMapHash":1862429431,"avatarId":10000110,"avatarConstellationBeforTextMapHash":3386730066,"cvJapaneseTextMapHash":3617635968,"cvEnglishTextMapHash":3732022164,"fetterId":110600,"avatarDetailTextMapHash":399097210,"infoBirthMonth":8,"avatarAssocType":"ASSOC_TYPE_NATLAN","cvChineseTextMapHash":439315550,"PJIIOILAEGO":3930605488,"infoBirthDay":8,"avatarTitleTextMapHash":3782130778},"10000111":{"finishConds":[{"condType":"FETTER_COND_NOT_OPEN"}],"EBHPHHDNMOM":385637114,"avatarNativeTextMapHash":3124521081,"avatarVisionAfterTextMapHash":2427252393,"avatarConstellationAfterTextMapHash":3858465163,"avatarVisionBeforTextMapHash":51054212,"cvKoreanTextMapHash":706346975,"avatarId":10000111,"avatarConstellationBeforTextMapHash":1762577026,"cvJapaneseTextMapHash":1572196464,"cvEnglishTextMapHash":130095036,"fetterId":111600,"avatarDetailTextMapHash":1394567898,"infoBirthMonth":11,"avatarAssocType":"ASSOC_TYPE_NATLAN","cvChineseTextMapHash":3467789342,"PJIIOILAEGO":1173648904,"infoBirthDay":15,"avatarTitleTextMapHash":32582546}}