{"1":{"AJFEJFNMCKP":"PROFILE_PICTURE_UNLOCK_BY_AVATAR","iconPath":"UI_AvatarIcon_PlayerBoy_Circle","id":1,"KFLKNHLLDJA":false,"nameTextMapHash":3604285884,"priority":1,"unlockDescTextMapHash":543619816,"unlockParam":10000005},"2":{"AJFEJFNMCKP":"PROFILE_PICTURE_UNLOCK_BY_AVATAR","iconPath":"UI_AvatarIcon_PlayerGirl_Circle","id":2,"KFLKNHLLDJA":false,"nameTextMapHash":271219620,"priority":2,"unlockDescTextMapHash":2514279032,"unlockParam":10000007},"100":{"AJFEJFNMCKP":"PROFILE_PICTURE_UNLOCK_BY_AVATAR","iconPath":"UI_AvatarIcon_Ambor_Circle","id":100,"KFLKNHLLDJA":false,"nameTextMapHash":4129650764,"priority":100,"unlockDescTextMapHash":2246717288,"unlockParam":10000021},"101":{"AJFEJFNMCKP":"PROFILE_PICTURE_UNLOCK_BY_COSTUME","iconPath":"UI_AvatarIcon_AmborCostumeWic_Circle","id":101,"KFLKNHLLDJA":false,"nameTextMapHash":4011886236,"priority":101,"unlockDescTextMapHash":116570704,"unlockParam":202101},"200":{"AJFEJFNMCKP":"PROFILE_PICTURE_UNLOCK_BY_AVATAR","iconPath":"UI_AvatarIcon_Kaeya_Circle","id":200,"KFLKNHLLDJA":false,"nameTextMapHash":4198292852,"priority":200,"unlockDescTextMapHash":2425989984,"unlockParam":10000015},"201":{"AJFEJFNMCKP":"PROFILE_PICTURE_UNLOCK_BY_COSTUME","iconPath":"UI_AvatarIcon_KaeyaCostumeDancer_Circle","id":201,"KFLKNHLLDJA":false,"nameTextMapHash":2326024484,"priority":201,"unlockDescTextMapHash":1016765560,"unlockParam":201501},"300":{"AJFEJFNMCKP":"PROFILE_PICTURE_UNLOCK_BY_AVATAR","iconPath":"UI_AvatarIcon_Lisa_Circle","id":300,"KFLKNHLLDJA":false,"nameTextMapHash":1430880228,"priority":300,"unlockDescTextMapHash":2240645968,"unlockParam":10000006},"301":{"AJFEJFNMCKP":"PROFILE_PICTURE_UNLOCK_BY_COSTUME","iconPath":"UI_AvatarIcon_LisaCostumeStudentin_Circle","id":301,"KFLKNHLLDJA":false,"nameTextMapHash":1999891572,"priority":301,"unlockDescTextMapHash":3170653136,"unlockParam":200601},"400":{"AJFEJFNMCKP":"PROFILE_PICTURE_UNLOCK_BY_AVATAR","iconPath":"UI_AvatarIcon_Barbara_Circle","id":400,"KFLKNHLLDJA":false,"nameTextMapHash":1760985308,"priority":400,"unlockDescTextMapHash":168604440,"unlockParam":10000014},"401":{"AJFEJFNMCKP":"PROFILE_PICTURE_UNLOCK_BY_COSTUME","iconPath":"UI_AvatarIcon_BarbaraCostumeSummertime_Circle","id":401,"KFLKNHLLDJA":false,"nameTextMapHash":2943208916,"priority":401,"unlockDescTextMapHash":8171504,"unlockParam":201401},"500":{"AJFEJFNMCKP":"PROFILE_PICTURE_UNLOCK_BY_AVATAR","iconPath":"UI_AvatarIcon_Razor_Circle","id":500,"KFLKNHLLDJA":false,"nameTextMapHash":1324426164,"priority":500,"unlockDescTextMapHash":3642256208,"unlockParam":10000020},"600":{"AJFEJFNMCKP":"PROFILE_PICTURE_UNLOCK_BY_AVATAR","iconPath":"UI_AvatarIcon_Xiangling_Circle","id":600,"KFLKNHLLDJA":false,"nameTextMapHash":2206393084,"priority":600,"unlockDescTextMapHash":1987741280,"unlockParam":10000023},"601":{"AJFEJFNMCKP":"PROFILE_PICTURE_UNLOCK_BY_COSTUME","iconPath":"UI_AvatarIcon_XianglingCostumeWinter_Circle","id":601,"KFLKNHLLDJA":false,"nameTextMapHash":1178901364,"priority":601,"unlockDescTextMapHash":2210092032,"unlockParam":202301},"700":{"AJFEJFNMCKP":"PROFILE_PICTURE_UNLOCK_BY_AVATAR","iconPath":"UI_AvatarIcon_Beidou_Circle","id":700,"KFLKNHLLDJA":false,"nameTextMapHash":2755210500,"priority":700,"unlockDescTextMapHash":1734495304,"unlockParam":10000024},"800":{"AJFEJFNMCKP":"PROFILE_PICTURE_UNLOCK_BY_AVATAR","iconPath":"UI_AvatarIcon_Xingqiu_Circle","id":800,"KFLKNHLLDJA":false,"nameTextMapHash":2904405116,"priority":800,"unlockDescTextMapHash":941324232,"unlockParam":10000025},"801":{"AJFEJFNMCKP":"PROFILE_PICTURE_UNLOCK_BY_COSTUME","iconPath":"UI_AvatarIcon_XingqiuCostumeBamboo_Circle","id":801,"KFLKNHLLDJA":false,"nameTextMapHash":2018771404,"priority":801,"unlockDescTextMapHash":872659400,"unlockParam":202501},"900":{"AJFEJFNMCKP":"PROFILE_PICTURE_UNLOCK_BY_AVATAR","iconPath":"UI_AvatarIcon_Ningguang_Circle","id":900,"KFLKNHLLDJA":false,"nameTextMapHash":3467578556,"priority":900,"unlockDescTextMapHash":2506478888,"unlockParam":10000027},"901":{"AJFEJFNMCKP":"PROFILE_PICTURE_UNLOCK_BY_COSTUME","iconPath":"UI_AvatarIcon_NingguangCostumeFloral_Circle","id":901,"KFLKNHLLDJA":false,"nameTextMapHash":3049375396,"priority":901,"unlockDescTextMapHash":2605395216,"unlockParam":202701},"1000":{"AJFEJFNMCKP":"PROFILE_PICTURE_UNLOCK_BY_AVATAR","iconPath":"UI_AvatarIcon_Fischl_Circle","id":1000,"KFLKNHLLDJA":false,"nameTextMapHash":2448248284,"priority":1000,"unlockDescTextMapHash":3026305080,"unlockParam":10000031},"1001":{"AJFEJFNMCKP":"PROFILE_PICTURE_UNLOCK_BY_COSTUME","iconPath":"UI_AvatarIcon_FischlCostumeHighness_Circle","id":1001,"KFLKNHLLDJA":false,"nameTextMapHash":1161026004,"priority":1001,"unlockDescTextMapHash":993391784,"unlockParam":203101},"1100":{"AJFEJFNMCKP":"PROFILE_PICTURE_UNLOCK_BY_AVATAR","iconPath":"UI_AvatarIcon_Bennett_Circle","id":1100,"KFLKNHLLDJA":false,"nameTextMapHash":3881895660,"priority":1100,"unlockDescTextMapHash":3179684720,"unlockParam":10000032},"1101":{"AJFEJFNMCKP":"PROFILE_PICTURE_UNLOCK_BY_COSTUME","iconPath":"UI_AvatarIcon_BennettCostumeSummer_Circle","id":1101,"KFLKNHLLDJA":false,"nameTextMapHash":2809278668,"priority":1101,"unlockDescTextMapHash":1198990800,"unlockParam":203201},"1200":{"AJFEJFNMCKP":"PROFILE_PICTURE_UNLOCK_BY_AVATAR","iconPath":"UI_AvatarIcon_Noel_Circle","id":1200,"KFLKNHLLDJA":false,"nameTextMapHash":2140800276,"priority":1200,"unlockDescTextMapHash":1655744480,"unlockParam":10000034},"1300":{"AJFEJFNMCKP":"PROFILE_PICTURE_UNLOCK_BY_AVATAR","iconPath":"UI_AvatarIcon_Chongyun_Circle","id":1300,"KFLKNHLLDJA":false,"nameTextMapHash":1589080740,"priority":1300,"unlockDescTextMapHash":2659276544,"unlockParam":10000036},"1400":{"AJFEJFNMCKP":"PROFILE_PICTURE_UNLOCK_BY_AVATAR","iconPath":"UI_AvatarIcon_Sucrose_Circle","id":1400,"KFLKNHLLDJA":false,"nameTextMapHash":3451600692,"priority":1400,"unlockDescTextMapHash":3886160128,"unlockParam":10000043},"1500":{"AJFEJFNMCKP":"PROFILE_PICTURE_UNLOCK_BY_AVATAR","iconPath":"UI_AvatarIcon_Qin_Circle","id":1500,"KFLKNHLLDJA":false,"nameTextMapHash":3076704084,"priority":1500,"unlockDescTextMapHash":3092279992,"unlockParam":10000003},"1501":{"AJFEJFNMCKP":"PROFILE_PICTURE_UNLOCK_BY_COSTUME","iconPath":"UI_AvatarIcon_QinCostumeWic_Circle","id":1501,"KFLKNHLLDJA":false,"nameTextMapHash":1385160708,"priority":1501,"unlockDescTextMapHash":3170710584,"unlockParam":200302},"1502":{"AJFEJFNMCKP":"PROFILE_PICTURE_UNLOCK_BY_COSTUME","iconPath":"UI_AvatarIcon_QinCostumeSea_Circle","id":1502,"KFLKNHLLDJA":false,"nameTextMapHash":106642220,"priority":1502,"unlockDescTextMapHash":1918582192,"unlockParam":200301},"1600":{"AJFEJFNMCKP":"PROFILE_PICTURE_UNLOCK_BY_AVATAR","iconPath":"UI_AvatarIcon_Diluc_Circle","id":1600,"KFLKNHLLDJA":false,"nameTextMapHash":2487288620,"priority":1600,"unlockDescTextMapHash":539157752,"unlockParam":10000016},"1601":{"AJFEJFNMCKP":"PROFILE_PICTURE_UNLOCK_BY_COSTUME","iconPath":"UI_AvatarIcon_DilucCostumeFlamme_Circle","id":1601,"KFLKNHLLDJA":false,"nameTextMapHash":2579470204,"priority":1601,"unlockDescTextMapHash":851927168,"unlockParam":201601},"1700":{"AJFEJFNMCKP":"PROFILE_PICTURE_UNLOCK_BY_AVATAR","iconPath":"UI_AvatarIcon_Qiqi_Circle","id":1700,"KFLKNHLLDJA":false,"nameTextMapHash":1651684028,"priority":1700,"unlockDescTextMapHash":2646952328,"unlockParam":10000035},"1800":{"AJFEJFNMCKP":"PROFILE_PICTURE_UNLOCK_BY_AVATAR","iconPath":"UI_AvatarIcon_Mona_Circle","id":1800,"KFLKNHLLDJA":false,"nameTextMapHash":580553172,"priority":1800,"unlockDescTextMapHash":2990559472,"unlockParam":10000041},"1801":{"AJFEJFNMCKP":"PROFILE_PICTURE_UNLOCK_BY_COSTUME","iconPath":"UI_AvatarIcon_MonaCostumeWic_Circle","id":1801,"KFLKNHLLDJA":false,"nameTextMapHash":1859247892,"priority":1801,"unlockDescTextMapHash":1302974952,"unlockParam":204101},"1900":{"AJFEJFNMCKP":"PROFILE_PICTURE_UNLOCK_BY_AVATAR","iconPath":"UI_AvatarIcon_Keqing_Circle","id":1900,"KFLKNHLLDJA":false,"nameTextMapHash":2904482116,"priority":1900,"unlockDescTextMapHash":1827001656,"unlockParam":10000042},"1901":{"AJFEJFNMCKP":"PROFILE_PICTURE_UNLOCK_BY_COSTUME","iconPath":"UI_AvatarIcon_KeqingCostumeFeather_Circle","id":1901,"KFLKNHLLDJA":false,"nameTextMapHash":2350549260,"priority":1901,"unlockDescTextMapHash":797836472,"unlockParam":204201},"2000":{"AJFEJFNMCKP":"PROFILE_PICTURE_UNLOCK_BY_AVATAR","iconPath":"UI_AvatarIcon_Venti_Circle","id":2000,"KFLKNHLLDJA":false,"nameTextMapHash":2636283300,"priority":2000,"unlockDescTextMapHash":1462214344,"unlockParam":10000022},"2100":{"AJFEJFNMCKP":"PROFILE_PICTURE_UNLOCK_BY_AVATAR","iconPath":"UI_AvatarIcon_Klee_Circle","id":2100,"KFLKNHLLDJA":false,"nameTextMapHash":2278572156,"priority":2100,"unlockDescTextMapHash":3280679616,"unlockParam":10000029},"2101":{"AJFEJFNMCKP":"PROFILE_PICTURE_UNLOCK_BY_COSTUME","iconPath":"UI_AvatarIcon_KleeCostumeWitch_Circle","id":2101,"KFLKNHLLDJA":false,"nameTextMapHash":3797120244,"priority":2101,"unlockDescTextMapHash":1884490128,"unlockParam":202901},"2200":{"AJFEJFNMCKP":"PROFILE_PICTURE_UNLOCK_BY_AVATAR","iconPath":"UI_AvatarIcon_Diona_Circle","id":2200,"KFLKNHLLDJA":false,"nameTextMapHash":3452475956,"priority":2200,"unlockDescTextMapHash":2745782656,"unlockParam":10000039},"2300":{"AJFEJFNMCKP":"PROFILE_PICTURE_UNLOCK_BY_AVATAR","iconPath":"UI_AvatarIcon_Tartaglia_Circle","id":2300,"KFLKNHLLDJA":false,"nameTextMapHash":66233604,"priority":2300,"unlockDescTextMapHash":567894176,"unlockParam":10000033},"2400":{"AJFEJFNMCKP":"PROFILE_PICTURE_UNLOCK_BY_AVATAR","iconPath":"UI_AvatarIcon_Xinyan_Circle","id":2400,"KFLKNHLLDJA":false,"nameTextMapHash":2352103668,"priority":2400,"unlockDescTextMapHash":3512219528,"unlockParam":10000044},"2500":{"AJFEJFNMCKP":"PROFILE_PICTURE_UNLOCK_BY_AVATAR","iconPath":"UI_AvatarIcon_Zhongli_Circle","id":2500,"KFLKNHLLDJA":false,"nameTextMapHash":945047940,"priority":2500,"unlockDescTextMapHash":1996893328,"unlockParam":10000030},"2600":{"AJFEJFNMCKP":"PROFILE_PICTURE_UNLOCK_BY_AVATAR","iconPath":"UI_AvatarIcon_Albedo_Circle","id":2600,"KFLKNHLLDJA":false,"nameTextMapHash":4037900132,"priority":2600,"unlockDescTextMapHash":1745624832,"unlockParam":10000038},"2700":{"AJFEJFNMCKP":"PROFILE_PICTURE_UNLOCK_BY_AVATAR","iconPath":"UI_AvatarIcon_Ganyu_Circle","id":2700,"KFLKNHLLDJA":false,"nameTextMapHash":1049883700,"priority":2700,"unlockDescTextMapHash":1038879568,"unlockParam":10000037},"2701":{"AJFEJFNMCKP":"PROFILE_PICTURE_UNLOCK_BY_COSTUME","iconPath":"UI_AvatarIcon_GanyuCostumeYu_Circle","id":2701,"KFLKNHLLDJA":false,"nameTextMapHash":1365886372,"priority":2701,"unlockDescTextMapHash":2726799944,"unlockParam":203701},"2800":{"AJFEJFNMCKP":"PROFILE_PICTURE_UNLOCK_BY_AVATAR","iconPath":"UI_AvatarIcon_Xiao_Circle","id":2800,"KFLKNHLLDJA":false,"nameTextMapHash":2799653588,"priority":2800,"unlockDescTextMapHash":1420872968,"unlockParam":10000026},"2900":{"AJFEJFNMCKP":"PROFILE_PICTURE_UNLOCK_BY_AVATAR","iconPath":"UI_AvatarIcon_Hutao_Circle","id":2900,"KFLKNHLLDJA":false,"nameTextMapHash":678944044,"priority":2900,"unlockDescTextMapHash":779217944,"unlockParam":10000046},"2901":{"AJFEJFNMCKP":"PROFILE_PICTURE_UNLOCK_BY_COSTUME","iconPath":"UI_AvatarIcon_HutaoCostumeWinter_Circle","id":2901,"KFLKNHLLDJA":false,"nameTextMapHash":1034360652,"priority":2901,"unlockDescTextMapHash":666236768,"unlockParam":204601},"3000":{"AJFEJFNMCKP":"PROFILE_PICTURE_UNLOCK_BY_AVATAR","iconPath":"UI_AvatarIcon_Rosaria_Circle","id":3000,"KFLKNHLLDJA":false,"nameTextMapHash":2851323220,"priority":3000,"unlockDescTextMapHash":3644666728,"unlockParam":10000045},"3001":{"AJFEJFNMCKP":"PROFILE_PICTURE_UNLOCK_BY_COSTUME","iconPath":"UI_AvatarIcon_RosariaCostumeWic_Circle","id":3001,"KFLKNHLLDJA":false,"nameTextMapHash":300481684,"priority":3001,"unlockDescTextMapHash":3449155472,"unlockParam":204501},"3100":{"AJFEJFNMCKP":"PROFILE_PICTURE_UNLOCK_BY_AVATAR","iconPath":"UI_AvatarIcon_Feiyan_Circle","id":3100,"KFLKNHLLDJA":false,"nameTextMapHash":2418667468,"priority":3100,"unlockDescTextMapHash":3289286280,"unlockParam":10000048},"3200":{"AJFEJFNMCKP":"PROFILE_PICTURE_UNLOCK_BY_AVATAR","iconPath":"UI_AvatarIcon_Eula_Circle","id":3200,"KFLKNHLLDJA":false,"nameTextMapHash":3544158164,"priority":3200,"unlockDescTextMapHash":146525376,"unlockParam":10000051},"3300":{"AJFEJFNMCKP":"PROFILE_PICTURE_UNLOCK_BY_AVATAR","iconPath":"UI_AvatarIcon_Kazuha_Circle","id":3300,"KFLKNHLLDJA":false,"nameTextMapHash":3249781436,"priority":3300,"unlockDescTextMapHash":8766896,"unlockParam":10000047},"3400":{"AJFEJFNMCKP":"PROFILE_PICTURE_UNLOCK_BY_AVATAR","iconPath":"UI_AvatarIcon_Ayaka_Circle","id":3400,"KFLKNHLLDJA":false,"nameTextMapHash":3187703364,"priority":3400,"unlockDescTextMapHash":2373595848,"unlockParam":10000002},"3401":{"AJFEJFNMCKP":"PROFILE_PICTURE_UNLOCK_BY_COSTUME","iconPath":"UI_AvatarIcon_AyakaCostumeFruhling_Circle","id":3401,"KFLKNHLLDJA":false,"nameTextMapHash":376817380,"priority":3401,"unlockDescTextMapHash":3531553408,"unlockParam":200201},"3500":{"AJFEJFNMCKP":"PROFILE_PICTURE_UNLOCK_BY_AVATAR","iconPath":"UI_AvatarIcon_Sayu_Circle","id":3500,"KFLKNHLLDJA":false,"nameTextMapHash":4082960244,"priority":3500,"unlockDescTextMapHash":4108138576,"unlockParam":10000053},"3600":{"AJFEJFNMCKP":"PROFILE_PICTURE_UNLOCK_BY_AVATAR","iconPath":"UI_AvatarIcon_Yoimiya_Circle","id":3600,"KFLKNHLLDJA":false,"nameTextMapHash":2552836988,"priority":3600,"unlockDescTextMapHash":2181781080,"unlockParam":10000049},"3700":{"AJFEJFNMCKP":"PROFILE_PICTURE_UNLOCK_BY_AVATAR","iconPath":"UI_AvatarIcon_Aloy_Circle","id":3700,"KFLKNHLLDJA":false,"nameTextMapHash":762807356,"priority":3700,"unlockDescTextMapHash":3223533368,"unlockParam":10000062},"3800":{"AJFEJFNMCKP":"PROFILE_PICTURE_UNLOCK_BY_AVATAR","iconPath":"UI_AvatarIcon_Sara_Circle","id":3800,"KFLKNHLLDJA":false,"nameTextMapHash":3988675588,"priority":3800,"unlockDescTextMapHash":3418059648,"unlockParam":10000056},"3900":{"AJFEJFNMCKP":"PROFILE_PICTURE_UNLOCK_BY_AVATAR","iconPath":"UI_AvatarIcon_Shougun_Circle","id":3900,"KFLKNHLLDJA":false,"nameTextMapHash":1384773420,"priority":3900,"unlockDescTextMapHash":3663867832,"unlockParam":10000052},"4000":{"AJFEJFNMCKP":"PROFILE_PICTURE_UNLOCK_BY_AVATAR","iconPath":"UI_AvatarIcon_Kokomi_Circle","id":4000,"KFLKNHLLDJA":false,"nameTextMapHash":412156284,"priority":4000,"unlockDescTextMapHash":2408405696,"unlockParam":10000054},"4100":{"AJFEJFNMCKP":"PROFILE_PICTURE_UNLOCK_BY_AVATAR","iconPath":"UI_AvatarIcon_Tohma_Circle","id":4100,"KFLKNHLLDJA":false,"nameTextMapHash":4259359556,"priority":4100,"unlockDescTextMapHash":334799432,"unlockParam":10000050},"4200":{"AJFEJFNMCKP":"PROFILE_PICTURE_UNLOCK_BY_AVATAR","iconPath":"UI_AvatarIcon_Gorou_Circle","id":4200,"KFLKNHLLDJA":false,"nameTextMapHash":2590272292,"priority":4200,"unlockDescTextMapHash":1041262592,"unlockParam":10000055},"4300":{"AJFEJFNMCKP":"PROFILE_PICTURE_UNLOCK_BY_AVATAR","iconPath":"UI_AvatarIcon_Itto_Circle","id":4300,"KFLKNHLLDJA":false,"nameTextMapHash":1439449756,"priority":4300,"unlockDescTextMapHash":3713187696,"unlockParam":10000057},"4400":{"AJFEJFNMCKP":"PROFILE_PICTURE_UNLOCK_BY_AVATAR","iconPath":"UI_AvatarIcon_Yunjin_Circle","id":4400,"KFLKNHLLDJA":false,"nameTextMapHash":1748326324,"priority":4400,"unlockDescTextMapHash":1072321640,"unlockParam":10000064},"4500":{"AJFEJFNMCKP":"PROFILE_PICTURE_UNLOCK_BY_AVATAR","iconPath":"UI_AvatarIcon_Shenhe_Circle","id":4500,"KFLKNHLLDJA":false,"nameTextMapHash":1379338044,"priority":4500,"unlockDescTextMapHash":2404037608,"unlockParam":10000063},"4501":{"AJFEJFNMCKP":"PROFILE_PICTURE_UNLOCK_BY_COSTUME","iconPath":"UI_AvatarIcon_ShenheCostumeDai_Circle","id":4501,"KFLKNHLLDJA":false,"nameTextMapHash":561207228,"priority":4501,"unlockDescTextMapHash":1146486056,"unlockParam":206301},"4600":{"AJFEJFNMCKP":"PROFILE_PICTURE_UNLOCK_BY_AVATAR","iconPath":"UI_AvatarIcon_Yae_Circle","id":4600,"KFLKNHLLDJA":false,"nameTextMapHash":45847804,"priority":4600,"unlockDescTextMapHash":148086480,"unlockParam":10000058},"4700":{"AJFEJFNMCKP":"PROFILE_PICTURE_UNLOCK_BY_AVATAR","iconPath":"UI_AvatarIcon_Ayato_Circle","id":4700,"KFLKNHLLDJA":false,"nameTextMapHash":2898090420,"priority":4700,"unlockDescTextMapHash":176892480,"unlockParam":10000066},"4800":{"AJFEJFNMCKP":"PROFILE_PICTURE_UNLOCK_BY_AVATAR","iconPath":"UI_AvatarIcon_Yelan_Circle","id":4800,"KFLKNHLLDJA":false,"nameTextMapHash":1139213860,"priority":4800,"unlockDescTextMapHash":174328528,"unlockParam":10000060},"4801":{"AJFEJFNMCKP":"PROFILE_PICTURE_UNLOCK_BY_COSTUME","iconPath":"UI_AvatarIcon_YelanCostumeSummer_Circle","id":4801,"KFLKNHLLDJA":false,"nameTextMapHash":3675281316,"priority":4801,"unlockDescTextMapHash":1702568792,"unlockParam":206001},"4900":{"AJFEJFNMCKP":"PROFILE_PICTURE_UNLOCK_BY_AVATAR","iconPath":"UI_AvatarIcon_Shinobu_Circle","id":4900,"KFLKNHLLDJA":false,"nameTextMapHash":3488543924,"priority":4900,"unlockDescTextMapHash":2070243152,"unlockParam":10000065},"5000":{"AJFEJFNMCKP":"PROFILE_PICTURE_UNLOCK_BY_AVATAR","iconPath":"UI_AvatarIcon_Heizo_Circle","id":5000,"KFLKNHLLDJA":false,"nameTextMapHash":2814342260,"priority":5000,"unlockDescTextMapHash":195789464,"unlockParam":10000059},"5100":{"AJFEJFNMCKP":"PROFILE_PICTURE_UNLOCK_BY_AVATAR","iconPath":"UI_AvatarIcon_Collei_Circle","id":5100,"KFLKNHLLDJA":false,"nameTextMapHash":1985782300,"priority":5100,"unlockDescTextMapHash":1084903504,"unlockParam":10000067},"5200":{"AJFEJFNMCKP":"PROFILE_PICTURE_UNLOCK_BY_AVATAR","iconPath":"UI_AvatarIcon_Tighnari_Circle","id":5200,"KFLKNHLLDJA":false,"nameTextMapHash":2369699668,"priority":5200,"unlockDescTextMapHash":1463728880,"unlockParam":10000069},"5300":{"AJFEJFNMCKP":"PROFILE_PICTURE_UNLOCK_BY_AVATAR","iconPath":"UI_AvatarIcon_Dori_Circle","id":5300,"KFLKNHLLDJA":false,"nameTextMapHash":3746931452,"priority":5300,"unlockDescTextMapHash":68067384,"unlockParam":10000068},"5400":{"AJFEJFNMCKP":"PROFILE_PICTURE_UNLOCK_BY_AVATAR","iconPath":"UI_AvatarIcon_Candace_Circle","id":5400,"KFLKNHLLDJA":false,"nameTextMapHash":3874523500,"priority":5400,"unlockDescTextMapHash":2804141792,"unlockParam":10000072},"5500":{"AJFEJFNMCKP":"PROFILE_PICTURE_UNLOCK_BY_AVATAR","iconPath":"UI_AvatarIcon_Cyno_Circle","id":5500,"KFLKNHLLDJA":false,"nameTextMapHash":4170326540,"priority":5500,"unlockDescTextMapHash":2211553464,"unlockParam":10000071},"5600":{"AJFEJFNMCKP":"PROFILE_PICTURE_UNLOCK_BY_AVATAR","iconPath":"UI_AvatarIcon_Nilou_Circle","id":5600,"KFLKNHLLDJA":false,"nameTextMapHash":1598209428,"priority":5600,"unlockDescTextMapHash":4091018352,"unlockParam":10000070},"5601":{"AJFEJFNMCKP":"PROFILE_PICTURE_UNLOCK_BY_COSTUME","iconPath":"UI_AvatarIcon_NilouCostumeFairy_Circle","id":5601,"KFLKNHLLDJA":false,"nameTextMapHash":3251293852,"priority":5601,"unlockDescTextMapHash":1646275448,"unlockParam":207001},"5700":{"AJFEJFNMCKP":"PROFILE_PICTURE_UNLOCK_BY_AVATAR","iconPath":"UI_AvatarIcon_Nahida_Circle","id":5700,"KFLKNHLLDJA":false,"nameTextMapHash":533361044,"priority":5700,"unlockDescTextMapHash":1651512208,"unlockParam":10000073},"5800":{"AJFEJFNMCKP":"PROFILE_PICTURE_UNLOCK_BY_AVATAR","iconPath":"UI_AvatarIcon_Layla_Circle","id":5800,"KFLKNHLLDJA":false,"nameTextMapHash":1540669524,"priority":5800,"unlockDescTextMapHash":3665223632,"unlockParam":10000074},"5900":{"AJFEJFNMCKP":"PROFILE_PICTURE_UNLOCK_BY_AVATAR","iconPath":"UI_AvatarIcon_Faruzan_Circle","id":5900,"KFLKNHLLDJA":false,"nameTextMapHash":1171845828,"priority":5900,"unlockDescTextMapHash":1755096056,"unlockParam":10000076},"6000":{"AJFEJFNMCKP":"PROFILE_PICTURE_UNLOCK_BY_AVATAR","iconPath":"UI_AvatarIcon_Wanderer_Circle","id":6000,"KFLKNHLLDJA":false,"nameTextMapHash":3210918732,"priority":6000,"unlockDescTextMapHash":3793718480,"unlockParam":10000075},"6100":{"AJFEJFNMCKP":"PROFILE_PICTURE_UNLOCK_BY_AVATAR","iconPath":"UI_AvatarIcon_Yaoyao_Circle","id":6100,"KFLKNHLLDJA":false,"nameTextMapHash":196788628,"priority":6100,"unlockDescTextMapHash":2338265744,"unlockParam":10000077},"6200":{"AJFEJFNMCKP":"PROFILE_PICTURE_UNLOCK_BY_AVATAR","iconPath":"UI_AvatarIcon_Alhatham_Circle","id":6200,"KFLKNHLLDJA":false,"nameTextMapHash":984331444,"priority":6200,"unlockDescTextMapHash":2207612664,"unlockParam":10000078},"6300":{"AJFEJFNMCKP":"PROFILE_PICTURE_UNLOCK_BY_AVATAR","iconPath":"UI_AvatarIcon_Dehya_Circle","id":6300,"KFLKNHLLDJA":false,"nameTextMapHash":1497016220,"priority":6300,"unlockDescTextMapHash":689524224,"unlockParam":10000079},"6400":{"AJFEJFNMCKP":"PROFILE_PICTURE_UNLOCK_BY_AVATAR","iconPath":"UI_AvatarIcon_Mika_Circle","id":6400,"KFLKNHLLDJA":false,"nameTextMapHash":2186517540,"priority":6400,"unlockDescTextMapHash":1008803432,"unlockParam":10000080},"6500":{"AJFEJFNMCKP":"PROFILE_PICTURE_UNLOCK_BY_AVATAR","iconPath":"UI_AvatarIcon_Kaveh_Circle","id":6500,"KFLKNHLLDJA":false,"nameTextMapHash":1467637604,"priority":6500,"unlockDescTextMapHash":497819312,"unlockParam":10000081},"6600":{"AJFEJFNMCKP":"PROFILE_PICTURE_UNLOCK_BY_AVATAR","iconPath":"UI_AvatarIcon_Baizhuer_Circle","id":6600,"KFLKNHLLDJA":false,"nameTextMapHash":420768780,"priority":6600,"unlockDescTextMapHash":57038688,"unlockParam":10000082},"6700":{"AJFEJFNMCKP":"PROFILE_PICTURE_UNLOCK_BY_AVATAR","iconPath":"UI_AvatarIcon_Momoka_Circle","id":6700,"KFLKNHLLDJA":false,"nameTextMapHash":1129094484,"priority":6700,"unlockDescTextMapHash":2625512920,"unlockParam":10000061},"6701":{"AJFEJFNMCKP":"PROFILE_PICTURE_UNLOCK_BY_COSTUME","iconPath":"UI_AvatarIcon_MomokaCostumeErrantry_Circle","id":6701,"KFLKNHLLDJA":false,"nameTextMapHash":3602188772,"priority":6701,"unlockDescTextMapHash":1322831552,"unlockParam":206101},"6800":{"AJFEJFNMCKP":"PROFILE_PICTURE_UNLOCK_BY_AVATAR","iconPath":"UI_AvatarIcon_Linette_Circle","id":6800,"KFLKNHLLDJA":false,"nameTextMapHash":1586137212,"priority":6800,"unlockDescTextMapHash":1980337568,"unlockParam":10000083},"6900":{"AJFEJFNMCKP":"PROFILE_PICTURE_UNLOCK_BY_AVATAR","iconPath":"UI_AvatarIcon_Liney_Circle","id":6900,"KFLKNHLLDJA":false,"nameTextMapHash":907368204,"priority":6900,"unlockDescTextMapHash":1055484872,"unlockParam":10000084},"7000":{"AJFEJFNMCKP":"PROFILE_PICTURE_UNLOCK_BY_AVATAR","iconPath":"UI_AvatarIcon_Freminet_Circle","id":7000,"KFLKNHLLDJA":false,"nameTextMapHash":1821673276,"priority":7000,"unlockDescTextMapHash":921757472,"unlockParam":10000085},"7100":{"AJFEJFNMCKP":"PROFILE_PICTURE_UNLOCK_BY_AVATAR","iconPath":"UI_AvatarIcon_Neuvillette_Circle","id":7100,"KFLKNHLLDJA":false,"nameTextMapHash":3752117636,"priority":7100,"unlockDescTextMapHash":4110570208,"unlockParam":10000087},"7200":{"AJFEJFNMCKP":"PROFILE_PICTURE_UNLOCK_BY_AVATAR","iconPath":"UI_AvatarIcon_Wriothesley_Circle","id":7200,"KFLKNHLLDJA":false,"nameTextMapHash":2892052,"priority":7200,"unlockDescTextMapHash":3605847168,"unlockParam":10000086},"7300":{"AJFEJFNMCKP":"PROFILE_PICTURE_UNLOCK_BY_AVATAR","iconPath":"UI_AvatarIcon_Charlotte_Circle","id":7300,"KFLKNHLLDJA":false,"nameTextMapHash":2782129108,"priority":7300,"unlockDescTextMapHash":1930000632,"unlockParam":10000088},"7400":{"AJFEJFNMCKP":"PROFILE_PICTURE_UNLOCK_BY_AVATAR","iconPath":"UI_AvatarIcon_Furina_Circle","id":7400,"KFLKNHLLDJA":false,"nameTextMapHash":3727373268,"priority":7400,"unlockDescTextMapHash":3528753624,"unlockParam":10000089},"7500":{"AJFEJFNMCKP":"PROFILE_PICTURE_UNLOCK_BY_AVATAR","iconPath":"UI_AvatarIcon_Navia_Circle","id":7500,"KFLKNHLLDJA":false,"nameTextMapHash":3420068796,"priority":7500,"unlockDescTextMapHash":759693104,"unlockParam":10000091},"7600":{"AJFEJFNMCKP":"PROFILE_PICTURE_UNLOCK_BY_AVATAR","iconPath":"UI_AvatarIcon_Chevreuse_Circle","id":7600,"KFLKNHLLDJA":false,"nameTextMapHash":241782844,"priority":7600,"unlockDescTextMapHash":823837664,"unlockParam":10000090},"7700":{"AJFEJFNMCKP":"PROFILE_PICTURE_UNLOCK_BY_AVATAR","iconPath":"UI_AvatarIcon_Gaming_Circle","id":7700,"KFLKNHLLDJA":false,"nameTextMapHash":4228481004,"priority":7700,"unlockDescTextMapHash":3190106160,"unlockParam":10000092},"7800":{"AJFEJFNMCKP":"PROFILE_PICTURE_UNLOCK_BY_AVATAR","iconPath":"UI_AvatarIcon_Liuyun_Circle","id":7800,"KFLKNHLLDJA":false,"nameTextMapHash":1294266220,"priority":7800,"unlockDescTextMapHash":1581325888,"unlockParam":10000093},"7900":{"AJFEJFNMCKP":"PROFILE_PICTURE_UNLOCK_BY_AVATAR","iconPath":"UI_AvatarIcon_Chiori_Circle","id":7900,"KFLKNHLLDJA":false,"nameTextMapHash":1057050268,"priority":7900,"unlockDescTextMapHash":1877933576,"unlockParam":10000094},"8000":{"AJFEJFNMCKP":"PROFILE_PICTURE_UNLOCK_BY_AVATAR","iconPath":"UI_AvatarIcon_Arlecchino_Circle","id":8000,"KFLKNHLLDJA":false,"nameTextMapHash":3363124668,"priority":8000,"unlockDescTextMapHash":3347872744,"unlockParam":10000096},"8100":{"AJFEJFNMCKP":"PROFILE_PICTURE_UNLOCK_BY_AVATAR","iconPath":"UI_AvatarIcon_Clorinde_Circle","id":8100,"KFLKNHLLDJA":false,"nameTextMapHash":1195616540,"priority":8200,"unlockDescTextMapHash":1699669920,"unlockParam":10000098},"8200":{"AJFEJFNMCKP":"PROFILE_PICTURE_UNLOCK_BY_AVATAR","iconPath":"UI_AvatarIcon_Sethos_Circle","id":8200,"KFLKNHLLDJA":false,"nameTextMapHash":770768196,"priority":8100,"unlockDescTextMapHash":2946808176,"unlockParam":10000097},"8300":{"AJFEJFNMCKP":"PROFILE_PICTURE_UNLOCK_BY_AVATAR","iconPath":"UI_AvatarIcon_Sigewinne_Circle","id":8300,"KFLKNHLLDJA":false,"nameTextMapHash":3342848348,"priority":8300,"unlockDescTextMapHash":502766856,"unlockParam":10000095},"8400":{"AJFEJFNMCKP":"PROFILE_PICTURE_UNLOCK_BY_AVATAR","iconPath":"UI_AvatarIcon_Emilie_Circle","id":8400,"KFLKNHLLDJA":false,"nameTextMapHash":2716554828,"priority":8400,"unlockDescTextMapHash":1280754728,"unlockParam":10000099},"8500":{"AJFEJFNMCKP":"PROFILE_PICTURE_UNLOCK_BY_AVATAR","iconPath":"UI_AvatarIcon_Kachina_Circle","id":8500,"KFLKNHLLDJA":false,"nameTextMapHash":4043656188,"priority":8500,"unlockDescTextMapHash":3702276616,"unlockParam":10000100},"8600":{"AJFEJFNMCKP":"PROFILE_PICTURE_UNLOCK_BY_AVATAR","iconPath":"UI_AvatarIcon_Mualani_Circle","id":8600,"KFLKNHLLDJA":false,"nameTextMapHash":2031818676,"priority":8600,"unlockDescTextMapHash":2782505112,"unlockParam":10000102},"8700":{"AJFEJFNMCKP":"PROFILE_PICTURE_UNLOCK_BY_AVATAR","iconPath":"UI_AvatarIcon_Kinich_Circle","id":8700,"KFLKNHLLDJA":false,"nameTextMapHash":2188866820,"priority":8700,"unlockDescTextMapHash":794949448,"unlockParam":10000101},"8800":{"AJFEJFNMCKP":"PROFILE_PICTURE_UNLOCK_BY_AVATAR","iconPath":"UI_AvatarIcon_Xilonen_Circle","id":8800,"KFLKNHLLDJA":false,"nameTextMapHash":4042358220,"priority":8800,"unlockDescTextMapHash":3283007528,"unlockParam":10000103},"8900":{"AJFEJFNMCKP":"PROFILE_PICTURE_UNLOCK_BY_AVATAR","iconPath":"UI_AvatarIcon_Olorun_Circle","id":8900,"KFLKNHLLDJA":false,"nameTextMapHash":1357596180,"priority":8900,"unlockDescTextMapHash":799368456,"unlockParam":10000105},"9000":{"AJFEJFNMCKP":"PROFILE_PICTURE_UNLOCK_BY_AVATAR","iconPath":"UI_AvatarIcon_Chasca_Circle","id":9000,"KFLKNHLLDJA":false,"nameTextMapHash":126466380,"priority":9000,"unlockDescTextMapHash":2650442456,"unlockParam":10000104},"9100":{"AJFEJFNMCKP":"PROFILE_PICTURE_UNLOCK_BY_AVATAR","iconPath":"UI_AvatarIcon_Citlali_Circle","id":9100,"KFLKNHLLDJA":false,"nameTextMapHash":2700612516,"priority":9100,"unlockDescTextMapHash":2041623080,"unlockParam":10000107},"9200":{"AJFEJFNMCKP":"PROFILE_PICTURE_UNLOCK_BY_AVATAR","iconPath":"UI_AvatarIcon_Mavuika_Circle","id":9200,"KFLKNHLLDJA":false,"nameTextMapHash":2502300308,"priority":9200,"unlockDescTextMapHash":3703280008,"unlockParam":10000106},"9300":{"AJFEJFNMCKP":"PROFILE_PICTURE_UNLOCK_BY_AVATAR","iconPath":"UI_AvatarIcon_Lanyan_Circle","id":9300,"KFLKNHLLDJA":false,"nameTextMapHash":722604652,"priority":9300,"unlockDescTextMapHash":90448680,"unlockParam":10000108},"9400":{"AJFEJFNMCKP":"PROFILE_PICTURE_UNLOCK_BY_AVATAR","iconPath":"UI_AvatarIcon_Mizuki_Circle","id":9400,"KFLKNHLLDJA":false,"nameTextMapHash":3917183188,"priority":9400,"unlockDescTextMapHash":4190436512,"unlockParam":10000109},"9500":{"AJFEJFNMCKP":"PROFILE_PICTURE_UNLOCK_BY_AVATAR","iconPath":"UI_AvatarIcon_Iansan_Circle","id":9500,"KFLKNHLLDJA":false,"nameTextMapHash":1556759108,"priority":9500,"unlockDescTextMapHash":873193968,"unlockParam":10000110},"9600":{"AJFEJFNMCKP":"PROFILE_PICTURE_UNLOCK_BY_AVATAR","iconPath":"UI_AvatarIcon_Varesa_Circle","id":9600,"KFLKNHLLDJA":false,"nameTextMapHash":1196917500,"priority":9600,"unlockDescTextMapHash":1104922904,"unlockParam":10000111},"9700":{"AJFEJFNMCKP":"PROFILE_PICTURE_UNLOCK_BY_AVATAR","iconPath":"UI_AvatarIcon_Ifa_Circle","id":9700,"KFLKNHLLDJA":false,"nameTextMapHash":408855124,"priority":9700,"unlockDescTextMapHash":1147010280,"unlockParam":10000113},"9800":{"AJFEJFNMCKP":"PROFILE_PICTURE_UNLOCK_BY_AVATAR","iconPath":"UI_AvatarIcon_Escoffier_Circle","id":9800,"KFLKNHLLDJA":false,"nameTextMapHash":4080923388,"priority":9800,"unlockDescTextMapHash":2850117048,"unlockParam":10000112},"9900":{"AJFEJFNMCKP":"PROFILE_PICTURE_UNLOCK_BY_AVATAR","iconPath":"UI_AvatarIcon_Dahlia_Circle","id":9900,"KFLKNHLLDJA":false,"nameTextMapHash":3542297084,"priority":9900,"unlockDescTextMapHash":4237267240,"unlockParam":10000115},"10000":{"AJFEJFNMCKP":"PROFILE_PICTURE_UNLOCK_BY_AVATAR","iconPath":"UI_AvatarIcon_SkirkNew_Circle","id":10000,"KFLKNHLLDJA":false,"nameTextMapHash":62039628,"priority":10000,"unlockDescTextMapHash":3760494568,"unlockParam":10000114},"10100":{"AJFEJFNMCKP":"PROFILE_PICTURE_UNLOCK_BY_AVATAR","iconPath":"UI_AvatarIcon_Ineffa_Circle","id":10100,"KFLKNHLLDJA":false,"nameTextMapHash":498925204,"priority":10100,"unlockDescTextMapHash":1021883616,"unlockParam":10000116},"10200":{"AJFEJFNMCKP":"PROFILE_PICTURE_UNLOCK_BY_AVATAR","iconPath":"UI_AvatarIcon_Aino_Circle","id":10200,"KFLKNHLLDJA":false,"nameTextMapHash":306478132,"priority":10200,"unlockDescTextMapHash":1052307288,"unlockParam":10000121},"10300":{"AJFEJFNMCKP":"PROFILE_PICTURE_UNLOCK_BY_AVATAR","iconPath":"UI_AvatarIcon_Lauma_Circle","id":10300,"KFLKNHLLDJA":false,"nameTextMapHash":1088293580,"priority":10300,"unlockDescTextMapHash":3820101760,"unlockParam":10000119},"10400":{"AJFEJFNMCKP":"PROFILE_PICTURE_UNLOCK_BY_AVATAR","iconPath":"UI_AvatarIcon_Flins_Circle","id":10400,"KFLKNHLLDJA":false,"nameTextMapHash":931177236,"priority":10400,"unlockDescTextMapHash":395967368,"unlockParam":10000120},"99999":{"AJFEJFNMCKP":"PROFILE_PICTURE_UNLOCK_BY_ITEM","iconPath":"UI_AvatarIcon_Ambor_Circle","id":99999,"KFLKNHLLDJA":false,"nameTextMapHash":3995351756,"priority":99999,"unlockDescTextMapHash":2691654840,"unlockParam":320001},"100010":{"AJFEJFNMCKP":"PROFILE_PICTURE_UNLOCK_BY_PARENT_QUEST","iconPath":"UI_AvatarIcon_72105_Circle","id":100010,"KFLKNHLLDJA":true,"nameTextMapHash":4284320332,"priority":100010,"unlockDescTextMapHash":3527893208,"unlockParam":72105},"100020":{"AJFEJFNMCKP":"PROFILE_PICTURE_UNLOCK_BY_PARENT_QUEST","iconPath":"UI_AvatarIcon_72158_Circle","id":100020,"KFLKNHLLDJA":true,"nameTextMapHash":2115514524,"priority":100020,"unlockDescTextMapHash":820574240,"unlockParam":72158},"100030":{"AJFEJFNMCKP":"PROFILE_PICTURE_UNLOCK_BY_PARENT_QUEST","iconPath":"UI_AvatarIcon_72173_Circle","id":100030,"KFLKNHLLDJA":true,"nameTextMapHash":537096092,"priority":100030,"unlockDescTextMapHash":224064344,"unlockParam":72173},"100040":{"AJFEJFNMCKP":"PROFILE_PICTURE_UNLOCK_BY_PARENT_QUEST","iconPath":"UI_AvatarIcon_72177_Circle","id":100040,"KFLKNHLLDJA":true,"nameTextMapHash":2055558492,"priority":100040,"unlockDescTextMapHash":2204277880,"unlockParam":72177},"100050":{"AJFEJFNMCKP":"PROFILE_PICTURE_UNLOCK_BY_PARENT_QUEST","iconPath":"UI_AvatarIcon_71045_Circle","id":100050,"KFLKNHLLDJA":true,"nameTextMapHash":3628954484,"priority":100050,"unlockDescTextMapHash":708095872,"unlockParam":71045},"100060":{"AJFEJFNMCKP":"PROFILE_PICTURE_UNLOCK_BY_PARENT_QUEST","iconPath":"UI_AvatarIcon_73038_Circle","id":100060,"KFLKNHLLDJA":true,"nameTextMapHash":2914387620,"priority":100060,"unlockDescTextMapHash":3011020680,"unlockParam":73038},"100070":{"AJFEJFNMCKP":"PROFILE_PICTURE_UNLOCK_BY_PARENT_QUEST","iconPath":"UI_AvatarIcon_73055_Circle","id":100070,"KFLKNHLLDJA":true,"nameTextMapHash":1698312916,"priority":100070,"unlockDescTextMapHash":1152685640,"unlockParam":73055},"100080":{"AJFEJFNMCKP":"PROFILE_PICTURE_UNLOCK_BY_PARENT_QUEST","iconPath":"UI_AvatarIcon_73220_Circle","id":100080,"KFLKNHLLDJA":true,"nameTextMapHash":1025414580,"priority":100080,"unlockDescTextMapHash":1749103488,"unlockParam":73220},"100090":{"AJFEJFNMCKP":"PROFILE_PICTURE_UNLOCK_BY_PARENT_QUEST","iconPath":"UI_AvatarIcon_73232_Circle","id":100090,"KFLKNHLLDJA":true,"nameTextMapHash":4204508124,"priority":100090,"unlockDescTextMapHash":741329208,"unlockParam":73232},"100100":{"AJFEJFNMCKP":"PROFILE_PICTURE_UNLOCK_BY_PARENT_QUEST","iconPath":"UI_AvatarIcon_74007_Circle","id":100100,"KFLKNHLLDJA":true,"nameTextMapHash":423665740,"priority":100100,"unlockDescTextMapHash":861322448,"unlockParam":74007},"100110":{"AJFEJFNMCKP":"PROFILE_PICTURE_UNLOCK_BY_PARENT_QUEST","iconPath":"UI_AvatarIcon_74004_Circle","id":100110,"KFLKNHLLDJA":true,"nameTextMapHash":1584610884,"priority":100110,"unlockDescTextMapHash":3057068792,"unlockParam":74004},"100120":{"AJFEJFNMCKP":"PROFILE_PICTURE_UNLOCK_BY_PARENT_QUEST","iconPath":"UI_AvatarIcon_74028_Circle","id":100120,"KFLKNHLLDJA":true,"nameTextMapHash":3637200084,"priority":100120,"unlockDescTextMapHash":109902736,"unlockParam":74028},"100130":{"AJFEJFNMCKP":"PROFILE_PICTURE_UNLOCK_BY_PARENT_QUEST","iconPath":"UI_AvatarIcon_74053_Circle","id":100130,"KFLKNHLLDJA":true,"nameTextMapHash":1630051180,"priority":100130,"unlockDescTextMapHash":3138805232,"unlockParam":74053},"100140":{"AJFEJFNMCKP":"PROFILE_PICTURE_UNLOCK_BY_PARENT_QUEST","iconPath":"UI_AvatarIcon_74078_Circle","id":100140,"KFLKNHLLDJA":true,"nameTextMapHash":2732020044,"priority":100140,"unlockDescTextMapHash":3660280192,"unlockParam":74078},"100150":{"AJFEJFNMCKP":"PROFILE_PICTURE_UNLOCK_BY_PARENT_QUEST","iconPath":"UI_AvatarIcon_74085_Circle","id":100150,"KFLKNHLLDJA":true,"nameTextMapHash":131812372,"priority":100150,"unlockDescTextMapHash":3058749496,"unlockParam":74085},"100160":{"AJFEJFNMCKP":"PROFILE_PICTURE_UNLOCK_BY_PARENT_QUEST","iconPath":"UI_AvatarIcon_71100_Circle","id":100160,"KFLKNHLLDJA":true,"nameTextMapHash":1960492844,"priority":100160,"unlockDescTextMapHash":3682765480,"unlockParam":71100},"100170":{"AJFEJFNMCKP":"PROFILE_PICTURE_UNLOCK_BY_PARENT_QUEST","iconPath":"UI_AvatarIcon_74196_Circle","id":100170,"KFLKNHLLDJA":true,"nameTextMapHash":860131476,"priority":100170,"unlockDescTextMapHash":962436648,"unlockParam":74196},"100180":{"AJFEJFNMCKP":"PROFILE_PICTURE_UNLOCK_BY_PARENT_QUEST","iconPath":"UI_AvatarIcon_75002_Circle","id":100180,"KFLKNHLLDJA":true,"nameTextMapHash":1280089932,"priority":100180,"unlockDescTextMapHash":3685571536,"unlockParam":75002},"100190":{"AJFEJFNMCKP":"PROFILE_PICTURE_UNLOCK_BY_PARENT_QUEST","iconPath":"UI_AvatarIcon_75048_Circle","id":100190,"KFLKNHLLDJA":true,"nameTextMapHash":481603884,"priority":100190,"unlockDescTextMapHash":3175131952,"unlockParam":75138},"100200":{"AJFEJFNMCKP":"PROFILE_PICTURE_UNLOCK_BY_PARENT_QUEST","iconPath":"UI_AvatarIcon_75151_Circle","id":100200,"KFLKNHLLDJA":true,"nameTextMapHash":2507956356,"priority":100200,"unlockDescTextMapHash":1133654112,"unlockParam":75151},"100210":{"AJFEJFNMCKP":"PROFILE_PICTURE_UNLOCK_BY_PARENT_QUEST","iconPath":"UI_AvatarIcon_75177_Circle","id":100210,"KFLKNHLLDJA":true,"nameTextMapHash":1465870260,"priority":100210,"unlockDescTextMapHash":2772556592,"unlockParam":75177},"100220":{"AJFEJFNMCKP":"PROFILE_PICTURE_UNLOCK_BY_PARENT_QUEST","iconPath":"UI_AvatarIcon_75230_Circle","id":100220,"KFLKNHLLDJA":true,"nameTextMapHash":3867234500,"priority":100220,"unlockDescTextMapHash":1573579872,"unlockParam":75230},"100230":{"AJFEJFNMCKP":"PROFILE_PICTURE_UNLOCK_BY_PARENT_QUEST","iconPath":"UI_AvatarIcon_76011_Circle","id":100230,"KFLKNHLLDJA":true,"nameTextMapHash":2955848732,"priority":100230,"unlockDescTextMapHash":1809036520,"unlockParam":76011},"100240":{"AJFEJFNMCKP":"PROFILE_PICTURE_UNLOCK_BY_PARENT_QUEST","iconPath":"UI_AvatarIcon_76003_Circle","id":100240,"KFLKNHLLDJA":true,"nameTextMapHash":3265492916,"priority":100240,"unlockDescTextMapHash":3723421688,"unlockParam":76003},"200010":{"AJFEJFNMCKP":"PROFILE_PICTURE_UNLOCK_BY_ITEM","iconPath":"UI_AvatarIcon_Activity_01_Circle","id":200010,"KFLKNHLLDJA":false,"nameTextMapHash":495143276,"priority":200010,"unlockDescTextMapHash":3081865920,"unlockParam":320002}}