{"1":{"iconPath":"UI_AvatarIcon_PlayerBoy_Circle","unlockDescTextMapHash":543619816,"priority":1,"id":1,"JLCEKPNAJKH":false,"nameTextMapHash":3604285884,"unlockParam":10000005,"FBGIOLHFLIG":"PROFILE_PICTURE_UNLOCK_BY_AVATAR"},"2":{"iconPath":"UI_AvatarIcon_PlayerGirl_Circle","unlockDescTextMapHash":2514279032,"priority":2,"id":2,"JLCEKPNAJKH":false,"nameTextMapHash":271219620,"unlockParam":10000007,"FBGIOLHFLIG":"PROFILE_PICTURE_UNLOCK_BY_AVATAR"},"100":{"iconPath":"UI_AvatarIcon_Ambor_Circle","unlockDescTextMapHash":2246717288,"priority":100,"id":100,"JLCEKPNAJKH":false,"nameTextMapHash":4129650764,"unlockParam":10000021,"FBGIOLHFLIG":"PROFILE_PICTURE_UNLOCK_BY_AVATAR"},"101":{"iconPath":"UI_AvatarIcon_AmborCostumeWic_Circle","unlockDescTextMapHash":116570704,"priority":101,"id":101,"JLCEKPNAJKH":false,"nameTextMapHash":4011886236,"unlockParam":202101,"FBGIOLHFLIG":"PROFILE_PICTURE_UNLOCK_BY_COSTUME"},"200":{"iconPath":"UI_AvatarIcon_Kaeya_Circle","unlockDescTextMapHash":2425989984,"priority":200,"id":200,"JLCEKPNAJKH":false,"nameTextMapHash":4198292852,"unlockParam":10000015,"FBGIOLHFLIG":"PROFILE_PICTURE_UNLOCK_BY_AVATAR"},"201":{"iconPath":"UI_AvatarIcon_KaeyaCostumeDancer_Circle","unlockDescTextMapHash":1016765560,"priority":201,"id":201,"JLCEKPNAJKH":false,"nameTextMapHash":2326024484,"unlockParam":201501,"FBGIOLHFLIG":"PROFILE_PICTURE_UNLOCK_BY_COSTUME"},"300":{"iconPath":"UI_AvatarIcon_Lisa_Circle","unlockDescTextMapHash":2240645968,"priority":300,"id":300,"JLCEKPNAJKH":false,"nameTextMapHash":1430880228,"unlockParam":10000006,"FBGIOLHFLIG":"PROFILE_PICTURE_UNLOCK_BY_AVATAR"},"301":{"iconPath":"UI_AvatarIcon_LisaCostumeStudentin_Circle","unlockDescTextMapHash":3170653136,"priority":301,"id":301,"JLCEKPNAJKH":false,"nameTextMapHash":1999891572,"unlockParam":200601,"FBGIOLHFLIG":"PROFILE_PICTURE_UNLOCK_BY_COSTUME"},"400":{"iconPath":"UI_AvatarIcon_Barbara_Circle","unlockDescTextMapHash":168604440,"priority":400,"id":400,"JLCEKPNAJKH":false,"nameTextMapHash":1760985308,"unlockParam":10000014,"FBGIOLHFLIG":"PROFILE_PICTURE_UNLOCK_BY_AVATAR"},"401":{"iconPath":"UI_AvatarIcon_BarbaraCostumeSummertime_Circle","unlockDescTextMapHash":8171504,"priority":401,"id":401,"JLCEKPNAJKH":false,"nameTextMapHash":2943208916,"unlockParam":201401,"FBGIOLHFLIG":"PROFILE_PICTURE_UNLOCK_BY_COSTUME"},"500":{"iconPath":"UI_AvatarIcon_Razor_Circle","unlockDescTextMapHash":3642256208,"priority":500,"id":500,"JLCEKPNAJKH":false,"nameTextMapHash":1324426164,"unlockParam":10000020,"FBGIOLHFLIG":"PROFILE_PICTURE_UNLOCK_BY_AVATAR"},"600":{"iconPath":"UI_AvatarIcon_Xiangling_Circle","unlockDescTextMapHash":1987741280,"priority":600,"id":600,"JLCEKPNAJKH":false,"nameTextMapHash":2206393084,"unlockParam":10000023,"FBGIOLHFLIG":"PROFILE_PICTURE_UNLOCK_BY_AVATAR"},"601":{"iconPath":"UI_AvatarIcon_XianglingCostumeWinter_Circle","unlockDescTextMapHash":2210092032,"priority":601,"id":601,"JLCEKPNAJKH":false,"nameTextMapHash":1178901364,"unlockParam":202301,"FBGIOLHFLIG":"PROFILE_PICTURE_UNLOCK_BY_COSTUME"},"700":{"iconPath":"UI_AvatarIcon_Beidou_Circle","unlockDescTextMapHash":1734495304,"priority":700,"id":700,"JLCEKPNAJKH":false,"nameTextMapHash":2755210500,"unlockParam":10000024,"FBGIOLHFLIG":"PROFILE_PICTURE_UNLOCK_BY_AVATAR"},"800":{"iconPath":"UI_AvatarIcon_Xingqiu_Circle","unlockDescTextMapHash":941324232,"priority":800,"id":800,"JLCEKPNAJKH":false,"nameTextMapHash":2904405116,"unlockParam":10000025,"FBGIOLHFLIG":"PROFILE_PICTURE_UNLOCK_BY_AVATAR"},"801":{"iconPath":"UI_AvatarIcon_XingqiuCostumeBamboo_Circle","unlockDescTextMapHash":872659400,"priority":801,"id":801,"JLCEKPNAJKH":false,"nameTextMapHash":2018771404,"unlockParam":202501,"FBGIOLHFLIG":"PROFILE_PICTURE_UNLOCK_BY_COSTUME"},"900":{"iconPath":"UI_AvatarIcon_Ningguang_Circle","unlockDescTextMapHash":2506478888,"priority":900,"id":900,"JLCEKPNAJKH":false,"nameTextMapHash":3467578556,"unlockParam":10000027,"FBGIOLHFLIG":"PROFILE_PICTURE_UNLOCK_BY_AVATAR"},"901":{"iconPath":"UI_AvatarIcon_NingguangCostumeFloral_Circle","unlockDescTextMapHash":2605395216,"priority":901,"id":901,"JLCEKPNAJKH":false,"nameTextMapHash":3049375396,"unlockParam":202701,"FBGIOLHFLIG":"PROFILE_PICTURE_UNLOCK_BY_COSTUME"},"1000":{"iconPath":"UI_AvatarIcon_Fischl_Circle","unlockDescTextMapHash":3026305080,"priority":1000,"id":1000,"JLCEKPNAJKH":false,"nameTextMapHash":2448248284,"unlockParam":10000031,"FBGIOLHFLIG":"PROFILE_PICTURE_UNLOCK_BY_AVATAR"},"1001":{"iconPath":"UI_AvatarIcon_FischlCostumeHighness_Circle","unlockDescTextMapHash":993391784,"priority":1001,"id":1001,"JLCEKPNAJKH":false,"nameTextMapHash":1161026004,"unlockParam":203101,"FBGIOLHFLIG":"PROFILE_PICTURE_UNLOCK_BY_COSTUME"},"1100":{"iconPath":"UI_AvatarIcon_Bennett_Circle","unlockDescTextMapHash":3179684720,"priority":1100,"id":1100,"JLCEKPNAJKH":false,"nameTextMapHash":3881895660,"unlockParam":10000032,"FBGIOLHFLIG":"PROFILE_PICTURE_UNLOCK_BY_AVATAR"},"1200":{"iconPath":"UI_AvatarIcon_Noel_Circle","unlockDescTextMapHash":1655744480,"priority":1200,"id":1200,"JLCEKPNAJKH":false,"nameTextMapHash":2140800276,"unlockParam":10000034,"FBGIOLHFLIG":"PROFILE_PICTURE_UNLOCK_BY_AVATAR"},"1300":{"iconPath":"UI_AvatarIcon_Chongyun_Circle","unlockDescTextMapHash":2659276544,"priority":1300,"id":1300,"JLCEKPNAJKH":false,"nameTextMapHash":1589080740,"unlockParam":10000036,"FBGIOLHFLIG":"PROFILE_PICTURE_UNLOCK_BY_AVATAR"},"1400":{"iconPath":"UI_AvatarIcon_Sucrose_Circle","unlockDescTextMapHash":3886160128,"priority":1400,"id":1400,"JLCEKPNAJKH":false,"nameTextMapHash":3451600692,"unlockParam":10000043,"FBGIOLHFLIG":"PROFILE_PICTURE_UNLOCK_BY_AVATAR"},"1500":{"iconPath":"UI_AvatarIcon_Qin_Circle","unlockDescTextMapHash":3092279992,"priority":1500,"id":1500,"JLCEKPNAJKH":false,"nameTextMapHash":3076704084,"unlockParam":10000003,"FBGIOLHFLIG":"PROFILE_PICTURE_UNLOCK_BY_AVATAR"},"1501":{"iconPath":"UI_AvatarIcon_QinCostumeWic_Circle","unlockDescTextMapHash":3170710584,"priority":1501,"id":1501,"JLCEKPNAJKH":false,"nameTextMapHash":1385160708,"unlockParam":200302,"FBGIOLHFLIG":"PROFILE_PICTURE_UNLOCK_BY_COSTUME"},"1502":{"iconPath":"UI_AvatarIcon_QinCostumeSea_Circle","unlockDescTextMapHash":1918582192,"priority":1502,"id":1502,"JLCEKPNAJKH":false,"nameTextMapHash":106642220,"unlockParam":200301,"FBGIOLHFLIG":"PROFILE_PICTURE_UNLOCK_BY_COSTUME"},"1600":{"iconPath":"UI_AvatarIcon_Diluc_Circle","unlockDescTextMapHash":539157752,"priority":1600,"id":1600,"JLCEKPNAJKH":false,"nameTextMapHash":2487288620,"unlockParam":10000016,"FBGIOLHFLIG":"PROFILE_PICTURE_UNLOCK_BY_AVATAR"},"1601":{"iconPath":"UI_AvatarIcon_DilucCostumeFlamme_Circle","unlockDescTextMapHash":851927168,"priority":1601,"id":1601,"JLCEKPNAJKH":false,"nameTextMapHash":2579470204,"unlockParam":201601,"FBGIOLHFLIG":"PROFILE_PICTURE_UNLOCK_BY_COSTUME"},"1700":{"iconPath":"UI_AvatarIcon_Qiqi_Circle","unlockDescTextMapHash":2646952328,"priority":1700,"id":1700,"JLCEKPNAJKH":false,"nameTextMapHash":1651684028,"unlockParam":10000035,"FBGIOLHFLIG":"PROFILE_PICTURE_UNLOCK_BY_AVATAR"},"1800":{"iconPath":"UI_AvatarIcon_Mona_Circle","unlockDescTextMapHash":2990559472,"priority":1800,"id":1800,"JLCEKPNAJKH":false,"nameTextMapHash":580553172,"unlockParam":10000041,"FBGIOLHFLIG":"PROFILE_PICTURE_UNLOCK_BY_AVATAR"},"1801":{"iconPath":"UI_AvatarIcon_MonaCostumeWic_Circle","unlockDescTextMapHash":1302974952,"priority":1801,"id":1801,"JLCEKPNAJKH":false,"nameTextMapHash":1859247892,"unlockParam":204101,"FBGIOLHFLIG":"PROFILE_PICTURE_UNLOCK_BY_COSTUME"},"1900":{"iconPath":"UI_AvatarIcon_Keqing_Circle","unlockDescTextMapHash":1827001656,"priority":1900,"id":1900,"JLCEKPNAJKH":false,"nameTextMapHash":2904482116,"unlockParam":10000042,"FBGIOLHFLIG":"PROFILE_PICTURE_UNLOCK_BY_AVATAR"},"1901":{"iconPath":"UI_AvatarIcon_KeqingCostumeFeather_Circle","unlockDescTextMapHash":797836472,"priority":1901,"id":1901,"JLCEKPNAJKH":false,"nameTextMapHash":2350549260,"unlockParam":204201,"FBGIOLHFLIG":"PROFILE_PICTURE_UNLOCK_BY_COSTUME"},"2000":{"iconPath":"UI_AvatarIcon_Venti_Circle","unlockDescTextMapHash":1462214344,"priority":2000,"id":2000,"JLCEKPNAJKH":false,"nameTextMapHash":2636283300,"unlockParam":10000022,"FBGIOLHFLIG":"PROFILE_PICTURE_UNLOCK_BY_AVATAR"},"2100":{"iconPath":"UI_AvatarIcon_Klee_Circle","unlockDescTextMapHash":3280679616,"priority":2100,"id":2100,"JLCEKPNAJKH":false,"nameTextMapHash":2278572156,"unlockParam":10000029,"FBGIOLHFLIG":"PROFILE_PICTURE_UNLOCK_BY_AVATAR"},"2101":{"iconPath":"UI_AvatarIcon_KleeCostumeWitch_Circle","unlockDescTextMapHash":1884490128,"priority":2101,"id":2101,"JLCEKPNAJKH":false,"nameTextMapHash":3797120244,"unlockParam":202901,"FBGIOLHFLIG":"PROFILE_PICTURE_UNLOCK_BY_COSTUME"},"2200":{"iconPath":"UI_AvatarIcon_Diona_Circle","unlockDescTextMapHash":2745782656,"priority":2200,"id":2200,"JLCEKPNAJKH":false,"nameTextMapHash":3452475956,"unlockParam":10000039,"FBGIOLHFLIG":"PROFILE_PICTURE_UNLOCK_BY_AVATAR"},"2300":{"iconPath":"UI_AvatarIcon_Tartaglia_Circle","unlockDescTextMapHash":567894176,"priority":2300,"id":2300,"JLCEKPNAJKH":false,"nameTextMapHash":66233604,"unlockParam":10000033,"FBGIOLHFLIG":"PROFILE_PICTURE_UNLOCK_BY_AVATAR"},"2400":{"iconPath":"UI_AvatarIcon_Xinyan_Circle","unlockDescTextMapHash":3512219528,"priority":2400,"id":2400,"JLCEKPNAJKH":false,"nameTextMapHash":2352103668,"unlockParam":10000044,"FBGIOLHFLIG":"PROFILE_PICTURE_UNLOCK_BY_AVATAR"},"2500":{"iconPath":"UI_AvatarIcon_Zhongli_Circle","unlockDescTextMapHash":1996893328,"priority":2500,"id":2500,"JLCEKPNAJKH":false,"nameTextMapHash":945047940,"unlockParam":10000030,"FBGIOLHFLIG":"PROFILE_PICTURE_UNLOCK_BY_AVATAR"},"2600":{"iconPath":"UI_AvatarIcon_Albedo_Circle","unlockDescTextMapHash":1745624832,"priority":2600,"id":2600,"JLCEKPNAJKH":false,"nameTextMapHash":4037900132,"unlockParam":10000038,"FBGIOLHFLIG":"PROFILE_PICTURE_UNLOCK_BY_AVATAR"},"2700":{"iconPath":"UI_AvatarIcon_Ganyu_Circle","unlockDescTextMapHash":1038879568,"priority":2700,"id":2700,"JLCEKPNAJKH":false,"nameTextMapHash":1049883700,"unlockParam":10000037,"FBGIOLHFLIG":"PROFILE_PICTURE_UNLOCK_BY_AVATAR"},"2701":{"iconPath":"UI_AvatarIcon_GanyuCostumeYu_Circle","unlockDescTextMapHash":2726799944,"priority":2701,"id":2701,"JLCEKPNAJKH":false,"nameTextMapHash":1365886372,"unlockParam":203701,"FBGIOLHFLIG":"PROFILE_PICTURE_UNLOCK_BY_COSTUME"},"2800":{"iconPath":"UI_AvatarIcon_Xiao_Circle","unlockDescTextMapHash":1420872968,"priority":2800,"id":2800,"JLCEKPNAJKH":false,"nameTextMapHash":2799653588,"unlockParam":10000026,"FBGIOLHFLIG":"PROFILE_PICTURE_UNLOCK_BY_AVATAR"},"2900":{"iconPath":"UI_AvatarIcon_Hutao_Circle","unlockDescTextMapHash":779217944,"priority":2900,"id":2900,"JLCEKPNAJKH":false,"nameTextMapHash":678944044,"unlockParam":10000046,"FBGIOLHFLIG":"PROFILE_PICTURE_UNLOCK_BY_AVATAR"},"2901":{"iconPath":"UI_AvatarIcon_HutaoCostumeWinter_Circle","unlockDescTextMapHash":666236768,"priority":2901,"id":2901,"JLCEKPNAJKH":false,"nameTextMapHash":1034360652,"unlockParam":204601,"FBGIOLHFLIG":"PROFILE_PICTURE_UNLOCK_BY_COSTUME"},"3000":{"iconPath":"UI_AvatarIcon_Rosaria_Circle","unlockDescTextMapHash":3644666728,"priority":3000,"id":3000,"JLCEKPNAJKH":false,"nameTextMapHash":2851323220,"unlockParam":10000045,"FBGIOLHFLIG":"PROFILE_PICTURE_UNLOCK_BY_AVATAR"},"3001":{"iconPath":"UI_AvatarIcon_RosariaCostumeWic_Circle","unlockDescTextMapHash":3449155472,"priority":3001,"id":3001,"JLCEKPNAJKH":false,"nameTextMapHash":300481684,"unlockParam":204501,"FBGIOLHFLIG":"PROFILE_PICTURE_UNLOCK_BY_COSTUME"},"3100":{"iconPath":"UI_AvatarIcon_Feiyan_Circle","unlockDescTextMapHash":3289286280,"priority":3100,"id":3100,"JLCEKPNAJKH":false,"nameTextMapHash":2418667468,"unlockParam":10000048,"FBGIOLHFLIG":"PROFILE_PICTURE_UNLOCK_BY_AVATAR"},"3200":{"iconPath":"UI_AvatarIcon_Eula_Circle","unlockDescTextMapHash":146525376,"priority":3200,"id":3200,"JLCEKPNAJKH":false,"nameTextMapHash":3544158164,"unlockParam":10000051,"FBGIOLHFLIG":"PROFILE_PICTURE_UNLOCK_BY_AVATAR"},"3300":{"iconPath":"UI_AvatarIcon_Kazuha_Circle","unlockDescTextMapHash":8766896,"priority":3300,"id":3300,"JLCEKPNAJKH":false,"nameTextMapHash":3249781436,"unlockParam":10000047,"FBGIOLHFLIG":"PROFILE_PICTURE_UNLOCK_BY_AVATAR"},"3400":{"iconPath":"UI_AvatarIcon_Ayaka_Circle","unlockDescTextMapHash":2373595848,"priority":3400,"id":3400,"JLCEKPNAJKH":false,"nameTextMapHash":3187703364,"unlockParam":10000002,"FBGIOLHFLIG":"PROFILE_PICTURE_UNLOCK_BY_AVATAR"},"3401":{"iconPath":"UI_AvatarIcon_AyakaCostumeFruhling_Circle","unlockDescTextMapHash":3531553408,"priority":3401,"id":3401,"JLCEKPNAJKH":false,"nameTextMapHash":376817380,"unlockParam":200201,"FBGIOLHFLIG":"PROFILE_PICTURE_UNLOCK_BY_COSTUME"},"3500":{"iconPath":"UI_AvatarIcon_Sayu_Circle","unlockDescTextMapHash":4108138576,"priority":3500,"id":3500,"JLCEKPNAJKH":false,"nameTextMapHash":4082960244,"unlockParam":10000053,"FBGIOLHFLIG":"PROFILE_PICTURE_UNLOCK_BY_AVATAR"},"3600":{"iconPath":"UI_AvatarIcon_Yoimiya_Circle","unlockDescTextMapHash":2181781080,"priority":3600,"id":3600,"JLCEKPNAJKH":false,"nameTextMapHash":2552836988,"unlockParam":10000049,"FBGIOLHFLIG":"PROFILE_PICTURE_UNLOCK_BY_AVATAR"},"3700":{"iconPath":"UI_AvatarIcon_Aloy_Circle","unlockDescTextMapHash":3223533368,"priority":3700,"id":3700,"JLCEKPNAJKH":false,"nameTextMapHash":762807356,"unlockParam":10000062,"FBGIOLHFLIG":"PROFILE_PICTURE_UNLOCK_BY_AVATAR"},"3800":{"iconPath":"UI_AvatarIcon_Sara_Circle","unlockDescTextMapHash":3418059648,"priority":3800,"id":3800,"JLCEKPNAJKH":false,"nameTextMapHash":3988675588,"unlockParam":10000056,"FBGIOLHFLIG":"PROFILE_PICTURE_UNLOCK_BY_AVATAR"},"3900":{"iconPath":"UI_AvatarIcon_Shougun_Circle","unlockDescTextMapHash":3663867832,"priority":3900,"id":3900,"JLCEKPNAJKH":false,"nameTextMapHash":1384773420,"unlockParam":10000052,"FBGIOLHFLIG":"PROFILE_PICTURE_UNLOCK_BY_AVATAR"},"4000":{"iconPath":"UI_AvatarIcon_Kokomi_Circle","unlockDescTextMapHash":2408405696,"priority":4000,"id":4000,"JLCEKPNAJKH":false,"nameTextMapHash":412156284,"unlockParam":10000054,"FBGIOLHFLIG":"PROFILE_PICTURE_UNLOCK_BY_AVATAR"},"4100":{"iconPath":"UI_AvatarIcon_Tohma_Circle","unlockDescTextMapHash":334799432,"priority":4100,"id":4100,"JLCEKPNAJKH":false,"nameTextMapHash":4259359556,"unlockParam":10000050,"FBGIOLHFLIG":"PROFILE_PICTURE_UNLOCK_BY_AVATAR"},"4200":{"iconPath":"UI_AvatarIcon_Gorou_Circle","unlockDescTextMapHash":1041262592,"priority":4200,"id":4200,"JLCEKPNAJKH":false,"nameTextMapHash":2590272292,"unlockParam":10000055,"FBGIOLHFLIG":"PROFILE_PICTURE_UNLOCK_BY_AVATAR"},"4300":{"iconPath":"UI_AvatarIcon_Itto_Circle","unlockDescTextMapHash":3713187696,"priority":4300,"id":4300,"JLCEKPNAJKH":false,"nameTextMapHash":1439449756,"unlockParam":10000057,"FBGIOLHFLIG":"PROFILE_PICTURE_UNLOCK_BY_AVATAR"},"4400":{"iconPath":"UI_AvatarIcon_Yunjin_Circle","unlockDescTextMapHash":1072321640,"priority":4400,"id":4400,"JLCEKPNAJKH":false,"nameTextMapHash":1748326324,"unlockParam":10000064,"FBGIOLHFLIG":"PROFILE_PICTURE_UNLOCK_BY_AVATAR"},"4500":{"iconPath":"UI_AvatarIcon_Shenhe_Circle","unlockDescTextMapHash":2404037608,"priority":4500,"id":4500,"JLCEKPNAJKH":false,"nameTextMapHash":1379338044,"unlockParam":10000063,"FBGIOLHFLIG":"PROFILE_PICTURE_UNLOCK_BY_AVATAR"},"4501":{"iconPath":"UI_AvatarIcon_ShenheCostumeDai_Circle","unlockDescTextMapHash":1146486056,"priority":4501,"id":4501,"JLCEKPNAJKH":false,"nameTextMapHash":561207228,"unlockParam":206301,"FBGIOLHFLIG":"PROFILE_PICTURE_UNLOCK_BY_COSTUME"},"4600":{"iconPath":"UI_AvatarIcon_Yae_Circle","unlockDescTextMapHash":148086480,"priority":4600,"id":4600,"JLCEKPNAJKH":false,"nameTextMapHash":45847804,"unlockParam":10000058,"FBGIOLHFLIG":"PROFILE_PICTURE_UNLOCK_BY_AVATAR"},"4700":{"iconPath":"UI_AvatarIcon_Ayato_Circle","unlockDescTextMapHash":176892480,"priority":4700,"id":4700,"JLCEKPNAJKH":false,"nameTextMapHash":2898090420,"unlockParam":10000066,"FBGIOLHFLIG":"PROFILE_PICTURE_UNLOCK_BY_AVATAR"},"4800":{"iconPath":"UI_AvatarIcon_Yelan_Circle","unlockDescTextMapHash":174328528,"priority":4800,"id":4800,"JLCEKPNAJKH":false,"nameTextMapHash":1139213860,"unlockParam":10000060,"FBGIOLHFLIG":"PROFILE_PICTURE_UNLOCK_BY_AVATAR"},"4900":{"iconPath":"UI_AvatarIcon_Shinobu_Circle","unlockDescTextMapHash":2070243152,"priority":4900,"id":4900,"JLCEKPNAJKH":false,"nameTextMapHash":3488543924,"unlockParam":10000065,"FBGIOLHFLIG":"PROFILE_PICTURE_UNLOCK_BY_AVATAR"},"5000":{"iconPath":"UI_AvatarIcon_Heizo_Circle","unlockDescTextMapHash":195789464,"priority":5000,"id":5000,"JLCEKPNAJKH":false,"nameTextMapHash":2814342260,"unlockParam":10000059,"FBGIOLHFLIG":"PROFILE_PICTURE_UNLOCK_BY_AVATAR"},"5100":{"iconPath":"UI_AvatarIcon_Collei_Circle","unlockDescTextMapHash":1084903504,"priority":5100,"id":5100,"JLCEKPNAJKH":false,"nameTextMapHash":1985782300,"unlockParam":10000067,"FBGIOLHFLIG":"PROFILE_PICTURE_UNLOCK_BY_AVATAR"},"5200":{"iconPath":"UI_AvatarIcon_Tighnari_Circle","unlockDescTextMapHash":1463728880,"priority":5200,"id":5200,"JLCEKPNAJKH":false,"nameTextMapHash":2369699668,"unlockParam":10000069,"FBGIOLHFLIG":"PROFILE_PICTURE_UNLOCK_BY_AVATAR"},"5300":{"iconPath":"UI_AvatarIcon_Dori_Circle","unlockDescTextMapHash":68067384,"priority":5300,"id":5300,"JLCEKPNAJKH":false,"nameTextMapHash":3746931452,"unlockParam":10000068,"FBGIOLHFLIG":"PROFILE_PICTURE_UNLOCK_BY_AVATAR"},"5400":{"iconPath":"UI_AvatarIcon_Candace_Circle","unlockDescTextMapHash":2804141792,"priority":5400,"id":5400,"JLCEKPNAJKH":false,"nameTextMapHash":3874523500,"unlockParam":10000072,"FBGIOLHFLIG":"PROFILE_PICTURE_UNLOCK_BY_AVATAR"},"5500":{"iconPath":"UI_AvatarIcon_Cyno_Circle","unlockDescTextMapHash":2211553464,"priority":5500,"id":5500,"JLCEKPNAJKH":false,"nameTextMapHash":4170326540,"unlockParam":10000071,"FBGIOLHFLIG":"PROFILE_PICTURE_UNLOCK_BY_AVATAR"},"5600":{"iconPath":"UI_AvatarIcon_Nilou_Circle","unlockDescTextMapHash":4091018352,"priority":5600,"id":5600,"JLCEKPNAJKH":false,"nameTextMapHash":1598209428,"unlockParam":10000070,"FBGIOLHFLIG":"PROFILE_PICTURE_UNLOCK_BY_AVATAR"},"5601":{"iconPath":"UI_AvatarIcon_NilouCostumeFairy_Circle","unlockDescTextMapHash":1646275448,"priority":5601,"id":5601,"JLCEKPNAJKH":false,"nameTextMapHash":3251293852,"unlockParam":207001,"FBGIOLHFLIG":"PROFILE_PICTURE_UNLOCK_BY_COSTUME"},"5700":{"iconPath":"UI_AvatarIcon_Nahida_Circle","unlockDescTextMapHash":1651512208,"priority":5700,"id":5700,"JLCEKPNAJKH":false,"nameTextMapHash":533361044,"unlockParam":10000073,"FBGIOLHFLIG":"PROFILE_PICTURE_UNLOCK_BY_AVATAR"},"5800":{"iconPath":"UI_AvatarIcon_Layla_Circle","unlockDescTextMapHash":3665223632,"priority":5800,"id":5800,"JLCEKPNAJKH":false,"nameTextMapHash":1540669524,"unlockParam":10000074,"FBGIOLHFLIG":"PROFILE_PICTURE_UNLOCK_BY_AVATAR"},"5900":{"iconPath":"UI_AvatarIcon_Faruzan_Circle","unlockDescTextMapHash":1755096056,"priority":5900,"id":5900,"JLCEKPNAJKH":false,"nameTextMapHash":1171845828,"unlockParam":10000076,"FBGIOLHFLIG":"PROFILE_PICTURE_UNLOCK_BY_AVATAR"},"6000":{"iconPath":"UI_AvatarIcon_Wanderer_Circle","unlockDescTextMapHash":3793718480,"priority":6000,"id":6000,"JLCEKPNAJKH":false,"nameTextMapHash":3210918732,"unlockParam":10000075,"FBGIOLHFLIG":"PROFILE_PICTURE_UNLOCK_BY_AVATAR"},"6100":{"iconPath":"UI_AvatarIcon_Yaoyao_Circle","unlockDescTextMapHash":2338265744,"priority":6100,"id":6100,"JLCEKPNAJKH":false,"nameTextMapHash":196788628,"unlockParam":10000077,"FBGIOLHFLIG":"PROFILE_PICTURE_UNLOCK_BY_AVATAR"},"6200":{"iconPath":"UI_AvatarIcon_Alhatham_Circle","unlockDescTextMapHash":2207612664,"priority":6200,"id":6200,"JLCEKPNAJKH":false,"nameTextMapHash":984331444,"unlockParam":10000078,"FBGIOLHFLIG":"PROFILE_PICTURE_UNLOCK_BY_AVATAR"},"6300":{"iconPath":"UI_AvatarIcon_Dehya_Circle","unlockDescTextMapHash":689524224,"priority":6300,"id":6300,"JLCEKPNAJKH":false,"nameTextMapHash":1497016220,"unlockParam":10000079,"FBGIOLHFLIG":"PROFILE_PICTURE_UNLOCK_BY_AVATAR"},"6400":{"iconPath":"UI_AvatarIcon_Mika_Circle","unlockDescTextMapHash":1008803432,"priority":6400,"id":6400,"JLCEKPNAJKH":false,"nameTextMapHash":2186517540,"unlockParam":10000080,"FBGIOLHFLIG":"PROFILE_PICTURE_UNLOCK_BY_AVATAR"},"6500":{"iconPath":"UI_AvatarIcon_Kaveh_Circle","unlockDescTextMapHash":497819312,"priority":6500,"id":6500,"JLCEKPNAJKH":false,"nameTextMapHash":1467637604,"unlockParam":10000081,"FBGIOLHFLIG":"PROFILE_PICTURE_UNLOCK_BY_AVATAR"},"6600":{"iconPath":"UI_AvatarIcon_Baizhuer_Circle","unlockDescTextMapHash":57038688,"priority":6600,"id":6600,"JLCEKPNAJKH":false,"nameTextMapHash":420768780,"unlockParam":10000082,"FBGIOLHFLIG":"PROFILE_PICTURE_UNLOCK_BY_AVATAR"},"6700":{"iconPath":"UI_AvatarIcon_Momoka_Circle","unlockDescTextMapHash":2625512920,"priority":6700,"id":6700,"JLCEKPNAJKH":false,"nameTextMapHash":1129094484,"unlockParam":10000061,"FBGIOLHFLIG":"PROFILE_PICTURE_UNLOCK_BY_AVATAR"},"6701":{"iconPath":"UI_AvatarIcon_MomokaCostumeErrantry_Circle","unlockDescTextMapHash":1322831552,"priority":6701,"id":6701,"JLCEKPNAJKH":false,"nameTextMapHash":3602188772,"unlockParam":206101,"FBGIOLHFLIG":"PROFILE_PICTURE_UNLOCK_BY_COSTUME"},"6800":{"iconPath":"UI_AvatarIcon_Linette_Circle","unlockDescTextMapHash":1980337568,"priority":6800,"id":6800,"JLCEKPNAJKH":false,"nameTextMapHash":1586137212,"unlockParam":10000083,"FBGIOLHFLIG":"PROFILE_PICTURE_UNLOCK_BY_AVATAR"},"6900":{"iconPath":"UI_AvatarIcon_Liney_Circle","unlockDescTextMapHash":1055484872,"priority":6900,"id":6900,"JLCEKPNAJKH":false,"nameTextMapHash":907368204,"unlockParam":10000084,"FBGIOLHFLIG":"PROFILE_PICTURE_UNLOCK_BY_AVATAR"},"7000":{"iconPath":"UI_AvatarIcon_Freminet_Circle","unlockDescTextMapHash":921757472,"priority":7000,"id":7000,"JLCEKPNAJKH":false,"nameTextMapHash":1821673276,"unlockParam":10000085,"FBGIOLHFLIG":"PROFILE_PICTURE_UNLOCK_BY_AVATAR"},"7100":{"iconPath":"UI_AvatarIcon_Neuvillette_Circle","unlockDescTextMapHash":4110570208,"priority":7100,"id":7100,"JLCEKPNAJKH":false,"nameTextMapHash":3752117636,"unlockParam":10000087,"FBGIOLHFLIG":"PROFILE_PICTURE_UNLOCK_BY_AVATAR"},"7200":{"iconPath":"UI_AvatarIcon_Wriothesley_Circle","unlockDescTextMapHash":3605847168,"priority":7200,"id":7200,"JLCEKPNAJKH":false,"nameTextMapHash":2892052,"unlockParam":10000086,"FBGIOLHFLIG":"PROFILE_PICTURE_UNLOCK_BY_AVATAR"},"7300":{"iconPath":"UI_AvatarIcon_Charlotte_Circle","unlockDescTextMapHash":1930000632,"priority":7300,"id":7300,"JLCEKPNAJKH":false,"nameTextMapHash":2782129108,"unlockParam":10000088,"FBGIOLHFLIG":"PROFILE_PICTURE_UNLOCK_BY_AVATAR"},"7400":{"iconPath":"UI_AvatarIcon_Furina_Circle","unlockDescTextMapHash":3528753624,"priority":7400,"id":7400,"JLCEKPNAJKH":false,"nameTextMapHash":3727373268,"unlockParam":10000089,"FBGIOLHFLIG":"PROFILE_PICTURE_UNLOCK_BY_AVATAR"},"7500":{"iconPath":"UI_AvatarIcon_Navia_Circle","unlockDescTextMapHash":759693104,"priority":7500,"id":7500,"JLCEKPNAJKH":false,"nameTextMapHash":3420068796,"unlockParam":10000091,"FBGIOLHFLIG":"PROFILE_PICTURE_UNLOCK_BY_AVATAR"},"7600":{"iconPath":"UI_AvatarIcon_Chevreuse_Circle","unlockDescTextMapHash":823837664,"priority":7600,"id":7600,"JLCEKPNAJKH":false,"nameTextMapHash":241782844,"unlockParam":10000090,"FBGIOLHFLIG":"PROFILE_PICTURE_UNLOCK_BY_AVATAR"},"7700":{"iconPath":"UI_AvatarIcon_Gaming_Circle","unlockDescTextMapHash":3190106160,"priority":7700,"id":7700,"JLCEKPNAJKH":false,"nameTextMapHash":4228481004,"unlockParam":10000092,"FBGIOLHFLIG":"PROFILE_PICTURE_UNLOCK_BY_AVATAR"},"7800":{"iconPath":"UI_AvatarIcon_Liuyun_Circle","unlockDescTextMapHash":1581325888,"priority":7800,"id":7800,"JLCEKPNAJKH":false,"nameTextMapHash":1294266220,"unlockParam":10000093,"FBGIOLHFLIG":"PROFILE_PICTURE_UNLOCK_BY_AVATAR"},"7900":{"iconPath":"UI_AvatarIcon_Chiori_Circle","unlockDescTextMapHash":1877933576,"priority":7900,"id":7900,"JLCEKPNAJKH":false,"nameTextMapHash":1057050268,"unlockParam":10000094,"FBGIOLHFLIG":"PROFILE_PICTURE_UNLOCK_BY_AVATAR"},"8000":{"iconPath":"UI_AvatarIcon_Arlecchino_Circle","unlockDescTextMapHash":3347872744,"priority":8000,"id":8000,"JLCEKPNAJKH":false,"nameTextMapHash":3363124668,"unlockParam":10000096,"FBGIOLHFLIG":"PROFILE_PICTURE_UNLOCK_BY_AVATAR"},"8100":{"iconPath":"UI_AvatarIcon_Clorinde_Circle","unlockDescTextMapHash":1699669920,"priority":8200,"id":8100,"JLCEKPNAJKH":false,"nameTextMapHash":1195616540,"unlockParam":10000098,"FBGIOLHFLIG":"PROFILE_PICTURE_UNLOCK_BY_AVATAR"},"8200":{"iconPath":"UI_AvatarIcon_Sethos_Circle","unlockDescTextMapHash":2946808176,"priority":8100,"id":8200,"JLCEKPNAJKH":false,"nameTextMapHash":770768196,"unlockParam":10000097,"FBGIOLHFLIG":"PROFILE_PICTURE_UNLOCK_BY_AVATAR"},"8300":{"iconPath":"UI_AvatarIcon_Sigewinne_Circle","unlockDescTextMapHash":502766856,"priority":8300,"id":8300,"JLCEKPNAJKH":false,"nameTextMapHash":3342848348,"unlockParam":10000095,"FBGIOLHFLIG":"PROFILE_PICTURE_UNLOCK_BY_AVATAR"},"8400":{"iconPath":"UI_AvatarIcon_Emilie_Circle","unlockDescTextMapHash":1280754728,"priority":8400,"id":8400,"JLCEKPNAJKH":false,"nameTextMapHash":2716554828,"unlockParam":10000099,"FBGIOLHFLIG":"PROFILE_PICTURE_UNLOCK_BY_AVATAR"},"8500":{"iconPath":"UI_AvatarIcon_Kachina_Circle","unlockDescTextMapHash":3702276616,"priority":8500,"id":8500,"JLCEKPNAJKH":false,"nameTextMapHash":4043656188,"unlockParam":10000100,"FBGIOLHFLIG":"PROFILE_PICTURE_UNLOCK_BY_AVATAR"},"8600":{"iconPath":"UI_AvatarIcon_Mualani_Circle","unlockDescTextMapHash":2782505112,"priority":8600,"id":8600,"JLCEKPNAJKH":false,"nameTextMapHash":2031818676,"unlockParam":10000102,"FBGIOLHFLIG":"PROFILE_PICTURE_UNLOCK_BY_AVATAR"},"8700":{"iconPath":"UI_AvatarIcon_Kinich_Circle","unlockDescTextMapHash":794949448,"priority":8700,"id":8700,"JLCEKPNAJKH":false,"nameTextMapHash":2188866820,"unlockParam":10000101,"FBGIOLHFLIG":"PROFILE_PICTURE_UNLOCK_BY_AVATAR"},"8800":{"iconPath":"UI_AvatarIcon_Xilonen_Circle","unlockDescTextMapHash":3283007528,"priority":8800,"id":8800,"JLCEKPNAJKH":false,"nameTextMapHash":4042358220,"unlockParam":10000103,"FBGIOLHFLIG":"PROFILE_PICTURE_UNLOCK_BY_AVATAR"},"8900":{"iconPath":"UI_AvatarIcon_Olorun_Circle","unlockDescTextMapHash":799368456,"priority":8900,"id":8900,"JLCEKPNAJKH":false,"nameTextMapHash":1357596180,"unlockParam":10000105,"FBGIOLHFLIG":"PROFILE_PICTURE_UNLOCK_BY_AVATAR"},"9000":{"iconPath":"UI_AvatarIcon_Chasca_Circle","unlockDescTextMapHash":2650442456,"priority":9000,"id":9000,"JLCEKPNAJKH":false,"nameTextMapHash":126466380,"unlockParam":10000104,"FBGIOLHFLIG":"PROFILE_PICTURE_UNLOCK_BY_AVATAR"},"9100":{"iconPath":"UI_AvatarIcon_Citlali_Circle","unlockDescTextMapHash":2041623080,"priority":9100,"id":9100,"JLCEKPNAJKH":false,"nameTextMapHash":2700612516,"unlockParam":10000107,"FBGIOLHFLIG":"PROFILE_PICTURE_UNLOCK_BY_AVATAR"},"9200":{"iconPath":"UI_AvatarIcon_Mavuika_Circle","unlockDescTextMapHash":3703280008,"priority":9200,"id":9200,"JLCEKPNAJKH":false,"nameTextMapHash":2502300308,"unlockParam":10000106,"FBGIOLHFLIG":"PROFILE_PICTURE_UNLOCK_BY_AVATAR"},"9300":{"iconPath":"UI_AvatarIcon_Lanyan_Circle","unlockDescTextMapHash":90448680,"priority":9300,"id":9300,"JLCEKPNAJKH":false,"nameTextMapHash":722604652,"unlockParam":10000108,"FBGIOLHFLIG":"PROFILE_PICTURE_UNLOCK_BY_AVATAR"},"9400":{"iconPath":"UI_AvatarIcon_Mizuki_Circle","unlockDescTextMapHash":4190436512,"priority":9400,"id":9400,"JLCEKPNAJKH":false,"nameTextMapHash":3917183188,"unlockParam":10000109,"FBGIOLHFLIG":"PROFILE_PICTURE_UNLOCK_BY_AVATAR"},"9500":{"iconPath":"UI_AvatarIcon_Iansan_Circle","unlockDescTextMapHash":873193968,"priority":9500,"id":9500,"JLCEKPNAJKH":false,"nameTextMapHash":1556759108,"unlockParam":10000110,"FBGIOLHFLIG":"PROFILE_PICTURE_UNLOCK_BY_AVATAR"},"9600":{"iconPath":"UI_AvatarIcon_Varesa_Circle","unlockDescTextMapHash":1104922904,"priority":9600,"id":9600,"JLCEKPNAJKH":false,"nameTextMapHash":1196917500,"unlockParam":10000111,"FBGIOLHFLIG":"PROFILE_PICTURE_UNLOCK_BY_AVATAR"},"9700":{"iconPath":"UI_AvatarIcon_Ifa_Circle","unlockDescTextMapHash":1147010280,"priority":9700,"id":9700,"JLCEKPNAJKH":false,"nameTextMapHash":408855124,"unlockParam":10000113,"FBGIOLHFLIG":"PROFILE_PICTURE_UNLOCK_BY_AVATAR"},"9800":{"iconPath":"UI_AvatarIcon_Escoffier_Circle","unlockDescTextMapHash":2850117048,"priority":9800,"id":9800,"JLCEKPNAJKH":false,"nameTextMapHash":4080923388,"unlockParam":10000112,"FBGIOLHFLIG":"PROFILE_PICTURE_UNLOCK_BY_AVATAR"},"99999":{"iconPath":"UI_AvatarIcon_Ambor_Circle","unlockDescTextMapHash":2691654840,"priority":99999,"id":99999,"JLCEKPNAJKH":false,"nameTextMapHash":3995351756,"unlockParam":320001,"FBGIOLHFLIG":"PROFILE_PICTURE_UNLOCK_BY_ITEM"},"100010":{"iconPath":"UI_AvatarIcon_72105_Circle","unlockDescTextMapHash":3527893208,"priority":100010,"id":100010,"JLCEKPNAJKH":true,"nameTextMapHash":4284320332,"unlockParam":72105,"FBGIOLHFLIG":"PROFILE_PICTURE_UNLOCK_BY_PARENT_QUEST"},"100020":{"iconPath":"UI_AvatarIcon_72158_Circle","unlockDescTextMapHash":820574240,"priority":100020,"id":100020,"JLCEKPNAJKH":true,"nameTextMapHash":2115514524,"unlockParam":72158,"FBGIOLHFLIG":"PROFILE_PICTURE_UNLOCK_BY_PARENT_QUEST"},"100030":{"iconPath":"UI_AvatarIcon_72173_Circle","unlockDescTextMapHash":224064344,"priority":100030,"id":100030,"JLCEKPNAJKH":true,"nameTextMapHash":537096092,"unlockParam":72173,"FBGIOLHFLIG":"PROFILE_PICTURE_UNLOCK_BY_PARENT_QUEST"},"100040":{"iconPath":"UI_AvatarIcon_72177_Circle","unlockDescTextMapHash":2204277880,"priority":100040,"id":100040,"JLCEKPNAJKH":true,"nameTextMapHash":2055558492,"unlockParam":72177,"FBGIOLHFLIG":"PROFILE_PICTURE_UNLOCK_BY_PARENT_QUEST"},"100050":{"iconPath":"UI_AvatarIcon_71045_Circle","unlockDescTextMapHash":708095872,"priority":100050,"id":100050,"JLCEKPNAJKH":true,"nameTextMapHash":3628954484,"unlockParam":71045,"FBGIOLHFLIG":"PROFILE_PICTURE_UNLOCK_BY_PARENT_QUEST"},"100060":{"iconPath":"UI_AvatarIcon_73038_Circle","unlockDescTextMapHash":3011020680,"priority":100060,"id":100060,"JLCEKPNAJKH":true,"nameTextMapHash":2914387620,"unlockParam":73038,"FBGIOLHFLIG":"PROFILE_PICTURE_UNLOCK_BY_PARENT_QUEST"},"100070":{"iconPath":"UI_AvatarIcon_73055_Circle","unlockDescTextMapHash":1152685640,"priority":100070,"id":100070,"JLCEKPNAJKH":true,"nameTextMapHash":1698312916,"unlockParam":73055,"FBGIOLHFLIG":"PROFILE_PICTURE_UNLOCK_BY_PARENT_QUEST"},"100080":{"iconPath":"UI_AvatarIcon_73220_Circle","unlockDescTextMapHash":1749103488,"priority":100080,"id":100080,"JLCEKPNAJKH":true,"nameTextMapHash":1025414580,"unlockParam":73220,"FBGIOLHFLIG":"PROFILE_PICTURE_UNLOCK_BY_PARENT_QUEST"},"100090":{"iconPath":"UI_AvatarIcon_73232_Circle","unlockDescTextMapHash":741329208,"priority":100090,"id":100090,"JLCEKPNAJKH":true,"nameTextMapHash":4204508124,"unlockParam":73232,"FBGIOLHFLIG":"PROFILE_PICTURE_UNLOCK_BY_PARENT_QUEST"},"100100":{"iconPath":"UI_AvatarIcon_74007_Circle","unlockDescTextMapHash":861322448,"priority":100100,"id":100100,"JLCEKPNAJKH":true,"nameTextMapHash":423665740,"unlockParam":74007,"FBGIOLHFLIG":"PROFILE_PICTURE_UNLOCK_BY_PARENT_QUEST"},"100110":{"iconPath":"UI_AvatarIcon_74004_Circle","unlockDescTextMapHash":3057068792,"priority":100110,"id":100110,"JLCEKPNAJKH":true,"nameTextMapHash":1584610884,"unlockParam":74004,"FBGIOLHFLIG":"PROFILE_PICTURE_UNLOCK_BY_PARENT_QUEST"},"100120":{"iconPath":"UI_AvatarIcon_74028_Circle","unlockDescTextMapHash":109902736,"priority":100120,"id":100120,"JLCEKPNAJKH":true,"nameTextMapHash":3637200084,"unlockParam":74028,"FBGIOLHFLIG":"PROFILE_PICTURE_UNLOCK_BY_PARENT_QUEST"},"100130":{"iconPath":"UI_AvatarIcon_74053_Circle","unlockDescTextMapHash":3138805232,"priority":100130,"id":100130,"JLCEKPNAJKH":true,"nameTextMapHash":1630051180,"unlockParam":74053,"FBGIOLHFLIG":"PROFILE_PICTURE_UNLOCK_BY_PARENT_QUEST"},"100140":{"iconPath":"UI_AvatarIcon_74078_Circle","unlockDescTextMapHash":3660280192,"priority":100140,"id":100140,"JLCEKPNAJKH":true,"nameTextMapHash":2732020044,"unlockParam":74078,"FBGIOLHFLIG":"PROFILE_PICTURE_UNLOCK_BY_PARENT_QUEST"},"100150":{"iconPath":"UI_AvatarIcon_74085_Circle","unlockDescTextMapHash":3058749496,"priority":100150,"id":100150,"JLCEKPNAJKH":true,"nameTextMapHash":131812372,"unlockParam":74085,"FBGIOLHFLIG":"PROFILE_PICTURE_UNLOCK_BY_PARENT_QUEST"},"100160":{"iconPath":"UI_AvatarIcon_71100_Circle","unlockDescTextMapHash":3682765480,"priority":100160,"id":100160,"JLCEKPNAJKH":true,"nameTextMapHash":1960492844,"unlockParam":71100,"FBGIOLHFLIG":"PROFILE_PICTURE_UNLOCK_BY_PARENT_QUEST"},"100170":{"iconPath":"UI_AvatarIcon_74196_Circle","unlockDescTextMapHash":962436648,"priority":100170,"id":100170,"JLCEKPNAJKH":true,"nameTextMapHash":860131476,"unlockParam":74196,"FBGIOLHFLIG":"PROFILE_PICTURE_UNLOCK_BY_PARENT_QUEST"},"100180":{"iconPath":"UI_AvatarIcon_75002_Circle","unlockDescTextMapHash":3685571536,"priority":100180,"id":100180,"JLCEKPNAJKH":true,"nameTextMapHash":1280089932,"unlockParam":75002,"FBGIOLHFLIG":"PROFILE_PICTURE_UNLOCK_BY_PARENT_QUEST"},"100190":{"iconPath":"UI_AvatarIcon_75048_Circle","unlockDescTextMapHash":3175131952,"priority":100190,"id":100190,"JLCEKPNAJKH":true,"nameTextMapHash":481603884,"unlockParam":75138,"FBGIOLHFLIG":"PROFILE_PICTURE_UNLOCK_BY_PARENT_QUEST"},"100200":{"iconPath":"UI_AvatarIcon_75151_Circle","unlockDescTextMapHash":1133654112,"priority":100200,"id":100200,"JLCEKPNAJKH":true,"nameTextMapHash":2507956356,"unlockParam":75151,"FBGIOLHFLIG":"PROFILE_PICTURE_UNLOCK_BY_PARENT_QUEST"},"100210":{"iconPath":"UI_AvatarIcon_75177_Circle","unlockDescTextMapHash":2772556592,"priority":100210,"id":100210,"JLCEKPNAJKH":true,"nameTextMapHash":1465870260,"unlockParam":75177,"FBGIOLHFLIG":"PROFILE_PICTURE_UNLOCK_BY_PARENT_QUEST"}}