[{"id":1,"iconPath":"UI_AvatarIcon_PlayerBoy_Circle","priority":1,"nameTextMapHash":3604285884,"GBLBPOEIPBM":"PROFILE_PICTURE_UNLOCK_BY_AVATAR","unlockParam":10000005,"unlockDescTextMapHash":543619816},{"id":2,"iconPath":"UI_AvatarIcon_PlayerGirl_Circle","priority":2,"nameTextMapHash":271219620,"GBLBPOEIPBM":"PROFILE_PICTURE_UNLOCK_BY_AVATAR","unlockParam":10000007,"unlockDescTextMapHash":2514279032},{"id":100,"iconPath":"UI_AvatarIcon_Ambor_Circle","priority":100,"nameTextMapHash":4129650764,"GBLBPOEIPBM":"PROFILE_PICTURE_UNLOCK_BY_AVATAR","unlockParam":10000021,"unlockDescTextMapHash":2246717288},{"id":101,"iconPath":"UI_AvatarIcon_AmborCostumeWic_Circle","priority":101,"nameTextMapHash":4011886236,"GBLBPOEIPBM":"PROFILE_PICTURE_UNLOCK_BY_COSTUME","unlockParam":202101,"unlockDescTextMapHash":116570704},{"id":200,"iconPath":"UI_AvatarIcon_Kaeya_Circle","priority":200,"nameTextMapHash":4198292852,"GBLBPOEIPBM":"PROFILE_PICTURE_UNLOCK_BY_AVATAR","unlockParam":10000015,"unlockDescTextMapHash":2425989984},{"id":201,"iconPath":"UI_AvatarIcon_KaeyaCostumeDancer_Circle","priority":201,"nameTextMapHash":2326024484,"GBLBPOEIPBM":"PROFILE_PICTURE_UNLOCK_BY_COSTUME","unlockParam":201501,"unlockDescTextMapHash":1016765560},{"id":300,"iconPath":"UI_AvatarIcon_Lisa_Circle","priority":300,"nameTextMapHash":1430880228,"GBLBPOEIPBM":"PROFILE_PICTURE_UNLOCK_BY_AVATAR","unlockParam":10000006,"unlockDescTextMapHash":2240645968},{"id":301,"iconPath":"UI_AvatarIcon_LisaCostumeStudentin_Circle","priority":301,"nameTextMapHash":1999891572,"GBLBPOEIPBM":"PROFILE_PICTURE_UNLOCK_BY_COSTUME","unlockParam":200601,"unlockDescTextMapHash":3170653136},{"id":400,"iconPath":"UI_AvatarIcon_Barbara_Circle","priority":400,"nameTextMapHash":1760985308,"GBLBPOEIPBM":"PROFILE_PICTURE_UNLOCK_BY_AVATAR","unlockParam":10000014,"unlockDescTextMapHash":168604440},{"id":401,"iconPath":"UI_AvatarIcon_BarbaraCostumeSummertime_Circle","priority":401,"nameTextMapHash":2943208916,"GBLBPOEIPBM":"PROFILE_PICTURE_UNLOCK_BY_COSTUME","unlockParam":201401,"unlockDescTextMapHash":8171504},{"id":500,"iconPath":"UI_AvatarIcon_Razor_Circle","priority":500,"nameTextMapHash":1324426164,"GBLBPOEIPBM":"PROFILE_PICTURE_UNLOCK_BY_AVATAR","unlockParam":10000020,"unlockDescTextMapHash":3642256208},{"id":600,"iconPath":"UI_AvatarIcon_Xiangling_Circle","priority":600,"nameTextMapHash":2206393084,"GBLBPOEIPBM":"PROFILE_PICTURE_UNLOCK_BY_AVATAR","unlockParam":10000023,"unlockDescTextMapHash":1987741280},{"id":700,"iconPath":"UI_AvatarIcon_Beidou_Circle","priority":700,"nameTextMapHash":2755210500,"GBLBPOEIPBM":"PROFILE_PICTURE_UNLOCK_BY_AVATAR","unlockParam":10000024,"unlockDescTextMapHash":1734495304},{"id":800,"iconPath":"UI_AvatarIcon_Xingqiu_Circle","priority":800,"nameTextMapHash":2904405116,"GBLBPOEIPBM":"PROFILE_PICTURE_UNLOCK_BY_AVATAR","unlockParam":10000025,"unlockDescTextMapHash":941324232},{"id":801,"iconPath":"UI_AvatarIcon_XingqiuCostumeBamboo_Circle","priority":801,"nameTextMapHash":2018771404,"GBLBPOEIPBM":"PROFILE_PICTURE_UNLOCK_BY_COSTUME","unlockParam":202501,"unlockDescTextMapHash":872659400},{"id":900,"iconPath":"UI_AvatarIcon_Ningguang_Circle","priority":900,"nameTextMapHash":3467578556,"GBLBPOEIPBM":"PROFILE_PICTURE_UNLOCK_BY_AVATAR","unlockParam":10000027,"unlockDescTextMapHash":2506478888},{"id":901,"iconPath":"UI_AvatarIcon_NingguangCostumeFloral_Circle","priority":901,"nameTextMapHash":3049375396,"GBLBPOEIPBM":"PROFILE_PICTURE_UNLOCK_BY_COSTUME","unlockParam":202701,"unlockDescTextMapHash":2605395216},{"id":1000,"iconPath":"UI_AvatarIcon_Fischl_Circle","priority":1000,"nameTextMapHash":2448248284,"GBLBPOEIPBM":"PROFILE_PICTURE_UNLOCK_BY_AVATAR","unlockParam":10000031,"unlockDescTextMapHash":3026305080},{"id":1001,"iconPath":"UI_AvatarIcon_FischlCostumeHighness_Circle","priority":1001,"nameTextMapHash":1161026004,"GBLBPOEIPBM":"PROFILE_PICTURE_UNLOCK_BY_COSTUME","unlockParam":203101,"unlockDescTextMapHash":993391784},{"id":1100,"iconPath":"UI_AvatarIcon_Bennett_Circle","priority":1100,"nameTextMapHash":3881895660,"GBLBPOEIPBM":"PROFILE_PICTURE_UNLOCK_BY_AVATAR","unlockParam":10000032,"unlockDescTextMapHash":3179684720},{"id":1200,"iconPath":"UI_AvatarIcon_Noel_Circle","priority":1200,"nameTextMapHash":2140800276,"GBLBPOEIPBM":"PROFILE_PICTURE_UNLOCK_BY_AVATAR","unlockParam":10000034,"unlockDescTextMapHash":1655744480},{"id":1300,"iconPath":"UI_AvatarIcon_Chongyun_Circle","priority":1300,"nameTextMapHash":1589080740,"GBLBPOEIPBM":"PROFILE_PICTURE_UNLOCK_BY_AVATAR","unlockParam":10000036,"unlockDescTextMapHash":2659276544},{"id":1400,"iconPath":"UI_AvatarIcon_Sucrose_Circle","priority":1400,"nameTextMapHash":3451600692,"GBLBPOEIPBM":"PROFILE_PICTURE_UNLOCK_BY_AVATAR","unlockParam":10000043,"unlockDescTextMapHash":3886160128},{"id":1500,"iconPath":"UI_AvatarIcon_Qin_Circle","priority":1500,"nameTextMapHash":3076704084,"GBLBPOEIPBM":"PROFILE_PICTURE_UNLOCK_BY_AVATAR","unlockParam":10000003,"unlockDescTextMapHash":3092279992},{"id":1501,"iconPath":"UI_AvatarIcon_QinCostumeWic_Circle","priority":1501,"nameTextMapHash":1385160708,"GBLBPOEIPBM":"PROFILE_PICTURE_UNLOCK_BY_COSTUME","unlockParam":200302,"unlockDescTextMapHash":3170710584},{"id":1502,"iconPath":"UI_AvatarIcon_QinCostumeSea_Circle","priority":1502,"nameTextMapHash":106642220,"GBLBPOEIPBM":"PROFILE_PICTURE_UNLOCK_BY_COSTUME","unlockParam":200301,"unlockDescTextMapHash":1918582192},{"id":1600,"iconPath":"UI_AvatarIcon_Diluc_Circle","priority":1600,"nameTextMapHash":2487288620,"GBLBPOEIPBM":"PROFILE_PICTURE_UNLOCK_BY_AVATAR","unlockParam":10000016,"unlockDescTextMapHash":539157752},{"id":1601,"iconPath":"UI_AvatarIcon_DilucCostumeFlamme_Circle","priority":1601,"nameTextMapHash":2579470204,"GBLBPOEIPBM":"PROFILE_PICTURE_UNLOCK_BY_COSTUME","unlockParam":201601,"unlockDescTextMapHash":851927168},{"id":1700,"iconPath":"UI_AvatarIcon_Qiqi_Circle","priority":1700,"nameTextMapHash":1651684028,"GBLBPOEIPBM":"PROFILE_PICTURE_UNLOCK_BY_AVATAR","unlockParam":10000035,"unlockDescTextMapHash":2646952328},{"id":1800,"iconPath":"UI_AvatarIcon_Mona_Circle","priority":1800,"nameTextMapHash":580553172,"GBLBPOEIPBM":"PROFILE_PICTURE_UNLOCK_BY_AVATAR","unlockParam":10000041,"unlockDescTextMapHash":2990559472},{"id":1801,"iconPath":"UI_AvatarIcon_MonaCostumeWic_Circle","priority":1801,"nameTextMapHash":1859247892,"GBLBPOEIPBM":"PROFILE_PICTURE_UNLOCK_BY_COSTUME","unlockParam":204101,"unlockDescTextMapHash":1302974952},{"id":1900,"iconPath":"UI_AvatarIcon_Keqing_Circle","priority":1900,"nameTextMapHash":2904482116,"GBLBPOEIPBM":"PROFILE_PICTURE_UNLOCK_BY_AVATAR","unlockParam":10000042,"unlockDescTextMapHash":1827001656},{"id":1901,"iconPath":"UI_AvatarIcon_KeqingCostumeFeather_Circle","priority":1901,"nameTextMapHash":2350549260,"GBLBPOEIPBM":"PROFILE_PICTURE_UNLOCK_BY_COSTUME","unlockParam":204201,"unlockDescTextMapHash":797836472},{"id":2000,"iconPath":"UI_AvatarIcon_Venti_Circle","priority":2000,"nameTextMapHash":2636283300,"GBLBPOEIPBM":"PROFILE_PICTURE_UNLOCK_BY_AVATAR","unlockParam":10000022,"unlockDescTextMapHash":1462214344},{"id":2100,"iconPath":"UI_AvatarIcon_Klee_Circle","priority":2100,"nameTextMapHash":2278572156,"GBLBPOEIPBM":"PROFILE_PICTURE_UNLOCK_BY_AVATAR","unlockParam":10000029,"unlockDescTextMapHash":3280679616},{"id":2101,"iconPath":"UI_AvatarIcon_KleeCostumeWitch_Circle","priority":2101,"nameTextMapHash":3797120244,"GBLBPOEIPBM":"PROFILE_PICTURE_UNLOCK_BY_COSTUME","unlockParam":202901,"unlockDescTextMapHash":1884490128},{"id":2200,"iconPath":"UI_AvatarIcon_Diona_Circle","priority":2200,"nameTextMapHash":3452475956,"GBLBPOEIPBM":"PROFILE_PICTURE_UNLOCK_BY_AVATAR","unlockParam":10000039,"unlockDescTextMapHash":2745782656},{"id":2300,"iconPath":"UI_AvatarIcon_Tartaglia_Circle","priority":2300,"nameTextMapHash":66233604,"GBLBPOEIPBM":"PROFILE_PICTURE_UNLOCK_BY_AVATAR","unlockParam":10000033,"unlockDescTextMapHash":567894176},{"id":2400,"iconPath":"UI_AvatarIcon_Xinyan_Circle","priority":2400,"nameTextMapHash":2352103668,"GBLBPOEIPBM":"PROFILE_PICTURE_UNLOCK_BY_AVATAR","unlockParam":10000044,"unlockDescTextMapHash":3512219528},{"id":2500,"iconPath":"UI_AvatarIcon_Zhongli_Circle","priority":2500,"nameTextMapHash":945047940,"GBLBPOEIPBM":"PROFILE_PICTURE_UNLOCK_BY_AVATAR","unlockParam":10000030,"unlockDescTextMapHash":1996893328},{"id":2600,"iconPath":"UI_AvatarIcon_Albedo_Circle","priority":2600,"nameTextMapHash":4037900132,"GBLBPOEIPBM":"PROFILE_PICTURE_UNLOCK_BY_AVATAR","unlockParam":10000038,"unlockDescTextMapHash":1745624832},{"id":2700,"iconPath":"UI_AvatarIcon_Ganyu_Circle","priority":2700,"nameTextMapHash":1049883700,"GBLBPOEIPBM":"PROFILE_PICTURE_UNLOCK_BY_AVATAR","unlockParam":10000037,"unlockDescTextMapHash":1038879568},{"id":2701,"iconPath":"UI_AvatarIcon_GanyuCostumeYu_Circle","priority":2701,"nameTextMapHash":1365886372,"GBLBPOEIPBM":"PROFILE_PICTURE_UNLOCK_BY_COSTUME","unlockParam":203701,"unlockDescTextMapHash":2726799944},{"id":2800,"iconPath":"UI_AvatarIcon_Xiao_Circle","priority":2800,"nameTextMapHash":2799653588,"GBLBPOEIPBM":"PROFILE_PICTURE_UNLOCK_BY_AVATAR","unlockParam":10000026,"unlockDescTextMapHash":1420872968},{"id":2900,"iconPath":"UI_AvatarIcon_Hutao_Circle","priority":2900,"nameTextMapHash":678944044,"GBLBPOEIPBM":"PROFILE_PICTURE_UNLOCK_BY_AVATAR","unlockParam":10000046,"unlockDescTextMapHash":779217944},{"id":3000,"iconPath":"UI_AvatarIcon_Rosaria_Circle","priority":3000,"nameTextMapHash":2851323220,"GBLBPOEIPBM":"PROFILE_PICTURE_UNLOCK_BY_AVATAR","unlockParam":10000045,"unlockDescTextMapHash":3644666728},{"id":3001,"iconPath":"UI_AvatarIcon_RosariaCostumeWic_Circle","priority":3001,"nameTextMapHash":300481684,"GBLBPOEIPBM":"PROFILE_PICTURE_UNLOCK_BY_COSTUME","unlockParam":204501,"unlockDescTextMapHash":3449155472},{"id":3100,"iconPath":"UI_AvatarIcon_Feiyan_Circle","priority":3100,"nameTextMapHash":2418667468,"GBLBPOEIPBM":"PROFILE_PICTURE_UNLOCK_BY_AVATAR","unlockParam":10000048,"unlockDescTextMapHash":3289286280},{"id":3200,"iconPath":"UI_AvatarIcon_Eula_Circle","priority":3200,"nameTextMapHash":3544158164,"GBLBPOEIPBM":"PROFILE_PICTURE_UNLOCK_BY_AVATAR","unlockParam":10000051,"unlockDescTextMapHash":146525376},{"id":3300,"iconPath":"UI_AvatarIcon_Kazuha_Circle","priority":3300,"nameTextMapHash":3249781436,"GBLBPOEIPBM":"PROFILE_PICTURE_UNLOCK_BY_AVATAR","unlockParam":10000047,"unlockDescTextMapHash":8766896},{"id":3400,"iconPath":"UI_AvatarIcon_Ayaka_Circle","priority":3400,"nameTextMapHash":3187703364,"GBLBPOEIPBM":"PROFILE_PICTURE_UNLOCK_BY_AVATAR","unlockParam":10000002,"unlockDescTextMapHash":2373595848},{"id":3401,"iconPath":"UI_AvatarIcon_AyakaCostumeFruhling_Circle","priority":3401,"nameTextMapHash":376817380,"GBLBPOEIPBM":"PROFILE_PICTURE_UNLOCK_BY_COSTUME","unlockParam":200201,"unlockDescTextMapHash":3531553408},{"id":3500,"iconPath":"UI_AvatarIcon_Sayu_Circle","priority":3500,"nameTextMapHash":4082960244,"GBLBPOEIPBM":"PROFILE_PICTURE_UNLOCK_BY_AVATAR","unlockParam":10000053,"unlockDescTextMapHash":4108138576},{"id":3600,"iconPath":"UI_AvatarIcon_Yoimiya_Circle","priority":3600,"nameTextMapHash":2552836988,"GBLBPOEIPBM":"PROFILE_PICTURE_UNLOCK_BY_AVATAR","unlockParam":10000049,"unlockDescTextMapHash":2181781080},{"id":3700,"iconPath":"UI_AvatarIcon_Aloy_Circle","priority":3700,"nameTextMapHash":762807356,"GBLBPOEIPBM":"PROFILE_PICTURE_UNLOCK_BY_AVATAR","unlockParam":10000062,"unlockDescTextMapHash":3223533368},{"id":3800,"iconPath":"UI_AvatarIcon_Sara_Circle","priority":3800,"nameTextMapHash":3988675588,"GBLBPOEIPBM":"PROFILE_PICTURE_UNLOCK_BY_AVATAR","unlockParam":10000056,"unlockDescTextMapHash":3418059648},{"id":3900,"iconPath":"UI_AvatarIcon_Shougun_Circle","priority":3900,"nameTextMapHash":1384773420,"GBLBPOEIPBM":"PROFILE_PICTURE_UNLOCK_BY_AVATAR","unlockParam":10000052,"unlockDescTextMapHash":3663867832},{"id":4000,"iconPath":"UI_AvatarIcon_Kokomi_Circle","priority":4000,"nameTextMapHash":412156284,"GBLBPOEIPBM":"PROFILE_PICTURE_UNLOCK_BY_AVATAR","unlockParam":10000054,"unlockDescTextMapHash":2408405696},{"id":4100,"iconPath":"UI_AvatarIcon_Tohma_Circle","priority":4100,"nameTextMapHash":4259359556,"GBLBPOEIPBM":"PROFILE_PICTURE_UNLOCK_BY_AVATAR","unlockParam":10000050,"unlockDescTextMapHash":334799432},{"id":4200,"iconPath":"UI_AvatarIcon_Gorou_Circle","priority":4200,"nameTextMapHash":2590272292,"GBLBPOEIPBM":"PROFILE_PICTURE_UNLOCK_BY_AVATAR","unlockParam":10000055,"unlockDescTextMapHash":1041262592},{"id":4300,"iconPath":"UI_AvatarIcon_Itto_Circle","priority":4300,"nameTextMapHash":1439449756,"GBLBPOEIPBM":"PROFILE_PICTURE_UNLOCK_BY_AVATAR","unlockParam":10000057,"unlockDescTextMapHash":3713187696},{"id":4400,"iconPath":"UI_AvatarIcon_Yunjin_Circle","priority":4400,"nameTextMapHash":1748326324,"GBLBPOEIPBM":"PROFILE_PICTURE_UNLOCK_BY_AVATAR","unlockParam":10000064,"unlockDescTextMapHash":1072321640},{"id":4500,"iconPath":"UI_AvatarIcon_Shenhe_Circle","priority":4500,"nameTextMapHash":1379338044,"GBLBPOEIPBM":"PROFILE_PICTURE_UNLOCK_BY_AVATAR","unlockParam":10000063,"unlockDescTextMapHash":2404037608},{"id":4501,"iconPath":"UI_AvatarIcon_ShenheCostumeDai_Circle","priority":4501,"nameTextMapHash":561207228,"GBLBPOEIPBM":"PROFILE_PICTURE_UNLOCK_BY_COSTUME","unlockParam":206301,"unlockDescTextMapHash":1146486056},{"id":4600,"iconPath":"UI_AvatarIcon_Yae_Circle","priority":4600,"nameTextMapHash":45847804,"GBLBPOEIPBM":"PROFILE_PICTURE_UNLOCK_BY_AVATAR","unlockParam":10000058,"unlockDescTextMapHash":148086480},{"id":4700,"iconPath":"UI_AvatarIcon_Ayato_Circle","priority":4700,"nameTextMapHash":2898090420,"GBLBPOEIPBM":"PROFILE_PICTURE_UNLOCK_BY_AVATAR","unlockParam":10000066,"unlockDescTextMapHash":176892480},{"id":4800,"iconPath":"UI_AvatarIcon_Yelan_Circle","priority":4800,"nameTextMapHash":1139213860,"GBLBPOEIPBM":"PROFILE_PICTURE_UNLOCK_BY_AVATAR","unlockParam":10000060,"unlockDescTextMapHash":174328528},{"id":4900,"iconPath":"UI_AvatarIcon_Shinobu_Circle","priority":4900,"nameTextMapHash":3488543924,"GBLBPOEIPBM":"PROFILE_PICTURE_UNLOCK_BY_AVATAR","unlockParam":10000065,"unlockDescTextMapHash":2070243152},{"id":5000,"iconPath":"UI_AvatarIcon_Heizo_Circle","priority":5000,"nameTextMapHash":2814342260,"GBLBPOEIPBM":"PROFILE_PICTURE_UNLOCK_BY_AVATAR","unlockParam":10000059,"unlockDescTextMapHash":195789464},{"id":5100,"iconPath":"UI_AvatarIcon_Collei_Circle","priority":5100,"nameTextMapHash":1985782300,"GBLBPOEIPBM":"PROFILE_PICTURE_UNLOCK_BY_AVATAR","unlockParam":10000067,"unlockDescTextMapHash":1084903504},{"id":5200,"iconPath":"UI_AvatarIcon_Tighnari_Circle","priority":5200,"nameTextMapHash":2369699668,"GBLBPOEIPBM":"PROFILE_PICTURE_UNLOCK_BY_AVATAR","unlockParam":10000069,"unlockDescTextMapHash":1463728880},{"id":5300,"iconPath":"UI_AvatarIcon_Dori_Circle","priority":5300,"nameTextMapHash":3746931452,"GBLBPOEIPBM":"PROFILE_PICTURE_UNLOCK_BY_AVATAR","unlockParam":10000068,"unlockDescTextMapHash":68067384},{"id":5400,"iconPath":"UI_AvatarIcon_Candace_Circle","priority":5400,"nameTextMapHash":3874523500,"GBLBPOEIPBM":"PROFILE_PICTURE_UNLOCK_BY_AVATAR","unlockParam":10000072,"unlockDescTextMapHash":2804141792},{"id":5500,"iconPath":"UI_AvatarIcon_Cyno_Circle","priority":5500,"nameTextMapHash":4170326540,"GBLBPOEIPBM":"PROFILE_PICTURE_UNLOCK_BY_AVATAR","unlockParam":10000071,"unlockDescTextMapHash":2211553464},{"id":5600,"iconPath":"UI_AvatarIcon_Nilou_Circle","priority":5600,"nameTextMapHash":1598209428,"GBLBPOEIPBM":"PROFILE_PICTURE_UNLOCK_BY_AVATAR","unlockParam":10000070,"unlockDescTextMapHash":4091018352},{"id":5700,"iconPath":"UI_AvatarIcon_Nahida_Circle","priority":5700,"nameTextMapHash":533361044,"GBLBPOEIPBM":"PROFILE_PICTURE_UNLOCK_BY_AVATAR","unlockParam":10000073,"unlockDescTextMapHash":1651512208},{"id":5800,"iconPath":"UI_AvatarIcon_Layla_Circle","priority":5800,"nameTextMapHash":1540669524,"GBLBPOEIPBM":"PROFILE_PICTURE_UNLOCK_BY_AVATAR","unlockParam":10000074,"unlockDescTextMapHash":3665223632},{"id":5900,"iconPath":"UI_AvatarIcon_Faruzan_Circle","priority":5900,"nameTextMapHash":1171845828,"GBLBPOEIPBM":"PROFILE_PICTURE_UNLOCK_BY_AVATAR","unlockParam":10000076,"unlockDescTextMapHash":1755096056},{"id":6000,"iconPath":"UI_AvatarIcon_Wanderer_Circle","priority":6000,"nameTextMapHash":3210918732,"GBLBPOEIPBM":"PROFILE_PICTURE_UNLOCK_BY_AVATAR","unlockParam":10000075,"unlockDescTextMapHash":3793718480},{"id":6100,"iconPath":"UI_AvatarIcon_Yaoyao_Circle","priority":6100,"nameTextMapHash":196788628,"GBLBPOEIPBM":"PROFILE_PICTURE_UNLOCK_BY_AVATAR","unlockParam":10000077,"unlockDescTextMapHash":2338265744},{"id":6200,"iconPath":"UI_AvatarIcon_Alhatham_Circle","priority":6200,"nameTextMapHash":984331444,"GBLBPOEIPBM":"PROFILE_PICTURE_UNLOCK_BY_AVATAR","unlockParam":10000078,"unlockDescTextMapHash":2207612664},{"id":6300,"iconPath":"UI_AvatarIcon_Dehya_Circle","priority":6300,"nameTextMapHash":1497016220,"GBLBPOEIPBM":"PROFILE_PICTURE_UNLOCK_BY_AVATAR","unlockParam":10000079,"unlockDescTextMapHash":689524224},{"id":6400,"iconPath":"UI_AvatarIcon_Mika_Circle","priority":6400,"nameTextMapHash":2186517540,"GBLBPOEIPBM":"PROFILE_PICTURE_UNLOCK_BY_AVATAR","unlockParam":10000080,"unlockDescTextMapHash":1008803432},{"id":6500,"iconPath":"UI_AvatarIcon_Kaveh_Circle","priority":6500,"nameTextMapHash":1467637604,"GBLBPOEIPBM":"PROFILE_PICTURE_UNLOCK_BY_AVATAR","unlockParam":10000081,"unlockDescTextMapHash":497819312},{"id":6600,"iconPath":"UI_AvatarIcon_Baizhuer_Circle","priority":6600,"nameTextMapHash":420768780,"GBLBPOEIPBM":"PROFILE_PICTURE_UNLOCK_BY_AVATAR","unlockParam":10000082,"unlockDescTextMapHash":57038688},{"id":6700,"iconPath":"UI_AvatarIcon_Momoka_Circle","priority":6700,"nameTextMapHash":1129094484,"GBLBPOEIPBM":"PROFILE_PICTURE_UNLOCK_BY_AVATAR","unlockParam":10000061,"unlockDescTextMapHash":2625512920},{"id":6800,"iconPath":"UI_AvatarIcon_Linette_Circle","priority":6800,"nameTextMapHash":1586137212,"GBLBPOEIPBM":"PROFILE_PICTURE_UNLOCK_BY_AVATAR","unlockParam":10000083,"unlockDescTextMapHash":1980337568},{"id":6900,"iconPath":"UI_AvatarIcon_Liney_Circle","priority":6900,"nameTextMapHash":907368204,"GBLBPOEIPBM":"PROFILE_PICTURE_UNLOCK_BY_AVATAR","unlockParam":10000084,"unlockDescTextMapHash":1055484872},{"id":7000,"iconPath":"UI_AvatarIcon_Freminet_Circle","priority":7000,"nameTextMapHash":1821673276,"GBLBPOEIPBM":"PROFILE_PICTURE_UNLOCK_BY_AVATAR","unlockParam":10000085,"unlockDescTextMapHash":921757472},{"id":7100,"iconPath":"UI_AvatarIcon_Neuvillette_Circle","priority":7100,"nameTextMapHash":3752117636,"GBLBPOEIPBM":"PROFILE_PICTURE_UNLOCK_BY_AVATAR","unlockParam":10000087,"unlockDescTextMapHash":4110570208},{"id":7200,"iconPath":"UI_AvatarIcon_Wriothesley_Circle","priority":7200,"nameTextMapHash":2892052,"GBLBPOEIPBM":"PROFILE_PICTURE_UNLOCK_BY_AVATAR","unlockParam":10000086,"unlockDescTextMapHash":3605847168},{"id":7300,"iconPath":"UI_AvatarIcon_Charlotte_Circle","priority":7300,"nameTextMapHash":2782129108,"GBLBPOEIPBM":"PROFILE_PICTURE_UNLOCK_BY_AVATAR","unlockParam":10000088,"unlockDescTextMapHash":1930000632},{"id":7400,"iconPath":"UI_AvatarIcon_Furina_Circle","priority":7400,"nameTextMapHash":3727373268,"GBLBPOEIPBM":"PROFILE_PICTURE_UNLOCK_BY_AVATAR","unlockParam":10000089,"unlockDescTextMapHash":3528753624},{"id":7500,"iconPath":"UI_AvatarIcon_Navia_Circle","priority":7500,"nameTextMapHash":3420068796,"GBLBPOEIPBM":"PROFILE_PICTURE_UNLOCK_BY_AVATAR","unlockParam":10000091,"unlockDescTextMapHash":759693104},{"id":7600,"iconPath":"UI_AvatarIcon_Chevreuse_Circle","priority":7600,"nameTextMapHash":241782844,"GBLBPOEIPBM":"PROFILE_PICTURE_UNLOCK_BY_AVATAR","unlockParam":10000090,"unlockDescTextMapHash":823837664},{"id":7700,"iconPath":"UI_AvatarIcon_Gaming_Circle","priority":7700,"nameTextMapHash":4228481004,"GBLBPOEIPBM":"PROFILE_PICTURE_UNLOCK_BY_AVATAR","unlockParam":10000092,"unlockDescTextMapHash":3190106160},{"id":7800,"iconPath":"UI_AvatarIcon_Liuyun_Circle","priority":7800,"nameTextMapHash":1294266220,"GBLBPOEIPBM":"PROFILE_PICTURE_UNLOCK_BY_AVATAR","unlockParam":10000093,"unlockDescTextMapHash":1581325888},{"id":7900,"iconPath":"UI_AvatarIcon_Chiori_Circle","priority":7900,"nameTextMapHash":1057050268,"GBLBPOEIPBM":"PROFILE_PICTURE_UNLOCK_BY_AVATAR","unlockParam":10000094,"unlockDescTextMapHash":1877933576},{"id":8000,"iconPath":"UI_AvatarIcon_Arlecchino_Circle","priority":8000,"nameTextMapHash":3363124668,"GBLBPOEIPBM":"PROFILE_PICTURE_UNLOCK_BY_AVATAR","unlockParam":10000096,"unlockDescTextMapHash":3347872744},{"id":99999,"iconPath":"UI_AvatarIcon_Ambor_Circle","priority":99999,"nameTextMapHash":3995351756,"GBLBPOEIPBM":"PROFILE_PICTURE_UNLOCK_BY_ITEM","unlockParam":320001,"unlockDescTextMapHash":2691654840},{"id":100010,"iconPath":"UI_AvatarIcon_72105_Circle","priority":100010,"FJNHFPMPIJI":true,"nameTextMapHash":4284320332,"GBLBPOEIPBM":"PROFILE_PICTURE_UNLOCK_BY_PARENT_QUEST","unlockParam":72105,"unlockDescTextMapHash":3527893208},{"id":100020,"iconPath":"UI_AvatarIcon_72158_Circle","priority":100020,"FJNHFPMPIJI":true,"nameTextMapHash":2115514524,"GBLBPOEIPBM":"PROFILE_PICTURE_UNLOCK_BY_PARENT_QUEST","unlockParam":72158,"unlockDescTextMapHash":820574240},{"id":100030,"iconPath":"UI_AvatarIcon_72173_Circle","priority":100030,"FJNHFPMPIJI":true,"nameTextMapHash":537096092,"GBLBPOEIPBM":"PROFILE_PICTURE_UNLOCK_BY_PARENT_QUEST","unlockParam":72173,"unlockDescTextMapHash":224064344},{"id":100040,"iconPath":"UI_AvatarIcon_72177_Circle","priority":100040,"FJNHFPMPIJI":true,"nameTextMapHash":2055558492,"GBLBPOEIPBM":"PROFILE_PICTURE_UNLOCK_BY_PARENT_QUEST","unlockParam":72177,"unlockDescTextMapHash":2204277880},{"id":100050,"iconPath":"UI_AvatarIcon_71045_Circle","priority":100050,"FJNHFPMPIJI":true,"nameTextMapHash":3628954484,"GBLBPOEIPBM":"PROFILE_PICTURE_UNLOCK_BY_PARENT_QUEST","unlockParam":71045,"unlockDescTextMapHash":708095872},{"id":100060,"iconPath":"UI_AvatarIcon_73038_Circle","priority":100060,"FJNHFPMPIJI":true,"nameTextMapHash":2914387620,"GBLBPOEIPBM":"PROFILE_PICTURE_UNLOCK_BY_PARENT_QUEST","unlockParam":73038,"unlockDescTextMapHash":3011020680},{"id":100070,"iconPath":"UI_AvatarIcon_73055_Circle","priority":100070,"FJNHFPMPIJI":true,"nameTextMapHash":1698312916,"GBLBPOEIPBM":"PROFILE_PICTURE_UNLOCK_BY_PARENT_QUEST","unlockParam":73055,"unlockDescTextMapHash":1152685640},{"id":100080,"iconPath":"UI_AvatarIcon_73220_Circle","priority":100080,"FJNHFPMPIJI":true,"nameTextMapHash":1025414580,"GBLBPOEIPBM":"PROFILE_PICTURE_UNLOCK_BY_PARENT_QUEST","unlockParam":73220,"unlockDescTextMapHash":1749103488},{"id":100090,"iconPath":"UI_AvatarIcon_73232_Circle","priority":100090,"FJNHFPMPIJI":true,"nameTextMapHash":4204508124,"GBLBPOEIPBM":"PROFILE_PICTURE_UNLOCK_BY_PARENT_QUEST","unlockParam":73232,"unlockDescTextMapHash":741329208},{"id":100100,"iconPath":"UI_AvatarIcon_74007_Circle","priority":100100,"FJNHFPMPIJI":true,"nameTextMapHash":423665740,"GBLBPOEIPBM":"PROFILE_PICTURE_UNLOCK_BY_PARENT_QUEST","unlockParam":74007,"unlockDescTextMapHash":861322448},{"id":100110,"iconPath":"UI_AvatarIcon_74004_Circle","priority":100110,"FJNHFPMPIJI":true,"nameTextMapHash":1584610884,"GBLBPOEIPBM":"PROFILE_PICTURE_UNLOCK_BY_PARENT_QUEST","unlockParam":74004,"unlockDescTextMapHash":3057068792},{"id":100120,"iconPath":"UI_AvatarIcon_74028_Circle","priority":100120,"FJNHFPMPIJI":true,"nameTextMapHash":3637200084,"GBLBPOEIPBM":"PROFILE_PICTURE_UNLOCK_BY_PARENT_QUEST","unlockParam":74028,"unlockDescTextMapHash":109902736},{"id":100130,"iconPath":"UI_AvatarIcon_74053_Circle","priority":100130,"FJNHFPMPIJI":true,"nameTextMapHash":1630051180,"GBLBPOEIPBM":"PROFILE_PICTURE_UNLOCK_BY_PARENT_QUEST","unlockParam":74053,"unlockDescTextMapHash":3138805232},{"id":100140,"iconPath":"UI_AvatarIcon_74078_Circle","priority":100140,"FJNHFPMPIJI":true,"nameTextMapHash":2732020044,"GBLBPOEIPBM":"PROFILE_PICTURE_UNLOCK_BY_PARENT_QUEST","unlockParam":74078,"unlockDescTextMapHash":3660280192},{"id":100150,"iconPath":"UI_AvatarIcon_74085_Circle","priority":100150,"FJNHFPMPIJI":true,"nameTextMapHash":131812372,"GBLBPOEIPBM":"PROFILE_PICTURE_UNLOCK_BY_PARENT_QUEST","unlockParam":74085,"unlockDescTextMapHash":3058749496},{"id":100160,"iconPath":"UI_AvatarIcon_71100_Circle","priority":100160,"FJNHFPMPIJI":true,"nameTextMapHash":1960492844,"GBLBPOEIPBM":"PROFILE_PICTURE_UNLOCK_BY_PARENT_QUEST","unlockParam":71100,"unlockDescTextMapHash":3682765480},{"id":100170,"iconPath":"UI_AvatarIcon_74196_Circle","priority":100170,"FJNHFPMPIJI":true,"nameTextMapHash":860131476,"GBLBPOEIPBM":"PROFILE_PICTURE_UNLOCK_BY_PARENT_QUEST","unlockParam":74196,"unlockDescTextMapHash":962436648}]