{"1":{"iconPath":"UI_AvatarIcon_PlayerBoy_Circle","priority":1,"id":1,"unlockDescTextMapHash":543619816,"IMNPHBECMDM":false,"JHJAPPPAMGF":"PROFILE_PICTURE_UNLOCK_BY_AVATAR","nameTextMapHash":3604285884,"unlockParam":10000005},"2":{"iconPath":"UI_AvatarIcon_PlayerGirl_Circle","priority":2,"id":2,"unlockDescTextMapHash":2514279032,"IMNPHBECMDM":false,"JHJAPPPAMGF":"PROFILE_PICTURE_UNLOCK_BY_AVATAR","nameTextMapHash":271219620,"unlockParam":10000007},"100":{"iconPath":"UI_AvatarIcon_Ambor_Circle","priority":100,"id":100,"unlockDescTextMapHash":2246717288,"IMNPHBECMDM":false,"JHJAPPPAMGF":"PROFILE_PICTURE_UNLOCK_BY_AVATAR","nameTextMapHash":4129650764,"unlockParam":10000021},"101":{"iconPath":"UI_AvatarIcon_AmborCostumeWic_Circle","priority":101,"id":101,"unlockDescTextMapHash":116570704,"IMNPHBECMDM":false,"JHJAPPPAMGF":"PROFILE_PICTURE_UNLOCK_BY_COSTUME","nameTextMapHash":4011886236,"unlockParam":202101},"200":{"iconPath":"UI_AvatarIcon_Kaeya_Circle","priority":200,"id":200,"unlockDescTextMapHash":2425989984,"IMNPHBECMDM":false,"JHJAPPPAMGF":"PROFILE_PICTURE_UNLOCK_BY_AVATAR","nameTextMapHash":4198292852,"unlockParam":10000015},"201":{"iconPath":"UI_AvatarIcon_KaeyaCostumeDancer_Circle","priority":201,"id":201,"unlockDescTextMapHash":1016765560,"IMNPHBECMDM":false,"JHJAPPPAMGF":"PROFILE_PICTURE_UNLOCK_BY_COSTUME","nameTextMapHash":2326024484,"unlockParam":201501},"300":{"iconPath":"UI_AvatarIcon_Lisa_Circle","priority":300,"id":300,"unlockDescTextMapHash":2240645968,"IMNPHBECMDM":false,"JHJAPPPAMGF":"PROFILE_PICTURE_UNLOCK_BY_AVATAR","nameTextMapHash":1430880228,"unlockParam":10000006},"301":{"iconPath":"UI_AvatarIcon_LisaCostumeStudentin_Circle","priority":301,"id":301,"unlockDescTextMapHash":3170653136,"IMNPHBECMDM":false,"JHJAPPPAMGF":"PROFILE_PICTURE_UNLOCK_BY_COSTUME","nameTextMapHash":1999891572,"unlockParam":200601},"400":{"iconPath":"UI_AvatarIcon_Barbara_Circle","priority":400,"id":400,"unlockDescTextMapHash":168604440,"IMNPHBECMDM":false,"JHJAPPPAMGF":"PROFILE_PICTURE_UNLOCK_BY_AVATAR","nameTextMapHash":1760985308,"unlockParam":10000014},"401":{"iconPath":"UI_AvatarIcon_BarbaraCostumeSummertime_Circle","priority":401,"id":401,"unlockDescTextMapHash":8171504,"IMNPHBECMDM":false,"JHJAPPPAMGF":"PROFILE_PICTURE_UNLOCK_BY_COSTUME","nameTextMapHash":2943208916,"unlockParam":201401},"500":{"iconPath":"UI_AvatarIcon_Razor_Circle","priority":500,"id":500,"unlockDescTextMapHash":3642256208,"IMNPHBECMDM":false,"JHJAPPPAMGF":"PROFILE_PICTURE_UNLOCK_BY_AVATAR","nameTextMapHash":1324426164,"unlockParam":10000020},"600":{"iconPath":"UI_AvatarIcon_Xiangling_Circle","priority":600,"id":600,"unlockDescTextMapHash":1987741280,"IMNPHBECMDM":false,"JHJAPPPAMGF":"PROFILE_PICTURE_UNLOCK_BY_AVATAR","nameTextMapHash":2206393084,"unlockParam":10000023},"601":{"iconPath":"UI_AvatarIcon_XianglingCostumeWinter_Circle","priority":601,"id":601,"unlockDescTextMapHash":2210092032,"IMNPHBECMDM":false,"JHJAPPPAMGF":"PROFILE_PICTURE_UNLOCK_BY_COSTUME","nameTextMapHash":1178901364,"unlockParam":202301},"700":{"iconPath":"UI_AvatarIcon_Beidou_Circle","priority":700,"id":700,"unlockDescTextMapHash":1734495304,"IMNPHBECMDM":false,"JHJAPPPAMGF":"PROFILE_PICTURE_UNLOCK_BY_AVATAR","nameTextMapHash":2755210500,"unlockParam":10000024},"800":{"iconPath":"UI_AvatarIcon_Xingqiu_Circle","priority":800,"id":800,"unlockDescTextMapHash":941324232,"IMNPHBECMDM":false,"JHJAPPPAMGF":"PROFILE_PICTURE_UNLOCK_BY_AVATAR","nameTextMapHash":2904405116,"unlockParam":10000025},"801":{"iconPath":"UI_AvatarIcon_XingqiuCostumeBamboo_Circle","priority":801,"id":801,"unlockDescTextMapHash":872659400,"IMNPHBECMDM":false,"JHJAPPPAMGF":"PROFILE_PICTURE_UNLOCK_BY_COSTUME","nameTextMapHash":2018771404,"unlockParam":202501},"900":{"iconPath":"UI_AvatarIcon_Ningguang_Circle","priority":900,"id":900,"unlockDescTextMapHash":2506478888,"IMNPHBECMDM":false,"JHJAPPPAMGF":"PROFILE_PICTURE_UNLOCK_BY_AVATAR","nameTextMapHash":3467578556,"unlockParam":10000027},"901":{"iconPath":"UI_AvatarIcon_NingguangCostumeFloral_Circle","priority":901,"id":901,"unlockDescTextMapHash":2605395216,"IMNPHBECMDM":false,"JHJAPPPAMGF":"PROFILE_PICTURE_UNLOCK_BY_COSTUME","nameTextMapHash":3049375396,"unlockParam":202701},"1000":{"iconPath":"UI_AvatarIcon_Fischl_Circle","priority":1000,"id":1000,"unlockDescTextMapHash":3026305080,"IMNPHBECMDM":false,"JHJAPPPAMGF":"PROFILE_PICTURE_UNLOCK_BY_AVATAR","nameTextMapHash":2448248284,"unlockParam":10000031},"1001":{"iconPath":"UI_AvatarIcon_FischlCostumeHighness_Circle","priority":1001,"id":1001,"unlockDescTextMapHash":993391784,"IMNPHBECMDM":false,"JHJAPPPAMGF":"PROFILE_PICTURE_UNLOCK_BY_COSTUME","nameTextMapHash":1161026004,"unlockParam":203101},"1100":{"iconPath":"UI_AvatarIcon_Bennett_Circle","priority":1100,"id":1100,"unlockDescTextMapHash":3179684720,"IMNPHBECMDM":false,"JHJAPPPAMGF":"PROFILE_PICTURE_UNLOCK_BY_AVATAR","nameTextMapHash":3881895660,"unlockParam":10000032},"1200":{"iconPath":"UI_AvatarIcon_Noel_Circle","priority":1200,"id":1200,"unlockDescTextMapHash":1655744480,"IMNPHBECMDM":false,"JHJAPPPAMGF":"PROFILE_PICTURE_UNLOCK_BY_AVATAR","nameTextMapHash":2140800276,"unlockParam":10000034},"1300":{"iconPath":"UI_AvatarIcon_Chongyun_Circle","priority":1300,"id":1300,"unlockDescTextMapHash":2659276544,"IMNPHBECMDM":false,"JHJAPPPAMGF":"PROFILE_PICTURE_UNLOCK_BY_AVATAR","nameTextMapHash":1589080740,"unlockParam":10000036},"1400":{"iconPath":"UI_AvatarIcon_Sucrose_Circle","priority":1400,"id":1400,"unlockDescTextMapHash":3886160128,"IMNPHBECMDM":false,"JHJAPPPAMGF":"PROFILE_PICTURE_UNLOCK_BY_AVATAR","nameTextMapHash":3451600692,"unlockParam":10000043},"1500":{"iconPath":"UI_AvatarIcon_Qin_Circle","priority":1500,"id":1500,"unlockDescTextMapHash":3092279992,"IMNPHBECMDM":false,"JHJAPPPAMGF":"PROFILE_PICTURE_UNLOCK_BY_AVATAR","nameTextMapHash":3076704084,"unlockParam":10000003},"1501":{"iconPath":"UI_AvatarIcon_QinCostumeWic_Circle","priority":1501,"id":1501,"unlockDescTextMapHash":3170710584,"IMNPHBECMDM":false,"JHJAPPPAMGF":"PROFILE_PICTURE_UNLOCK_BY_COSTUME","nameTextMapHash":1385160708,"unlockParam":200302},"1502":{"iconPath":"UI_AvatarIcon_QinCostumeSea_Circle","priority":1502,"id":1502,"unlockDescTextMapHash":1918582192,"IMNPHBECMDM":false,"JHJAPPPAMGF":"PROFILE_PICTURE_UNLOCK_BY_COSTUME","nameTextMapHash":106642220,"unlockParam":200301},"1600":{"iconPath":"UI_AvatarIcon_Diluc_Circle","priority":1600,"id":1600,"unlockDescTextMapHash":539157752,"IMNPHBECMDM":false,"JHJAPPPAMGF":"PROFILE_PICTURE_UNLOCK_BY_AVATAR","nameTextMapHash":2487288620,"unlockParam":10000016},"1601":{"iconPath":"UI_AvatarIcon_DilucCostumeFlamme_Circle","priority":1601,"id":1601,"unlockDescTextMapHash":851927168,"IMNPHBECMDM":false,"JHJAPPPAMGF":"PROFILE_PICTURE_UNLOCK_BY_COSTUME","nameTextMapHash":2579470204,"unlockParam":201601},"1700":{"iconPath":"UI_AvatarIcon_Qiqi_Circle","priority":1700,"id":1700,"unlockDescTextMapHash":2646952328,"IMNPHBECMDM":false,"JHJAPPPAMGF":"PROFILE_PICTURE_UNLOCK_BY_AVATAR","nameTextMapHash":1651684028,"unlockParam":10000035},"1800":{"iconPath":"UI_AvatarIcon_Mona_Circle","priority":1800,"id":1800,"unlockDescTextMapHash":2990559472,"IMNPHBECMDM":false,"JHJAPPPAMGF":"PROFILE_PICTURE_UNLOCK_BY_AVATAR","nameTextMapHash":580553172,"unlockParam":10000041},"1801":{"iconPath":"UI_AvatarIcon_MonaCostumeWic_Circle","priority":1801,"id":1801,"unlockDescTextMapHash":1302974952,"IMNPHBECMDM":false,"JHJAPPPAMGF":"PROFILE_PICTURE_UNLOCK_BY_COSTUME","nameTextMapHash":1859247892,"unlockParam":204101},"1900":{"iconPath":"UI_AvatarIcon_Keqing_Circle","priority":1900,"id":1900,"unlockDescTextMapHash":1827001656,"IMNPHBECMDM":false,"JHJAPPPAMGF":"PROFILE_PICTURE_UNLOCK_BY_AVATAR","nameTextMapHash":2904482116,"unlockParam":10000042},"1901":{"iconPath":"UI_AvatarIcon_KeqingCostumeFeather_Circle","priority":1901,"id":1901,"unlockDescTextMapHash":797836472,"IMNPHBECMDM":false,"JHJAPPPAMGF":"PROFILE_PICTURE_UNLOCK_BY_COSTUME","nameTextMapHash":2350549260,"unlockParam":204201},"2000":{"iconPath":"UI_AvatarIcon_Venti_Circle","priority":2000,"id":2000,"unlockDescTextMapHash":1462214344,"IMNPHBECMDM":false,"JHJAPPPAMGF":"PROFILE_PICTURE_UNLOCK_BY_AVATAR","nameTextMapHash":2636283300,"unlockParam":10000022},"2100":{"iconPath":"UI_AvatarIcon_Klee_Circle","priority":2100,"id":2100,"unlockDescTextMapHash":3280679616,"IMNPHBECMDM":false,"JHJAPPPAMGF":"PROFILE_PICTURE_UNLOCK_BY_AVATAR","nameTextMapHash":2278572156,"unlockParam":10000029},"2101":{"iconPath":"UI_AvatarIcon_KleeCostumeWitch_Circle","priority":2101,"id":2101,"unlockDescTextMapHash":1884490128,"IMNPHBECMDM":false,"JHJAPPPAMGF":"PROFILE_PICTURE_UNLOCK_BY_COSTUME","nameTextMapHash":3797120244,"unlockParam":202901},"2200":{"iconPath":"UI_AvatarIcon_Diona_Circle","priority":2200,"id":2200,"unlockDescTextMapHash":2745782656,"IMNPHBECMDM":false,"JHJAPPPAMGF":"PROFILE_PICTURE_UNLOCK_BY_AVATAR","nameTextMapHash":3452475956,"unlockParam":10000039},"2300":{"iconPath":"UI_AvatarIcon_Tartaglia_Circle","priority":2300,"id":2300,"unlockDescTextMapHash":567894176,"IMNPHBECMDM":false,"JHJAPPPAMGF":"PROFILE_PICTURE_UNLOCK_BY_AVATAR","nameTextMapHash":66233604,"unlockParam":10000033},"2400":{"iconPath":"UI_AvatarIcon_Xinyan_Circle","priority":2400,"id":2400,"unlockDescTextMapHash":3512219528,"IMNPHBECMDM":false,"JHJAPPPAMGF":"PROFILE_PICTURE_UNLOCK_BY_AVATAR","nameTextMapHash":2352103668,"unlockParam":10000044},"2500":{"iconPath":"UI_AvatarIcon_Zhongli_Circle","priority":2500,"id":2500,"unlockDescTextMapHash":1996893328,"IMNPHBECMDM":false,"JHJAPPPAMGF":"PROFILE_PICTURE_UNLOCK_BY_AVATAR","nameTextMapHash":945047940,"unlockParam":10000030},"2600":{"iconPath":"UI_AvatarIcon_Albedo_Circle","priority":2600,"id":2600,"unlockDescTextMapHash":1745624832,"IMNPHBECMDM":false,"JHJAPPPAMGF":"PROFILE_PICTURE_UNLOCK_BY_AVATAR","nameTextMapHash":4037900132,"unlockParam":10000038},"2700":{"iconPath":"UI_AvatarIcon_Ganyu_Circle","priority":2700,"id":2700,"unlockDescTextMapHash":1038879568,"IMNPHBECMDM":false,"JHJAPPPAMGF":"PROFILE_PICTURE_UNLOCK_BY_AVATAR","nameTextMapHash":1049883700,"unlockParam":10000037},"2701":{"iconPath":"UI_AvatarIcon_GanyuCostumeYu_Circle","priority":2701,"id":2701,"unlockDescTextMapHash":2726799944,"IMNPHBECMDM":false,"JHJAPPPAMGF":"PROFILE_PICTURE_UNLOCK_BY_COSTUME","nameTextMapHash":1365886372,"unlockParam":203701},"2800":{"iconPath":"UI_AvatarIcon_Xiao_Circle","priority":2800,"id":2800,"unlockDescTextMapHash":1420872968,"IMNPHBECMDM":false,"JHJAPPPAMGF":"PROFILE_PICTURE_UNLOCK_BY_AVATAR","nameTextMapHash":2799653588,"unlockParam":10000026},"2900":{"iconPath":"UI_AvatarIcon_Hutao_Circle","priority":2900,"id":2900,"unlockDescTextMapHash":779217944,"IMNPHBECMDM":false,"JHJAPPPAMGF":"PROFILE_PICTURE_UNLOCK_BY_AVATAR","nameTextMapHash":678944044,"unlockParam":10000046},"2901":{"iconPath":"UI_AvatarIcon_HutaoCostumeWinter_Circle","priority":2901,"id":2901,"unlockDescTextMapHash":666236768,"IMNPHBECMDM":false,"JHJAPPPAMGF":"PROFILE_PICTURE_UNLOCK_BY_COSTUME","nameTextMapHash":1034360652,"unlockParam":204601},"3000":{"iconPath":"UI_AvatarIcon_Rosaria_Circle","priority":3000,"id":3000,"unlockDescTextMapHash":3644666728,"IMNPHBECMDM":false,"JHJAPPPAMGF":"PROFILE_PICTURE_UNLOCK_BY_AVATAR","nameTextMapHash":2851323220,"unlockParam":10000045},"3001":{"iconPath":"UI_AvatarIcon_RosariaCostumeWic_Circle","priority":3001,"id":3001,"unlockDescTextMapHash":3449155472,"IMNPHBECMDM":false,"JHJAPPPAMGF":"PROFILE_PICTURE_UNLOCK_BY_COSTUME","nameTextMapHash":300481684,"unlockParam":204501},"3100":{"iconPath":"UI_AvatarIcon_Feiyan_Circle","priority":3100,"id":3100,"unlockDescTextMapHash":3289286280,"IMNPHBECMDM":false,"JHJAPPPAMGF":"PROFILE_PICTURE_UNLOCK_BY_AVATAR","nameTextMapHash":2418667468,"unlockParam":10000048},"3200":{"iconPath":"UI_AvatarIcon_Eula_Circle","priority":3200,"id":3200,"unlockDescTextMapHash":146525376,"IMNPHBECMDM":false,"JHJAPPPAMGF":"PROFILE_PICTURE_UNLOCK_BY_AVATAR","nameTextMapHash":3544158164,"unlockParam":10000051},"3300":{"iconPath":"UI_AvatarIcon_Kazuha_Circle","priority":3300,"id":3300,"unlockDescTextMapHash":8766896,"IMNPHBECMDM":false,"JHJAPPPAMGF":"PROFILE_PICTURE_UNLOCK_BY_AVATAR","nameTextMapHash":3249781436,"unlockParam":10000047},"3400":{"iconPath":"UI_AvatarIcon_Ayaka_Circle","priority":3400,"id":3400,"unlockDescTextMapHash":2373595848,"IMNPHBECMDM":false,"JHJAPPPAMGF":"PROFILE_PICTURE_UNLOCK_BY_AVATAR","nameTextMapHash":3187703364,"unlockParam":10000002},"3401":{"iconPath":"UI_AvatarIcon_AyakaCostumeFruhling_Circle","priority":3401,"id":3401,"unlockDescTextMapHash":3531553408,"IMNPHBECMDM":false,"JHJAPPPAMGF":"PROFILE_PICTURE_UNLOCK_BY_COSTUME","nameTextMapHash":376817380,"unlockParam":200201},"3500":{"iconPath":"UI_AvatarIcon_Sayu_Circle","priority":3500,"id":3500,"unlockDescTextMapHash":4108138576,"IMNPHBECMDM":false,"JHJAPPPAMGF":"PROFILE_PICTURE_UNLOCK_BY_AVATAR","nameTextMapHash":4082960244,"unlockParam":10000053},"3600":{"iconPath":"UI_AvatarIcon_Yoimiya_Circle","priority":3600,"id":3600,"unlockDescTextMapHash":2181781080,"IMNPHBECMDM":false,"JHJAPPPAMGF":"PROFILE_PICTURE_UNLOCK_BY_AVATAR","nameTextMapHash":2552836988,"unlockParam":10000049},"3700":{"iconPath":"UI_AvatarIcon_Aloy_Circle","priority":3700,"id":3700,"unlockDescTextMapHash":3223533368,"IMNPHBECMDM":false,"JHJAPPPAMGF":"PROFILE_PICTURE_UNLOCK_BY_AVATAR","nameTextMapHash":762807356,"unlockParam":10000062},"3800":{"iconPath":"UI_AvatarIcon_Sara_Circle","priority":3800,"id":3800,"unlockDescTextMapHash":3418059648,"IMNPHBECMDM":false,"JHJAPPPAMGF":"PROFILE_PICTURE_UNLOCK_BY_AVATAR","nameTextMapHash":3988675588,"unlockParam":10000056},"3900":{"iconPath":"UI_AvatarIcon_Shougun_Circle","priority":3900,"id":3900,"unlockDescTextMapHash":3663867832,"IMNPHBECMDM":false,"JHJAPPPAMGF":"PROFILE_PICTURE_UNLOCK_BY_AVATAR","nameTextMapHash":1384773420,"unlockParam":10000052},"4000":{"iconPath":"UI_AvatarIcon_Kokomi_Circle","priority":4000,"id":4000,"unlockDescTextMapHash":2408405696,"IMNPHBECMDM":false,"JHJAPPPAMGF":"PROFILE_PICTURE_UNLOCK_BY_AVATAR","nameTextMapHash":412156284,"unlockParam":10000054},"4100":{"iconPath":"UI_AvatarIcon_Tohma_Circle","priority":4100,"id":4100,"unlockDescTextMapHash":334799432,"IMNPHBECMDM":false,"JHJAPPPAMGF":"PROFILE_PICTURE_UNLOCK_BY_AVATAR","nameTextMapHash":4259359556,"unlockParam":10000050},"4200":{"iconPath":"UI_AvatarIcon_Gorou_Circle","priority":4200,"id":4200,"unlockDescTextMapHash":1041262592,"IMNPHBECMDM":false,"JHJAPPPAMGF":"PROFILE_PICTURE_UNLOCK_BY_AVATAR","nameTextMapHash":2590272292,"unlockParam":10000055},"4300":{"iconPath":"UI_AvatarIcon_Itto_Circle","priority":4300,"id":4300,"unlockDescTextMapHash":3713187696,"IMNPHBECMDM":false,"JHJAPPPAMGF":"PROFILE_PICTURE_UNLOCK_BY_AVATAR","nameTextMapHash":1439449756,"unlockParam":10000057},"4400":{"iconPath":"UI_AvatarIcon_Yunjin_Circle","priority":4400,"id":4400,"unlockDescTextMapHash":1072321640,"IMNPHBECMDM":false,"JHJAPPPAMGF":"PROFILE_PICTURE_UNLOCK_BY_AVATAR","nameTextMapHash":1748326324,"unlockParam":10000064},"4500":{"iconPath":"UI_AvatarIcon_Shenhe_Circle","priority":4500,"id":4500,"unlockDescTextMapHash":2404037608,"IMNPHBECMDM":false,"JHJAPPPAMGF":"PROFILE_PICTURE_UNLOCK_BY_AVATAR","nameTextMapHash":1379338044,"unlockParam":10000063},"4501":{"iconPath":"UI_AvatarIcon_ShenheCostumeDai_Circle","priority":4501,"id":4501,"unlockDescTextMapHash":1146486056,"IMNPHBECMDM":false,"JHJAPPPAMGF":"PROFILE_PICTURE_UNLOCK_BY_COSTUME","nameTextMapHash":561207228,"unlockParam":206301},"4600":{"iconPath":"UI_AvatarIcon_Yae_Circle","priority":4600,"id":4600,"unlockDescTextMapHash":148086480,"IMNPHBECMDM":false,"JHJAPPPAMGF":"PROFILE_PICTURE_UNLOCK_BY_AVATAR","nameTextMapHash":45847804,"unlockParam":10000058},"4700":{"iconPath":"UI_AvatarIcon_Ayato_Circle","priority":4700,"id":4700,"unlockDescTextMapHash":176892480,"IMNPHBECMDM":false,"JHJAPPPAMGF":"PROFILE_PICTURE_UNLOCK_BY_AVATAR","nameTextMapHash":2898090420,"unlockParam":10000066},"4800":{"iconPath":"UI_AvatarIcon_Yelan_Circle","priority":4800,"id":4800,"unlockDescTextMapHash":174328528,"IMNPHBECMDM":false,"JHJAPPPAMGF":"PROFILE_PICTURE_UNLOCK_BY_AVATAR","nameTextMapHash":1139213860,"unlockParam":10000060},"4900":{"iconPath":"UI_AvatarIcon_Shinobu_Circle","priority":4900,"id":4900,"unlockDescTextMapHash":2070243152,"IMNPHBECMDM":false,"JHJAPPPAMGF":"PROFILE_PICTURE_UNLOCK_BY_AVATAR","nameTextMapHash":3488543924,"unlockParam":10000065},"5000":{"iconPath":"UI_AvatarIcon_Heizo_Circle","priority":5000,"id":5000,"unlockDescTextMapHash":195789464,"IMNPHBECMDM":false,"JHJAPPPAMGF":"PROFILE_PICTURE_UNLOCK_BY_AVATAR","nameTextMapHash":2814342260,"unlockParam":10000059},"5100":{"iconPath":"UI_AvatarIcon_Collei_Circle","priority":5100,"id":5100,"unlockDescTextMapHash":1084903504,"IMNPHBECMDM":false,"JHJAPPPAMGF":"PROFILE_PICTURE_UNLOCK_BY_AVATAR","nameTextMapHash":1985782300,"unlockParam":10000067},"5200":{"iconPath":"UI_AvatarIcon_Tighnari_Circle","priority":5200,"id":5200,"unlockDescTextMapHash":1463728880,"IMNPHBECMDM":false,"JHJAPPPAMGF":"PROFILE_PICTURE_UNLOCK_BY_AVATAR","nameTextMapHash":2369699668,"unlockParam":10000069},"5300":{"iconPath":"UI_AvatarIcon_Dori_Circle","priority":5300,"id":5300,"unlockDescTextMapHash":68067384,"IMNPHBECMDM":false,"JHJAPPPAMGF":"PROFILE_PICTURE_UNLOCK_BY_AVATAR","nameTextMapHash":3746931452,"unlockParam":10000068},"5400":{"iconPath":"UI_AvatarIcon_Candace_Circle","priority":5400,"id":5400,"unlockDescTextMapHash":2804141792,"IMNPHBECMDM":false,"JHJAPPPAMGF":"PROFILE_PICTURE_UNLOCK_BY_AVATAR","nameTextMapHash":3874523500,"unlockParam":10000072},"5500":{"iconPath":"UI_AvatarIcon_Cyno_Circle","priority":5500,"id":5500,"unlockDescTextMapHash":2211553464,"IMNPHBECMDM":false,"JHJAPPPAMGF":"PROFILE_PICTURE_UNLOCK_BY_AVATAR","nameTextMapHash":4170326540,"unlockParam":10000071},"5600":{"iconPath":"UI_AvatarIcon_Nilou_Circle","priority":5600,"id":5600,"unlockDescTextMapHash":4091018352,"IMNPHBECMDM":false,"JHJAPPPAMGF":"PROFILE_PICTURE_UNLOCK_BY_AVATAR","nameTextMapHash":1598209428,"unlockParam":10000070},"5601":{"iconPath":"UI_AvatarIcon_NilouCostumeFairy_Circle","priority":5601,"id":5601,"unlockDescTextMapHash":1646275448,"IMNPHBECMDM":false,"JHJAPPPAMGF":"PROFILE_PICTURE_UNLOCK_BY_COSTUME","nameTextMapHash":3251293852,"unlockParam":207001},"5700":{"iconPath":"UI_AvatarIcon_Nahida_Circle","priority":5700,"id":5700,"unlockDescTextMapHash":1651512208,"IMNPHBECMDM":false,"JHJAPPPAMGF":"PROFILE_PICTURE_UNLOCK_BY_AVATAR","nameTextMapHash":533361044,"unlockParam":10000073},"5800":{"iconPath":"UI_AvatarIcon_Layla_Circle","priority":5800,"id":5800,"unlockDescTextMapHash":3665223632,"IMNPHBECMDM":false,"JHJAPPPAMGF":"PROFILE_PICTURE_UNLOCK_BY_AVATAR","nameTextMapHash":1540669524,"unlockParam":10000074},"5900":{"iconPath":"UI_AvatarIcon_Faruzan_Circle","priority":5900,"id":5900,"unlockDescTextMapHash":1755096056,"IMNPHBECMDM":false,"JHJAPPPAMGF":"PROFILE_PICTURE_UNLOCK_BY_AVATAR","nameTextMapHash":1171845828,"unlockParam":10000076},"6000":{"iconPath":"UI_AvatarIcon_Wanderer_Circle","priority":6000,"id":6000,"unlockDescTextMapHash":3793718480,"IMNPHBECMDM":false,"JHJAPPPAMGF":"PROFILE_PICTURE_UNLOCK_BY_AVATAR","nameTextMapHash":3210918732,"unlockParam":10000075},"6100":{"iconPath":"UI_AvatarIcon_Yaoyao_Circle","priority":6100,"id":6100,"unlockDescTextMapHash":2338265744,"IMNPHBECMDM":false,"JHJAPPPAMGF":"PROFILE_PICTURE_UNLOCK_BY_AVATAR","nameTextMapHash":196788628,"unlockParam":10000077},"6200":{"iconPath":"UI_AvatarIcon_Alhatham_Circle","priority":6200,"id":6200,"unlockDescTextMapHash":2207612664,"IMNPHBECMDM":false,"JHJAPPPAMGF":"PROFILE_PICTURE_UNLOCK_BY_AVATAR","nameTextMapHash":984331444,"unlockParam":10000078},"6300":{"iconPath":"UI_AvatarIcon_Dehya_Circle","priority":6300,"id":6300,"unlockDescTextMapHash":689524224,"IMNPHBECMDM":false,"JHJAPPPAMGF":"PROFILE_PICTURE_UNLOCK_BY_AVATAR","nameTextMapHash":1497016220,"unlockParam":10000079},"6400":{"iconPath":"UI_AvatarIcon_Mika_Circle","priority":6400,"id":6400,"unlockDescTextMapHash":1008803432,"IMNPHBECMDM":false,"JHJAPPPAMGF":"PROFILE_PICTURE_UNLOCK_BY_AVATAR","nameTextMapHash":2186517540,"unlockParam":10000080},"6500":{"iconPath":"UI_AvatarIcon_Kaveh_Circle","priority":6500,"id":6500,"unlockDescTextMapHash":497819312,"IMNPHBECMDM":false,"JHJAPPPAMGF":"PROFILE_PICTURE_UNLOCK_BY_AVATAR","nameTextMapHash":1467637604,"unlockParam":10000081},"6600":{"iconPath":"UI_AvatarIcon_Baizhuer_Circle","priority":6600,"id":6600,"unlockDescTextMapHash":57038688,"IMNPHBECMDM":false,"JHJAPPPAMGF":"PROFILE_PICTURE_UNLOCK_BY_AVATAR","nameTextMapHash":420768780,"unlockParam":10000082},"6700":{"iconPath":"UI_AvatarIcon_Momoka_Circle","priority":6700,"id":6700,"unlockDescTextMapHash":2625512920,"IMNPHBECMDM":false,"JHJAPPPAMGF":"PROFILE_PICTURE_UNLOCK_BY_AVATAR","nameTextMapHash":1129094484,"unlockParam":10000061},"6701":{"iconPath":"UI_AvatarIcon_MomokaCostumeErrantry_Circle","priority":6701,"id":6701,"unlockDescTextMapHash":1322831552,"IMNPHBECMDM":false,"JHJAPPPAMGF":"PROFILE_PICTURE_UNLOCK_BY_COSTUME","nameTextMapHash":3602188772,"unlockParam":206101},"6800":{"iconPath":"UI_AvatarIcon_Linette_Circle","priority":6800,"id":6800,"unlockDescTextMapHash":1980337568,"IMNPHBECMDM":false,"JHJAPPPAMGF":"PROFILE_PICTURE_UNLOCK_BY_AVATAR","nameTextMapHash":1586137212,"unlockParam":10000083},"6900":{"iconPath":"UI_AvatarIcon_Liney_Circle","priority":6900,"id":6900,"unlockDescTextMapHash":1055484872,"IMNPHBECMDM":false,"JHJAPPPAMGF":"PROFILE_PICTURE_UNLOCK_BY_AVATAR","nameTextMapHash":907368204,"unlockParam":10000084},"7000":{"iconPath":"UI_AvatarIcon_Freminet_Circle","priority":7000,"id":7000,"unlockDescTextMapHash":921757472,"IMNPHBECMDM":false,"JHJAPPPAMGF":"PROFILE_PICTURE_UNLOCK_BY_AVATAR","nameTextMapHash":1821673276,"unlockParam":10000085},"7100":{"iconPath":"UI_AvatarIcon_Neuvillette_Circle","priority":7100,"id":7100,"unlockDescTextMapHash":4110570208,"IMNPHBECMDM":false,"JHJAPPPAMGF":"PROFILE_PICTURE_UNLOCK_BY_AVATAR","nameTextMapHash":3752117636,"unlockParam":10000087},"7200":{"iconPath":"UI_AvatarIcon_Wriothesley_Circle","priority":7200,"id":7200,"unlockDescTextMapHash":3605847168,"IMNPHBECMDM":false,"JHJAPPPAMGF":"PROFILE_PICTURE_UNLOCK_BY_AVATAR","nameTextMapHash":2892052,"unlockParam":10000086},"7300":{"iconPath":"UI_AvatarIcon_Charlotte_Circle","priority":7300,"id":7300,"unlockDescTextMapHash":1930000632,"IMNPHBECMDM":false,"JHJAPPPAMGF":"PROFILE_PICTURE_UNLOCK_BY_AVATAR","nameTextMapHash":2782129108,"unlockParam":10000088},"7400":{"iconPath":"UI_AvatarIcon_Furina_Circle","priority":7400,"id":7400,"unlockDescTextMapHash":3528753624,"IMNPHBECMDM":false,"JHJAPPPAMGF":"PROFILE_PICTURE_UNLOCK_BY_AVATAR","nameTextMapHash":3727373268,"unlockParam":10000089},"7500":{"iconPath":"UI_AvatarIcon_Navia_Circle","priority":7500,"id":7500,"unlockDescTextMapHash":759693104,"IMNPHBECMDM":false,"JHJAPPPAMGF":"PROFILE_PICTURE_UNLOCK_BY_AVATAR","nameTextMapHash":3420068796,"unlockParam":10000091},"7600":{"iconPath":"UI_AvatarIcon_Chevreuse_Circle","priority":7600,"id":7600,"unlockDescTextMapHash":823837664,"IMNPHBECMDM":false,"JHJAPPPAMGF":"PROFILE_PICTURE_UNLOCK_BY_AVATAR","nameTextMapHash":241782844,"unlockParam":10000090},"7700":{"iconPath":"UI_AvatarIcon_Gaming_Circle","priority":7700,"id":7700,"unlockDescTextMapHash":3190106160,"IMNPHBECMDM":false,"JHJAPPPAMGF":"PROFILE_PICTURE_UNLOCK_BY_AVATAR","nameTextMapHash":4228481004,"unlockParam":10000092},"7800":{"iconPath":"UI_AvatarIcon_Liuyun_Circle","priority":7800,"id":7800,"unlockDescTextMapHash":1581325888,"IMNPHBECMDM":false,"JHJAPPPAMGF":"PROFILE_PICTURE_UNLOCK_BY_AVATAR","nameTextMapHash":1294266220,"unlockParam":10000093},"7900":{"iconPath":"UI_AvatarIcon_Chiori_Circle","priority":7900,"id":7900,"unlockDescTextMapHash":1877933576,"IMNPHBECMDM":false,"JHJAPPPAMGF":"PROFILE_PICTURE_UNLOCK_BY_AVATAR","nameTextMapHash":1057050268,"unlockParam":10000094},"8000":{"iconPath":"UI_AvatarIcon_Arlecchino_Circle","priority":8000,"id":8000,"unlockDescTextMapHash":3347872744,"IMNPHBECMDM":false,"JHJAPPPAMGF":"PROFILE_PICTURE_UNLOCK_BY_AVATAR","nameTextMapHash":3363124668,"unlockParam":10000096},"8100":{"iconPath":"UI_AvatarIcon_Clorinde_Circle","priority":8200,"id":8100,"unlockDescTextMapHash":1699669920,"IMNPHBECMDM":false,"JHJAPPPAMGF":"PROFILE_PICTURE_UNLOCK_BY_AVATAR","nameTextMapHash":1195616540,"unlockParam":10000098},"8200":{"iconPath":"UI_AvatarIcon_Sethos_Circle","priority":8100,"id":8200,"unlockDescTextMapHash":2946808176,"IMNPHBECMDM":false,"JHJAPPPAMGF":"PROFILE_PICTURE_UNLOCK_BY_AVATAR","nameTextMapHash":770768196,"unlockParam":10000097},"8300":{"iconPath":"UI_AvatarIcon_Sigewinne_Circle","priority":8300,"id":8300,"unlockDescTextMapHash":502766856,"IMNPHBECMDM":false,"JHJAPPPAMGF":"PROFILE_PICTURE_UNLOCK_BY_AVATAR","nameTextMapHash":3342848348,"unlockParam":10000095},"8400":{"iconPath":"UI_AvatarIcon_Emilie_Circle","priority":8400,"id":8400,"unlockDescTextMapHash":1280754728,"IMNPHBECMDM":false,"JHJAPPPAMGF":"PROFILE_PICTURE_UNLOCK_BY_AVATAR","nameTextMapHash":2716554828,"unlockParam":10000099},"8500":{"iconPath":"UI_AvatarIcon_Kachina_Circle","priority":8500,"id":8500,"unlockDescTextMapHash":3702276616,"IMNPHBECMDM":false,"JHJAPPPAMGF":"PROFILE_PICTURE_UNLOCK_BY_AVATAR","nameTextMapHash":4043656188,"unlockParam":10000100},"8600":{"iconPath":"UI_AvatarIcon_Mualani_Circle","priority":8600,"id":8600,"unlockDescTextMapHash":2782505112,"IMNPHBECMDM":false,"JHJAPPPAMGF":"PROFILE_PICTURE_UNLOCK_BY_AVATAR","nameTextMapHash":2031818676,"unlockParam":10000102},"8700":{"iconPath":"UI_AvatarIcon_Kinich_Circle","priority":8700,"id":8700,"unlockDescTextMapHash":794949448,"IMNPHBECMDM":false,"JHJAPPPAMGF":"PROFILE_PICTURE_UNLOCK_BY_AVATAR","nameTextMapHash":2188866820,"unlockParam":10000101},"8800":{"iconPath":"UI_AvatarIcon_Xilonen_Circle","priority":8800,"id":8800,"unlockDescTextMapHash":3283007528,"IMNPHBECMDM":false,"JHJAPPPAMGF":"PROFILE_PICTURE_UNLOCK_BY_AVATAR","nameTextMapHash":4042358220,"unlockParam":10000103},"8900":{"iconPath":"UI_AvatarIcon_Olorun_Circle","priority":8900,"id":8900,"unlockDescTextMapHash":799368456,"IMNPHBECMDM":false,"JHJAPPPAMGF":"PROFILE_PICTURE_UNLOCK_BY_AVATAR","nameTextMapHash":1357596180,"unlockParam":10000105},"9000":{"iconPath":"UI_AvatarIcon_Chasca_Circle","priority":9000,"id":9000,"unlockDescTextMapHash":2650442456,"IMNPHBECMDM":false,"JHJAPPPAMGF":"PROFILE_PICTURE_UNLOCK_BY_AVATAR","nameTextMapHash":126466380,"unlockParam":10000104},"9100":{"iconPath":"UI_AvatarIcon_Citlali_Circle","priority":9100,"id":9100,"unlockDescTextMapHash":2041623080,"IMNPHBECMDM":false,"JHJAPPPAMGF":"PROFILE_PICTURE_UNLOCK_BY_AVATAR","nameTextMapHash":2700612516,"unlockParam":10000107},"9200":{"iconPath":"UI_AvatarIcon_Mavuika_Circle","priority":9200,"id":9200,"unlockDescTextMapHash":3703280008,"IMNPHBECMDM":false,"JHJAPPPAMGF":"PROFILE_PICTURE_UNLOCK_BY_AVATAR","nameTextMapHash":2502300308,"unlockParam":10000106},"9300":{"iconPath":"UI_AvatarIcon_Lanyan_Circle","priority":9300,"id":9300,"unlockDescTextMapHash":90448680,"IMNPHBECMDM":false,"JHJAPPPAMGF":"PROFILE_PICTURE_UNLOCK_BY_AVATAR","nameTextMapHash":722604652,"unlockParam":10000108},"9400":{"iconPath":"UI_AvatarIcon_Mizuki_Circle","priority":9400,"id":9400,"unlockDescTextMapHash":4190436512,"IMNPHBECMDM":false,"JHJAPPPAMGF":"PROFILE_PICTURE_UNLOCK_BY_AVATAR","nameTextMapHash":3917183188,"unlockParam":10000109},"9500":{"iconPath":"UI_AvatarIcon_Iansan_Circle","priority":9500,"id":9500,"unlockDescTextMapHash":873193968,"IMNPHBECMDM":false,"JHJAPPPAMGF":"PROFILE_PICTURE_UNLOCK_BY_AVATAR","nameTextMapHash":1556759108,"unlockParam":10000110},"9600":{"iconPath":"UI_AvatarIcon_Varesa_Circle","priority":9600,"id":9600,"unlockDescTextMapHash":1104922904,"IMNPHBECMDM":false,"JHJAPPPAMGF":"PROFILE_PICTURE_UNLOCK_BY_AVATAR","nameTextMapHash":1196917500,"unlockParam":10000111},"9700":{"iconPath":"UI_AvatarIcon_Ifa_Circle","priority":9700,"id":9700,"unlockDescTextMapHash":1147010280,"IMNPHBECMDM":false,"JHJAPPPAMGF":"PROFILE_PICTURE_UNLOCK_BY_AVATAR","nameTextMapHash":408855124,"unlockParam":10000113},"9800":{"iconPath":"UI_AvatarIcon_Escoffier_Circle","priority":9800,"id":9800,"unlockDescTextMapHash":2850117048,"IMNPHBECMDM":false,"JHJAPPPAMGF":"PROFILE_PICTURE_UNLOCK_BY_AVATAR","nameTextMapHash":4080923388,"unlockParam":10000112},"9900":{"iconPath":"UI_AvatarIcon_Dahlia_Circle","priority":9900,"id":9900,"unlockDescTextMapHash":4237267240,"IMNPHBECMDM":false,"JHJAPPPAMGF":"PROFILE_PICTURE_UNLOCK_BY_AVATAR","nameTextMapHash":3542297084,"unlockParam":10000115},"10000":{"iconPath":"UI_AvatarIcon_SkirkNew_Circle","priority":10000,"id":10000,"unlockDescTextMapHash":3760494568,"IMNPHBECMDM":false,"JHJAPPPAMGF":"PROFILE_PICTURE_UNLOCK_BY_AVATAR","nameTextMapHash":62039628,"unlockParam":10000114},"99999":{"iconPath":"UI_AvatarIcon_Ambor_Circle","priority":99999,"id":99999,"unlockDescTextMapHash":2691654840,"IMNPHBECMDM":false,"JHJAPPPAMGF":"PROFILE_PICTURE_UNLOCK_BY_ITEM","nameTextMapHash":3995351756,"unlockParam":320001},"100010":{"iconPath":"UI_AvatarIcon_72105_Circle","priority":100010,"id":100010,"unlockDescTextMapHash":3527893208,"IMNPHBECMDM":true,"JHJAPPPAMGF":"PROFILE_PICTURE_UNLOCK_BY_PARENT_QUEST","nameTextMapHash":4284320332,"unlockParam":72105},"100020":{"iconPath":"UI_AvatarIcon_72158_Circle","priority":100020,"id":100020,"unlockDescTextMapHash":820574240,"IMNPHBECMDM":true,"JHJAPPPAMGF":"PROFILE_PICTURE_UNLOCK_BY_PARENT_QUEST","nameTextMapHash":2115514524,"unlockParam":72158},"100030":{"iconPath":"UI_AvatarIcon_72173_Circle","priority":100030,"id":100030,"unlockDescTextMapHash":224064344,"IMNPHBECMDM":true,"JHJAPPPAMGF":"PROFILE_PICTURE_UNLOCK_BY_PARENT_QUEST","nameTextMapHash":537096092,"unlockParam":72173},"100040":{"iconPath":"UI_AvatarIcon_72177_Circle","priority":100040,"id":100040,"unlockDescTextMapHash":2204277880,"IMNPHBECMDM":true,"JHJAPPPAMGF":"PROFILE_PICTURE_UNLOCK_BY_PARENT_QUEST","nameTextMapHash":2055558492,"unlockParam":72177},"100050":{"iconPath":"UI_AvatarIcon_71045_Circle","priority":100050,"id":100050,"unlockDescTextMapHash":708095872,"IMNPHBECMDM":true,"JHJAPPPAMGF":"PROFILE_PICTURE_UNLOCK_BY_PARENT_QUEST","nameTextMapHash":3628954484,"unlockParam":71045},"100060":{"iconPath":"UI_AvatarIcon_73038_Circle","priority":100060,"id":100060,"unlockDescTextMapHash":3011020680,"IMNPHBECMDM":true,"JHJAPPPAMGF":"PROFILE_PICTURE_UNLOCK_BY_PARENT_QUEST","nameTextMapHash":2914387620,"unlockParam":73038},"100070":{"iconPath":"UI_AvatarIcon_73055_Circle","priority":100070,"id":100070,"unlockDescTextMapHash":1152685640,"IMNPHBECMDM":true,"JHJAPPPAMGF":"PROFILE_PICTURE_UNLOCK_BY_PARENT_QUEST","nameTextMapHash":1698312916,"unlockParam":73055},"100080":{"iconPath":"UI_AvatarIcon_73220_Circle","priority":100080,"id":100080,"unlockDescTextMapHash":1749103488,"IMNPHBECMDM":true,"JHJAPPPAMGF":"PROFILE_PICTURE_UNLOCK_BY_PARENT_QUEST","nameTextMapHash":1025414580,"unlockParam":73220},"100090":{"iconPath":"UI_AvatarIcon_73232_Circle","priority":100090,"id":100090,"unlockDescTextMapHash":741329208,"IMNPHBECMDM":true,"JHJAPPPAMGF":"PROFILE_PICTURE_UNLOCK_BY_PARENT_QUEST","nameTextMapHash":4204508124,"unlockParam":73232},"100100":{"iconPath":"UI_AvatarIcon_74007_Circle","priority":100100,"id":100100,"unlockDescTextMapHash":861322448,"IMNPHBECMDM":true,"JHJAPPPAMGF":"PROFILE_PICTURE_UNLOCK_BY_PARENT_QUEST","nameTextMapHash":423665740,"unlockParam":74007},"100110":{"iconPath":"UI_AvatarIcon_74004_Circle","priority":100110,"id":100110,"unlockDescTextMapHash":3057068792,"IMNPHBECMDM":true,"JHJAPPPAMGF":"PROFILE_PICTURE_UNLOCK_BY_PARENT_QUEST","nameTextMapHash":1584610884,"unlockParam":74004},"100120":{"iconPath":"UI_AvatarIcon_74028_Circle","priority":100120,"id":100120,"unlockDescTextMapHash":109902736,"IMNPHBECMDM":true,"JHJAPPPAMGF":"PROFILE_PICTURE_UNLOCK_BY_PARENT_QUEST","nameTextMapHash":3637200084,"unlockParam":74028},"100130":{"iconPath":"UI_AvatarIcon_74053_Circle","priority":100130,"id":100130,"unlockDescTextMapHash":3138805232,"IMNPHBECMDM":true,"JHJAPPPAMGF":"PROFILE_PICTURE_UNLOCK_BY_PARENT_QUEST","nameTextMapHash":1630051180,"unlockParam":74053},"100140":{"iconPath":"UI_AvatarIcon_74078_Circle","priority":100140,"id":100140,"unlockDescTextMapHash":3660280192,"IMNPHBECMDM":true,"JHJAPPPAMGF":"PROFILE_PICTURE_UNLOCK_BY_PARENT_QUEST","nameTextMapHash":2732020044,"unlockParam":74078},"100150":{"iconPath":"UI_AvatarIcon_74085_Circle","priority":100150,"id":100150,"unlockDescTextMapHash":3058749496,"IMNPHBECMDM":true,"JHJAPPPAMGF":"PROFILE_PICTURE_UNLOCK_BY_PARENT_QUEST","nameTextMapHash":131812372,"unlockParam":74085},"100160":{"iconPath":"UI_AvatarIcon_71100_Circle","priority":100160,"id":100160,"unlockDescTextMapHash":3682765480,"IMNPHBECMDM":true,"JHJAPPPAMGF":"PROFILE_PICTURE_UNLOCK_BY_PARENT_QUEST","nameTextMapHash":1960492844,"unlockParam":71100},"100170":{"iconPath":"UI_AvatarIcon_74196_Circle","priority":100170,"id":100170,"unlockDescTextMapHash":962436648,"IMNPHBECMDM":true,"JHJAPPPAMGF":"PROFILE_PICTURE_UNLOCK_BY_PARENT_QUEST","nameTextMapHash":860131476,"unlockParam":74196},"100180":{"iconPath":"UI_AvatarIcon_75002_Circle","priority":100180,"id":100180,"unlockDescTextMapHash":3685571536,"IMNPHBECMDM":true,"JHJAPPPAMGF":"PROFILE_PICTURE_UNLOCK_BY_PARENT_QUEST","nameTextMapHash":1280089932,"unlockParam":75002},"100190":{"iconPath":"UI_AvatarIcon_75048_Circle","priority":100190,"id":100190,"unlockDescTextMapHash":3175131952,"IMNPHBECMDM":true,"JHJAPPPAMGF":"PROFILE_PICTURE_UNLOCK_BY_PARENT_QUEST","nameTextMapHash":481603884,"unlockParam":75138},"100200":{"iconPath":"UI_AvatarIcon_75151_Circle","priority":100200,"id":100200,"unlockDescTextMapHash":1133654112,"IMNPHBECMDM":true,"JHJAPPPAMGF":"PROFILE_PICTURE_UNLOCK_BY_PARENT_QUEST","nameTextMapHash":2507956356,"unlockParam":75151},"100210":{"iconPath":"UI_AvatarIcon_75177_Circle","priority":100210,"id":100210,"unlockDescTextMapHash":2772556592,"IMNPHBECMDM":true,"JHJAPPPAMGF":"PROFILE_PICTURE_UNLOCK_BY_PARENT_QUEST","nameTextMapHash":1465870260,"unlockParam":75177},"200010":{"iconPath":"UI_AvatarIcon_Activity_01_Circle","priority":200010,"id":200010,"unlockDescTextMapHash":3081865920,"IMNPHBECMDM":false,"JHJAPPPAMGF":"PROFILE_PICTURE_UNLOCK_BY_ITEM","nameTextMapHash":495143276,"unlockParam":320002}}