[{"id":1,"iconPath":"UI_AvatarIcon_PlayerBoy_Circle","priority":1,"nameTextMapHash":3604285884,"BEAFOEGLKEO":"PROFILE_PICTURE_UNLOCK_BY_AVATAR","HLNPELJOHLF":10000005},{"id":2,"iconPath":"UI_AvatarIcon_PlayerGirl_Circle","priority":2,"nameTextMapHash":271219620,"BEAFOEGLKEO":"PROFILE_PICTURE_UNLOCK_BY_AVATAR","HLNPELJOHLF":10000007},{"id":100,"iconPath":"UI_AvatarIcon_Ambor_Circle","priority":100,"nameTextMapHash":4129650764,"BEAFOEGLKEO":"PROFILE_PICTURE_UNLOCK_BY_AVATAR","HLNPELJOHLF":10000021},{"id":101,"iconPath":"UI_AvatarIcon_AmborCostumeWic_Circle","priority":101,"nameTextMapHash":4011886236,"BEAFOEGLKEO":"PROFILE_PICTURE_UNLOCK_BY_COSTUME","HLNPELJOHLF":202101},{"id":200,"iconPath":"UI_AvatarIcon_Kaeya_Circle","priority":200,"nameTextMapHash":4198292852,"BEAFOEGLKEO":"PROFILE_PICTURE_UNLOCK_BY_AVATAR","HLNPELJOHLF":10000015},{"id":201,"iconPath":"UI_AvatarIcon_KaeyaCostumeDancer_Circle","priority":201,"nameTextMapHash":2326024484,"BEAFOEGLKEO":"PROFILE_PICTURE_UNLOCK_BY_COSTUME","HLNPELJOHLF":201501},{"id":300,"iconPath":"UI_AvatarIcon_Lisa_Circle","priority":300,"nameTextMapHash":1430880228,"BEAFOEGLKEO":"PROFILE_PICTURE_UNLOCK_BY_AVATAR","HLNPELJOHLF":10000006},{"id":301,"iconPath":"UI_AvatarIcon_LisaCostumeStudentin_Circle","priority":301,"nameTextMapHash":1999891572,"BEAFOEGLKEO":"PROFILE_PICTURE_UNLOCK_BY_COSTUME","HLNPELJOHLF":200601},{"id":400,"iconPath":"UI_AvatarIcon_Barbara_Circle","priority":400,"nameTextMapHash":1760985308,"BEAFOEGLKEO":"PROFILE_PICTURE_UNLOCK_BY_AVATAR","HLNPELJOHLF":10000014},{"id":401,"iconPath":"UI_AvatarIcon_BarbaraCostumeSummertime_Circle","priority":401,"nameTextMapHash":2943208916,"BEAFOEGLKEO":"PROFILE_PICTURE_UNLOCK_BY_COSTUME","HLNPELJOHLF":201401},{"id":500,"iconPath":"UI_AvatarIcon_Razor_Circle","priority":500,"nameTextMapHash":1324426164,"BEAFOEGLKEO":"PROFILE_PICTURE_UNLOCK_BY_AVATAR","HLNPELJOHLF":10000020},{"id":600,"iconPath":"UI_AvatarIcon_Xiangling_Circle","priority":600,"nameTextMapHash":2206393084,"BEAFOEGLKEO":"PROFILE_PICTURE_UNLOCK_BY_AVATAR","HLNPELJOHLF":10000023},{"id":700,"iconPath":"UI_AvatarIcon_Beidou_Circle","priority":700,"nameTextMapHash":2755210500,"BEAFOEGLKEO":"PROFILE_PICTURE_UNLOCK_BY_AVATAR","HLNPELJOHLF":10000024},{"id":800,"iconPath":"UI_AvatarIcon_Xingqiu_Circle","priority":800,"nameTextMapHash":2904405116,"BEAFOEGLKEO":"PROFILE_PICTURE_UNLOCK_BY_AVATAR","HLNPELJOHLF":10000025},{"id":801,"iconPath":"UI_AvatarIcon_XingqiuCostumeBamboo_Circle","priority":801,"nameTextMapHash":2018771404,"BEAFOEGLKEO":"PROFILE_PICTURE_UNLOCK_BY_COSTUME","HLNPELJOHLF":202501},{"id":900,"iconPath":"UI_AvatarIcon_Ningguang_Circle","priority":900,"nameTextMapHash":3467578556,"BEAFOEGLKEO":"PROFILE_PICTURE_UNLOCK_BY_AVATAR","HLNPELJOHLF":10000027},{"id":901,"iconPath":"UI_AvatarIcon_NingguangCostumeFloral_Circle","priority":901,"nameTextMapHash":3049375396,"BEAFOEGLKEO":"PROFILE_PICTURE_UNLOCK_BY_COSTUME","HLNPELJOHLF":202701},{"id":1000,"iconPath":"UI_AvatarIcon_Fischl_Circle","priority":1000,"nameTextMapHash":2448248284,"BEAFOEGLKEO":"PROFILE_PICTURE_UNLOCK_BY_AVATAR","HLNPELJOHLF":10000031},{"id":1001,"iconPath":"UI_AvatarIcon_FischlCostumeHighness_Circle","priority":1001,"nameTextMapHash":1161026004,"BEAFOEGLKEO":"PROFILE_PICTURE_UNLOCK_BY_COSTUME","HLNPELJOHLF":203101},{"id":1100,"iconPath":"UI_AvatarIcon_Bennett_Circle","priority":1100,"nameTextMapHash":3881895660,"BEAFOEGLKEO":"PROFILE_PICTURE_UNLOCK_BY_AVATAR","HLNPELJOHLF":10000032},{"id":1200,"iconPath":"UI_AvatarIcon_Noel_Circle","priority":1200,"nameTextMapHash":2140800276,"BEAFOEGLKEO":"PROFILE_PICTURE_UNLOCK_BY_AVATAR","HLNPELJOHLF":10000034},{"id":1300,"iconPath":"UI_AvatarIcon_Chongyun_Circle","priority":1300,"nameTextMapHash":1589080740,"BEAFOEGLKEO":"PROFILE_PICTURE_UNLOCK_BY_AVATAR","HLNPELJOHLF":10000036},{"id":1400,"iconPath":"UI_AvatarIcon_Sucrose_Circle","priority":1400,"nameTextMapHash":3451600692,"BEAFOEGLKEO":"PROFILE_PICTURE_UNLOCK_BY_AVATAR","HLNPELJOHLF":10000043},{"id":1500,"iconPath":"UI_AvatarIcon_Qin_Circle","priority":1500,"nameTextMapHash":3076704084,"BEAFOEGLKEO":"PROFILE_PICTURE_UNLOCK_BY_AVATAR","HLNPELJOHLF":10000003},{"id":1501,"iconPath":"UI_AvatarIcon_QinCostumeWic_Circle","priority":1501,"nameTextMapHash":1385160708,"BEAFOEGLKEO":"PROFILE_PICTURE_UNLOCK_BY_COSTUME","HLNPELJOHLF":200302},{"id":1502,"iconPath":"UI_AvatarIcon_QinCostumeSea_Circle","priority":1502,"nameTextMapHash":106642220,"BEAFOEGLKEO":"PROFILE_PICTURE_UNLOCK_BY_COSTUME","HLNPELJOHLF":200301},{"id":1600,"iconPath":"UI_AvatarIcon_Diluc_Circle","priority":1600,"nameTextMapHash":2487288620,"BEAFOEGLKEO":"PROFILE_PICTURE_UNLOCK_BY_AVATAR","HLNPELJOHLF":10000016},{"id":1601,"iconPath":"UI_AvatarIcon_DilucCostumeFlamme_Circle","priority":1601,"nameTextMapHash":2579470204,"BEAFOEGLKEO":"PROFILE_PICTURE_UNLOCK_BY_COSTUME","HLNPELJOHLF":201601},{"id":1700,"iconPath":"UI_AvatarIcon_Qiqi_Circle","priority":1700,"nameTextMapHash":1651684028,"BEAFOEGLKEO":"PROFILE_PICTURE_UNLOCK_BY_AVATAR","HLNPELJOHLF":10000035},{"id":1800,"iconPath":"UI_AvatarIcon_Mona_Circle","priority":1800,"nameTextMapHash":580553172,"BEAFOEGLKEO":"PROFILE_PICTURE_UNLOCK_BY_AVATAR","HLNPELJOHLF":10000041},{"id":1801,"iconPath":"UI_AvatarIcon_MonaCostumeWic_Circle","priority":1801,"nameTextMapHash":1859247892,"BEAFOEGLKEO":"PROFILE_PICTURE_UNLOCK_BY_COSTUME","HLNPELJOHLF":204101},{"id":1900,"iconPath":"UI_AvatarIcon_Keqing_Circle","priority":1900,"nameTextMapHash":2904482116,"BEAFOEGLKEO":"PROFILE_PICTURE_UNLOCK_BY_AVATAR","HLNPELJOHLF":10000042},{"id":1901,"iconPath":"UI_AvatarIcon_KeqingCostumeFeather_Circle","priority":1901,"nameTextMapHash":2350549260,"BEAFOEGLKEO":"PROFILE_PICTURE_UNLOCK_BY_COSTUME","HLNPELJOHLF":204201},{"id":2000,"iconPath":"UI_AvatarIcon_Venti_Circle","priority":2000,"nameTextMapHash":2636283300,"BEAFOEGLKEO":"PROFILE_PICTURE_UNLOCK_BY_AVATAR","HLNPELJOHLF":10000022},{"id":2100,"iconPath":"UI_AvatarIcon_Klee_Circle","priority":2100,"nameTextMapHash":2278572156,"BEAFOEGLKEO":"PROFILE_PICTURE_UNLOCK_BY_AVATAR","HLNPELJOHLF":10000029},{"id":2101,"iconPath":"UI_AvatarIcon_KleeCostumeWitch_Circle","priority":2101,"nameTextMapHash":3797120244,"BEAFOEGLKEO":"PROFILE_PICTURE_UNLOCK_BY_COSTUME","HLNPELJOHLF":202901},{"id":2200,"iconPath":"UI_AvatarIcon_Diona_Circle","priority":2200,"nameTextMapHash":3452475956,"BEAFOEGLKEO":"PROFILE_PICTURE_UNLOCK_BY_AVATAR","HLNPELJOHLF":10000039},{"id":2300,"iconPath":"UI_AvatarIcon_Tartaglia_Circle","priority":2300,"nameTextMapHash":66233604,"BEAFOEGLKEO":"PROFILE_PICTURE_UNLOCK_BY_AVATAR","HLNPELJOHLF":10000033},{"id":2400,"iconPath":"UI_AvatarIcon_Xinyan_Circle","priority":2400,"nameTextMapHash":2352103668,"BEAFOEGLKEO":"PROFILE_PICTURE_UNLOCK_BY_AVATAR","HLNPELJOHLF":10000044},{"id":2500,"iconPath":"UI_AvatarIcon_Zhongli_Circle","priority":2500,"nameTextMapHash":945047940,"BEAFOEGLKEO":"PROFILE_PICTURE_UNLOCK_BY_AVATAR","HLNPELJOHLF":10000030},{"id":2600,"iconPath":"UI_AvatarIcon_Albedo_Circle","priority":2600,"nameTextMapHash":4037900132,"BEAFOEGLKEO":"PROFILE_PICTURE_UNLOCK_BY_AVATAR","HLNPELJOHLF":10000038},{"id":2700,"iconPath":"UI_AvatarIcon_Ganyu_Circle","priority":2700,"nameTextMapHash":1049883700,"BEAFOEGLKEO":"PROFILE_PICTURE_UNLOCK_BY_AVATAR","HLNPELJOHLF":10000037},{"id":2701,"iconPath":"UI_AvatarIcon_GanyuCostumeYu_Circle","priority":2701,"nameTextMapHash":1365886372,"BEAFOEGLKEO":"PROFILE_PICTURE_UNLOCK_BY_COSTUME","HLNPELJOHLF":203701},{"id":2800,"iconPath":"UI_AvatarIcon_Xiao_Circle","priority":2800,"nameTextMapHash":2799653588,"BEAFOEGLKEO":"PROFILE_PICTURE_UNLOCK_BY_AVATAR","HLNPELJOHLF":10000026},{"id":2900,"iconPath":"UI_AvatarIcon_Hutao_Circle","priority":2900,"nameTextMapHash":678944044,"BEAFOEGLKEO":"PROFILE_PICTURE_UNLOCK_BY_AVATAR","HLNPELJOHLF":10000046},{"id":3000,"iconPath":"UI_AvatarIcon_Rosaria_Circle","priority":3000,"nameTextMapHash":2851323220,"BEAFOEGLKEO":"PROFILE_PICTURE_UNLOCK_BY_AVATAR","HLNPELJOHLF":10000045},{"id":3001,"iconPath":"UI_AvatarIcon_RosariaCostumeWic_Circle","priority":3001,"nameTextMapHash":300481684,"BEAFOEGLKEO":"PROFILE_PICTURE_UNLOCK_BY_COSTUME","HLNPELJOHLF":204501},{"id":3100,"iconPath":"UI_AvatarIcon_Feiyan_Circle","priority":3100,"nameTextMapHash":2418667468,"BEAFOEGLKEO":"PROFILE_PICTURE_UNLOCK_BY_AVATAR","HLNPELJOHLF":10000048},{"id":3200,"iconPath":"UI_AvatarIcon_Eula_Circle","priority":3200,"nameTextMapHash":3544158164,"BEAFOEGLKEO":"PROFILE_PICTURE_UNLOCK_BY_AVATAR","HLNPELJOHLF":10000051},{"id":3300,"iconPath":"UI_AvatarIcon_Kazuha_Circle","priority":3300,"nameTextMapHash":3249781436,"BEAFOEGLKEO":"PROFILE_PICTURE_UNLOCK_BY_AVATAR","HLNPELJOHLF":10000047},{"id":3400,"iconPath":"UI_AvatarIcon_Ayaka_Circle","priority":3400,"nameTextMapHash":3187703364,"BEAFOEGLKEO":"PROFILE_PICTURE_UNLOCK_BY_AVATAR","HLNPELJOHLF":10000002},{"id":3401,"iconPath":"UI_AvatarIcon_AyakaCostumeFruhling_Circle","priority":3401,"nameTextMapHash":376817380,"BEAFOEGLKEO":"PROFILE_PICTURE_UNLOCK_BY_COSTUME","HLNPELJOHLF":200201},{"id":3500,"iconPath":"UI_AvatarIcon_Sayu_Circle","priority":3500,"nameTextMapHash":4082960244,"BEAFOEGLKEO":"PROFILE_PICTURE_UNLOCK_BY_AVATAR","HLNPELJOHLF":10000053},{"id":3600,"iconPath":"UI_AvatarIcon_Yoimiya_Circle","priority":3600,"nameTextMapHash":2552836988,"BEAFOEGLKEO":"PROFILE_PICTURE_UNLOCK_BY_AVATAR","HLNPELJOHLF":10000049},{"id":3700,"iconPath":"UI_AvatarIcon_Aloy_Circle","priority":3700,"nameTextMapHash":762807356,"BEAFOEGLKEO":"PROFILE_PICTURE_UNLOCK_BY_AVATAR","HLNPELJOHLF":10000062},{"id":3800,"iconPath":"UI_AvatarIcon_Sara_Circle","priority":3800,"nameTextMapHash":3988675588,"BEAFOEGLKEO":"PROFILE_PICTURE_UNLOCK_BY_AVATAR","HLNPELJOHLF":10000056},{"id":3900,"iconPath":"UI_AvatarIcon_Shougun_Circle","priority":3900,"nameTextMapHash":1384773420,"BEAFOEGLKEO":"PROFILE_PICTURE_UNLOCK_BY_AVATAR","HLNPELJOHLF":10000052},{"id":4000,"iconPath":"UI_AvatarIcon_Kokomi_Circle","priority":4000,"nameTextMapHash":412156284,"BEAFOEGLKEO":"PROFILE_PICTURE_UNLOCK_BY_AVATAR","HLNPELJOHLF":10000054},{"id":4100,"iconPath":"UI_AvatarIcon_Tohma_Circle","priority":4100,"nameTextMapHash":4259359556,"BEAFOEGLKEO":"PROFILE_PICTURE_UNLOCK_BY_AVATAR","HLNPELJOHLF":10000050},{"id":4200,"iconPath":"UI_AvatarIcon_Gorou_Circle","priority":4200,"nameTextMapHash":2590272292,"BEAFOEGLKEO":"PROFILE_PICTURE_UNLOCK_BY_AVATAR","HLNPELJOHLF":10000055},{"id":4300,"iconPath":"UI_AvatarIcon_Itto_Circle","priority":4300,"nameTextMapHash":1439449756,"BEAFOEGLKEO":"PROFILE_PICTURE_UNLOCK_BY_AVATAR","HLNPELJOHLF":10000057},{"id":4400,"iconPath":"UI_AvatarIcon_Yunjin_Circle","priority":4400,"nameTextMapHash":1748326324,"BEAFOEGLKEO":"PROFILE_PICTURE_UNLOCK_BY_AVATAR","HLNPELJOHLF":10000064},{"id":4500,"iconPath":"UI_AvatarIcon_Shenhe_Circle","priority":4500,"nameTextMapHash":1379338044,"BEAFOEGLKEO":"PROFILE_PICTURE_UNLOCK_BY_AVATAR","HLNPELJOHLF":10000063},{"id":4501,"iconPath":"UI_AvatarIcon_ShenheCostumeDai_Circle","priority":4501,"nameTextMapHash":561207228,"BEAFOEGLKEO":"PROFILE_PICTURE_UNLOCK_BY_COSTUME","HLNPELJOHLF":206301},{"id":4600,"iconPath":"UI_AvatarIcon_Yae_Circle","priority":4600,"nameTextMapHash":45847804,"BEAFOEGLKEO":"PROFILE_PICTURE_UNLOCK_BY_AVATAR","HLNPELJOHLF":10000058},{"id":4700,"iconPath":"UI_AvatarIcon_Ayato_Circle","priority":4700,"nameTextMapHash":2898090420,"BEAFOEGLKEO":"PROFILE_PICTURE_UNLOCK_BY_AVATAR","HLNPELJOHLF":10000066},{"id":4800,"iconPath":"UI_AvatarIcon_Yelan_Circle","priority":4800,"nameTextMapHash":1139213860,"BEAFOEGLKEO":"PROFILE_PICTURE_UNLOCK_BY_AVATAR","HLNPELJOHLF":10000060},{"id":4900,"iconPath":"UI_AvatarIcon_Shinobu_Circle","priority":4900,"nameTextMapHash":3488543924,"BEAFOEGLKEO":"PROFILE_PICTURE_UNLOCK_BY_AVATAR","HLNPELJOHLF":10000065},{"id":5000,"iconPath":"UI_AvatarIcon_Heizo_Circle","priority":5000,"nameTextMapHash":2814342260,"BEAFOEGLKEO":"PROFILE_PICTURE_UNLOCK_BY_AVATAR","HLNPELJOHLF":10000059},{"id":5100,"iconPath":"UI_AvatarIcon_Collei_Circle","priority":5100,"nameTextMapHash":1985782300,"BEAFOEGLKEO":"PROFILE_PICTURE_UNLOCK_BY_AVATAR","HLNPELJOHLF":10000067},{"id":5200,"iconPath":"UI_AvatarIcon_Tighnari_Circle","priority":5200,"nameTextMapHash":2369699668,"BEAFOEGLKEO":"PROFILE_PICTURE_UNLOCK_BY_AVATAR","HLNPELJOHLF":10000069},{"id":5300,"iconPath":"UI_AvatarIcon_Dori_Circle","priority":5300,"nameTextMapHash":3746931452,"BEAFOEGLKEO":"PROFILE_PICTURE_UNLOCK_BY_AVATAR","HLNPELJOHLF":10000068},{"id":5400,"iconPath":"UI_AvatarIcon_Candace_Circle","priority":5400,"nameTextMapHash":3874523500,"BEAFOEGLKEO":"PROFILE_PICTURE_UNLOCK_BY_AVATAR","HLNPELJOHLF":10000072},{"id":5500,"iconPath":"UI_AvatarIcon_Cyno_Circle","priority":5500,"nameTextMapHash":4170326540,"BEAFOEGLKEO":"PROFILE_PICTURE_UNLOCK_BY_AVATAR","HLNPELJOHLF":10000071},{"id":5600,"iconPath":"UI_AvatarIcon_Nilou_Circle","priority":5600,"nameTextMapHash":1598209428,"BEAFOEGLKEO":"PROFILE_PICTURE_UNLOCK_BY_AVATAR","HLNPELJOHLF":10000070},{"id":5700,"iconPath":"UI_AvatarIcon_Nahida_Circle","priority":5700,"nameTextMapHash":533361044,"BEAFOEGLKEO":"PROFILE_PICTURE_UNLOCK_BY_AVATAR","HLNPELJOHLF":10000073},{"id":5800,"iconPath":"UI_AvatarIcon_Layla_Circle","priority":5800,"nameTextMapHash":1540669524,"BEAFOEGLKEO":"PROFILE_PICTURE_UNLOCK_BY_AVATAR","HLNPELJOHLF":10000074},{"id":5900,"iconPath":"UI_AvatarIcon_Faruzan_Circle","priority":5900,"nameTextMapHash":1171845828,"BEAFOEGLKEO":"PROFILE_PICTURE_UNLOCK_BY_AVATAR","HLNPELJOHLF":10000076},{"id":6000,"iconPath":"UI_AvatarIcon_Wanderer_Circle","priority":6000,"nameTextMapHash":3210918732,"BEAFOEGLKEO":"PROFILE_PICTURE_UNLOCK_BY_AVATAR","HLNPELJOHLF":10000075},{"id":6100,"iconPath":"UI_AvatarIcon_Yaoyao_Circle","priority":6100,"nameTextMapHash":196788628,"BEAFOEGLKEO":"PROFILE_PICTURE_UNLOCK_BY_AVATAR","HLNPELJOHLF":10000077},{"id":6200,"iconPath":"UI_AvatarIcon_Alhatham_Circle","priority":6200,"nameTextMapHash":984331444,"BEAFOEGLKEO":"PROFILE_PICTURE_UNLOCK_BY_AVATAR","HLNPELJOHLF":10000078},{"id":6300,"iconPath":"UI_AvatarIcon_Dehya_Circle","priority":6300,"nameTextMapHash":1497016220,"BEAFOEGLKEO":"PROFILE_PICTURE_UNLOCK_BY_AVATAR","HLNPELJOHLF":10000079},{"id":6400,"iconPath":"UI_AvatarIcon_Mika_Circle","priority":6400,"nameTextMapHash":2186517540,"BEAFOEGLKEO":"PROFILE_PICTURE_UNLOCK_BY_AVATAR","HLNPELJOHLF":10000080},{"id":6500,"iconPath":"UI_AvatarIcon_Kaveh_Circle","priority":6500,"nameTextMapHash":1467637604,"BEAFOEGLKEO":"PROFILE_PICTURE_UNLOCK_BY_AVATAR","HLNPELJOHLF":10000081},{"id":6600,"iconPath":"UI_AvatarIcon_Baizhuer_Circle","priority":6600,"nameTextMapHash":420768780,"BEAFOEGLKEO":"PROFILE_PICTURE_UNLOCK_BY_AVATAR","HLNPELJOHLF":10000082},{"id":6700,"iconPath":"UI_AvatarIcon_Momoka_Circle","priority":6700,"nameTextMapHash":1129094484,"BEAFOEGLKEO":"PROFILE_PICTURE_UNLOCK_BY_AVATAR","HLNPELJOHLF":10000061},{"id":6800,"iconPath":"UI_AvatarIcon_Linette_Circle","priority":6800,"nameTextMapHash":1586137212,"BEAFOEGLKEO":"PROFILE_PICTURE_UNLOCK_BY_AVATAR","HLNPELJOHLF":10000083},{"id":6900,"iconPath":"UI_AvatarIcon_Liney_Circle","priority":6900,"nameTextMapHash":907368204,"BEAFOEGLKEO":"PROFILE_PICTURE_UNLOCK_BY_AVATAR","HLNPELJOHLF":10000084},{"id":7000,"iconPath":"UI_AvatarIcon_Freminet_Circle","priority":7000,"nameTextMapHash":1821673276,"BEAFOEGLKEO":"PROFILE_PICTURE_UNLOCK_BY_AVATAR","HLNPELJOHLF":10000085},{"id":7100,"iconPath":"UI_AvatarIcon_Neuvillette_Circle","priority":7100,"nameTextMapHash":3752117636,"BEAFOEGLKEO":"PROFILE_PICTURE_UNLOCK_BY_AVATAR","HLNPELJOHLF":10000087},{"id":7200,"iconPath":"UI_AvatarIcon_Wriothesley_Circle","priority":7200,"nameTextMapHash":2892052,"BEAFOEGLKEO":"PROFILE_PICTURE_UNLOCK_BY_AVATAR","HLNPELJOHLF":10000086},{"id":7300,"iconPath":"UI_AvatarIcon_Charlotte_Circle","priority":7300,"nameTextMapHash":2782129108,"BEAFOEGLKEO":"PROFILE_PICTURE_UNLOCK_BY_AVATAR","HLNPELJOHLF":10000088},{"id":7400,"iconPath":"UI_AvatarIcon_Furina_Circle","priority":7400,"nameTextMapHash":3727373268,"BEAFOEGLKEO":"PROFILE_PICTURE_UNLOCK_BY_AVATAR","HLNPELJOHLF":10000089},{"id":7500,"iconPath":"UI_AvatarIcon_Navia_Circle","priority":7500,"nameTextMapHash":3420068796,"BEAFOEGLKEO":"PROFILE_PICTURE_UNLOCK_BY_AVATAR","HLNPELJOHLF":10000091},{"id":7600,"iconPath":"UI_AvatarIcon_Chevreuse_Circle","priority":7600,"nameTextMapHash":241782844,"BEAFOEGLKEO":"PROFILE_PICTURE_UNLOCK_BY_AVATAR","HLNPELJOHLF":10000090},{"id":7700,"iconPath":"UI_AvatarIcon_Gaming_Circle","priority":7700,"nameTextMapHash":4228481004,"BEAFOEGLKEO":"PROFILE_PICTURE_UNLOCK_BY_AVATAR","HLNPELJOHLF":10000092},{"id":7800,"iconPath":"UI_AvatarIcon_Liuyun_Circle","priority":7800,"nameTextMapHash":1294266220,"BEAFOEGLKEO":"PROFILE_PICTURE_UNLOCK_BY_AVATAR","HLNPELJOHLF":10000093},{"id":99999,"iconPath":"UI_AvatarIcon_Ambor_Circle","priority":99999,"nameTextMapHash":3995351756,"BEAFOEGLKEO":"PROFILE_PICTURE_UNLOCK_BY_ITEM","HLNPELJOHLF":320001}]