{"1":{"iconPath":"UI_AvatarIcon_PlayerBoy_Circle","id":1,"unlockDescTextMapHash":543619816,"nameTextMapHash":3604285884,"ONLPGLODEEC":"PROFILE_PICTURE_UNLOCK_BY_AVATAR","PIBDDOANBBN":false,"unlockParam":10000005,"priority":1},"2":{"iconPath":"UI_AvatarIcon_PlayerGirl_Circle","id":2,"unlockDescTextMapHash":2514279032,"nameTextMapHash":271219620,"ONLPGLODEEC":"PROFILE_PICTURE_UNLOCK_BY_AVATAR","PIBDDOANBBN":false,"unlockParam":10000007,"priority":2},"100":{"iconPath":"UI_AvatarIcon_Ambor_Circle","id":100,"unlockDescTextMapHash":2246717288,"nameTextMapHash":4129650764,"ONLPGLODEEC":"PROFILE_PICTURE_UNLOCK_BY_AVATAR","PIBDDOANBBN":false,"unlockParam":10000021,"priority":100},"101":{"iconPath":"UI_AvatarIcon_AmborCostumeWic_Circle","id":101,"unlockDescTextMapHash":116570704,"nameTextMapHash":4011886236,"ONLPGLODEEC":"PROFILE_PICTURE_UNLOCK_BY_COSTUME","PIBDDOANBBN":false,"unlockParam":202101,"priority":101},"200":{"iconPath":"UI_AvatarIcon_Kaeya_Circle","id":200,"unlockDescTextMapHash":2425989984,"nameTextMapHash":4198292852,"ONLPGLODEEC":"PROFILE_PICTURE_UNLOCK_BY_AVATAR","PIBDDOANBBN":false,"unlockParam":10000015,"priority":200},"201":{"iconPath":"UI_AvatarIcon_KaeyaCostumeDancer_Circle","id":201,"unlockDescTextMapHash":1016765560,"nameTextMapHash":2326024484,"ONLPGLODEEC":"PROFILE_PICTURE_UNLOCK_BY_COSTUME","PIBDDOANBBN":false,"unlockParam":201501,"priority":201},"300":{"iconPath":"UI_AvatarIcon_Lisa_Circle","id":300,"unlockDescTextMapHash":2240645968,"nameTextMapHash":1430880228,"ONLPGLODEEC":"PROFILE_PICTURE_UNLOCK_BY_AVATAR","PIBDDOANBBN":false,"unlockParam":10000006,"priority":300},"301":{"iconPath":"UI_AvatarIcon_LisaCostumeStudentin_Circle","id":301,"unlockDescTextMapHash":3170653136,"nameTextMapHash":1999891572,"ONLPGLODEEC":"PROFILE_PICTURE_UNLOCK_BY_COSTUME","PIBDDOANBBN":false,"unlockParam":200601,"priority":301},"400":{"iconPath":"UI_AvatarIcon_Barbara_Circle","id":400,"unlockDescTextMapHash":168604440,"nameTextMapHash":1760985308,"ONLPGLODEEC":"PROFILE_PICTURE_UNLOCK_BY_AVATAR","PIBDDOANBBN":false,"unlockParam":10000014,"priority":400},"401":{"iconPath":"UI_AvatarIcon_BarbaraCostumeSummertime_Circle","id":401,"unlockDescTextMapHash":8171504,"nameTextMapHash":2943208916,"ONLPGLODEEC":"PROFILE_PICTURE_UNLOCK_BY_COSTUME","PIBDDOANBBN":false,"unlockParam":201401,"priority":401},"500":{"iconPath":"UI_AvatarIcon_Razor_Circle","id":500,"unlockDescTextMapHash":3642256208,"nameTextMapHash":1324426164,"ONLPGLODEEC":"PROFILE_PICTURE_UNLOCK_BY_AVATAR","PIBDDOANBBN":false,"unlockParam":10000020,"priority":500},"600":{"iconPath":"UI_AvatarIcon_Xiangling_Circle","id":600,"unlockDescTextMapHash":1987741280,"nameTextMapHash":2206393084,"ONLPGLODEEC":"PROFILE_PICTURE_UNLOCK_BY_AVATAR","PIBDDOANBBN":false,"unlockParam":10000023,"priority":600},"601":{"iconPath":"UI_AvatarIcon_XianglingCostumeWinter_Circle","id":601,"unlockDescTextMapHash":2210092032,"nameTextMapHash":1178901364,"ONLPGLODEEC":"PROFILE_PICTURE_UNLOCK_BY_COSTUME","PIBDDOANBBN":false,"unlockParam":202301,"priority":601},"700":{"iconPath":"UI_AvatarIcon_Beidou_Circle","id":700,"unlockDescTextMapHash":1734495304,"nameTextMapHash":2755210500,"ONLPGLODEEC":"PROFILE_PICTURE_UNLOCK_BY_AVATAR","PIBDDOANBBN":false,"unlockParam":10000024,"priority":700},"800":{"iconPath":"UI_AvatarIcon_Xingqiu_Circle","id":800,"unlockDescTextMapHash":941324232,"nameTextMapHash":2904405116,"ONLPGLODEEC":"PROFILE_PICTURE_UNLOCK_BY_AVATAR","PIBDDOANBBN":false,"unlockParam":10000025,"priority":800},"801":{"iconPath":"UI_AvatarIcon_XingqiuCostumeBamboo_Circle","id":801,"unlockDescTextMapHash":872659400,"nameTextMapHash":2018771404,"ONLPGLODEEC":"PROFILE_PICTURE_UNLOCK_BY_COSTUME","PIBDDOANBBN":false,"unlockParam":202501,"priority":801},"900":{"iconPath":"UI_AvatarIcon_Ningguang_Circle","id":900,"unlockDescTextMapHash":2506478888,"nameTextMapHash":3467578556,"ONLPGLODEEC":"PROFILE_PICTURE_UNLOCK_BY_AVATAR","PIBDDOANBBN":false,"unlockParam":10000027,"priority":900},"901":{"iconPath":"UI_AvatarIcon_NingguangCostumeFloral_Circle","id":901,"unlockDescTextMapHash":2605395216,"nameTextMapHash":3049375396,"ONLPGLODEEC":"PROFILE_PICTURE_UNLOCK_BY_COSTUME","PIBDDOANBBN":false,"unlockParam":202701,"priority":901},"1000":{"iconPath":"UI_AvatarIcon_Fischl_Circle","id":1000,"unlockDescTextMapHash":3026305080,"nameTextMapHash":2448248284,"ONLPGLODEEC":"PROFILE_PICTURE_UNLOCK_BY_AVATAR","PIBDDOANBBN":false,"unlockParam":10000031,"priority":1000},"1001":{"iconPath":"UI_AvatarIcon_FischlCostumeHighness_Circle","id":1001,"unlockDescTextMapHash":993391784,"nameTextMapHash":1161026004,"ONLPGLODEEC":"PROFILE_PICTURE_UNLOCK_BY_COSTUME","PIBDDOANBBN":false,"unlockParam":203101,"priority":1001},"1100":{"iconPath":"UI_AvatarIcon_Bennett_Circle","id":1100,"unlockDescTextMapHash":3179684720,"nameTextMapHash":3881895660,"ONLPGLODEEC":"PROFILE_PICTURE_UNLOCK_BY_AVATAR","PIBDDOANBBN":false,"unlockParam":10000032,"priority":1100},"1200":{"iconPath":"UI_AvatarIcon_Noel_Circle","id":1200,"unlockDescTextMapHash":1655744480,"nameTextMapHash":2140800276,"ONLPGLODEEC":"PROFILE_PICTURE_UNLOCK_BY_AVATAR","PIBDDOANBBN":false,"unlockParam":10000034,"priority":1200},"1300":{"iconPath":"UI_AvatarIcon_Chongyun_Circle","id":1300,"unlockDescTextMapHash":2659276544,"nameTextMapHash":1589080740,"ONLPGLODEEC":"PROFILE_PICTURE_UNLOCK_BY_AVATAR","PIBDDOANBBN":false,"unlockParam":10000036,"priority":1300},"1400":{"iconPath":"UI_AvatarIcon_Sucrose_Circle","id":1400,"unlockDescTextMapHash":3886160128,"nameTextMapHash":3451600692,"ONLPGLODEEC":"PROFILE_PICTURE_UNLOCK_BY_AVATAR","PIBDDOANBBN":false,"unlockParam":10000043,"priority":1400},"1500":{"iconPath":"UI_AvatarIcon_Qin_Circle","id":1500,"unlockDescTextMapHash":3092279992,"nameTextMapHash":3076704084,"ONLPGLODEEC":"PROFILE_PICTURE_UNLOCK_BY_AVATAR","PIBDDOANBBN":false,"unlockParam":10000003,"priority":1500},"1501":{"iconPath":"UI_AvatarIcon_QinCostumeWic_Circle","id":1501,"unlockDescTextMapHash":3170710584,"nameTextMapHash":1385160708,"ONLPGLODEEC":"PROFILE_PICTURE_UNLOCK_BY_COSTUME","PIBDDOANBBN":false,"unlockParam":200302,"priority":1501},"1502":{"iconPath":"UI_AvatarIcon_QinCostumeSea_Circle","id":1502,"unlockDescTextMapHash":1918582192,"nameTextMapHash":106642220,"ONLPGLODEEC":"PROFILE_PICTURE_UNLOCK_BY_COSTUME","PIBDDOANBBN":false,"unlockParam":200301,"priority":1502},"1600":{"iconPath":"UI_AvatarIcon_Diluc_Circle","id":1600,"unlockDescTextMapHash":539157752,"nameTextMapHash":2487288620,"ONLPGLODEEC":"PROFILE_PICTURE_UNLOCK_BY_AVATAR","PIBDDOANBBN":false,"unlockParam":10000016,"priority":1600},"1601":{"iconPath":"UI_AvatarIcon_DilucCostumeFlamme_Circle","id":1601,"unlockDescTextMapHash":851927168,"nameTextMapHash":2579470204,"ONLPGLODEEC":"PROFILE_PICTURE_UNLOCK_BY_COSTUME","PIBDDOANBBN":false,"unlockParam":201601,"priority":1601},"1700":{"iconPath":"UI_AvatarIcon_Qiqi_Circle","id":1700,"unlockDescTextMapHash":2646952328,"nameTextMapHash":1651684028,"ONLPGLODEEC":"PROFILE_PICTURE_UNLOCK_BY_AVATAR","PIBDDOANBBN":false,"unlockParam":10000035,"priority":1700},"1800":{"iconPath":"UI_AvatarIcon_Mona_Circle","id":1800,"unlockDescTextMapHash":2990559472,"nameTextMapHash":580553172,"ONLPGLODEEC":"PROFILE_PICTURE_UNLOCK_BY_AVATAR","PIBDDOANBBN":false,"unlockParam":10000041,"priority":1800},"1801":{"iconPath":"UI_AvatarIcon_MonaCostumeWic_Circle","id":1801,"unlockDescTextMapHash":1302974952,"nameTextMapHash":1859247892,"ONLPGLODEEC":"PROFILE_PICTURE_UNLOCK_BY_COSTUME","PIBDDOANBBN":false,"unlockParam":204101,"priority":1801},"1900":{"iconPath":"UI_AvatarIcon_Keqing_Circle","id":1900,"unlockDescTextMapHash":1827001656,"nameTextMapHash":2904482116,"ONLPGLODEEC":"PROFILE_PICTURE_UNLOCK_BY_AVATAR","PIBDDOANBBN":false,"unlockParam":10000042,"priority":1900},"1901":{"iconPath":"UI_AvatarIcon_KeqingCostumeFeather_Circle","id":1901,"unlockDescTextMapHash":797836472,"nameTextMapHash":2350549260,"ONLPGLODEEC":"PROFILE_PICTURE_UNLOCK_BY_COSTUME","PIBDDOANBBN":false,"unlockParam":204201,"priority":1901},"2000":{"iconPath":"UI_AvatarIcon_Venti_Circle","id":2000,"unlockDescTextMapHash":1462214344,"nameTextMapHash":2636283300,"ONLPGLODEEC":"PROFILE_PICTURE_UNLOCK_BY_AVATAR","PIBDDOANBBN":false,"unlockParam":10000022,"priority":2000},"2100":{"iconPath":"UI_AvatarIcon_Klee_Circle","id":2100,"unlockDescTextMapHash":3280679616,"nameTextMapHash":2278572156,"ONLPGLODEEC":"PROFILE_PICTURE_UNLOCK_BY_AVATAR","PIBDDOANBBN":false,"unlockParam":10000029,"priority":2100},"2101":{"iconPath":"UI_AvatarIcon_KleeCostumeWitch_Circle","id":2101,"unlockDescTextMapHash":1884490128,"nameTextMapHash":3797120244,"ONLPGLODEEC":"PROFILE_PICTURE_UNLOCK_BY_COSTUME","PIBDDOANBBN":false,"unlockParam":202901,"priority":2101},"2200":{"iconPath":"UI_AvatarIcon_Diona_Circle","id":2200,"unlockDescTextMapHash":2745782656,"nameTextMapHash":3452475956,"ONLPGLODEEC":"PROFILE_PICTURE_UNLOCK_BY_AVATAR","PIBDDOANBBN":false,"unlockParam":10000039,"priority":2200},"2300":{"iconPath":"UI_AvatarIcon_Tartaglia_Circle","id":2300,"unlockDescTextMapHash":567894176,"nameTextMapHash":66233604,"ONLPGLODEEC":"PROFILE_PICTURE_UNLOCK_BY_AVATAR","PIBDDOANBBN":false,"unlockParam":10000033,"priority":2300},"2400":{"iconPath":"UI_AvatarIcon_Xinyan_Circle","id":2400,"unlockDescTextMapHash":3512219528,"nameTextMapHash":2352103668,"ONLPGLODEEC":"PROFILE_PICTURE_UNLOCK_BY_AVATAR","PIBDDOANBBN":false,"unlockParam":10000044,"priority":2400},"2500":{"iconPath":"UI_AvatarIcon_Zhongli_Circle","id":2500,"unlockDescTextMapHash":1996893328,"nameTextMapHash":945047940,"ONLPGLODEEC":"PROFILE_PICTURE_UNLOCK_BY_AVATAR","PIBDDOANBBN":false,"unlockParam":10000030,"priority":2500},"2600":{"iconPath":"UI_AvatarIcon_Albedo_Circle","id":2600,"unlockDescTextMapHash":1745624832,"nameTextMapHash":4037900132,"ONLPGLODEEC":"PROFILE_PICTURE_UNLOCK_BY_AVATAR","PIBDDOANBBN":false,"unlockParam":10000038,"priority":2600},"2700":{"iconPath":"UI_AvatarIcon_Ganyu_Circle","id":2700,"unlockDescTextMapHash":1038879568,"nameTextMapHash":1049883700,"ONLPGLODEEC":"PROFILE_PICTURE_UNLOCK_BY_AVATAR","PIBDDOANBBN":false,"unlockParam":10000037,"priority":2700},"2701":{"iconPath":"UI_AvatarIcon_GanyuCostumeYu_Circle","id":2701,"unlockDescTextMapHash":2726799944,"nameTextMapHash":1365886372,"ONLPGLODEEC":"PROFILE_PICTURE_UNLOCK_BY_COSTUME","PIBDDOANBBN":false,"unlockParam":203701,"priority":2701},"2800":{"iconPath":"UI_AvatarIcon_Xiao_Circle","id":2800,"unlockDescTextMapHash":1420872968,"nameTextMapHash":2799653588,"ONLPGLODEEC":"PROFILE_PICTURE_UNLOCK_BY_AVATAR","PIBDDOANBBN":false,"unlockParam":10000026,"priority":2800},"2900":{"iconPath":"UI_AvatarIcon_Hutao_Circle","id":2900,"unlockDescTextMapHash":779217944,"nameTextMapHash":678944044,"ONLPGLODEEC":"PROFILE_PICTURE_UNLOCK_BY_AVATAR","PIBDDOANBBN":false,"unlockParam":10000046,"priority":2900},"2901":{"iconPath":"UI_AvatarIcon_HutaoCostumeWinter_Circle","id":2901,"unlockDescTextMapHash":666236768,"nameTextMapHash":1034360652,"ONLPGLODEEC":"PROFILE_PICTURE_UNLOCK_BY_COSTUME","PIBDDOANBBN":false,"unlockParam":204601,"priority":2901},"3000":{"iconPath":"UI_AvatarIcon_Rosaria_Circle","id":3000,"unlockDescTextMapHash":3644666728,"nameTextMapHash":2851323220,"ONLPGLODEEC":"PROFILE_PICTURE_UNLOCK_BY_AVATAR","PIBDDOANBBN":false,"unlockParam":10000045,"priority":3000},"3001":{"iconPath":"UI_AvatarIcon_RosariaCostumeWic_Circle","id":3001,"unlockDescTextMapHash":3449155472,"nameTextMapHash":300481684,"ONLPGLODEEC":"PROFILE_PICTURE_UNLOCK_BY_COSTUME","PIBDDOANBBN":false,"unlockParam":204501,"priority":3001},"3100":{"iconPath":"UI_AvatarIcon_Feiyan_Circle","id":3100,"unlockDescTextMapHash":3289286280,"nameTextMapHash":2418667468,"ONLPGLODEEC":"PROFILE_PICTURE_UNLOCK_BY_AVATAR","PIBDDOANBBN":false,"unlockParam":10000048,"priority":3100},"3200":{"iconPath":"UI_AvatarIcon_Eula_Circle","id":3200,"unlockDescTextMapHash":146525376,"nameTextMapHash":3544158164,"ONLPGLODEEC":"PROFILE_PICTURE_UNLOCK_BY_AVATAR","PIBDDOANBBN":false,"unlockParam":10000051,"priority":3200},"3300":{"iconPath":"UI_AvatarIcon_Kazuha_Circle","id":3300,"unlockDescTextMapHash":8766896,"nameTextMapHash":3249781436,"ONLPGLODEEC":"PROFILE_PICTURE_UNLOCK_BY_AVATAR","PIBDDOANBBN":false,"unlockParam":10000047,"priority":3300},"3400":{"iconPath":"UI_AvatarIcon_Ayaka_Circle","id":3400,"unlockDescTextMapHash":2373595848,"nameTextMapHash":3187703364,"ONLPGLODEEC":"PROFILE_PICTURE_UNLOCK_BY_AVATAR","PIBDDOANBBN":false,"unlockParam":10000002,"priority":3400},"3401":{"iconPath":"UI_AvatarIcon_AyakaCostumeFruhling_Circle","id":3401,"unlockDescTextMapHash":3531553408,"nameTextMapHash":376817380,"ONLPGLODEEC":"PROFILE_PICTURE_UNLOCK_BY_COSTUME","PIBDDOANBBN":false,"unlockParam":200201,"priority":3401},"3500":{"iconPath":"UI_AvatarIcon_Sayu_Circle","id":3500,"unlockDescTextMapHash":4108138576,"nameTextMapHash":4082960244,"ONLPGLODEEC":"PROFILE_PICTURE_UNLOCK_BY_AVATAR","PIBDDOANBBN":false,"unlockParam":10000053,"priority":3500},"3600":{"iconPath":"UI_AvatarIcon_Yoimiya_Circle","id":3600,"unlockDescTextMapHash":2181781080,"nameTextMapHash":2552836988,"ONLPGLODEEC":"PROFILE_PICTURE_UNLOCK_BY_AVATAR","PIBDDOANBBN":false,"unlockParam":10000049,"priority":3600},"3700":{"iconPath":"UI_AvatarIcon_Aloy_Circle","id":3700,"unlockDescTextMapHash":3223533368,"nameTextMapHash":762807356,"ONLPGLODEEC":"PROFILE_PICTURE_UNLOCK_BY_AVATAR","PIBDDOANBBN":false,"unlockParam":10000062,"priority":3700},"3800":{"iconPath":"UI_AvatarIcon_Sara_Circle","id":3800,"unlockDescTextMapHash":3418059648,"nameTextMapHash":3988675588,"ONLPGLODEEC":"PROFILE_PICTURE_UNLOCK_BY_AVATAR","PIBDDOANBBN":false,"unlockParam":10000056,"priority":3800},"3900":{"iconPath":"UI_AvatarIcon_Shougun_Circle","id":3900,"unlockDescTextMapHash":3663867832,"nameTextMapHash":1384773420,"ONLPGLODEEC":"PROFILE_PICTURE_UNLOCK_BY_AVATAR","PIBDDOANBBN":false,"unlockParam":10000052,"priority":3900},"4000":{"iconPath":"UI_AvatarIcon_Kokomi_Circle","id":4000,"unlockDescTextMapHash":2408405696,"nameTextMapHash":412156284,"ONLPGLODEEC":"PROFILE_PICTURE_UNLOCK_BY_AVATAR","PIBDDOANBBN":false,"unlockParam":10000054,"priority":4000},"4100":{"iconPath":"UI_AvatarIcon_Tohma_Circle","id":4100,"unlockDescTextMapHash":334799432,"nameTextMapHash":4259359556,"ONLPGLODEEC":"PROFILE_PICTURE_UNLOCK_BY_AVATAR","PIBDDOANBBN":false,"unlockParam":10000050,"priority":4100},"4200":{"iconPath":"UI_AvatarIcon_Gorou_Circle","id":4200,"unlockDescTextMapHash":1041262592,"nameTextMapHash":2590272292,"ONLPGLODEEC":"PROFILE_PICTURE_UNLOCK_BY_AVATAR","PIBDDOANBBN":false,"unlockParam":10000055,"priority":4200},"4300":{"iconPath":"UI_AvatarIcon_Itto_Circle","id":4300,"unlockDescTextMapHash":3713187696,"nameTextMapHash":1439449756,"ONLPGLODEEC":"PROFILE_PICTURE_UNLOCK_BY_AVATAR","PIBDDOANBBN":false,"unlockParam":10000057,"priority":4300},"4400":{"iconPath":"UI_AvatarIcon_Yunjin_Circle","id":4400,"unlockDescTextMapHash":1072321640,"nameTextMapHash":1748326324,"ONLPGLODEEC":"PROFILE_PICTURE_UNLOCK_BY_AVATAR","PIBDDOANBBN":false,"unlockParam":10000064,"priority":4400},"4500":{"iconPath":"UI_AvatarIcon_Shenhe_Circle","id":4500,"unlockDescTextMapHash":2404037608,"nameTextMapHash":1379338044,"ONLPGLODEEC":"PROFILE_PICTURE_UNLOCK_BY_AVATAR","PIBDDOANBBN":false,"unlockParam":10000063,"priority":4500},"4501":{"iconPath":"UI_AvatarIcon_ShenheCostumeDai_Circle","id":4501,"unlockDescTextMapHash":1146486056,"nameTextMapHash":561207228,"ONLPGLODEEC":"PROFILE_PICTURE_UNLOCK_BY_COSTUME","PIBDDOANBBN":false,"unlockParam":206301,"priority":4501},"4600":{"iconPath":"UI_AvatarIcon_Yae_Circle","id":4600,"unlockDescTextMapHash":148086480,"nameTextMapHash":45847804,"ONLPGLODEEC":"PROFILE_PICTURE_UNLOCK_BY_AVATAR","PIBDDOANBBN":false,"unlockParam":10000058,"priority":4600},"4700":{"iconPath":"UI_AvatarIcon_Ayato_Circle","id":4700,"unlockDescTextMapHash":176892480,"nameTextMapHash":2898090420,"ONLPGLODEEC":"PROFILE_PICTURE_UNLOCK_BY_AVATAR","PIBDDOANBBN":false,"unlockParam":10000066,"priority":4700},"4800":{"iconPath":"UI_AvatarIcon_Yelan_Circle","id":4800,"unlockDescTextMapHash":174328528,"nameTextMapHash":1139213860,"ONLPGLODEEC":"PROFILE_PICTURE_UNLOCK_BY_AVATAR","PIBDDOANBBN":false,"unlockParam":10000060,"priority":4800},"4900":{"iconPath":"UI_AvatarIcon_Shinobu_Circle","id":4900,"unlockDescTextMapHash":2070243152,"nameTextMapHash":3488543924,"ONLPGLODEEC":"PROFILE_PICTURE_UNLOCK_BY_AVATAR","PIBDDOANBBN":false,"unlockParam":10000065,"priority":4900},"5000":{"iconPath":"UI_AvatarIcon_Heizo_Circle","id":5000,"unlockDescTextMapHash":195789464,"nameTextMapHash":2814342260,"ONLPGLODEEC":"PROFILE_PICTURE_UNLOCK_BY_AVATAR","PIBDDOANBBN":false,"unlockParam":10000059,"priority":5000},"5100":{"iconPath":"UI_AvatarIcon_Collei_Circle","id":5100,"unlockDescTextMapHash":1084903504,"nameTextMapHash":1985782300,"ONLPGLODEEC":"PROFILE_PICTURE_UNLOCK_BY_AVATAR","PIBDDOANBBN":false,"unlockParam":10000067,"priority":5100},"5200":{"iconPath":"UI_AvatarIcon_Tighnari_Circle","id":5200,"unlockDescTextMapHash":1463728880,"nameTextMapHash":2369699668,"ONLPGLODEEC":"PROFILE_PICTURE_UNLOCK_BY_AVATAR","PIBDDOANBBN":false,"unlockParam":10000069,"priority":5200},"5300":{"iconPath":"UI_AvatarIcon_Dori_Circle","id":5300,"unlockDescTextMapHash":68067384,"nameTextMapHash":3746931452,"ONLPGLODEEC":"PROFILE_PICTURE_UNLOCK_BY_AVATAR","PIBDDOANBBN":false,"unlockParam":10000068,"priority":5300},"5400":{"iconPath":"UI_AvatarIcon_Candace_Circle","id":5400,"unlockDescTextMapHash":2804141792,"nameTextMapHash":3874523500,"ONLPGLODEEC":"PROFILE_PICTURE_UNLOCK_BY_AVATAR","PIBDDOANBBN":false,"unlockParam":10000072,"priority":5400},"5500":{"iconPath":"UI_AvatarIcon_Cyno_Circle","id":5500,"unlockDescTextMapHash":2211553464,"nameTextMapHash":4170326540,"ONLPGLODEEC":"PROFILE_PICTURE_UNLOCK_BY_AVATAR","PIBDDOANBBN":false,"unlockParam":10000071,"priority":5500},"5600":{"iconPath":"UI_AvatarIcon_Nilou_Circle","id":5600,"unlockDescTextMapHash":4091018352,"nameTextMapHash":1598209428,"ONLPGLODEEC":"PROFILE_PICTURE_UNLOCK_BY_AVATAR","PIBDDOANBBN":false,"unlockParam":10000070,"priority":5600},"5601":{"iconPath":"UI_AvatarIcon_NilouCostumeFairy_Circle","id":5601,"unlockDescTextMapHash":1646275448,"nameTextMapHash":3251293852,"ONLPGLODEEC":"PROFILE_PICTURE_UNLOCK_BY_COSTUME","PIBDDOANBBN":false,"unlockParam":207001,"priority":5601},"5700":{"iconPath":"UI_AvatarIcon_Nahida_Circle","id":5700,"unlockDescTextMapHash":1651512208,"nameTextMapHash":533361044,"ONLPGLODEEC":"PROFILE_PICTURE_UNLOCK_BY_AVATAR","PIBDDOANBBN":false,"unlockParam":10000073,"priority":5700},"5800":{"iconPath":"UI_AvatarIcon_Layla_Circle","id":5800,"unlockDescTextMapHash":3665223632,"nameTextMapHash":1540669524,"ONLPGLODEEC":"PROFILE_PICTURE_UNLOCK_BY_AVATAR","PIBDDOANBBN":false,"unlockParam":10000074,"priority":5800},"5900":{"iconPath":"UI_AvatarIcon_Faruzan_Circle","id":5900,"unlockDescTextMapHash":1755096056,"nameTextMapHash":1171845828,"ONLPGLODEEC":"PROFILE_PICTURE_UNLOCK_BY_AVATAR","PIBDDOANBBN":false,"unlockParam":10000076,"priority":5900},"6000":{"iconPath":"UI_AvatarIcon_Wanderer_Circle","id":6000,"unlockDescTextMapHash":3793718480,"nameTextMapHash":3210918732,"ONLPGLODEEC":"PROFILE_PICTURE_UNLOCK_BY_AVATAR","PIBDDOANBBN":false,"unlockParam":10000075,"priority":6000},"6100":{"iconPath":"UI_AvatarIcon_Yaoyao_Circle","id":6100,"unlockDescTextMapHash":2338265744,"nameTextMapHash":196788628,"ONLPGLODEEC":"PROFILE_PICTURE_UNLOCK_BY_AVATAR","PIBDDOANBBN":false,"unlockParam":10000077,"priority":6100},"6200":{"iconPath":"UI_AvatarIcon_Alhatham_Circle","id":6200,"unlockDescTextMapHash":2207612664,"nameTextMapHash":984331444,"ONLPGLODEEC":"PROFILE_PICTURE_UNLOCK_BY_AVATAR","PIBDDOANBBN":false,"unlockParam":10000078,"priority":6200},"6300":{"iconPath":"UI_AvatarIcon_Dehya_Circle","id":6300,"unlockDescTextMapHash":689524224,"nameTextMapHash":1497016220,"ONLPGLODEEC":"PROFILE_PICTURE_UNLOCK_BY_AVATAR","PIBDDOANBBN":false,"unlockParam":10000079,"priority":6300},"6400":{"iconPath":"UI_AvatarIcon_Mika_Circle","id":6400,"unlockDescTextMapHash":1008803432,"nameTextMapHash":2186517540,"ONLPGLODEEC":"PROFILE_PICTURE_UNLOCK_BY_AVATAR","PIBDDOANBBN":false,"unlockParam":10000080,"priority":6400},"6500":{"iconPath":"UI_AvatarIcon_Kaveh_Circle","id":6500,"unlockDescTextMapHash":497819312,"nameTextMapHash":1467637604,"ONLPGLODEEC":"PROFILE_PICTURE_UNLOCK_BY_AVATAR","PIBDDOANBBN":false,"unlockParam":10000081,"priority":6500},"6600":{"iconPath":"UI_AvatarIcon_Baizhuer_Circle","id":6600,"unlockDescTextMapHash":57038688,"nameTextMapHash":420768780,"ONLPGLODEEC":"PROFILE_PICTURE_UNLOCK_BY_AVATAR","PIBDDOANBBN":false,"unlockParam":10000082,"priority":6600},"6700":{"iconPath":"UI_AvatarIcon_Momoka_Circle","id":6700,"unlockDescTextMapHash":2625512920,"nameTextMapHash":1129094484,"ONLPGLODEEC":"PROFILE_PICTURE_UNLOCK_BY_AVATAR","PIBDDOANBBN":false,"unlockParam":10000061,"priority":6700},"6701":{"iconPath":"UI_AvatarIcon_MomokaCostumeErrantry_Circle","id":6701,"unlockDescTextMapHash":1322831552,"nameTextMapHash":3602188772,"ONLPGLODEEC":"PROFILE_PICTURE_UNLOCK_BY_COSTUME","PIBDDOANBBN":false,"unlockParam":206101,"priority":6701},"6800":{"iconPath":"UI_AvatarIcon_Linette_Circle","id":6800,"unlockDescTextMapHash":1980337568,"nameTextMapHash":1586137212,"ONLPGLODEEC":"PROFILE_PICTURE_UNLOCK_BY_AVATAR","PIBDDOANBBN":false,"unlockParam":10000083,"priority":6800},"6900":{"iconPath":"UI_AvatarIcon_Liney_Circle","id":6900,"unlockDescTextMapHash":1055484872,"nameTextMapHash":907368204,"ONLPGLODEEC":"PROFILE_PICTURE_UNLOCK_BY_AVATAR","PIBDDOANBBN":false,"unlockParam":10000084,"priority":6900},"7000":{"iconPath":"UI_AvatarIcon_Freminet_Circle","id":7000,"unlockDescTextMapHash":921757472,"nameTextMapHash":1821673276,"ONLPGLODEEC":"PROFILE_PICTURE_UNLOCK_BY_AVATAR","PIBDDOANBBN":false,"unlockParam":10000085,"priority":7000},"7100":{"iconPath":"UI_AvatarIcon_Neuvillette_Circle","id":7100,"unlockDescTextMapHash":4110570208,"nameTextMapHash":3752117636,"ONLPGLODEEC":"PROFILE_PICTURE_UNLOCK_BY_AVATAR","PIBDDOANBBN":false,"unlockParam":10000087,"priority":7100},"7200":{"iconPath":"UI_AvatarIcon_Wriothesley_Circle","id":7200,"unlockDescTextMapHash":3605847168,"nameTextMapHash":2892052,"ONLPGLODEEC":"PROFILE_PICTURE_UNLOCK_BY_AVATAR","PIBDDOANBBN":false,"unlockParam":10000086,"priority":7200},"7300":{"iconPath":"UI_AvatarIcon_Charlotte_Circle","id":7300,"unlockDescTextMapHash":1930000632,"nameTextMapHash":2782129108,"ONLPGLODEEC":"PROFILE_PICTURE_UNLOCK_BY_AVATAR","PIBDDOANBBN":false,"unlockParam":10000088,"priority":7300},"7400":{"iconPath":"UI_AvatarIcon_Furina_Circle","id":7400,"unlockDescTextMapHash":3528753624,"nameTextMapHash":3727373268,"ONLPGLODEEC":"PROFILE_PICTURE_UNLOCK_BY_AVATAR","PIBDDOANBBN":false,"unlockParam":10000089,"priority":7400},"7500":{"iconPath":"UI_AvatarIcon_Navia_Circle","id":7500,"unlockDescTextMapHash":759693104,"nameTextMapHash":3420068796,"ONLPGLODEEC":"PROFILE_PICTURE_UNLOCK_BY_AVATAR","PIBDDOANBBN":false,"unlockParam":10000091,"priority":7500},"7600":{"iconPath":"UI_AvatarIcon_Chevreuse_Circle","id":7600,"unlockDescTextMapHash":823837664,"nameTextMapHash":241782844,"ONLPGLODEEC":"PROFILE_PICTURE_UNLOCK_BY_AVATAR","PIBDDOANBBN":false,"unlockParam":10000090,"priority":7600},"7700":{"iconPath":"UI_AvatarIcon_Gaming_Circle","id":7700,"unlockDescTextMapHash":3190106160,"nameTextMapHash":4228481004,"ONLPGLODEEC":"PROFILE_PICTURE_UNLOCK_BY_AVATAR","PIBDDOANBBN":false,"unlockParam":10000092,"priority":7700},"7800":{"iconPath":"UI_AvatarIcon_Liuyun_Circle","id":7800,"unlockDescTextMapHash":1581325888,"nameTextMapHash":1294266220,"ONLPGLODEEC":"PROFILE_PICTURE_UNLOCK_BY_AVATAR","PIBDDOANBBN":false,"unlockParam":10000093,"priority":7800},"7900":{"iconPath":"UI_AvatarIcon_Chiori_Circle","id":7900,"unlockDescTextMapHash":1877933576,"nameTextMapHash":1057050268,"ONLPGLODEEC":"PROFILE_PICTURE_UNLOCK_BY_AVATAR","PIBDDOANBBN":false,"unlockParam":10000094,"priority":7900},"8000":{"iconPath":"UI_AvatarIcon_Arlecchino_Circle","id":8000,"unlockDescTextMapHash":3347872744,"nameTextMapHash":3363124668,"ONLPGLODEEC":"PROFILE_PICTURE_UNLOCK_BY_AVATAR","PIBDDOANBBN":false,"unlockParam":10000096,"priority":8000},"8100":{"iconPath":"UI_AvatarIcon_Clorinde_Circle","id":8100,"unlockDescTextMapHash":1699669920,"nameTextMapHash":1195616540,"ONLPGLODEEC":"PROFILE_PICTURE_UNLOCK_BY_AVATAR","PIBDDOANBBN":false,"unlockParam":10000098,"priority":8200},"8200":{"iconPath":"UI_AvatarIcon_Sethos_Circle","id":8200,"unlockDescTextMapHash":2946808176,"nameTextMapHash":770768196,"ONLPGLODEEC":"PROFILE_PICTURE_UNLOCK_BY_AVATAR","PIBDDOANBBN":false,"unlockParam":10000097,"priority":8100},"8300":{"iconPath":"UI_AvatarIcon_Sigewinne_Circle","id":8300,"unlockDescTextMapHash":502766856,"nameTextMapHash":3342848348,"ONLPGLODEEC":"PROFILE_PICTURE_UNLOCK_BY_AVATAR","PIBDDOANBBN":false,"unlockParam":10000095,"priority":8300},"8400":{"iconPath":"UI_AvatarIcon_Emilie_Circle","id":8400,"unlockDescTextMapHash":1280754728,"nameTextMapHash":2716554828,"ONLPGLODEEC":"PROFILE_PICTURE_UNLOCK_BY_AVATAR","PIBDDOANBBN":false,"unlockParam":10000099,"priority":8400},"8500":{"iconPath":"UI_AvatarIcon_Kachina_Circle","id":8500,"unlockDescTextMapHash":3702276616,"nameTextMapHash":4043656188,"ONLPGLODEEC":"PROFILE_PICTURE_UNLOCK_BY_AVATAR","PIBDDOANBBN":false,"unlockParam":10000100,"priority":8500},"8600":{"iconPath":"UI_AvatarIcon_Mualani_Circle","id":8600,"unlockDescTextMapHash":2782505112,"nameTextMapHash":2031818676,"ONLPGLODEEC":"PROFILE_PICTURE_UNLOCK_BY_AVATAR","PIBDDOANBBN":false,"unlockParam":10000102,"priority":8600},"8700":{"iconPath":"UI_AvatarIcon_Kinich_Circle","id":8700,"unlockDescTextMapHash":794949448,"nameTextMapHash":2188866820,"ONLPGLODEEC":"PROFILE_PICTURE_UNLOCK_BY_AVATAR","PIBDDOANBBN":false,"unlockParam":10000101,"priority":8700},"8800":{"iconPath":"UI_AvatarIcon_Xilonen_Circle","id":8800,"unlockDescTextMapHash":3283007528,"nameTextMapHash":4042358220,"ONLPGLODEEC":"PROFILE_PICTURE_UNLOCK_BY_AVATAR","PIBDDOANBBN":false,"unlockParam":10000103,"priority":8800},"8900":{"iconPath":"UI_AvatarIcon_Olorun_Circle","id":8900,"unlockDescTextMapHash":799368456,"nameTextMapHash":1357596180,"ONLPGLODEEC":"PROFILE_PICTURE_UNLOCK_BY_AVATAR","PIBDDOANBBN":false,"unlockParam":10000105,"priority":8900},"9000":{"iconPath":"UI_AvatarIcon_Chasca_Circle","id":9000,"unlockDescTextMapHash":2650442456,"nameTextMapHash":126466380,"ONLPGLODEEC":"PROFILE_PICTURE_UNLOCK_BY_AVATAR","PIBDDOANBBN":false,"unlockParam":10000104,"priority":9000},"9100":{"iconPath":"UI_AvatarIcon_Citlali_Circle","id":9100,"unlockDescTextMapHash":2041623080,"nameTextMapHash":2700612516,"ONLPGLODEEC":"PROFILE_PICTURE_UNLOCK_BY_AVATAR","PIBDDOANBBN":false,"unlockParam":10000107,"priority":9100},"9200":{"iconPath":"UI_AvatarIcon_Mavuika_Circle","id":9200,"unlockDescTextMapHash":3703280008,"nameTextMapHash":2502300308,"ONLPGLODEEC":"PROFILE_PICTURE_UNLOCK_BY_AVATAR","PIBDDOANBBN":false,"unlockParam":10000106,"priority":9200},"9300":{"iconPath":"UI_AvatarIcon_Lanyan_Circle","id":9300,"unlockDescTextMapHash":90448680,"nameTextMapHash":722604652,"ONLPGLODEEC":"PROFILE_PICTURE_UNLOCK_BY_AVATAR","PIBDDOANBBN":false,"unlockParam":10000108,"priority":9300},"9400":{"iconPath":"UI_AvatarIcon_Mizuki_Circle","id":9400,"unlockDescTextMapHash":4190436512,"nameTextMapHash":3917183188,"ONLPGLODEEC":"PROFILE_PICTURE_UNLOCK_BY_AVATAR","PIBDDOANBBN":false,"unlockParam":10000109,"priority":9400},"9500":{"iconPath":"UI_AvatarIcon_Iansan_Circle","id":9500,"unlockDescTextMapHash":873193968,"nameTextMapHash":1556759108,"ONLPGLODEEC":"PROFILE_PICTURE_UNLOCK_BY_AVATAR","PIBDDOANBBN":false,"unlockParam":10000110,"priority":9500},"9600":{"iconPath":"UI_AvatarIcon_Varesa_Circle","id":9600,"unlockDescTextMapHash":1104922904,"nameTextMapHash":1196917500,"ONLPGLODEEC":"PROFILE_PICTURE_UNLOCK_BY_AVATAR","PIBDDOANBBN":false,"unlockParam":10000111,"priority":9600},"99999":{"iconPath":"UI_AvatarIcon_Ambor_Circle","id":99999,"unlockDescTextMapHash":2691654840,"nameTextMapHash":3995351756,"ONLPGLODEEC":"PROFILE_PICTURE_UNLOCK_BY_ITEM","PIBDDOANBBN":false,"unlockParam":320001,"priority":99999},"100010":{"iconPath":"UI_AvatarIcon_72105_Circle","id":100010,"unlockDescTextMapHash":3527893208,"nameTextMapHash":4284320332,"ONLPGLODEEC":"PROFILE_PICTURE_UNLOCK_BY_PARENT_QUEST","PIBDDOANBBN":true,"unlockParam":72105,"priority":100010},"100020":{"iconPath":"UI_AvatarIcon_72158_Circle","id":100020,"unlockDescTextMapHash":820574240,"nameTextMapHash":2115514524,"ONLPGLODEEC":"PROFILE_PICTURE_UNLOCK_BY_PARENT_QUEST","PIBDDOANBBN":true,"unlockParam":72158,"priority":100020},"100030":{"iconPath":"UI_AvatarIcon_72173_Circle","id":100030,"unlockDescTextMapHash":224064344,"nameTextMapHash":537096092,"ONLPGLODEEC":"PROFILE_PICTURE_UNLOCK_BY_PARENT_QUEST","PIBDDOANBBN":true,"unlockParam":72173,"priority":100030},"100040":{"iconPath":"UI_AvatarIcon_72177_Circle","id":100040,"unlockDescTextMapHash":2204277880,"nameTextMapHash":2055558492,"ONLPGLODEEC":"PROFILE_PICTURE_UNLOCK_BY_PARENT_QUEST","PIBDDOANBBN":true,"unlockParam":72177,"priority":100040},"100050":{"iconPath":"UI_AvatarIcon_71045_Circle","id":100050,"unlockDescTextMapHash":708095872,"nameTextMapHash":3628954484,"ONLPGLODEEC":"PROFILE_PICTURE_UNLOCK_BY_PARENT_QUEST","PIBDDOANBBN":true,"unlockParam":71045,"priority":100050},"100060":{"iconPath":"UI_AvatarIcon_73038_Circle","id":100060,"unlockDescTextMapHash":3011020680,"nameTextMapHash":2914387620,"ONLPGLODEEC":"PROFILE_PICTURE_UNLOCK_BY_PARENT_QUEST","PIBDDOANBBN":true,"unlockParam":73038,"priority":100060},"100070":{"iconPath":"UI_AvatarIcon_73055_Circle","id":100070,"unlockDescTextMapHash":1152685640,"nameTextMapHash":1698312916,"ONLPGLODEEC":"PROFILE_PICTURE_UNLOCK_BY_PARENT_QUEST","PIBDDOANBBN":true,"unlockParam":73055,"priority":100070},"100080":{"iconPath":"UI_AvatarIcon_73220_Circle","id":100080,"unlockDescTextMapHash":1749103488,"nameTextMapHash":1025414580,"ONLPGLODEEC":"PROFILE_PICTURE_UNLOCK_BY_PARENT_QUEST","PIBDDOANBBN":true,"unlockParam":73220,"priority":100080},"100090":{"iconPath":"UI_AvatarIcon_73232_Circle","id":100090,"unlockDescTextMapHash":741329208,"nameTextMapHash":4204508124,"ONLPGLODEEC":"PROFILE_PICTURE_UNLOCK_BY_PARENT_QUEST","PIBDDOANBBN":true,"unlockParam":73232,"priority":100090},"100100":{"iconPath":"UI_AvatarIcon_74007_Circle","id":100100,"unlockDescTextMapHash":861322448,"nameTextMapHash":423665740,"ONLPGLODEEC":"PROFILE_PICTURE_UNLOCK_BY_PARENT_QUEST","PIBDDOANBBN":true,"unlockParam":74007,"priority":100100},"100110":{"iconPath":"UI_AvatarIcon_74004_Circle","id":100110,"unlockDescTextMapHash":3057068792,"nameTextMapHash":1584610884,"ONLPGLODEEC":"PROFILE_PICTURE_UNLOCK_BY_PARENT_QUEST","PIBDDOANBBN":true,"unlockParam":74004,"priority":100110},"100120":{"iconPath":"UI_AvatarIcon_74028_Circle","id":100120,"unlockDescTextMapHash":109902736,"nameTextMapHash":3637200084,"ONLPGLODEEC":"PROFILE_PICTURE_UNLOCK_BY_PARENT_QUEST","PIBDDOANBBN":true,"unlockParam":74028,"priority":100120},"100130":{"iconPath":"UI_AvatarIcon_74053_Circle","id":100130,"unlockDescTextMapHash":3138805232,"nameTextMapHash":1630051180,"ONLPGLODEEC":"PROFILE_PICTURE_UNLOCK_BY_PARENT_QUEST","PIBDDOANBBN":true,"unlockParam":74053,"priority":100130},"100140":{"iconPath":"UI_AvatarIcon_74078_Circle","id":100140,"unlockDescTextMapHash":3660280192,"nameTextMapHash":2732020044,"ONLPGLODEEC":"PROFILE_PICTURE_UNLOCK_BY_PARENT_QUEST","PIBDDOANBBN":true,"unlockParam":74078,"priority":100140},"100150":{"iconPath":"UI_AvatarIcon_74085_Circle","id":100150,"unlockDescTextMapHash":3058749496,"nameTextMapHash":131812372,"ONLPGLODEEC":"PROFILE_PICTURE_UNLOCK_BY_PARENT_QUEST","PIBDDOANBBN":true,"unlockParam":74085,"priority":100150},"100160":{"iconPath":"UI_AvatarIcon_71100_Circle","id":100160,"unlockDescTextMapHash":3682765480,"nameTextMapHash":1960492844,"ONLPGLODEEC":"PROFILE_PICTURE_UNLOCK_BY_PARENT_QUEST","PIBDDOANBBN":true,"unlockParam":71100,"priority":100160},"100170":{"iconPath":"UI_AvatarIcon_74196_Circle","id":100170,"unlockDescTextMapHash":962436648,"nameTextMapHash":860131476,"ONLPGLODEEC":"PROFILE_PICTURE_UNLOCK_BY_PARENT_QUEST","PIBDDOANBBN":true,"unlockParam":74196,"priority":100170},"100180":{"iconPath":"UI_AvatarIcon_75002_Circle","id":100180,"unlockDescTextMapHash":3685571536,"nameTextMapHash":1280089932,"ONLPGLODEEC":"PROFILE_PICTURE_UNLOCK_BY_PARENT_QUEST","PIBDDOANBBN":true,"unlockParam":75002,"priority":100180},"100190":{"iconPath":"UI_AvatarIcon_75048_Circle","id":100190,"unlockDescTextMapHash":3175131952,"nameTextMapHash":481603884,"ONLPGLODEEC":"PROFILE_PICTURE_UNLOCK_BY_PARENT_QUEST","PIBDDOANBBN":true,"unlockParam":75138,"priority":100190},"100200":{"iconPath":"UI_AvatarIcon_75151_Circle","id":100200,"unlockDescTextMapHash":1133654112,"nameTextMapHash":2507956356,"ONLPGLODEEC":"PROFILE_PICTURE_UNLOCK_BY_PARENT_QUEST","PIBDDOANBBN":true,"unlockParam":75151,"priority":100200},"100210":{"iconPath":"UI_AvatarIcon_75177_Circle","id":100210,"unlockDescTextMapHash":2772556592,"nameTextMapHash":1465870260,"ONLPGLODEEC":"PROFILE_PICTURE_UNLOCK_BY_PARENT_QUEST","PIBDDOANBBN":true,"unlockParam":75177,"priority":100210}}