{"1":{"ONLPGLODEEC":"PROFILE_PICTURE_UNLOCK_BY_AVATAR","nameTextMapHash":3604285884,"id":1,"iconPath":"UI_AvatarIcon_PlayerBoy_Circle","priority":1,"unlockParam":10000005,"unlockDescTextMapHash":543619816},"2":{"ONLPGLODEEC":"PROFILE_PICTURE_UNLOCK_BY_AVATAR","nameTextMapHash":271219620,"id":2,"iconPath":"UI_AvatarIcon_PlayerGirl_Circle","priority":2,"unlockParam":10000007,"unlockDescTextMapHash":2514279032},"100":{"ONLPGLODEEC":"PROFILE_PICTURE_UNLOCK_BY_AVATAR","nameTextMapHash":4129650764,"id":100,"iconPath":"UI_AvatarIcon_Ambor_Circle","priority":100,"unlockParam":10000021,"unlockDescTextMapHash":2246717288},"101":{"ONLPGLODEEC":"PROFILE_PICTURE_UNLOCK_BY_COSTUME","nameTextMapHash":4011886236,"id":101,"iconPath":"UI_AvatarIcon_AmborCostumeWic_Circle","priority":101,"unlockParam":202101,"unlockDescTextMapHash":116570704},"200":{"ONLPGLODEEC":"PROFILE_PICTURE_UNLOCK_BY_AVATAR","nameTextMapHash":4198292852,"id":200,"iconPath":"UI_AvatarIcon_Kaeya_Circle","priority":200,"unlockParam":10000015,"unlockDescTextMapHash":2425989984},"201":{"ONLPGLODEEC":"PROFILE_PICTURE_UNLOCK_BY_COSTUME","nameTextMapHash":2326024484,"id":201,"iconPath":"UI_AvatarIcon_KaeyaCostumeDancer_Circle","priority":201,"unlockParam":201501,"unlockDescTextMapHash":1016765560},"300":{"ONLPGLODEEC":"PROFILE_PICTURE_UNLOCK_BY_AVATAR","nameTextMapHash":1430880228,"id":300,"iconPath":"UI_AvatarIcon_Lisa_Circle","priority":300,"unlockParam":10000006,"unlockDescTextMapHash":2240645968},"301":{"ONLPGLODEEC":"PROFILE_PICTURE_UNLOCK_BY_COSTUME","nameTextMapHash":1999891572,"id":301,"iconPath":"UI_AvatarIcon_LisaCostumeStudentin_Circle","priority":301,"unlockParam":200601,"unlockDescTextMapHash":3170653136},"400":{"ONLPGLODEEC":"PROFILE_PICTURE_UNLOCK_BY_AVATAR","nameTextMapHash":1760985308,"id":400,"iconPath":"UI_AvatarIcon_Barbara_Circle","priority":400,"unlockParam":10000014,"unlockDescTextMapHash":168604440},"401":{"ONLPGLODEEC":"PROFILE_PICTURE_UNLOCK_BY_COSTUME","nameTextMapHash":2943208916,"id":401,"iconPath":"UI_AvatarIcon_BarbaraCostumeSummertime_Circle","priority":401,"unlockParam":201401,"unlockDescTextMapHash":8171504},"500":{"ONLPGLODEEC":"PROFILE_PICTURE_UNLOCK_BY_AVATAR","nameTextMapHash":1324426164,"id":500,"iconPath":"UI_AvatarIcon_Razor_Circle","priority":500,"unlockParam":10000020,"unlockDescTextMapHash":3642256208},"600":{"ONLPGLODEEC":"PROFILE_PICTURE_UNLOCK_BY_AVATAR","nameTextMapHash":2206393084,"id":600,"iconPath":"UI_AvatarIcon_Xiangling_Circle","priority":600,"unlockParam":10000023,"unlockDescTextMapHash":1987741280},"601":{"ONLPGLODEEC":"PROFILE_PICTURE_UNLOCK_BY_COSTUME","nameTextMapHash":1178901364,"id":601,"iconPath":"UI_AvatarIcon_XianglingCostumeWinter_Circle","priority":601,"unlockParam":202301,"unlockDescTextMapHash":2210092032},"700":{"ONLPGLODEEC":"PROFILE_PICTURE_UNLOCK_BY_AVATAR","nameTextMapHash":2755210500,"id":700,"iconPath":"UI_AvatarIcon_Beidou_Circle","priority":700,"unlockParam":10000024,"unlockDescTextMapHash":1734495304},"800":{"ONLPGLODEEC":"PROFILE_PICTURE_UNLOCK_BY_AVATAR","nameTextMapHash":2904405116,"id":800,"iconPath":"UI_AvatarIcon_Xingqiu_Circle","priority":800,"unlockParam":10000025,"unlockDescTextMapHash":941324232},"801":{"ONLPGLODEEC":"PROFILE_PICTURE_UNLOCK_BY_COSTUME","nameTextMapHash":2018771404,"id":801,"iconPath":"UI_AvatarIcon_XingqiuCostumeBamboo_Circle","priority":801,"unlockParam":202501,"unlockDescTextMapHash":872659400},"900":{"ONLPGLODEEC":"PROFILE_PICTURE_UNLOCK_BY_AVATAR","nameTextMapHash":3467578556,"id":900,"iconPath":"UI_AvatarIcon_Ningguang_Circle","priority":900,"unlockParam":10000027,"unlockDescTextMapHash":2506478888},"901":{"ONLPGLODEEC":"PROFILE_PICTURE_UNLOCK_BY_COSTUME","nameTextMapHash":3049375396,"id":901,"iconPath":"UI_AvatarIcon_NingguangCostumeFloral_Circle","priority":901,"unlockParam":202701,"unlockDescTextMapHash":2605395216},"1000":{"ONLPGLODEEC":"PROFILE_PICTURE_UNLOCK_BY_AVATAR","nameTextMapHash":2448248284,"id":1000,"iconPath":"UI_AvatarIcon_Fischl_Circle","priority":1000,"unlockParam":10000031,"unlockDescTextMapHash":3026305080},"1001":{"ONLPGLODEEC":"PROFILE_PICTURE_UNLOCK_BY_COSTUME","nameTextMapHash":1161026004,"id":1001,"iconPath":"UI_AvatarIcon_FischlCostumeHighness_Circle","priority":1001,"unlockParam":203101,"unlockDescTextMapHash":993391784},"1100":{"ONLPGLODEEC":"PROFILE_PICTURE_UNLOCK_BY_AVATAR","nameTextMapHash":3881895660,"id":1100,"iconPath":"UI_AvatarIcon_Bennett_Circle","priority":1100,"unlockParam":10000032,"unlockDescTextMapHash":3179684720},"1200":{"ONLPGLODEEC":"PROFILE_PICTURE_UNLOCK_BY_AVATAR","nameTextMapHash":2140800276,"id":1200,"iconPath":"UI_AvatarIcon_Noel_Circle","priority":1200,"unlockParam":10000034,"unlockDescTextMapHash":1655744480},"1300":{"ONLPGLODEEC":"PROFILE_PICTURE_UNLOCK_BY_AVATAR","nameTextMapHash":1589080740,"id":1300,"iconPath":"UI_AvatarIcon_Chongyun_Circle","priority":1300,"unlockParam":10000036,"unlockDescTextMapHash":2659276544},"1400":{"ONLPGLODEEC":"PROFILE_PICTURE_UNLOCK_BY_AVATAR","nameTextMapHash":3451600692,"id":1400,"iconPath":"UI_AvatarIcon_Sucrose_Circle","priority":1400,"unlockParam":10000043,"unlockDescTextMapHash":3886160128},"1500":{"ONLPGLODEEC":"PROFILE_PICTURE_UNLOCK_BY_AVATAR","nameTextMapHash":3076704084,"id":1500,"iconPath":"UI_AvatarIcon_Qin_Circle","priority":1500,"unlockParam":10000003,"unlockDescTextMapHash":3092279992},"1501":{"ONLPGLODEEC":"PROFILE_PICTURE_UNLOCK_BY_COSTUME","nameTextMapHash":1385160708,"id":1501,"iconPath":"UI_AvatarIcon_QinCostumeWic_Circle","priority":1501,"unlockParam":200302,"unlockDescTextMapHash":3170710584},"1502":{"ONLPGLODEEC":"PROFILE_PICTURE_UNLOCK_BY_COSTUME","nameTextMapHash":106642220,"id":1502,"iconPath":"UI_AvatarIcon_QinCostumeSea_Circle","priority":1502,"unlockParam":200301,"unlockDescTextMapHash":1918582192},"1600":{"ONLPGLODEEC":"PROFILE_PICTURE_UNLOCK_BY_AVATAR","nameTextMapHash":2487288620,"id":1600,"iconPath":"UI_AvatarIcon_Diluc_Circle","priority":1600,"unlockParam":10000016,"unlockDescTextMapHash":539157752},"1601":{"ONLPGLODEEC":"PROFILE_PICTURE_UNLOCK_BY_COSTUME","nameTextMapHash":2579470204,"id":1601,"iconPath":"UI_AvatarIcon_DilucCostumeFlamme_Circle","priority":1601,"unlockParam":201601,"unlockDescTextMapHash":851927168},"1700":{"ONLPGLODEEC":"PROFILE_PICTURE_UNLOCK_BY_AVATAR","nameTextMapHash":1651684028,"id":1700,"iconPath":"UI_AvatarIcon_Qiqi_Circle","priority":1700,"unlockParam":10000035,"unlockDescTextMapHash":2646952328},"1800":{"ONLPGLODEEC":"PROFILE_PICTURE_UNLOCK_BY_AVATAR","nameTextMapHash":580553172,"id":1800,"iconPath":"UI_AvatarIcon_Mona_Circle","priority":1800,"unlockParam":10000041,"unlockDescTextMapHash":2990559472},"1801":{"ONLPGLODEEC":"PROFILE_PICTURE_UNLOCK_BY_COSTUME","nameTextMapHash":1859247892,"id":1801,"iconPath":"UI_AvatarIcon_MonaCostumeWic_Circle","priority":1801,"unlockParam":204101,"unlockDescTextMapHash":1302974952},"1900":{"ONLPGLODEEC":"PROFILE_PICTURE_UNLOCK_BY_AVATAR","nameTextMapHash":2904482116,"id":1900,"iconPath":"UI_AvatarIcon_Keqing_Circle","priority":1900,"unlockParam":10000042,"unlockDescTextMapHash":1827001656},"1901":{"ONLPGLODEEC":"PROFILE_PICTURE_UNLOCK_BY_COSTUME","nameTextMapHash":2350549260,"id":1901,"iconPath":"UI_AvatarIcon_KeqingCostumeFeather_Circle","priority":1901,"unlockParam":204201,"unlockDescTextMapHash":797836472},"2000":{"ONLPGLODEEC":"PROFILE_PICTURE_UNLOCK_BY_AVATAR","nameTextMapHash":2636283300,"id":2000,"iconPath":"UI_AvatarIcon_Venti_Circle","priority":2000,"unlockParam":10000022,"unlockDescTextMapHash":1462214344},"2100":{"ONLPGLODEEC":"PROFILE_PICTURE_UNLOCK_BY_AVATAR","nameTextMapHash":2278572156,"id":2100,"iconPath":"UI_AvatarIcon_Klee_Circle","priority":2100,"unlockParam":10000029,"unlockDescTextMapHash":3280679616},"2101":{"ONLPGLODEEC":"PROFILE_PICTURE_UNLOCK_BY_COSTUME","nameTextMapHash":3797120244,"id":2101,"iconPath":"UI_AvatarIcon_KleeCostumeWitch_Circle","priority":2101,"unlockParam":202901,"unlockDescTextMapHash":1884490128},"2200":{"ONLPGLODEEC":"PROFILE_PICTURE_UNLOCK_BY_AVATAR","nameTextMapHash":3452475956,"id":2200,"iconPath":"UI_AvatarIcon_Diona_Circle","priority":2200,"unlockParam":10000039,"unlockDescTextMapHash":2745782656},"2300":{"ONLPGLODEEC":"PROFILE_PICTURE_UNLOCK_BY_AVATAR","nameTextMapHash":66233604,"id":2300,"iconPath":"UI_AvatarIcon_Tartaglia_Circle","priority":2300,"unlockParam":10000033,"unlockDescTextMapHash":567894176},"2400":{"ONLPGLODEEC":"PROFILE_PICTURE_UNLOCK_BY_AVATAR","nameTextMapHash":2352103668,"id":2400,"iconPath":"UI_AvatarIcon_Xinyan_Circle","priority":2400,"unlockParam":10000044,"unlockDescTextMapHash":3512219528},"2500":{"ONLPGLODEEC":"PROFILE_PICTURE_UNLOCK_BY_AVATAR","nameTextMapHash":945047940,"id":2500,"iconPath":"UI_AvatarIcon_Zhongli_Circle","priority":2500,"unlockParam":10000030,"unlockDescTextMapHash":1996893328},"2600":{"ONLPGLODEEC":"PROFILE_PICTURE_UNLOCK_BY_AVATAR","nameTextMapHash":4037900132,"id":2600,"iconPath":"UI_AvatarIcon_Albedo_Circle","priority":2600,"unlockParam":10000038,"unlockDescTextMapHash":1745624832},"2700":{"ONLPGLODEEC":"PROFILE_PICTURE_UNLOCK_BY_AVATAR","nameTextMapHash":1049883700,"id":2700,"iconPath":"UI_AvatarIcon_Ganyu_Circle","priority":2700,"unlockParam":10000037,"unlockDescTextMapHash":1038879568},"2701":{"ONLPGLODEEC":"PROFILE_PICTURE_UNLOCK_BY_COSTUME","nameTextMapHash":1365886372,"id":2701,"iconPath":"UI_AvatarIcon_GanyuCostumeYu_Circle","priority":2701,"unlockParam":203701,"unlockDescTextMapHash":2726799944},"2800":{"ONLPGLODEEC":"PROFILE_PICTURE_UNLOCK_BY_AVATAR","nameTextMapHash":2799653588,"id":2800,"iconPath":"UI_AvatarIcon_Xiao_Circle","priority":2800,"unlockParam":10000026,"unlockDescTextMapHash":1420872968},"2900":{"ONLPGLODEEC":"PROFILE_PICTURE_UNLOCK_BY_AVATAR","nameTextMapHash":678944044,"id":2900,"iconPath":"UI_AvatarIcon_Hutao_Circle","priority":2900,"unlockParam":10000046,"unlockDescTextMapHash":779217944},"2901":{"ONLPGLODEEC":"PROFILE_PICTURE_UNLOCK_BY_COSTUME","nameTextMapHash":1034360652,"id":2901,"iconPath":"UI_AvatarIcon_HutaoCostumeWinter_Circle","priority":2901,"unlockParam":204601,"unlockDescTextMapHash":666236768},"3000":{"ONLPGLODEEC":"PROFILE_PICTURE_UNLOCK_BY_AVATAR","nameTextMapHash":2851323220,"id":3000,"iconPath":"UI_AvatarIcon_Rosaria_Circle","priority":3000,"unlockParam":10000045,"unlockDescTextMapHash":3644666728},"3001":{"ONLPGLODEEC":"PROFILE_PICTURE_UNLOCK_BY_COSTUME","nameTextMapHash":300481684,"id":3001,"iconPath":"UI_AvatarIcon_RosariaCostumeWic_Circle","priority":3001,"unlockParam":204501,"unlockDescTextMapHash":3449155472},"3100":{"ONLPGLODEEC":"PROFILE_PICTURE_UNLOCK_BY_AVATAR","nameTextMapHash":2418667468,"id":3100,"iconPath":"UI_AvatarIcon_Feiyan_Circle","priority":3100,"unlockParam":10000048,"unlockDescTextMapHash":3289286280},"3200":{"ONLPGLODEEC":"PROFILE_PICTURE_UNLOCK_BY_AVATAR","nameTextMapHash":3544158164,"id":3200,"iconPath":"UI_AvatarIcon_Eula_Circle","priority":3200,"unlockParam":10000051,"unlockDescTextMapHash":146525376},"3300":{"ONLPGLODEEC":"PROFILE_PICTURE_UNLOCK_BY_AVATAR","nameTextMapHash":3249781436,"id":3300,"iconPath":"UI_AvatarIcon_Kazuha_Circle","priority":3300,"unlockParam":10000047,"unlockDescTextMapHash":8766896},"3400":{"ONLPGLODEEC":"PROFILE_PICTURE_UNLOCK_BY_AVATAR","nameTextMapHash":3187703364,"id":3400,"iconPath":"UI_AvatarIcon_Ayaka_Circle","priority":3400,"unlockParam":10000002,"unlockDescTextMapHash":2373595848},"3401":{"ONLPGLODEEC":"PROFILE_PICTURE_UNLOCK_BY_COSTUME","nameTextMapHash":376817380,"id":3401,"iconPath":"UI_AvatarIcon_AyakaCostumeFruhling_Circle","priority":3401,"unlockParam":200201,"unlockDescTextMapHash":3531553408},"3500":{"ONLPGLODEEC":"PROFILE_PICTURE_UNLOCK_BY_AVATAR","nameTextMapHash":4082960244,"id":3500,"iconPath":"UI_AvatarIcon_Sayu_Circle","priority":3500,"unlockParam":10000053,"unlockDescTextMapHash":4108138576},"3600":{"ONLPGLODEEC":"PROFILE_PICTURE_UNLOCK_BY_AVATAR","nameTextMapHash":2552836988,"id":3600,"iconPath":"UI_AvatarIcon_Yoimiya_Circle","priority":3600,"unlockParam":10000049,"unlockDescTextMapHash":2181781080},"3700":{"ONLPGLODEEC":"PROFILE_PICTURE_UNLOCK_BY_AVATAR","nameTextMapHash":762807356,"id":3700,"iconPath":"UI_AvatarIcon_Aloy_Circle","priority":3700,"unlockParam":10000062,"unlockDescTextMapHash":3223533368},"3800":{"ONLPGLODEEC":"PROFILE_PICTURE_UNLOCK_BY_AVATAR","nameTextMapHash":3988675588,"id":3800,"iconPath":"UI_AvatarIcon_Sara_Circle","priority":3800,"unlockParam":10000056,"unlockDescTextMapHash":3418059648},"3900":{"ONLPGLODEEC":"PROFILE_PICTURE_UNLOCK_BY_AVATAR","nameTextMapHash":1384773420,"id":3900,"iconPath":"UI_AvatarIcon_Shougun_Circle","priority":3900,"unlockParam":10000052,"unlockDescTextMapHash":3663867832},"4000":{"ONLPGLODEEC":"PROFILE_PICTURE_UNLOCK_BY_AVATAR","nameTextMapHash":412156284,"id":4000,"iconPath":"UI_AvatarIcon_Kokomi_Circle","priority":4000,"unlockParam":10000054,"unlockDescTextMapHash":2408405696},"4100":{"ONLPGLODEEC":"PROFILE_PICTURE_UNLOCK_BY_AVATAR","nameTextMapHash":4259359556,"id":4100,"iconPath":"UI_AvatarIcon_Tohma_Circle","priority":4100,"unlockParam":10000050,"unlockDescTextMapHash":334799432},"4200":{"ONLPGLODEEC":"PROFILE_PICTURE_UNLOCK_BY_AVATAR","nameTextMapHash":2590272292,"id":4200,"iconPath":"UI_AvatarIcon_Gorou_Circle","priority":4200,"unlockParam":10000055,"unlockDescTextMapHash":1041262592},"4300":{"ONLPGLODEEC":"PROFILE_PICTURE_UNLOCK_BY_AVATAR","nameTextMapHash":1439449756,"id":4300,"iconPath":"UI_AvatarIcon_Itto_Circle","priority":4300,"unlockParam":10000057,"unlockDescTextMapHash":3713187696},"4400":{"ONLPGLODEEC":"PROFILE_PICTURE_UNLOCK_BY_AVATAR","nameTextMapHash":1748326324,"id":4400,"iconPath":"UI_AvatarIcon_Yunjin_Circle","priority":4400,"unlockParam":10000064,"unlockDescTextMapHash":1072321640},"4500":{"ONLPGLODEEC":"PROFILE_PICTURE_UNLOCK_BY_AVATAR","nameTextMapHash":1379338044,"id":4500,"iconPath":"UI_AvatarIcon_Shenhe_Circle","priority":4500,"unlockParam":10000063,"unlockDescTextMapHash":2404037608},"4501":{"ONLPGLODEEC":"PROFILE_PICTURE_UNLOCK_BY_COSTUME","nameTextMapHash":561207228,"id":4501,"iconPath":"UI_AvatarIcon_ShenheCostumeDai_Circle","priority":4501,"unlockParam":206301,"unlockDescTextMapHash":1146486056},"4600":{"ONLPGLODEEC":"PROFILE_PICTURE_UNLOCK_BY_AVATAR","nameTextMapHash":45847804,"id":4600,"iconPath":"UI_AvatarIcon_Yae_Circle","priority":4600,"unlockParam":10000058,"unlockDescTextMapHash":148086480},"4700":{"ONLPGLODEEC":"PROFILE_PICTURE_UNLOCK_BY_AVATAR","nameTextMapHash":2898090420,"id":4700,"iconPath":"UI_AvatarIcon_Ayato_Circle","priority":4700,"unlockParam":10000066,"unlockDescTextMapHash":176892480},"4800":{"ONLPGLODEEC":"PROFILE_PICTURE_UNLOCK_BY_AVATAR","nameTextMapHash":1139213860,"id":4800,"iconPath":"UI_AvatarIcon_Yelan_Circle","priority":4800,"unlockParam":10000060,"unlockDescTextMapHash":174328528},"4900":{"ONLPGLODEEC":"PROFILE_PICTURE_UNLOCK_BY_AVATAR","nameTextMapHash":3488543924,"id":4900,"iconPath":"UI_AvatarIcon_Shinobu_Circle","priority":4900,"unlockParam":10000065,"unlockDescTextMapHash":2070243152},"5000":{"ONLPGLODEEC":"PROFILE_PICTURE_UNLOCK_BY_AVATAR","nameTextMapHash":2814342260,"id":5000,"iconPath":"UI_AvatarIcon_Heizo_Circle","priority":5000,"unlockParam":10000059,"unlockDescTextMapHash":195789464},"5100":{"ONLPGLODEEC":"PROFILE_PICTURE_UNLOCK_BY_AVATAR","nameTextMapHash":1985782300,"id":5100,"iconPath":"UI_AvatarIcon_Collei_Circle","priority":5100,"unlockParam":10000067,"unlockDescTextMapHash":1084903504},"5200":{"ONLPGLODEEC":"PROFILE_PICTURE_UNLOCK_BY_AVATAR","nameTextMapHash":2369699668,"id":5200,"iconPath":"UI_AvatarIcon_Tighnari_Circle","priority":5200,"unlockParam":10000069,"unlockDescTextMapHash":1463728880},"5300":{"ONLPGLODEEC":"PROFILE_PICTURE_UNLOCK_BY_AVATAR","nameTextMapHash":3746931452,"id":5300,"iconPath":"UI_AvatarIcon_Dori_Circle","priority":5300,"unlockParam":10000068,"unlockDescTextMapHash":68067384},"5400":{"ONLPGLODEEC":"PROFILE_PICTURE_UNLOCK_BY_AVATAR","nameTextMapHash":3874523500,"id":5400,"iconPath":"UI_AvatarIcon_Candace_Circle","priority":5400,"unlockParam":10000072,"unlockDescTextMapHash":2804141792},"5500":{"ONLPGLODEEC":"PROFILE_PICTURE_UNLOCK_BY_AVATAR","nameTextMapHash":4170326540,"id":5500,"iconPath":"UI_AvatarIcon_Cyno_Circle","priority":5500,"unlockParam":10000071,"unlockDescTextMapHash":2211553464},"5600":{"ONLPGLODEEC":"PROFILE_PICTURE_UNLOCK_BY_AVATAR","nameTextMapHash":1598209428,"id":5600,"iconPath":"UI_AvatarIcon_Nilou_Circle","priority":5600,"unlockParam":10000070,"unlockDescTextMapHash":4091018352},"5601":{"ONLPGLODEEC":"PROFILE_PICTURE_UNLOCK_BY_COSTUME","nameTextMapHash":3251293852,"id":5601,"iconPath":"UI_AvatarIcon_NilouCostumeFairy_Circle","priority":5601,"unlockParam":207001,"unlockDescTextMapHash":1646275448},"5700":{"ONLPGLODEEC":"PROFILE_PICTURE_UNLOCK_BY_AVATAR","nameTextMapHash":533361044,"id":5700,"iconPath":"UI_AvatarIcon_Nahida_Circle","priority":5700,"unlockParam":10000073,"unlockDescTextMapHash":1651512208},"5800":{"ONLPGLODEEC":"PROFILE_PICTURE_UNLOCK_BY_AVATAR","nameTextMapHash":1540669524,"id":5800,"iconPath":"UI_AvatarIcon_Layla_Circle","priority":5800,"unlockParam":10000074,"unlockDescTextMapHash":3665223632},"5900":{"ONLPGLODEEC":"PROFILE_PICTURE_UNLOCK_BY_AVATAR","nameTextMapHash":1171845828,"id":5900,"iconPath":"UI_AvatarIcon_Faruzan_Circle","priority":5900,"unlockParam":10000076,"unlockDescTextMapHash":1755096056},"6000":{"ONLPGLODEEC":"PROFILE_PICTURE_UNLOCK_BY_AVATAR","nameTextMapHash":3210918732,"id":6000,"iconPath":"UI_AvatarIcon_Wanderer_Circle","priority":6000,"unlockParam":10000075,"unlockDescTextMapHash":3793718480},"6100":{"ONLPGLODEEC":"PROFILE_PICTURE_UNLOCK_BY_AVATAR","nameTextMapHash":196788628,"id":6100,"iconPath":"UI_AvatarIcon_Yaoyao_Circle","priority":6100,"unlockParam":10000077,"unlockDescTextMapHash":2338265744},"6200":{"ONLPGLODEEC":"PROFILE_PICTURE_UNLOCK_BY_AVATAR","nameTextMapHash":984331444,"id":6200,"iconPath":"UI_AvatarIcon_Alhatham_Circle","priority":6200,"unlockParam":10000078,"unlockDescTextMapHash":2207612664},"6300":{"ONLPGLODEEC":"PROFILE_PICTURE_UNLOCK_BY_AVATAR","nameTextMapHash":1497016220,"id":6300,"iconPath":"UI_AvatarIcon_Dehya_Circle","priority":6300,"unlockParam":10000079,"unlockDescTextMapHash":689524224},"6400":{"ONLPGLODEEC":"PROFILE_PICTURE_UNLOCK_BY_AVATAR","nameTextMapHash":2186517540,"id":6400,"iconPath":"UI_AvatarIcon_Mika_Circle","priority":6400,"unlockParam":10000080,"unlockDescTextMapHash":1008803432},"6500":{"ONLPGLODEEC":"PROFILE_PICTURE_UNLOCK_BY_AVATAR","nameTextMapHash":1467637604,"id":6500,"iconPath":"UI_AvatarIcon_Kaveh_Circle","priority":6500,"unlockParam":10000081,"unlockDescTextMapHash":497819312},"6600":{"ONLPGLODEEC":"PROFILE_PICTURE_UNLOCK_BY_AVATAR","nameTextMapHash":420768780,"id":6600,"iconPath":"UI_AvatarIcon_Baizhuer_Circle","priority":6600,"unlockParam":10000082,"unlockDescTextMapHash":57038688},"6700":{"ONLPGLODEEC":"PROFILE_PICTURE_UNLOCK_BY_AVATAR","nameTextMapHash":1129094484,"id":6700,"iconPath":"UI_AvatarIcon_Momoka_Circle","priority":6700,"unlockParam":10000061,"unlockDescTextMapHash":2625512920},"6701":{"ONLPGLODEEC":"PROFILE_PICTURE_UNLOCK_BY_COSTUME","nameTextMapHash":3602188772,"id":6701,"iconPath":"UI_AvatarIcon_MomokaCostumeErrantry_Circle","priority":6701,"unlockParam":206101,"unlockDescTextMapHash":1322831552},"6800":{"ONLPGLODEEC":"PROFILE_PICTURE_UNLOCK_BY_AVATAR","nameTextMapHash":1586137212,"id":6800,"iconPath":"UI_AvatarIcon_Linette_Circle","priority":6800,"unlockParam":10000083,"unlockDescTextMapHash":1980337568},"6900":{"ONLPGLODEEC":"PROFILE_PICTURE_UNLOCK_BY_AVATAR","nameTextMapHash":907368204,"id":6900,"iconPath":"UI_AvatarIcon_Liney_Circle","priority":6900,"unlockParam":10000084,"unlockDescTextMapHash":1055484872},"7000":{"ONLPGLODEEC":"PROFILE_PICTURE_UNLOCK_BY_AVATAR","nameTextMapHash":1821673276,"id":7000,"iconPath":"UI_AvatarIcon_Freminet_Circle","priority":7000,"unlockParam":10000085,"unlockDescTextMapHash":921757472},"7100":{"ONLPGLODEEC":"PROFILE_PICTURE_UNLOCK_BY_AVATAR","nameTextMapHash":3752117636,"id":7100,"iconPath":"UI_AvatarIcon_Neuvillette_Circle","priority":7100,"unlockParam":10000087,"unlockDescTextMapHash":4110570208},"7200":{"ONLPGLODEEC":"PROFILE_PICTURE_UNLOCK_BY_AVATAR","nameTextMapHash":2892052,"id":7200,"iconPath":"UI_AvatarIcon_Wriothesley_Circle","priority":7200,"unlockParam":10000086,"unlockDescTextMapHash":3605847168},"7300":{"ONLPGLODEEC":"PROFILE_PICTURE_UNLOCK_BY_AVATAR","nameTextMapHash":2782129108,"id":7300,"iconPath":"UI_AvatarIcon_Charlotte_Circle","priority":7300,"unlockParam":10000088,"unlockDescTextMapHash":1930000632},"7400":{"ONLPGLODEEC":"PROFILE_PICTURE_UNLOCK_BY_AVATAR","nameTextMapHash":3727373268,"id":7400,"iconPath":"UI_AvatarIcon_Furina_Circle","priority":7400,"unlockParam":10000089,"unlockDescTextMapHash":3528753624},"7500":{"ONLPGLODEEC":"PROFILE_PICTURE_UNLOCK_BY_AVATAR","nameTextMapHash":3420068796,"id":7500,"iconPath":"UI_AvatarIcon_Navia_Circle","priority":7500,"unlockParam":10000091,"unlockDescTextMapHash":759693104},"7600":{"ONLPGLODEEC":"PROFILE_PICTURE_UNLOCK_BY_AVATAR","nameTextMapHash":241782844,"id":7600,"iconPath":"UI_AvatarIcon_Chevreuse_Circle","priority":7600,"unlockParam":10000090,"unlockDescTextMapHash":823837664},"7700":{"ONLPGLODEEC":"PROFILE_PICTURE_UNLOCK_BY_AVATAR","nameTextMapHash":4228481004,"id":7700,"iconPath":"UI_AvatarIcon_Gaming_Circle","priority":7700,"unlockParam":10000092,"unlockDescTextMapHash":3190106160},"7800":{"ONLPGLODEEC":"PROFILE_PICTURE_UNLOCK_BY_AVATAR","nameTextMapHash":1294266220,"id":7800,"iconPath":"UI_AvatarIcon_Liuyun_Circle","priority":7800,"unlockParam":10000093,"unlockDescTextMapHash":1581325888},"7900":{"ONLPGLODEEC":"PROFILE_PICTURE_UNLOCK_BY_AVATAR","nameTextMapHash":1057050268,"id":7900,"iconPath":"UI_AvatarIcon_Chiori_Circle","priority":7900,"unlockParam":10000094,"unlockDescTextMapHash":1877933576},"8000":{"ONLPGLODEEC":"PROFILE_PICTURE_UNLOCK_BY_AVATAR","nameTextMapHash":3363124668,"id":8000,"iconPath":"UI_AvatarIcon_Arlecchino_Circle","priority":8000,"unlockParam":10000096,"unlockDescTextMapHash":3347872744},"8100":{"ONLPGLODEEC":"PROFILE_PICTURE_UNLOCK_BY_AVATAR","nameTextMapHash":1195616540,"id":8100,"iconPath":"UI_AvatarIcon_Clorinde_Circle","priority":8200,"unlockParam":10000098,"unlockDescTextMapHash":1699669920},"8200":{"ONLPGLODEEC":"PROFILE_PICTURE_UNLOCK_BY_AVATAR","nameTextMapHash":770768196,"id":8200,"iconPath":"UI_AvatarIcon_Sethos_Circle","priority":8100,"unlockParam":10000097,"unlockDescTextMapHash":2946808176},"8300":{"ONLPGLODEEC":"PROFILE_PICTURE_UNLOCK_BY_AVATAR","nameTextMapHash":3342848348,"id":8300,"iconPath":"UI_AvatarIcon_Sigewinne_Circle","priority":8300,"unlockParam":10000095,"unlockDescTextMapHash":502766856},"8400":{"ONLPGLODEEC":"PROFILE_PICTURE_UNLOCK_BY_AVATAR","nameTextMapHash":2716554828,"id":8400,"iconPath":"UI_AvatarIcon_Emilie_Circle","priority":8400,"unlockParam":10000099,"unlockDescTextMapHash":1280754728},"8500":{"ONLPGLODEEC":"PROFILE_PICTURE_UNLOCK_BY_AVATAR","nameTextMapHash":4043656188,"id":8500,"iconPath":"UI_AvatarIcon_Kachina_Circle","priority":8500,"unlockParam":10000100,"unlockDescTextMapHash":3702276616},"8600":{"ONLPGLODEEC":"PROFILE_PICTURE_UNLOCK_BY_AVATAR","nameTextMapHash":2031818676,"id":8600,"iconPath":"UI_AvatarIcon_Mualani_Circle","priority":8600,"unlockParam":10000102,"unlockDescTextMapHash":2782505112},"8700":{"ONLPGLODEEC":"PROFILE_PICTURE_UNLOCK_BY_AVATAR","nameTextMapHash":2188866820,"id":8700,"iconPath":"UI_AvatarIcon_Kinich_Circle","priority":8700,"unlockParam":10000101,"unlockDescTextMapHash":794949448},"8800":{"ONLPGLODEEC":"PROFILE_PICTURE_UNLOCK_BY_AVATAR","nameTextMapHash":4042358220,"id":8800,"iconPath":"UI_AvatarIcon_Xilonen_Circle","priority":8800,"unlockParam":10000103,"unlockDescTextMapHash":3283007528},"8900":{"ONLPGLODEEC":"PROFILE_PICTURE_UNLOCK_BY_AVATAR","nameTextMapHash":1357596180,"id":8900,"iconPath":"UI_AvatarIcon_Olorun_Circle","priority":8900,"unlockParam":10000105,"unlockDescTextMapHash":799368456},"9000":{"ONLPGLODEEC":"PROFILE_PICTURE_UNLOCK_BY_AVATAR","nameTextMapHash":126466380,"id":9000,"iconPath":"UI_AvatarIcon_Chasca_Circle","priority":9000,"unlockParam":10000104,"unlockDescTextMapHash":2650442456},"9100":{"ONLPGLODEEC":"PROFILE_PICTURE_UNLOCK_BY_AVATAR","nameTextMapHash":2700612516,"id":9100,"iconPath":"UI_AvatarIcon_Citlali_Circle","priority":9100,"unlockParam":10000107,"unlockDescTextMapHash":2041623080},"9200":{"ONLPGLODEEC":"PROFILE_PICTURE_UNLOCK_BY_AVATAR","nameTextMapHash":2502300308,"id":9200,"iconPath":"UI_AvatarIcon_Mavuika_Circle","priority":9200,"unlockParam":10000106,"unlockDescTextMapHash":3703280008},"9300":{"ONLPGLODEEC":"PROFILE_PICTURE_UNLOCK_BY_AVATAR","nameTextMapHash":722604652,"id":9300,"iconPath":"UI_AvatarIcon_Lanyan_Circle","priority":9300,"unlockParam":10000108,"unlockDescTextMapHash":90448680},"9400":{"ONLPGLODEEC":"PROFILE_PICTURE_UNLOCK_BY_AVATAR","nameTextMapHash":3917183188,"id":9400,"iconPath":"UI_AvatarIcon_Mizuki_Circle","priority":9400,"unlockParam":10000109,"unlockDescTextMapHash":4190436512},"9500":{"ONLPGLODEEC":"PROFILE_PICTURE_UNLOCK_BY_AVATAR","nameTextMapHash":1556759108,"id":9500,"iconPath":"UI_AvatarIcon_Iansan_Circle","priority":9500,"unlockParam":10000110,"unlockDescTextMapHash":873193968},"9600":{"ONLPGLODEEC":"PROFILE_PICTURE_UNLOCK_BY_AVATAR","nameTextMapHash":1196917500,"id":9600,"iconPath":"UI_AvatarIcon_Varesa_Circle","priority":9600,"unlockParam":10000111,"unlockDescTextMapHash":1104922904},"99999":{"ONLPGLODEEC":"PROFILE_PICTURE_UNLOCK_BY_ITEM","nameTextMapHash":3995351756,"id":99999,"iconPath":"UI_AvatarIcon_Ambor_Circle","priority":99999,"unlockParam":320001,"unlockDescTextMapHash":2691654840},"100010":{"ONLPGLODEEC":"PROFILE_PICTURE_UNLOCK_BY_PARENT_QUEST","nameTextMapHash":4284320332,"id":100010,"iconPath":"UI_AvatarIcon_72105_Circle","priority":100010,"unlockParam":72105,"PIBDDOANBBN":true,"unlockDescTextMapHash":3527893208},"100020":{"ONLPGLODEEC":"PROFILE_PICTURE_UNLOCK_BY_PARENT_QUEST","nameTextMapHash":2115514524,"id":100020,"iconPath":"UI_AvatarIcon_72158_Circle","priority":100020,"unlockParam":72158,"PIBDDOANBBN":true,"unlockDescTextMapHash":820574240},"100030":{"ONLPGLODEEC":"PROFILE_PICTURE_UNLOCK_BY_PARENT_QUEST","nameTextMapHash":537096092,"id":100030,"iconPath":"UI_AvatarIcon_72173_Circle","priority":100030,"unlockParam":72173,"PIBDDOANBBN":true,"unlockDescTextMapHash":224064344},"100040":{"ONLPGLODEEC":"PROFILE_PICTURE_UNLOCK_BY_PARENT_QUEST","nameTextMapHash":2055558492,"id":100040,"iconPath":"UI_AvatarIcon_72177_Circle","priority":100040,"unlockParam":72177,"PIBDDOANBBN":true,"unlockDescTextMapHash":2204277880},"100050":{"ONLPGLODEEC":"PROFILE_PICTURE_UNLOCK_BY_PARENT_QUEST","nameTextMapHash":3628954484,"id":100050,"iconPath":"UI_AvatarIcon_71045_Circle","priority":100050,"unlockParam":71045,"PIBDDOANBBN":true,"unlockDescTextMapHash":708095872},"100060":{"ONLPGLODEEC":"PROFILE_PICTURE_UNLOCK_BY_PARENT_QUEST","nameTextMapHash":2914387620,"id":100060,"iconPath":"UI_AvatarIcon_73038_Circle","priority":100060,"unlockParam":73038,"PIBDDOANBBN":true,"unlockDescTextMapHash":3011020680},"100070":{"ONLPGLODEEC":"PROFILE_PICTURE_UNLOCK_BY_PARENT_QUEST","nameTextMapHash":1698312916,"id":100070,"iconPath":"UI_AvatarIcon_73055_Circle","priority":100070,"unlockParam":73055,"PIBDDOANBBN":true,"unlockDescTextMapHash":1152685640},"100080":{"ONLPGLODEEC":"PROFILE_PICTURE_UNLOCK_BY_PARENT_QUEST","nameTextMapHash":1025414580,"id":100080,"iconPath":"UI_AvatarIcon_73220_Circle","priority":100080,"unlockParam":73220,"PIBDDOANBBN":true,"unlockDescTextMapHash":1749103488},"100090":{"ONLPGLODEEC":"PROFILE_PICTURE_UNLOCK_BY_PARENT_QUEST","nameTextMapHash":4204508124,"id":100090,"iconPath":"UI_AvatarIcon_73232_Circle","priority":100090,"unlockParam":73232,"PIBDDOANBBN":true,"unlockDescTextMapHash":741329208},"100100":{"ONLPGLODEEC":"PROFILE_PICTURE_UNLOCK_BY_PARENT_QUEST","nameTextMapHash":423665740,"id":100100,"iconPath":"UI_AvatarIcon_74007_Circle","priority":100100,"unlockParam":74007,"PIBDDOANBBN":true,"unlockDescTextMapHash":861322448},"100110":{"ONLPGLODEEC":"PROFILE_PICTURE_UNLOCK_BY_PARENT_QUEST","nameTextMapHash":1584610884,"id":100110,"iconPath":"UI_AvatarIcon_74004_Circle","priority":100110,"unlockParam":74004,"PIBDDOANBBN":true,"unlockDescTextMapHash":3057068792},"100120":{"ONLPGLODEEC":"PROFILE_PICTURE_UNLOCK_BY_PARENT_QUEST","nameTextMapHash":3637200084,"id":100120,"iconPath":"UI_AvatarIcon_74028_Circle","priority":100120,"unlockParam":74028,"PIBDDOANBBN":true,"unlockDescTextMapHash":109902736},"100130":{"ONLPGLODEEC":"PROFILE_PICTURE_UNLOCK_BY_PARENT_QUEST","nameTextMapHash":1630051180,"id":100130,"iconPath":"UI_AvatarIcon_74053_Circle","priority":100130,"unlockParam":74053,"PIBDDOANBBN":true,"unlockDescTextMapHash":3138805232},"100140":{"ONLPGLODEEC":"PROFILE_PICTURE_UNLOCK_BY_PARENT_QUEST","nameTextMapHash":2732020044,"id":100140,"iconPath":"UI_AvatarIcon_74078_Circle","priority":100140,"unlockParam":74078,"PIBDDOANBBN":true,"unlockDescTextMapHash":3660280192},"100150":{"ONLPGLODEEC":"PROFILE_PICTURE_UNLOCK_BY_PARENT_QUEST","nameTextMapHash":131812372,"id":100150,"iconPath":"UI_AvatarIcon_74085_Circle","priority":100150,"unlockParam":74085,"PIBDDOANBBN":true,"unlockDescTextMapHash":3058749496},"100160":{"ONLPGLODEEC":"PROFILE_PICTURE_UNLOCK_BY_PARENT_QUEST","nameTextMapHash":1960492844,"id":100160,"iconPath":"UI_AvatarIcon_71100_Circle","priority":100160,"unlockParam":71100,"PIBDDOANBBN":true,"unlockDescTextMapHash":3682765480},"100170":{"ONLPGLODEEC":"PROFILE_PICTURE_UNLOCK_BY_PARENT_QUEST","nameTextMapHash":860131476,"id":100170,"iconPath":"UI_AvatarIcon_74196_Circle","priority":100170,"unlockParam":74196,"PIBDDOANBBN":true,"unlockDescTextMapHash":962436648},"100180":{"ONLPGLODEEC":"PROFILE_PICTURE_UNLOCK_BY_PARENT_QUEST","nameTextMapHash":1280089932,"id":100180,"iconPath":"UI_AvatarIcon_75002_Circle","priority":100180,"unlockParam":75002,"PIBDDOANBBN":true,"unlockDescTextMapHash":3685571536},"100190":{"ONLPGLODEEC":"PROFILE_PICTURE_UNLOCK_BY_PARENT_QUEST","nameTextMapHash":481603884,"id":100190,"iconPath":"UI_AvatarIcon_75048_Circle","priority":100190,"unlockParam":75138,"PIBDDOANBBN":true,"unlockDescTextMapHash":3175131952},"100200":{"ONLPGLODEEC":"PROFILE_PICTURE_UNLOCK_BY_PARENT_QUEST","nameTextMapHash":2507956356,"id":100200,"iconPath":"UI_AvatarIcon_75151_Circle","priority":100200,"unlockParam":75151,"PIBDDOANBBN":true,"unlockDescTextMapHash":1133654112},"100210":{"ONLPGLODEEC":"PROFILE_PICTURE_UNLOCK_BY_PARENT_QUEST","nameTextMapHash":1465870260,"id":100210,"iconPath":"UI_AvatarIcon_75177_Circle","priority":100210,"unlockParam":75177,"PIBDDOANBBN":true,"unlockDescTextMapHash":2772556592}}