[{"id":101021,"depotId":101,"groupId":2,"propType":"FIGHT_PROP_HP","propValue":23.899999618530273},{"id":101022,"depotId":101,"groupId":2,"propType":"FIGHT_PROP_HP","propValue":29.8799991607666},{"id":201021,"depotId":201,"groupId":2,"propType":"FIGHT_PROP_HP","propValue":50.189998626708984},{"id":201022,"depotId":201,"groupId":2,"propType":"FIGHT_PROP_HP","propValue":60.95000076293945},{"id":201023,"depotId":201,"groupId":2,"propType":"FIGHT_PROP_HP","propValue":71.69999694824219},{"id":301021,"depotId":301,"groupId":2,"propType":"FIGHT_PROP_HP","propValue":100.37999725341797},{"id":301022,"depotId":301,"groupId":2,"propType":"FIGHT_PROP_HP","propValue":114.72000122070312},{"id":301023,"depotId":301,"groupId":2,"propType":"FIGHT_PROP_HP","propValue":129.05999755859375},{"id":301024,"depotId":301,"groupId":2,"propType":"FIGHT_PROP_HP","propValue":143.39999389648438},{"id":401021,"depotId":401,"groupId":2,"propType":"FIGHT_PROP_HP","propValue":167.3000030517578},{"id":401022,"depotId":401,"groupId":2,"propType":"FIGHT_PROP_HP","propValue":191.1999969482422},{"id":401023,"depotId":401,"groupId":2,"propType":"FIGHT_PROP_HP","propValue":215.10000610351562},{"id":401024,"depotId":401,"groupId":2,"propType":"FIGHT_PROP_HP","propValue":239},{"id":501021,"depotId":501,"groupId":2,"propType":"FIGHT_PROP_HP","propValue":209.1300048828125},{"id":501022,"depotId":501,"groupId":2,"propType":"FIGHT_PROP_HP","propValue":239},{"id":501023,"depotId":501,"groupId":2,"propType":"FIGHT_PROP_HP","propValue":268.8800048828125},{"id":501024,"depotId":501,"groupId":2,"propType":"FIGHT_PROP_HP","propValue":298.75},{"id":101031,"depotId":101,"groupId":3,"propType":"FIGHT_PROP_HP_PERCENT","propValue":0.011699999682605267},{"id":101032,"depotId":101,"groupId":3,"propType":"FIGHT_PROP_HP_PERCENT","propValue":0.014600000344216824},{"id":201031,"depotId":201,"groupId":3,"propType":"FIGHT_PROP_HP_PERCENT","propValue":0.016300000250339508},{"id":201032,"depotId":201,"groupId":3,"propType":"FIGHT_PROP_HP_PERCENT","propValue":0.01979999989271164},{"id":201033,"depotId":201,"groupId":3,"propType":"FIGHT_PROP_HP_PERCENT","propValue":0.02329999953508377},{"id":301031,"depotId":301,"groupId":3,"propType":"FIGHT_PROP_HP_PERCENT","propValue":0.02449999935925007},{"id":301032,"depotId":301,"groupId":3,"propType":"FIGHT_PROP_HP_PERCENT","propValue":0.02800000086426735},{"id":301033,"depotId":301,"groupId":3,"propType":"FIGHT_PROP_HP_PERCENT","propValue":0.03150000050663948},{"id":301034,"depotId":301,"groupId":3,"propType":"FIGHT_PROP_HP_PERCENT","propValue":0.03500000014901161},{"id":401031,"depotId":401,"groupId":3,"propType":"FIGHT_PROP_HP_PERCENT","propValue":0.032600000500679016},{"id":401032,"depotId":401,"groupId":3,"propType":"FIGHT_PROP_HP_PERCENT","propValue":0.037300001829862595},{"id":401033,"depotId":401,"groupId":3,"propType":"FIGHT_PROP_HP_PERCENT","propValue":0.041999999433755875},{"id":401034,"depotId":401,"groupId":3,"propType":"FIGHT_PROP_HP_PERCENT","propValue":0.04659999907016754},{"id":501031,"depotId":501,"groupId":3,"propType":"FIGHT_PROP_HP_PERCENT","propValue":0.040800001472234726},{"id":501032,"depotId":501,"groupId":3,"propType":"FIGHT_PROP_HP_PERCENT","propValue":0.04659999907016754},{"id":501033,"depotId":501,"groupId":3,"propType":"FIGHT_PROP_HP_PERCENT","propValue":0.05249999836087227},{"id":501034,"depotId":501,"groupId":3,"propType":"FIGHT_PROP_HP_PERCENT","propValue":0.05829999968409538},{"id":101051,"depotId":101,"groupId":5,"propType":"FIGHT_PROP_ATTACK","propValue":1.559999942779541},{"id":101052,"depotId":101,"groupId":5,"propType":"FIGHT_PROP_ATTACK","propValue":1.9500000476837158},{"id":201051,"depotId":201,"groupId":5,"propType":"FIGHT_PROP_ATTACK","propValue":3.2699999809265137},{"id":201052,"depotId":201,"groupId":5,"propType":"FIGHT_PROP_ATTACK","propValue":3.9700000286102295},{"id":201053,"depotId":201,"groupId":5,"propType":"FIGHT_PROP_ATTACK","propValue":4.670000076293945},{"id":301051,"depotId":301,"groupId":5,"propType":"FIGHT_PROP_ATTACK","propValue":6.539999961853027},{"id":301052,"depotId":301,"groupId":5,"propType":"FIGHT_PROP_ATTACK","propValue":7.46999979019165},{"id":301053,"depotId":301,"groupId":5,"propType":"FIGHT_PROP_ATTACK","propValue":8.399999618530273},{"id":301054,"depotId":301,"groupId":5,"propType":"FIGHT_PROP_ATTACK","propValue":9.34000015258789},{"id":401051,"depotId":401,"groupId":5,"propType":"FIGHT_PROP_ATTACK","propValue":10.890000343322754},{"id":401052,"depotId":401,"groupId":5,"propType":"FIGHT_PROP_ATTACK","propValue":12.449999809265137},{"id":401053,"depotId":401,"groupId":5,"propType":"FIGHT_PROP_ATTACK","propValue":14},{"id":401054,"depotId":401,"groupId":5,"propType":"FIGHT_PROP_ATTACK","propValue":15.5600004196167},{"id":501051,"depotId":501,"groupId":5,"propType":"FIGHT_PROP_ATTACK","propValue":13.619999885559082},{"id":501052,"depotId":501,"groupId":5,"propType":"FIGHT_PROP_ATTACK","propValue":15.5600004196167},{"id":501053,"depotId":501,"groupId":5,"propType":"FIGHT_PROP_ATTACK","propValue":17.510000228881836},{"id":501054,"depotId":501,"groupId":5,"propType":"FIGHT_PROP_ATTACK","propValue":19.450000762939453},{"id":101061,"depotId":101,"groupId":6,"propType":"FIGHT_PROP_ATTACK_PERCENT","propValue":0.011699999682605267},{"id":101062,"depotId":101,"groupId":6,"propType":"FIGHT_PROP_ATTACK_PERCENT","propValue":0.014600000344216824},{"id":201061,"depotId":201,"groupId":6,"propType":"FIGHT_PROP_ATTACK_PERCENT","propValue":0.016300000250339508},{"id":201062,"depotId":201,"groupId":6,"propType":"FIGHT_PROP_ATTACK_PERCENT","propValue":0.01979999989271164},{"id":201063,"depotId":201,"groupId":6,"propType":"FIGHT_PROP_ATTACK_PERCENT","propValue":0.02329999953508377},{"id":301061,"depotId":301,"groupId":6,"propType":"FIGHT_PROP_ATTACK_PERCENT","propValue":0.02449999935925007},{"id":301062,"depotId":301,"groupId":6,"propType":"FIGHT_PROP_ATTACK_PERCENT","propValue":0.02800000086426735},{"id":301063,"depotId":301,"groupId":6,"propType":"FIGHT_PROP_ATTACK_PERCENT","propValue":0.03150000050663948},{"id":301064,"depotId":301,"groupId":6,"propType":"FIGHT_PROP_ATTACK_PERCENT","propValue":0.03500000014901161},{"id":401061,"depotId":401,"groupId":6,"propType":"FIGHT_PROP_ATTACK_PERCENT","propValue":0.032600000500679016},{"id":401062,"depotId":401,"groupId":6,"propType":"FIGHT_PROP_ATTACK_PERCENT","propValue":0.037300001829862595},{"id":401063,"depotId":401,"groupId":6,"propType":"FIGHT_PROP_ATTACK_PERCENT","propValue":0.041999999433755875},{"id":401064,"depotId":401,"groupId":6,"propType":"FIGHT_PROP_ATTACK_PERCENT","propValue":0.04659999907016754},{"id":501061,"depotId":501,"groupId":6,"propType":"FIGHT_PROP_ATTACK_PERCENT","propValue":0.040800001472234726},{"id":501062,"depotId":501,"groupId":6,"propType":"FIGHT_PROP_ATTACK_PERCENT","propValue":0.04659999907016754},{"id":501063,"depotId":501,"groupId":6,"propType":"FIGHT_PROP_ATTACK_PERCENT","propValue":0.05249999836087227},{"id":501064,"depotId":501,"groupId":6,"propType":"FIGHT_PROP_ATTACK_PERCENT","propValue":0.05829999968409538},{"id":101081,"depotId":101,"groupId":8,"propType":"FIGHT_PROP_DEFENSE","propValue":1.850000023841858},{"id":101082,"depotId":101,"groupId":8,"propType":"FIGHT_PROP_DEFENSE","propValue":2.309999942779541},{"id":201081,"depotId":201,"groupId":8,"propType":"FIGHT_PROP_DEFENSE","propValue":3.890000104904175},{"id":201082,"depotId":201,"groupId":8,"propType":"FIGHT_PROP_DEFENSE","propValue":4.71999979019165},{"id":201083,"depotId":201,"groupId":8,"propType":"FIGHT_PROP_DEFENSE","propValue":5.559999942779541},{"id":301081,"depotId":301,"groupId":8,"propType":"FIGHT_PROP_DEFENSE","propValue":7.78000020980835},{"id":301082,"depotId":301,"groupId":8,"propType":"FIGHT_PROP_DEFENSE","propValue":8.890000343322754},{"id":301083,"depotId":301,"groupId":8,"propType":"FIGHT_PROP_DEFENSE","propValue":10},{"id":301084,"depotId":301,"groupId":8,"propType":"FIGHT_PROP_DEFENSE","propValue":11.109999656677246},{"id":401081,"depotId":401,"groupId":8,"propType":"FIGHT_PROP_DEFENSE","propValue":12.960000038146973},{"id":401082,"depotId":401,"groupId":8,"propType":"FIGHT_PROP_DEFENSE","propValue":14.819999694824219},{"id":401083,"depotId":401,"groupId":8,"propType":"FIGHT_PROP_DEFENSE","propValue":16.670000076293945},{"id":401084,"depotId":401,"groupId":8,"propType":"FIGHT_PROP_DEFENSE","propValue":18.520000457763672},{"id":501081,"depotId":501,"groupId":8,"propType":"FIGHT_PROP_DEFENSE","propValue":16.200000762939453},{"id":501082,"depotId":501,"groupId":8,"propType":"FIGHT_PROP_DEFENSE","propValue":18.520000457763672},{"id":501083,"depotId":501,"groupId":8,"propType":"FIGHT_PROP_DEFENSE","propValue":20.829999923706055},{"id":501084,"depotId":501,"groupId":8,"propType":"FIGHT_PROP_DEFENSE","propValue":23.149999618530273},{"id":101091,"depotId":101,"groupId":9,"propType":"FIGHT_PROP_DEFENSE_PERCENT","propValue":0.014600000344216824},{"id":101092,"depotId":101,"groupId":9,"propType":"FIGHT_PROP_DEFENSE_PERCENT","propValue":0.018200000748038292},{"id":201091,"depotId":201,"groupId":9,"propType":"FIGHT_PROP_DEFENSE_PERCENT","propValue":0.020400000736117363},{"id":201092,"depotId":201,"groupId":9,"propType":"FIGHT_PROP_DEFENSE_PERCENT","propValue":0.024800000712275505},{"id":201093,"depotId":201,"groupId":9,"propType":"FIGHT_PROP_DEFENSE_PERCENT","propValue":0.029100000858306885},{"id":301091,"depotId":301,"groupId":9,"propType":"FIGHT_PROP_DEFENSE_PERCENT","propValue":0.03060000017285347},{"id":301092,"depotId":301,"groupId":9,"propType":"FIGHT_PROP_DEFENSE_PERCENT","propValue":0.03500000014901161},{"id":301093,"depotId":301,"groupId":9,"propType":"FIGHT_PROP_DEFENSE_PERCENT","propValue":0.03929999843239784},{"id":301094,"depotId":301,"groupId":9,"propType":"FIGHT_PROP_DEFENSE_PERCENT","propValue":0.043699998408555984},{"id":401091,"depotId":401,"groupId":9,"propType":"FIGHT_PROP_DEFENSE_PERCENT","propValue":0.040800001472234726},{"id":401092,"depotId":401,"groupId":9,"propType":"FIGHT_PROP_DEFENSE_PERCENT","propValue":0.04659999907016754},{"id":401093,"depotId":401,"groupId":9,"propType":"FIGHT_PROP_DEFENSE_PERCENT","propValue":0.05249999836087227},{"id":401094,"depotId":401,"groupId":9,"propType":"FIGHT_PROP_DEFENSE_PERCENT","propValue":0.05829999968409538},{"id":501091,"depotId":501,"groupId":9,"propType":"FIGHT_PROP_DEFENSE_PERCENT","propValue":0.050999999046325684},{"id":501092,"depotId":501,"groupId":9,"propType":"FIGHT_PROP_DEFENSE_PERCENT","propValue":0.05829999968409538},{"id":501093,"depotId":501,"groupId":9,"propType":"FIGHT_PROP_DEFENSE_PERCENT","propValue":0.06560000032186508},{"id":501094,"depotId":501,"groupId":9,"propType":"FIGHT_PROP_DEFENSE_PERCENT","propValue":0.07289999723434448},{"id":101231,"depotId":101,"groupId":23,"propType":"FIGHT_PROP_CHARGE_EFFICIENCY","propValue":0.013000000268220901},{"id":101232,"depotId":101,"groupId":23,"propType":"FIGHT_PROP_CHARGE_EFFICIENCY","propValue":0.016200000420212746},{"id":201231,"depotId":201,"groupId":23,"propType":"FIGHT_PROP_CHARGE_EFFICIENCY","propValue":0.01810000091791153},{"id":201232,"depotId":201,"groupId":23,"propType":"FIGHT_PROP_CHARGE_EFFICIENCY","propValue":0.02199999988079071},{"id":201233,"depotId":201,"groupId":23,"propType":"FIGHT_PROP_CHARGE_EFFICIENCY","propValue":0.02590000070631504},{"id":301231,"depotId":301,"groupId":23,"propType":"FIGHT_PROP_CHARGE_EFFICIENCY","propValue":0.0272000003606081},{"id":301232,"depotId":301,"groupId":23,"propType":"FIGHT_PROP_CHARGE_EFFICIENCY","propValue":0.031099999323487282},{"id":301233,"depotId":301,"groupId":23,"propType":"FIGHT_PROP_CHARGE_EFFICIENCY","propValue":0.03500000014901161},{"id":301234,"depotId":301,"groupId":23,"propType":"FIGHT_PROP_CHARGE_EFFICIENCY","propValue":0.03889999911189079},{"id":401231,"depotId":401,"groupId":23,"propType":"FIGHT_PROP_CHARGE_EFFICIENCY","propValue":0.03629999980330467},{"id":401232,"depotId":401,"groupId":23,"propType":"FIGHT_PROP_CHARGE_EFFICIENCY","propValue":0.0414000004529953},{"id":401233,"depotId":401,"groupId":23,"propType":"FIGHT_PROP_CHARGE_EFFICIENCY","propValue":0.04659999907016754},{"id":401234,"depotId":401,"groupId":23,"propType":"FIGHT_PROP_CHARGE_EFFICIENCY","propValue":0.05180000141263008},{"id":501231,"depotId":501,"groupId":23,"propType":"FIGHT_PROP_CHARGE_EFFICIENCY","propValue":0.04529999941587448},{"id":501232,"depotId":501,"groupId":23,"propType":"FIGHT_PROP_CHARGE_EFFICIENCY","propValue":0.05180000141263008},{"id":501233,"depotId":501,"groupId":23,"propType":"FIGHT_PROP_CHARGE_EFFICIENCY","propValue":0.05829999968409538},{"id":501234,"depotId":501,"groupId":23,"propType":"FIGHT_PROP_CHARGE_EFFICIENCY","propValue":0.06480000168085098},{"id":101241,"depotId":101,"groupId":24,"propType":"FIGHT_PROP_ELEMENT_MASTERY","propValue":4.659999847412109},{"id":101242,"depotId":101,"groupId":24,"propType":"FIGHT_PROP_ELEMENT_MASTERY","propValue":5.829999923706055},{"id":201241,"depotId":201,"groupId":24,"propType":"FIGHT_PROP_ELEMENT_MASTERY","propValue":6.53000020980835},{"id":201242,"depotId":201,"groupId":24,"propType":"FIGHT_PROP_ELEMENT_MASTERY","propValue":7.929999828338623},{"id":201243,"depotId":201,"groupId":24,"propType":"FIGHT_PROP_ELEMENT_MASTERY","propValue":9.329999923706055},{"id":301241,"depotId":301,"groupId":24,"propType":"FIGHT_PROP_ELEMENT_MASTERY","propValue":9.789999961853027},{"id":301242,"depotId":301,"groupId":24,"propType":"FIGHT_PROP_ELEMENT_MASTERY","propValue":11.1899995803833},{"id":301243,"depotId":301,"groupId":24,"propType":"FIGHT_PROP_ELEMENT_MASTERY","propValue":12.59000015258789},{"id":301244,"depotId":301,"groupId":24,"propType":"FIGHT_PROP_ELEMENT_MASTERY","propValue":13.989999771118164},{"id":401241,"depotId":401,"groupId":24,"propType":"FIGHT_PROP_ELEMENT_MASTERY","propValue":13.0600004196167},{"id":401242,"depotId":401,"groupId":24,"propType":"FIGHT_PROP_ELEMENT_MASTERY","propValue":14.920000076293945},{"id":401243,"depotId":401,"groupId":24,"propType":"FIGHT_PROP_ELEMENT_MASTERY","propValue":16.790000915527344},{"id":401244,"depotId":401,"groupId":24,"propType":"FIGHT_PROP_ELEMENT_MASTERY","propValue":18.649999618530273},{"id":501241,"depotId":501,"groupId":24,"propType":"FIGHT_PROP_ELEMENT_MASTERY","propValue":16.31999969482422},{"id":501242,"depotId":501,"groupId":24,"propType":"FIGHT_PROP_ELEMENT_MASTERY","propValue":18.649999618530273},{"id":501243,"depotId":501,"groupId":24,"propType":"FIGHT_PROP_ELEMENT_MASTERY","propValue":20.979999542236328},{"id":501244,"depotId":501,"groupId":24,"propType":"FIGHT_PROP_ELEMENT_MASTERY","propValue":23.309999465942383},{"id":101201,"depotId":101,"groupId":20,"propType":"FIGHT_PROP_CRITICAL","propValue":0.007799999788403511},{"id":101202,"depotId":101,"groupId":20,"propType":"FIGHT_PROP_CRITICAL","propValue":0.009700000286102295},{"id":201201,"depotId":201,"groupId":20,"propType":"FIGHT_PROP_CRITICAL","propValue":0.010900000110268593},{"id":201202,"depotId":201,"groupId":20,"propType":"FIGHT_PROP_CRITICAL","propValue":0.013199999928474426},{"id":201203,"depotId":201,"groupId":20,"propType":"FIGHT_PROP_CRITICAL","propValue":0.01549999974668026},{"id":301201,"depotId":301,"groupId":20,"propType":"FIGHT_PROP_CRITICAL","propValue":0.016300000250339508},{"id":301202,"depotId":301,"groupId":20,"propType":"FIGHT_PROP_CRITICAL","propValue":0.01860000006854534},{"id":301203,"depotId":301,"groupId":20,"propType":"FIGHT_PROP_CRITICAL","propValue":0.020999999716877937},{"id":301204,"depotId":301,"groupId":20,"propType":"FIGHT_PROP_CRITICAL","propValue":0.02329999953508377},{"id":401201,"depotId":401,"groupId":20,"propType":"FIGHT_PROP_CRITICAL","propValue":0.021800000220537186},{"id":401202,"depotId":401,"groupId":20,"propType":"FIGHT_PROP_CRITICAL","propValue":0.024900000542402267},{"id":401203,"depotId":401,"groupId":20,"propType":"FIGHT_PROP_CRITICAL","propValue":0.02800000086426735},{"id":401204,"depotId":401,"groupId":20,"propType":"FIGHT_PROP_CRITICAL","propValue":0.031099999323487282},{"id":501201,"depotId":501,"groupId":20,"propType":"FIGHT_PROP_CRITICAL","propValue":0.0272000003606081},{"id":501202,"depotId":501,"groupId":20,"propType":"FIGHT_PROP_CRITICAL","propValue":0.031099999323487282},{"id":501203,"depotId":501,"groupId":20,"propType":"FIGHT_PROP_CRITICAL","propValue":0.03500000014901161},{"id":501204,"depotId":501,"groupId":20,"propType":"FIGHT_PROP_CRITICAL","propValue":0.03889999911189079},{"id":101221,"depotId":101,"groupId":22,"propType":"FIGHT_PROP_CRITICAL_HURT","propValue":0.01549999974668026},{"id":101222,"depotId":101,"groupId":22,"propType":"FIGHT_PROP_CRITICAL_HURT","propValue":0.01940000057220459},{"id":201221,"depotId":201,"groupId":22,"propType":"FIGHT_PROP_CRITICAL_HURT","propValue":0.021800000220537186},{"id":201222,"depotId":201,"groupId":22,"propType":"FIGHT_PROP_CRITICAL_HURT","propValue":0.026399999856948853},{"id":201223,"depotId":201,"groupId":22,"propType":"FIGHT_PROP_CRITICAL_HURT","propValue":0.031099999323487282},{"id":301221,"depotId":301,"groupId":22,"propType":"FIGHT_PROP_CRITICAL_HURT","propValue":0.032600000500679016},{"id":301222,"depotId":301,"groupId":22,"propType":"FIGHT_PROP_CRITICAL_HURT","propValue":0.037300001829862595},{"id":301223,"depotId":301,"groupId":22,"propType":"FIGHT_PROP_CRITICAL_HURT","propValue":0.041999999433755875},{"id":301224,"depotId":301,"groupId":22,"propType":"FIGHT_PROP_CRITICAL_HURT","propValue":0.04659999907016754},{"id":401221,"depotId":401,"groupId":22,"propType":"FIGHT_PROP_CRITICAL_HURT","propValue":0.04349999874830246},{"id":401222,"depotId":401,"groupId":22,"propType":"FIGHT_PROP_CRITICAL_HURT","propValue":0.04969999939203262},{"id":401223,"depotId":401,"groupId":22,"propType":"FIGHT_PROP_CRITICAL_HURT","propValue":0.0560000017285347},{"id":401224,"depotId":401,"groupId":22,"propType":"FIGHT_PROP_CRITICAL_HURT","propValue":0.062199998646974564},{"id":501221,"depotId":501,"groupId":22,"propType":"FIGHT_PROP_CRITICAL_HURT","propValue":0.0544000007212162},{"id":501222,"depotId":501,"groupId":22,"propType":"FIGHT_PROP_CRITICAL_HURT","propValue":0.062199998646974564},{"id":501223,"depotId":501,"groupId":22,"propType":"FIGHT_PROP_CRITICAL_HURT","propValue":0.06989999860525131},{"id":501224,"depotId":501,"groupId":22,"propType":"FIGHT_PROP_CRITICAL_HURT","propValue":0.07769999653100967},{"id":999001,"depotId":999,"groupId":22,"propType":"FIGHT_PROP_CRITICAL_HURT","propValue":3.5},{"id":999002,"depotId":999,"groupId":20,"propType":"FIGHT_PROP_CRITICAL","propValue":1},{"id":999003,"depotId":999,"groupId":5,"propType":"FIGHT_PROP_ATTACK","propValue":233333},{"id":999004,"depotId":999,"groupId":8,"propType":"FIGHT_PROP_DEFENSE","propValue":233333},{"id":998001,"depotId":998,"groupId":3,"propType":"FIGHT_PROP_HP_PERCENT","propValue":0.14569999277591705},{"id":998002,"depotId":998,"groupId":6,"propType":"FIGHT_PROP_ATTACK_PERCENT","propValue":0.14569999277591705},{"id":998003,"depotId":998,"groupId":9,"propType":"FIGHT_PROP_DEFENSE_PERCENT","propValue":0.18209999799728394},{"id":998004,"depotId":998,"groupId":20,"propType":"FIGHT_PROP_CRITICAL","propValue":0.09709999710321426},{"id":998005,"depotId":998,"groupId":23,"propType":"FIGHT_PROP_CHARGE_EFFICIENCY","propValue":0.16189999878406525},{"id":998006,"depotId":998,"groupId":25,"propType":"FIGHT_PROP_ELEMENT_MASTERY","propValue":58.279998779296875},{"id":998007,"depotId":998,"groupId":22,"propType":"FIGHT_PROP_CRITICAL_HURT","propValue":0.19429999589920044},{"id":995001,"depotId":995,"groupId":3,"propType":"FIGHT_PROP_HP_PERCENT","propValue":0.14569999277591705},{"id":995002,"depotId":995,"groupId":6,"propType":"FIGHT_PROP_ATTACK_PERCENT","propValue":0.14569999277591705},{"id":995003,"depotId":995,"groupId":9,"propType":"FIGHT_PROP_DEFENSE_PERCENT","propValue":0.18209999799728394},{"id":995004,"depotId":995,"groupId":20,"propType":"FIGHT_PROP_CRITICAL","propValue":0.09709999710321426},{"id":995005,"depotId":995,"groupId":23,"propType":"FIGHT_PROP_CHARGE_EFFICIENCY","propValue":0.16189999878406525},{"id":995006,"depotId":995,"groupId":25,"propType":"FIGHT_PROP_ELEMENT_MASTERY","propValue":58.279998779296875},{"id":995007,"depotId":995,"groupId":22,"propType":"FIGHT_PROP_CRITICAL_HURT","propValue":0.19429999589920044},{"id":997001,"depotId":997,"groupId":3,"propType":"FIGHT_PROP_HP_PERCENT","propValue":0.09319999814033508},{"id":997002,"depotId":997,"groupId":6,"propType":"FIGHT_PROP_ATTACK_PERCENT","propValue":0.09319999814033508},{"id":997003,"depotId":997,"groupId":9,"propType":"FIGHT_PROP_DEFENSE_PERCENT","propValue":0.11659999936819077},{"id":997004,"depotId":997,"groupId":20,"propType":"FIGHT_PROP_CRITICAL","propValue":0.062199998646974564},{"id":997005,"depotId":997,"groupId":23,"propType":"FIGHT_PROP_CHARGE_EFFICIENCY","propValue":0.10360000282526016},{"id":997006,"depotId":997,"groupId":25,"propType":"FIGHT_PROP_ELEMENT_MASTERY","propValue":37.29999923706055},{"id":997007,"depotId":997,"groupId":22,"propType":"FIGHT_PROP_CRITICAL_HURT","propValue":0.12430000305175781},{"id":996001,"depotId":996,"groupId":3,"propType":"FIGHT_PROP_HP_PERCENT","propValue":0.09319999814033508},{"id":996002,"depotId":996,"groupId":6,"propType":"FIGHT_PROP_ATTACK_PERCENT","propValue":0.09319999814033508},{"id":996003,"depotId":996,"groupId":9,"propType":"FIGHT_PROP_DEFENSE_PERCENT","propValue":0.11659999936819077},{"id":996004,"depotId":996,"groupId":20,"propType":"FIGHT_PROP_CRITICAL","propValue":0.062199998646974564},{"id":996005,"depotId":996,"groupId":23,"propType":"FIGHT_PROP_CHARGE_EFFICIENCY","propValue":0.10360000282526016},{"id":996006,"depotId":996,"groupId":25,"propType":"FIGHT_PROP_ELEMENT_MASTERY","propValue":37.29999923706055},{"id":996007,"depotId":996,"groupId":22,"propType":"FIGHT_PROP_CRITICAL_HURT","propValue":0.12430000305175781},{"id":996008,"depotId":996,"groupId":22,"propType":"FIGHT_PROP_HP","propValue":478},{"id":996009,"depotId":996,"groupId":22,"propType":"FIGHT_PROP_ATTACK","propValue":31.1200008392334},{"id":996010,"depotId":996,"groupId":22,"propType":"FIGHT_PROP_DEFENSE","propValue":37.040000915527344},{"id":994001,"depotId":994,"groupId":20,"propType":"FIGHT_PROP_CRITICAL","propValue":0.800000011920929},{"id":993001,"depotId":993,"groupId":22,"propType":"FIGHT_PROP_CRITICAL_HURT","propValue":0.800000011920929},{"id":992001,"depotId":992,"groupId":81,"propType":"FIGHT_PROP_SHIELD_COST_MINUS_RATIO","propValue":0.800000011920929},{"id":991001,"depotId":991,"groupId":26,"propType":"FIGHT_PROP_HEAL_ADD","propValue":0.800000011920929},{"id":990001,"depotId":990,"groupId":27,"propType":"FIGHT_PROP_HEALED_ADD","propValue":0.800000011920929},{"id":989001,"depotId":989,"groupId":80,"propType":"FIGHT_PROP_SKILL_CD_MINUS_RATIO","propValue":0.5},{"id":988001,"depotId":988,"groupId":11,"propType":"FIGHT_PROP_SPEED_PERCENT","propValue":0.30000001192092896},{"id":987001,"depotId":987,"groupId":40,"propType":"FIGHT_PROP_FIRE_ADD_HURT","propValue":0.800000011920929},{"id":986001,"depotId":986,"groupId":41,"propType":"FIGHT_PROP_ELEC_ADD_HURT","propValue":0.800000011920929},{"id":985001,"depotId":985,"groupId":42,"propType":"FIGHT_PROP_WATER_ADD_HURT","propValue":0.800000011920929},{"id":984001,"depotId":984,"groupId":43,"propType":"FIGHT_PROP_GRASS_ADD_HURT","propValue":0.800000011920929},{"id":983001,"depotId":983,"groupId":44,"propType":"FIGHT_PROP_WIND_ADD_HURT","propValue":0.800000011920929},{"id":982001,"depotId":982,"groupId":45,"propType":"FIGHT_PROP_ROCK_ADD_HURT","propValue":0.800000011920929},{"id":981001,"depotId":981,"groupId":46,"propType":"FIGHT_PROP_ICE_ADD_HURT","propValue":0.800000011920929},{"id":980001,"depotId":980,"groupId":30,"propType":"FIGHT_PROP_PHYSICAL_ADD_HURT","propValue":0.800000011920929},{"id":979001,"depotId":979,"groupId":50,"propType":"FIGHT_PROP_FIRE_SUB_HURT","propValue":0.800000011920929},{"id":978001,"depotId":978,"groupId":51,"propType":"FIGHT_PROP_ELEC_SUB_HURT","propValue":0.800000011920929},{"id":977001,"depotId":977,"groupId":52,"propType":"FIGHT_PROP_WATER_SUB_HURT","propValue":0.800000011920929},{"id":976001,"depotId":976,"groupId":53,"propType":"FIGHT_PROP_GRASS_SUB_HURT","propValue":0.800000011920929},{"id":975001,"depotId":975,"groupId":54,"propType":"FIGHT_PROP_WIND_SUB_HURT","propValue":0.800000011920929},{"id":974001,"depotId":974,"groupId":55,"propType":"FIGHT_PROP_ROCK_SUB_HURT","propValue":0.800000011920929},{"id":973001,"depotId":973,"groupId":56,"propType":"FIGHT_PROP_ICE_SUB_HURT","propValue":0.800000011920929},{"id":972001,"depotId":972,"groupId":29,"propType":"FIGHT_PROP_PHYSICAL_SUB_HURT","propValue":0.800000011920929},{"id":971001,"depotId":971,"groupId":24,"propType":"FIGHT_PROP_ADD_HURT","propValue":0.800000011920929},{"id":970001,"depotId":970,"groupId":29,"propType":"FIGHT_PROP_SUB_HURT","propValue":0.800000011920929},{"id":969001,"depotId":969,"groupId":8,"propType":"FIGHT_PROP_DEFENSE","propValue":-500},{"id":968001,"depotId":968,"groupId":25,"propType":"FIGHT_PROP_ELEMENT_MASTERY","propValue":-300},{"id":967001,"depotId":967,"groupId":20,"propType":"FIGHT_PROP_CRITICAL","propValue":1},{"id":966001,"depotId":966,"groupId":25,"propType":"FIGHT_PROP_ELEMENT_MASTERY","propValue":300},{"id":961001,"depotId":961,"groupId":3,"propType":"FIGHT_PROP_HP_PERCENT","propValue":0.14569999277591705},{"id":961002,"depotId":961,"groupId":6,"propType":"FIGHT_PROP_ATTACK_PERCENT","propValue":0.14569999277591705},{"id":961003,"depotId":961,"groupId":9,"propType":"FIGHT_PROP_DEFENSE_PERCENT","propValue":0.18209999799728394},{"id":961004,"depotId":961,"groupId":20,"propType":"FIGHT_PROP_CRITICAL","propValue":0.09709999710321426},{"id":961005,"depotId":961,"groupId":23,"propType":"FIGHT_PROP_CHARGE_EFFICIENCY","propValue":0.16189999878406525},{"id":961006,"depotId":961,"groupId":25,"propType":"FIGHT_PROP_ELEMENT_MASTERY","propValue":58.279998779296875},{"id":961007,"depotId":961,"groupId":22,"propType":"FIGHT_PROP_CRITICAL_HURT","propValue":0.19429999589920044},{"id":961008,"depotId":961,"groupId":2,"propType":"FIGHT_PROP_HP","propValue":746.8800048828125},{"id":961009,"depotId":961,"groupId":5,"propType":"FIGHT_PROP_ATTACK","propValue":48.630001068115234},{"id":961010,"depotId":961,"groupId":8,"propType":"FIGHT_PROP_DEFENSE","propValue":57.869998931884766},{"id":962001,"depotId":962,"groupId":3,"propType":"FIGHT_PROP_HP_PERCENT","propValue":0.14569999277591705},{"id":962002,"depotId":962,"groupId":6,"propType":"FIGHT_PROP_ATTACK_PERCENT","propValue":0.14569999277591705},{"id":962003,"depotId":962,"groupId":9,"propType":"FIGHT_PROP_DEFENSE_PERCENT","propValue":0.18209999799728394},{"id":962004,"depotId":962,"groupId":20,"propType":"FIGHT_PROP_CRITICAL","propValue":0.09709999710321426},{"id":962005,"depotId":962,"groupId":23,"propType":"FIGHT_PROP_CHARGE_EFFICIENCY","propValue":0.16189999878406525},{"id":962006,"depotId":962,"groupId":25,"propType":"FIGHT_PROP_ELEMENT_MASTERY","propValue":58.279998779296875},{"id":962007,"depotId":962,"groupId":22,"propType":"FIGHT_PROP_CRITICAL_HURT","propValue":0.19429999589920044},{"id":962008,"depotId":962,"groupId":2,"propType":"FIGHT_PROP_HP","propValue":746.8800048828125},{"id":962009,"depotId":962,"groupId":5,"propType":"FIGHT_PROP_ATTACK","propValue":48.630001068115234},{"id":962010,"depotId":962,"groupId":8,"propType":"FIGHT_PROP_DEFENSE","propValue":57.869998931884766},{"id":963001,"depotId":963,"groupId":3,"propType":"FIGHT_PROP_HP_PERCENT","propValue":0.14569999277591705},{"id":963002,"depotId":963,"groupId":6,"propType":"FIGHT_PROP_ATTACK_PERCENT","propValue":0.14569999277591705},{"id":963003,"depotId":963,"groupId":9,"propType":"FIGHT_PROP_DEFENSE_PERCENT","propValue":0.18209999799728394},{"id":963004,"depotId":963,"groupId":20,"propType":"FIGHT_PROP_CRITICAL","propValue":0.09709999710321426},{"id":963005,"depotId":963,"groupId":23,"propType":"FIGHT_PROP_CHARGE_EFFICIENCY","propValue":0.16189999878406525},{"id":963006,"depotId":963,"groupId":25,"propType":"FIGHT_PROP_ELEMENT_MASTERY","propValue":58.279998779296875},{"id":963007,"depotId":963,"groupId":22,"propType":"FIGHT_PROP_CRITICAL_HURT","propValue":0.19429999589920044},{"id":963008,"depotId":963,"groupId":2,"propType":"FIGHT_PROP_HP","propValue":746.8800048828125},{"id":963009,"depotId":963,"groupId":5,"propType":"FIGHT_PROP_ATTACK","propValue":48.630001068115234},{"id":963010,"depotId":963,"groupId":8,"propType":"FIGHT_PROP_DEFENSE","propValue":57.869998931884766},{"id":964001,"depotId":964,"groupId":3,"propType":"FIGHT_PROP_HP_PERCENT","propValue":0.14569999277591705},{"id":964002,"depotId":964,"groupId":6,"propType":"FIGHT_PROP_ATTACK_PERCENT","propValue":0.14569999277591705},{"id":964003,"depotId":964,"groupId":9,"propType":"FIGHT_PROP_DEFENSE_PERCENT","propValue":0.18209999799728394},{"id":964004,"depotId":964,"groupId":20,"propType":"FIGHT_PROP_CRITICAL","propValue":0.09709999710321426},{"id":964005,"depotId":964,"groupId":23,"propType":"FIGHT_PROP_CHARGE_EFFICIENCY","propValue":0.16189999878406525},{"id":964006,"depotId":964,"groupId":25,"propType":"FIGHT_PROP_ELEMENT_MASTERY","propValue":58.279998779296875},{"id":964007,"depotId":964,"groupId":22,"propType":"FIGHT_PROP_CRITICAL_HURT","propValue":0.19429999589920044},{"id":964008,"depotId":964,"groupId":2,"propType":"FIGHT_PROP_HP","propValue":746.8800048828125},{"id":964009,"depotId":964,"groupId":5,"propType":"FIGHT_PROP_ATTACK","propValue":48.630001068115234},{"id":964010,"depotId":964,"groupId":8,"propType":"FIGHT_PROP_DEFENSE","propValue":57.869998931884766},{"id":965001,"depotId":965,"groupId":3,"propType":"FIGHT_PROP_HP_PERCENT","propValue":0.14569999277591705},{"id":965002,"depotId":965,"groupId":6,"propType":"FIGHT_PROP_ATTACK_PERCENT","propValue":0.14569999277591705},{"id":965003,"depotId":965,"groupId":9,"propType":"FIGHT_PROP_DEFENSE_PERCENT","propValue":0.18209999799728394},{"id":965004,"depotId":965,"groupId":20,"propType":"FIGHT_PROP_CRITICAL","propValue":0.09709999710321426},{"id":965005,"depotId":965,"groupId":23,"propType":"FIGHT_PROP_CHARGE_EFFICIENCY","propValue":0.16189999878406525},{"id":965006,"depotId":965,"groupId":25,"propType":"FIGHT_PROP_ELEMENT_MASTERY","propValue":58.279998779296875},{"id":965007,"depotId":965,"groupId":22,"propType":"FIGHT_PROP_CRITICAL_HURT","propValue":0.19429999589920044},{"id":965008,"depotId":965,"groupId":2,"propType":"FIGHT_PROP_HP","propValue":746.8800048828125},{"id":965009,"depotId":965,"groupId":5,"propType":"FIGHT_PROP_ATTACK","propValue":48.630001068115234},{"id":965010,"depotId":965,"groupId":8,"propType":"FIGHT_PROP_DEFENSE","propValue":57.869998931884766},{"id":951001,"depotId":951,"groupId":3,"propType":"FIGHT_PROP_HP_PERCENT","propValue":0.14569999277591705},{"id":951002,"depotId":951,"groupId":6,"propType":"FIGHT_PROP_ATTACK_PERCENT","propValue":0.14569999277591705},{"id":951003,"depotId":951,"groupId":9,"propType":"FIGHT_PROP_DEFENSE_PERCENT","propValue":0.18209999799728394},{"id":951004,"depotId":951,"groupId":20,"propType":"FIGHT_PROP_CRITICAL","propValue":0.09709999710321426},{"id":951005,"depotId":951,"groupId":23,"propType":"FIGHT_PROP_CHARGE_EFFICIENCY","propValue":0.16189999878406525},{"id":951006,"depotId":951,"groupId":25,"propType":"FIGHT_PROP_ELEMENT_MASTERY","propValue":58.279998779296875},{"id":951007,"depotId":951,"groupId":22,"propType":"FIGHT_PROP_CRITICAL_HURT","propValue":0.19429999589920044},{"id":952001,"depotId":952,"groupId":3,"propType":"FIGHT_PROP_HP_PERCENT","propValue":0.14569999277591705},{"id":952002,"depotId":952,"groupId":6,"propType":"FIGHT_PROP_ATTACK_PERCENT","propValue":0.14569999277591705},{"id":952003,"depotId":952,"groupId":9,"propType":"FIGHT_PROP_DEFENSE_PERCENT","propValue":0.18209999799728394},{"id":952004,"depotId":952,"groupId":20,"propType":"FIGHT_PROP_CRITICAL","propValue":0.09709999710321426},{"id":952005,"depotId":952,"groupId":23,"propType":"FIGHT_PROP_CHARGE_EFFICIENCY","propValue":0.16189999878406525},{"id":952006,"depotId":952,"groupId":25,"propType":"FIGHT_PROP_ELEMENT_MASTERY","propValue":58.279998779296875},{"id":952007,"depotId":952,"groupId":22,"propType":"FIGHT_PROP_CRITICAL_HURT","propValue":0.19429999589920044},{"id":953001,"depotId":953,"groupId":3,"propType":"FIGHT_PROP_HP_PERCENT","propValue":0.14569999277591705},{"id":953002,"depotId":953,"groupId":6,"propType":"FIGHT_PROP_ATTACK_PERCENT","propValue":0.14569999277591705},{"id":953003,"depotId":953,"groupId":9,"propType":"FIGHT_PROP_DEFENSE_PERCENT","propValue":0.18209999799728394},{"id":953004,"depotId":953,"groupId":20,"propType":"FIGHT_PROP_CRITICAL","propValue":0.09709999710321426},{"id":953005,"depotId":953,"groupId":23,"propType":"FIGHT_PROP_CHARGE_EFFICIENCY","propValue":0.16189999878406525},{"id":953006,"depotId":953,"groupId":25,"propType":"FIGHT_PROP_ELEMENT_MASTERY","propValue":58.279998779296875},{"id":953007,"depotId":953,"groupId":22,"propType":"FIGHT_PROP_CRITICAL_HURT","propValue":0.19429999589920044},{"id":956001,"depotId":956,"groupId":3,"propType":"FIGHT_PROP_HP_PERCENT","propValue":0.14569999277591705},{"id":956002,"depotId":956,"groupId":6,"propType":"FIGHT_PROP_ATTACK_PERCENT","propValue":0.14569999277591705},{"id":956003,"depotId":956,"groupId":9,"propType":"FIGHT_PROP_DEFENSE_PERCENT","propValue":0.18209999799728394},{"id":956004,"depotId":956,"groupId":20,"propType":"FIGHT_PROP_CRITICAL","propValue":0.09709999710321426},{"id":956005,"depotId":956,"groupId":23,"propType":"FIGHT_PROP_CHARGE_EFFICIENCY","propValue":0.16189999878406525},{"id":956006,"depotId":956,"groupId":25,"propType":"FIGHT_PROP_ELEMENT_MASTERY","propValue":58.279998779296875},{"id":956007,"depotId":956,"groupId":22,"propType":"FIGHT_PROP_CRITICAL_HURT","propValue":0.19429999589920044},{"id":941001,"depotId":941,"groupId":3,"propType":"FIGHT_PROP_HP_PERCENT","propValue":0.09319999814033508},{"id":941002,"depotId":941,"groupId":6,"propType":"FIGHT_PROP_ATTACK_PERCENT","propValue":0.09319999814033508},{"id":941003,"depotId":941,"groupId":9,"propType":"FIGHT_PROP_DEFENSE_PERCENT","propValue":0.11659999936819077},{"id":941004,"depotId":941,"groupId":20,"propType":"FIGHT_PROP_CRITICAL","propValue":0.062199998646974564},{"id":941005,"depotId":941,"groupId":23,"propType":"FIGHT_PROP_CHARGE_EFFICIENCY","propValue":0.10360000282526016},{"id":941006,"depotId":941,"groupId":25,"propType":"FIGHT_PROP_ELEMENT_MASTERY","propValue":37.29999923706055},{"id":941007,"depotId":941,"groupId":22,"propType":"FIGHT_PROP_CRITICAL_HURT","propValue":0.12430000305175781},{"id":942001,"depotId":942,"groupId":3,"propType":"FIGHT_PROP_HP_PERCENT","propValue":0.09319999814033508},{"id":942002,"depotId":942,"groupId":6,"propType":"FIGHT_PROP_ATTACK_PERCENT","propValue":0.09319999814033508},{"id":942003,"depotId":942,"groupId":9,"propType":"FIGHT_PROP_DEFENSE_PERCENT","propValue":0.11659999936819077},{"id":942004,"depotId":942,"groupId":20,"propType":"FIGHT_PROP_CRITICAL","propValue":0.062199998646974564},{"id":942005,"depotId":942,"groupId":23,"propType":"FIGHT_PROP_CHARGE_EFFICIENCY","propValue":0.10360000282526016},{"id":942006,"depotId":942,"groupId":25,"propType":"FIGHT_PROP_ELEMENT_MASTERY","propValue":37.29999923706055},{"id":942007,"depotId":942,"groupId":22,"propType":"FIGHT_PROP_CRITICAL_HURT","propValue":0.12430000305175781},{"id":943001,"depotId":943,"groupId":3,"propType":"FIGHT_PROP_HP_PERCENT","propValue":0.09319999814033508},{"id":943002,"depotId":943,"groupId":6,"propType":"FIGHT_PROP_ATTACK_PERCENT","propValue":0.09319999814033508},{"id":943003,"depotId":943,"groupId":9,"propType":"FIGHT_PROP_DEFENSE_PERCENT","propValue":0.11659999936819077},{"id":943004,"depotId":943,"groupId":20,"propType":"FIGHT_PROP_CRITICAL","propValue":0.062199998646974564},{"id":943005,"depotId":943,"groupId":23,"propType":"FIGHT_PROP_CHARGE_EFFICIENCY","propValue":0.10360000282526016},{"id":943006,"depotId":943,"groupId":25,"propType":"FIGHT_PROP_ELEMENT_MASTERY","propValue":37.29999923706055},{"id":943007,"depotId":943,"groupId":22,"propType":"FIGHT_PROP_CRITICAL_HURT","propValue":0.12430000305175781},{"id":946001,"depotId":946,"groupId":3,"propType":"FIGHT_PROP_HP_PERCENT","propValue":0.09319999814033508},{"id":946002,"depotId":946,"groupId":6,"propType":"FIGHT_PROP_ATTACK_PERCENT","propValue":0.09319999814033508},{"id":946003,"depotId":946,"groupId":9,"propType":"FIGHT_PROP_DEFENSE_PERCENT","propValue":0.11659999936819077},{"id":946004,"depotId":946,"groupId":20,"propType":"FIGHT_PROP_CRITICAL","propValue":0.062199998646974564},{"id":946005,"depotId":946,"groupId":23,"propType":"FIGHT_PROP_CHARGE_EFFICIENCY","propValue":0.10360000282526016},{"id":946006,"depotId":946,"groupId":25,"propType":"FIGHT_PROP_ELEMENT_MASTERY","propValue":37.29999923706055},{"id":946007,"depotId":946,"groupId":22,"propType":"FIGHT_PROP_CRITICAL_HURT","propValue":0.12430000305175781},{"id":947001,"depotId":947,"groupId":3,"propType":"FIGHT_PROP_HP_PERCENT","propValue":0.03959999978542328},{"id":947002,"depotId":947,"groupId":6,"propType":"FIGHT_PROP_ATTACK_PERCENT","propValue":0.03959999978542328},{"id":947003,"depotId":947,"groupId":9,"propType":"FIGHT_PROP_DEFENSE_PERCENT","propValue":0.0494999997317791},{"id":947004,"depotId":947,"groupId":20,"propType":"FIGHT_PROP_CRITICAL","propValue":0.026399999856948853},{"id":947005,"depotId":947,"groupId":23,"propType":"FIGHT_PROP_CHARGE_EFFICIENCY","propValue":0.04399999976158142},{"id":947006,"depotId":947,"groupId":25,"propType":"FIGHT_PROP_ELEMENT_MASTERY","propValue":15.850000381469727},{"id":947007,"depotId":947,"groupId":22,"propType":"FIGHT_PROP_CRITICAL_HURT","propValue":0.052799999713897705},{"id":947008,"depotId":996,"groupId":22,"propType":"FIGHT_PROP_HP","propValue":203.14999389648438},{"id":947009,"depotId":996,"groupId":22,"propType":"FIGHT_PROP_ATTACK","propValue":13.229999542236328},{"id":947010,"depotId":996,"groupId":22,"propType":"FIGHT_PROP_DEFENSE","propValue":15.739999771118164}]