{"101021":{"propValue":23.9,"propType":"FIGHT_PROP_HP","depotId":101,"id":101021,"groupId":2},"101022":{"propValue":29.88,"propType":"FIGHT_PROP_HP","depotId":101,"id":101022,"groupId":2},"101031":{"propValue":0.0117,"propType":"FIGHT_PROP_HP_PERCENT","depotId":101,"id":101031,"groupId":3},"101032":{"propValue":0.0146,"propType":"FIGHT_PROP_HP_PERCENT","depotId":101,"id":101032,"groupId":3},"101051":{"propValue":1.56,"propType":"FIGHT_PROP_ATTACK","depotId":101,"id":101051,"groupId":5},"101052":{"propValue":1.95,"propType":"FIGHT_PROP_ATTACK","depotId":101,"id":101052,"groupId":5},"101061":{"propValue":0.0117,"propType":"FIGHT_PROP_ATTACK_PERCENT","depotId":101,"id":101061,"groupId":6},"101062":{"propValue":0.0146,"propType":"FIGHT_PROP_ATTACK_PERCENT","depotId":101,"id":101062,"groupId":6},"101081":{"propValue":1.85,"propType":"FIGHT_PROP_DEFENSE","depotId":101,"id":101081,"groupId":8},"101082":{"propValue":2.31,"propType":"FIGHT_PROP_DEFENSE","depotId":101,"id":101082,"groupId":8},"101091":{"propValue":0.0146,"propType":"FIGHT_PROP_DEFENSE_PERCENT","depotId":101,"id":101091,"groupId":9},"101092":{"propValue":0.0182,"propType":"FIGHT_PROP_DEFENSE_PERCENT","depotId":101,"id":101092,"groupId":9},"101201":{"propValue":0.0078,"propType":"FIGHT_PROP_CRITICAL","depotId":101,"id":101201,"groupId":20},"101202":{"propValue":0.0097,"propType":"FIGHT_PROP_CRITICAL","depotId":101,"id":101202,"groupId":20},"101221":{"propValue":0.0155,"propType":"FIGHT_PROP_CRITICAL_HURT","depotId":101,"id":101221,"groupId":22},"101222":{"propValue":0.0194,"propType":"FIGHT_PROP_CRITICAL_HURT","depotId":101,"id":101222,"groupId":22},"101231":{"propValue":0.013,"propType":"FIGHT_PROP_CHARGE_EFFICIENCY","depotId":101,"id":101231,"groupId":23},"101232":{"propValue":0.0162,"propType":"FIGHT_PROP_CHARGE_EFFICIENCY","depotId":101,"id":101232,"groupId":23},"101241":{"propValue":4.66,"propType":"FIGHT_PROP_ELEMENT_MASTERY","depotId":101,"id":101241,"groupId":24},"101242":{"propValue":5.83,"propType":"FIGHT_PROP_ELEMENT_MASTERY","depotId":101,"id":101242,"groupId":24},"201021":{"propValue":50.19,"propType":"FIGHT_PROP_HP","depotId":201,"id":201021,"groupId":2},"201022":{"propValue":60.95,"propType":"FIGHT_PROP_HP","depotId":201,"id":201022,"groupId":2},"201023":{"propValue":71.7,"propType":"FIGHT_PROP_HP","depotId":201,"id":201023,"groupId":2},"201031":{"propValue":0.0163,"propType":"FIGHT_PROP_HP_PERCENT","depotId":201,"id":201031,"groupId":3},"201032":{"propValue":0.0198,"propType":"FIGHT_PROP_HP_PERCENT","depotId":201,"id":201032,"groupId":3},"201033":{"propValue":0.0233,"propType":"FIGHT_PROP_HP_PERCENT","depotId":201,"id":201033,"groupId":3},"201051":{"propValue":3.27,"propType":"FIGHT_PROP_ATTACK","depotId":201,"id":201051,"groupId":5},"201052":{"propValue":3.97,"propType":"FIGHT_PROP_ATTACK","depotId":201,"id":201052,"groupId":5},"201053":{"propValue":4.67,"propType":"FIGHT_PROP_ATTACK","depotId":201,"id":201053,"groupId":5},"201061":{"propValue":0.0163,"propType":"FIGHT_PROP_ATTACK_PERCENT","depotId":201,"id":201061,"groupId":6},"201062":{"propValue":0.0198,"propType":"FIGHT_PROP_ATTACK_PERCENT","depotId":201,"id":201062,"groupId":6},"201063":{"propValue":0.0233,"propType":"FIGHT_PROP_ATTACK_PERCENT","depotId":201,"id":201063,"groupId":6},"201081":{"propValue":3.89,"propType":"FIGHT_PROP_DEFENSE","depotId":201,"id":201081,"groupId":8},"201082":{"propValue":4.72,"propType":"FIGHT_PROP_DEFENSE","depotId":201,"id":201082,"groupId":8},"201083":{"propValue":5.56,"propType":"FIGHT_PROP_DEFENSE","depotId":201,"id":201083,"groupId":8},"201091":{"propValue":0.0204,"propType":"FIGHT_PROP_DEFENSE_PERCENT","depotId":201,"id":201091,"groupId":9},"201092":{"propValue":0.0248,"propType":"FIGHT_PROP_DEFENSE_PERCENT","depotId":201,"id":201092,"groupId":9},"201093":{"propValue":0.0291,"propType":"FIGHT_PROP_DEFENSE_PERCENT","depotId":201,"id":201093,"groupId":9},"201201":{"propValue":0.0109,"propType":"FIGHT_PROP_CRITICAL","depotId":201,"id":201201,"groupId":20},"201202":{"propValue":0.0132,"propType":"FIGHT_PROP_CRITICAL","depotId":201,"id":201202,"groupId":20},"201203":{"propValue":0.0155,"propType":"FIGHT_PROP_CRITICAL","depotId":201,"id":201203,"groupId":20},"201221":{"propValue":0.0218,"propType":"FIGHT_PROP_CRITICAL_HURT","depotId":201,"id":201221,"groupId":22},"201222":{"propValue":0.0264,"propType":"FIGHT_PROP_CRITICAL_HURT","depotId":201,"id":201222,"groupId":22},"201223":{"propValue":0.0311,"propType":"FIGHT_PROP_CRITICAL_HURT","depotId":201,"id":201223,"groupId":22},"201231":{"propValue":0.0181,"propType":"FIGHT_PROP_CHARGE_EFFICIENCY","depotId":201,"id":201231,"groupId":23},"201232":{"propValue":0.022,"propType":"FIGHT_PROP_CHARGE_EFFICIENCY","depotId":201,"id":201232,"groupId":23},"201233":{"propValue":0.0259,"propType":"FIGHT_PROP_CHARGE_EFFICIENCY","depotId":201,"id":201233,"groupId":23},"201241":{"propValue":6.53,"propType":"FIGHT_PROP_ELEMENT_MASTERY","depotId":201,"id":201241,"groupId":24},"201242":{"propValue":7.93,"propType":"FIGHT_PROP_ELEMENT_MASTERY","depotId":201,"id":201242,"groupId":24},"201243":{"propValue":9.33,"propType":"FIGHT_PROP_ELEMENT_MASTERY","depotId":201,"id":201243,"groupId":24},"301021":{"propValue":100.38,"propType":"FIGHT_PROP_HP","depotId":301,"id":301021,"groupId":2},"301022":{"propValue":114.72,"propType":"FIGHT_PROP_HP","depotId":301,"id":301022,"groupId":2},"301023":{"propValue":129.06,"propType":"FIGHT_PROP_HP","depotId":301,"id":301023,"groupId":2},"301024":{"propValue":143.4,"propType":"FIGHT_PROP_HP","depotId":301,"id":301024,"groupId":2},"301031":{"propValue":0.0245,"propType":"FIGHT_PROP_HP_PERCENT","depotId":301,"id":301031,"groupId":3},"301032":{"propValue":0.028,"propType":"FIGHT_PROP_HP_PERCENT","depotId":301,"id":301032,"groupId":3},"301033":{"propValue":0.0315,"propType":"FIGHT_PROP_HP_PERCENT","depotId":301,"id":301033,"groupId":3},"301034":{"propValue":0.035,"propType":"FIGHT_PROP_HP_PERCENT","depotId":301,"id":301034,"groupId":3},"301051":{"propValue":6.54,"propType":"FIGHT_PROP_ATTACK","depotId":301,"id":301051,"groupId":5},"301052":{"propValue":7.47,"propType":"FIGHT_PROP_ATTACK","depotId":301,"id":301052,"groupId":5},"301053":{"propValue":8.4,"propType":"FIGHT_PROP_ATTACK","depotId":301,"id":301053,"groupId":5},"301054":{"propValue":9.34,"propType":"FIGHT_PROP_ATTACK","depotId":301,"id":301054,"groupId":5},"301061":{"propValue":0.0245,"propType":"FIGHT_PROP_ATTACK_PERCENT","depotId":301,"id":301061,"groupId":6},"301062":{"propValue":0.028,"propType":"FIGHT_PROP_ATTACK_PERCENT","depotId":301,"id":301062,"groupId":6},"301063":{"propValue":0.0315,"propType":"FIGHT_PROP_ATTACK_PERCENT","depotId":301,"id":301063,"groupId":6},"301064":{"propValue":0.035,"propType":"FIGHT_PROP_ATTACK_PERCENT","depotId":301,"id":301064,"groupId":6},"301081":{"propValue":7.78,"propType":"FIGHT_PROP_DEFENSE","depotId":301,"id":301081,"groupId":8},"301082":{"propValue":8.89,"propType":"FIGHT_PROP_DEFENSE","depotId":301,"id":301082,"groupId":8},"301083":{"propValue":10,"propType":"FIGHT_PROP_DEFENSE","depotId":301,"id":301083,"groupId":8},"301084":{"propValue":11.11,"propType":"FIGHT_PROP_DEFENSE","depotId":301,"id":301084,"groupId":8},"301091":{"propValue":0.0306,"propType":"FIGHT_PROP_DEFENSE_PERCENT","depotId":301,"id":301091,"groupId":9},"301092":{"propValue":0.035,"propType":"FIGHT_PROP_DEFENSE_PERCENT","depotId":301,"id":301092,"groupId":9},"301093":{"propValue":0.0393,"propType":"FIGHT_PROP_DEFENSE_PERCENT","depotId":301,"id":301093,"groupId":9},"301094":{"propValue":0.0437,"propType":"FIGHT_PROP_DEFENSE_PERCENT","depotId":301,"id":301094,"groupId":9},"301201":{"propValue":0.0163,"propType":"FIGHT_PROP_CRITICAL","depotId":301,"id":301201,"groupId":20},"301202":{"propValue":0.0186,"propType":"FIGHT_PROP_CRITICAL","depotId":301,"id":301202,"groupId":20},"301203":{"propValue":0.021,"propType":"FIGHT_PROP_CRITICAL","depotId":301,"id":301203,"groupId":20},"301204":{"propValue":0.0233,"propType":"FIGHT_PROP_CRITICAL","depotId":301,"id":301204,"groupId":20},"301221":{"propValue":0.0326,"propType":"FIGHT_PROP_CRITICAL_HURT","depotId":301,"id":301221,"groupId":22},"301222":{"propValue":0.0373,"propType":"FIGHT_PROP_CRITICAL_HURT","depotId":301,"id":301222,"groupId":22},"301223":{"propValue":0.042,"propType":"FIGHT_PROP_CRITICAL_HURT","depotId":301,"id":301223,"groupId":22},"301224":{"propValue":0.0466,"propType":"FIGHT_PROP_CRITICAL_HURT","depotId":301,"id":301224,"groupId":22},"301231":{"propValue":0.0272,"propType":"FIGHT_PROP_CHARGE_EFFICIENCY","depotId":301,"id":301231,"groupId":23},"301232":{"propValue":0.0311,"propType":"FIGHT_PROP_CHARGE_EFFICIENCY","depotId":301,"id":301232,"groupId":23},"301233":{"propValue":0.035,"propType":"FIGHT_PROP_CHARGE_EFFICIENCY","depotId":301,"id":301233,"groupId":23},"301234":{"propValue":0.0389,"propType":"FIGHT_PROP_CHARGE_EFFICIENCY","depotId":301,"id":301234,"groupId":23},"301241":{"propValue":9.79,"propType":"FIGHT_PROP_ELEMENT_MASTERY","depotId":301,"id":301241,"groupId":24},"301242":{"propValue":11.19,"propType":"FIGHT_PROP_ELEMENT_MASTERY","depotId":301,"id":301242,"groupId":24},"301243":{"propValue":12.59,"propType":"FIGHT_PROP_ELEMENT_MASTERY","depotId":301,"id":301243,"groupId":24},"301244":{"propValue":13.99,"propType":"FIGHT_PROP_ELEMENT_MASTERY","depotId":301,"id":301244,"groupId":24},"401021":{"propValue":167.3,"propType":"FIGHT_PROP_HP","depotId":401,"id":401021,"groupId":2},"401022":{"propValue":191.2,"propType":"FIGHT_PROP_HP","depotId":401,"id":401022,"groupId":2},"401023":{"propValue":215.1,"propType":"FIGHT_PROP_HP","depotId":401,"id":401023,"groupId":2},"401024":{"propValue":239,"propType":"FIGHT_PROP_HP","depotId":401,"id":401024,"groupId":2},"401031":{"propValue":0.0326,"propType":"FIGHT_PROP_HP_PERCENT","depotId":401,"id":401031,"groupId":3},"401032":{"propValue":0.0373,"propType":"FIGHT_PROP_HP_PERCENT","depotId":401,"id":401032,"groupId":3},"401033":{"propValue":0.042,"propType":"FIGHT_PROP_HP_PERCENT","depotId":401,"id":401033,"groupId":3},"401034":{"propValue":0.0466,"propType":"FIGHT_PROP_HP_PERCENT","depotId":401,"id":401034,"groupId":3},"401051":{"propValue":10.89,"propType":"FIGHT_PROP_ATTACK","depotId":401,"id":401051,"groupId":5},"401052":{"propValue":12.45,"propType":"FIGHT_PROP_ATTACK","depotId":401,"id":401052,"groupId":5},"401053":{"propValue":14,"propType":"FIGHT_PROP_ATTACK","depotId":401,"id":401053,"groupId":5},"401054":{"propValue":15.56,"propType":"FIGHT_PROP_ATTACK","depotId":401,"id":401054,"groupId":5},"401061":{"propValue":0.0326,"propType":"FIGHT_PROP_ATTACK_PERCENT","depotId":401,"id":401061,"groupId":6},"401062":{"propValue":0.0373,"propType":"FIGHT_PROP_ATTACK_PERCENT","depotId":401,"id":401062,"groupId":6},"401063":{"propValue":0.042,"propType":"FIGHT_PROP_ATTACK_PERCENT","depotId":401,"id":401063,"groupId":6},"401064":{"propValue":0.0466,"propType":"FIGHT_PROP_ATTACK_PERCENT","depotId":401,"id":401064,"groupId":6},"401081":{"propValue":12.96,"propType":"FIGHT_PROP_DEFENSE","depotId":401,"id":401081,"groupId":8},"401082":{"propValue":14.82,"propType":"FIGHT_PROP_DEFENSE","depotId":401,"id":401082,"groupId":8},"401083":{"propValue":16.67,"propType":"FIGHT_PROP_DEFENSE","depotId":401,"id":401083,"groupId":8},"401084":{"propValue":18.52,"propType":"FIGHT_PROP_DEFENSE","depotId":401,"id":401084,"groupId":8},"401091":{"propValue":0.0408,"propType":"FIGHT_PROP_DEFENSE_PERCENT","depotId":401,"id":401091,"groupId":9},"401092":{"propValue":0.0466,"propType":"FIGHT_PROP_DEFENSE_PERCENT","depotId":401,"id":401092,"groupId":9},"401093":{"propValue":0.0525,"propType":"FIGHT_PROP_DEFENSE_PERCENT","depotId":401,"id":401093,"groupId":9},"401094":{"propValue":0.0583,"propType":"FIGHT_PROP_DEFENSE_PERCENT","depotId":401,"id":401094,"groupId":9},"401201":{"propValue":0.0218,"propType":"FIGHT_PROP_CRITICAL","depotId":401,"id":401201,"groupId":20},"401202":{"propValue":0.0249,"propType":"FIGHT_PROP_CRITICAL","depotId":401,"id":401202,"groupId":20},"401203":{"propValue":0.028,"propType":"FIGHT_PROP_CRITICAL","depotId":401,"id":401203,"groupId":20},"401204":{"propValue":0.0311,"propType":"FIGHT_PROP_CRITICAL","depotId":401,"id":401204,"groupId":20},"401221":{"propValue":0.0435,"propType":"FIGHT_PROP_CRITICAL_HURT","depotId":401,"id":401221,"groupId":22},"401222":{"propValue":0.0497,"propType":"FIGHT_PROP_CRITICAL_HURT","depotId":401,"id":401222,"groupId":22},"401223":{"propValue":0.056,"propType":"FIGHT_PROP_CRITICAL_HURT","depotId":401,"id":401223,"groupId":22},"401224":{"propValue":0.0622,"propType":"FIGHT_PROP_CRITICAL_HURT","depotId":401,"id":401224,"groupId":22},"401231":{"propValue":0.0363,"propType":"FIGHT_PROP_CHARGE_EFFICIENCY","depotId":401,"id":401231,"groupId":23},"401232":{"propValue":0.0414,"propType":"FIGHT_PROP_CHARGE_EFFICIENCY","depotId":401,"id":401232,"groupId":23},"401233":{"propValue":0.0466,"propType":"FIGHT_PROP_CHARGE_EFFICIENCY","depotId":401,"id":401233,"groupId":23},"401234":{"propValue":0.0518,"propType":"FIGHT_PROP_CHARGE_EFFICIENCY","depotId":401,"id":401234,"groupId":23},"401241":{"propValue":13.06,"propType":"FIGHT_PROP_ELEMENT_MASTERY","depotId":401,"id":401241,"groupId":24},"401242":{"propValue":14.92,"propType":"FIGHT_PROP_ELEMENT_MASTERY","depotId":401,"id":401242,"groupId":24},"401243":{"propValue":16.79,"propType":"FIGHT_PROP_ELEMENT_MASTERY","depotId":401,"id":401243,"groupId":24},"401244":{"propValue":18.65,"propType":"FIGHT_PROP_ELEMENT_MASTERY","depotId":401,"id":401244,"groupId":24},"501021":{"propValue":209.13,"propType":"FIGHT_PROP_HP","depotId":501,"id":501021,"groupId":2},"501022":{"propValue":239,"propType":"FIGHT_PROP_HP","depotId":501,"id":501022,"groupId":2},"501023":{"propValue":268.88,"propType":"FIGHT_PROP_HP","depotId":501,"id":501023,"groupId":2},"501024":{"propValue":298.75,"propType":"FIGHT_PROP_HP","depotId":501,"id":501024,"groupId":2},"501031":{"propValue":0.0408,"propType":"FIGHT_PROP_HP_PERCENT","depotId":501,"id":501031,"groupId":3},"501032":{"propValue":0.0466,"propType":"FIGHT_PROP_HP_PERCENT","depotId":501,"id":501032,"groupId":3},"501033":{"propValue":0.0525,"propType":"FIGHT_PROP_HP_PERCENT","depotId":501,"id":501033,"groupId":3},"501034":{"propValue":0.0583,"propType":"FIGHT_PROP_HP_PERCENT","depotId":501,"id":501034,"groupId":3},"501051":{"propValue":13.62,"propType":"FIGHT_PROP_ATTACK","depotId":501,"id":501051,"groupId":5},"501052":{"propValue":15.56,"propType":"FIGHT_PROP_ATTACK","depotId":501,"id":501052,"groupId":5},"501053":{"propValue":17.51,"propType":"FIGHT_PROP_ATTACK","depotId":501,"id":501053,"groupId":5},"501054":{"propValue":19.45,"propType":"FIGHT_PROP_ATTACK","depotId":501,"id":501054,"groupId":5},"501061":{"propValue":0.0408,"propType":"FIGHT_PROP_ATTACK_PERCENT","depotId":501,"id":501061,"groupId":6},"501062":{"propValue":0.0466,"propType":"FIGHT_PROP_ATTACK_PERCENT","depotId":501,"id":501062,"groupId":6},"501063":{"propValue":0.0525,"propType":"FIGHT_PROP_ATTACK_PERCENT","depotId":501,"id":501063,"groupId":6},"501064":{"propValue":0.0583,"propType":"FIGHT_PROP_ATTACK_PERCENT","depotId":501,"id":501064,"groupId":6},"501081":{"propValue":16.2,"propType":"FIGHT_PROP_DEFENSE","depotId":501,"id":501081,"groupId":8},"501082":{"propValue":18.52,"propType":"FIGHT_PROP_DEFENSE","depotId":501,"id":501082,"groupId":8},"501083":{"propValue":20.83,"propType":"FIGHT_PROP_DEFENSE","depotId":501,"id":501083,"groupId":8},"501084":{"propValue":23.15,"propType":"FIGHT_PROP_DEFENSE","depotId":501,"id":501084,"groupId":8},"501091":{"propValue":0.051,"propType":"FIGHT_PROP_DEFENSE_PERCENT","depotId":501,"id":501091,"groupId":9},"501092":{"propValue":0.0583,"propType":"FIGHT_PROP_DEFENSE_PERCENT","depotId":501,"id":501092,"groupId":9},"501093":{"propValue":0.0656,"propType":"FIGHT_PROP_DEFENSE_PERCENT","depotId":501,"id":501093,"groupId":9},"501094":{"propValue":0.0729,"propType":"FIGHT_PROP_DEFENSE_PERCENT","depotId":501,"id":501094,"groupId":9},"501201":{"propValue":0.0272,"propType":"FIGHT_PROP_CRITICAL","depotId":501,"id":501201,"groupId":20},"501202":{"propValue":0.0311,"propType":"FIGHT_PROP_CRITICAL","depotId":501,"id":501202,"groupId":20},"501203":{"propValue":0.035,"propType":"FIGHT_PROP_CRITICAL","depotId":501,"id":501203,"groupId":20},"501204":{"propValue":0.0389,"propType":"FIGHT_PROP_CRITICAL","depotId":501,"id":501204,"groupId":20},"501221":{"propValue":0.0544,"propType":"FIGHT_PROP_CRITICAL_HURT","depotId":501,"id":501221,"groupId":22},"501222":{"propValue":0.0622,"propType":"FIGHT_PROP_CRITICAL_HURT","depotId":501,"id":501222,"groupId":22},"501223":{"propValue":0.0699,"propType":"FIGHT_PROP_CRITICAL_HURT","depotId":501,"id":501223,"groupId":22},"501224":{"propValue":0.0777,"propType":"FIGHT_PROP_CRITICAL_HURT","depotId":501,"id":501224,"groupId":22},"501231":{"propValue":0.0453,"propType":"FIGHT_PROP_CHARGE_EFFICIENCY","depotId":501,"id":501231,"groupId":23},"501232":{"propValue":0.0518,"propType":"FIGHT_PROP_CHARGE_EFFICIENCY","depotId":501,"id":501232,"groupId":23},"501233":{"propValue":0.0583,"propType":"FIGHT_PROP_CHARGE_EFFICIENCY","depotId":501,"id":501233,"groupId":23},"501234":{"propValue":0.0648,"propType":"FIGHT_PROP_CHARGE_EFFICIENCY","depotId":501,"id":501234,"groupId":23},"501241":{"propValue":16.32,"propType":"FIGHT_PROP_ELEMENT_MASTERY","depotId":501,"id":501241,"groupId":24},"501242":{"propValue":18.65,"propType":"FIGHT_PROP_ELEMENT_MASTERY","depotId":501,"id":501242,"groupId":24},"501243":{"propValue":20.98,"propType":"FIGHT_PROP_ELEMENT_MASTERY","depotId":501,"id":501243,"groupId":24},"501244":{"propValue":23.31,"propType":"FIGHT_PROP_ELEMENT_MASTERY","depotId":501,"id":501244,"groupId":24},"941001":{"propValue":0.0932,"propType":"FIGHT_PROP_HP_PERCENT","depotId":941,"id":941001,"groupId":3},"941002":{"propValue":0.0932,"propType":"FIGHT_PROP_ATTACK_PERCENT","depotId":941,"id":941002,"groupId":6},"941003":{"propValue":0.1166,"propType":"FIGHT_PROP_DEFENSE_PERCENT","depotId":941,"id":941003,"groupId":9},"941004":{"propValue":0.0622,"propType":"FIGHT_PROP_CRITICAL","depotId":941,"id":941004,"groupId":20},"941005":{"propValue":0.1036,"propType":"FIGHT_PROP_CHARGE_EFFICIENCY","depotId":941,"id":941005,"groupId":23},"941006":{"propValue":37.3,"propType":"FIGHT_PROP_ELEMENT_MASTERY","depotId":941,"id":941006,"groupId":25},"941007":{"propValue":0.1243,"propType":"FIGHT_PROP_CRITICAL_HURT","depotId":941,"id":941007,"groupId":22},"942001":{"propValue":0.0932,"propType":"FIGHT_PROP_HP_PERCENT","depotId":942,"id":942001,"groupId":3},"942002":{"propValue":0.0932,"propType":"FIGHT_PROP_ATTACK_PERCENT","depotId":942,"id":942002,"groupId":6},"942003":{"propValue":0.1166,"propType":"FIGHT_PROP_DEFENSE_PERCENT","depotId":942,"id":942003,"groupId":9},"942004":{"propValue":0.0622,"propType":"FIGHT_PROP_CRITICAL","depotId":942,"id":942004,"groupId":20},"942005":{"propValue":0.1036,"propType":"FIGHT_PROP_CHARGE_EFFICIENCY","depotId":942,"id":942005,"groupId":23},"942006":{"propValue":37.3,"propType":"FIGHT_PROP_ELEMENT_MASTERY","depotId":942,"id":942006,"groupId":25},"942007":{"propValue":0.1243,"propType":"FIGHT_PROP_CRITICAL_HURT","depotId":942,"id":942007,"groupId":22},"943001":{"propValue":0.0932,"propType":"FIGHT_PROP_HP_PERCENT","depotId":943,"id":943001,"groupId":3},"943002":{"propValue":0.0932,"propType":"FIGHT_PROP_ATTACK_PERCENT","depotId":943,"id":943002,"groupId":6},"943003":{"propValue":0.1166,"propType":"FIGHT_PROP_DEFENSE_PERCENT","depotId":943,"id":943003,"groupId":9},"943004":{"propValue":0.0622,"propType":"FIGHT_PROP_CRITICAL","depotId":943,"id":943004,"groupId":20},"943005":{"propValue":0.1036,"propType":"FIGHT_PROP_CHARGE_EFFICIENCY","depotId":943,"id":943005,"groupId":23},"943006":{"propValue":37.3,"propType":"FIGHT_PROP_ELEMENT_MASTERY","depotId":943,"id":943006,"groupId":25},"943007":{"propValue":0.1243,"propType":"FIGHT_PROP_CRITICAL_HURT","depotId":943,"id":943007,"groupId":22},"946001":{"propValue":0.0932,"propType":"FIGHT_PROP_HP_PERCENT","depotId":946,"id":946001,"groupId":3},"946002":{"propValue":0.0932,"propType":"FIGHT_PROP_ATTACK_PERCENT","depotId":946,"id":946002,"groupId":6},"946003":{"propValue":0.1166,"propType":"FIGHT_PROP_DEFENSE_PERCENT","depotId":946,"id":946003,"groupId":9},"946004":{"propValue":0.0622,"propType":"FIGHT_PROP_CRITICAL","depotId":946,"id":946004,"groupId":20},"946005":{"propValue":0.1036,"propType":"FIGHT_PROP_CHARGE_EFFICIENCY","depotId":946,"id":946005,"groupId":23},"946006":{"propValue":37.3,"propType":"FIGHT_PROP_ELEMENT_MASTERY","depotId":946,"id":946006,"groupId":25},"946007":{"propValue":0.1243,"propType":"FIGHT_PROP_CRITICAL_HURT","depotId":946,"id":946007,"groupId":22},"947001":{"propValue":0.0396,"propType":"FIGHT_PROP_HP_PERCENT","depotId":947,"id":947001,"groupId":3},"947002":{"propValue":0.0396,"propType":"FIGHT_PROP_ATTACK_PERCENT","depotId":947,"id":947002,"groupId":6},"947003":{"propValue":0.0495,"propType":"FIGHT_PROP_DEFENSE_PERCENT","depotId":947,"id":947003,"groupId":9},"947004":{"propValue":0.0264,"propType":"FIGHT_PROP_CRITICAL","depotId":947,"id":947004,"groupId":20},"947005":{"propValue":0.044,"propType":"FIGHT_PROP_CHARGE_EFFICIENCY","depotId":947,"id":947005,"groupId":23},"947006":{"propValue":15.85,"propType":"FIGHT_PROP_ELEMENT_MASTERY","depotId":947,"id":947006,"groupId":25},"947007":{"propValue":0.0528,"propType":"FIGHT_PROP_CRITICAL_HURT","depotId":947,"id":947007,"groupId":22},"947008":{"propValue":203.15,"propType":"FIGHT_PROP_HP","depotId":947,"id":947008,"groupId":22},"947009":{"propValue":13.23,"propType":"FIGHT_PROP_ATTACK","depotId":947,"id":947009,"groupId":22},"947010":{"propValue":15.74,"propType":"FIGHT_PROP_DEFENSE","depotId":947,"id":947010,"groupId":22},"951001":{"propValue":0.1457,"propType":"FIGHT_PROP_HP_PERCENT","depotId":951,"id":951001,"groupId":3},"951002":{"propValue":0.1457,"propType":"FIGHT_PROP_ATTACK_PERCENT","depotId":951,"id":951002,"groupId":6},"951003":{"propValue":0.1821,"propType":"FIGHT_PROP_DEFENSE_PERCENT","depotId":951,"id":951003,"groupId":9},"951004":{"propValue":0.0971,"propType":"FIGHT_PROP_CRITICAL","depotId":951,"id":951004,"groupId":20},"951005":{"propValue":0.1619,"propType":"FIGHT_PROP_CHARGE_EFFICIENCY","depotId":951,"id":951005,"groupId":23},"951006":{"propValue":58.28,"propType":"FIGHT_PROP_ELEMENT_MASTERY","depotId":951,"id":951006,"groupId":25},"951007":{"propValue":0.1943,"propType":"FIGHT_PROP_CRITICAL_HURT","depotId":951,"id":951007,"groupId":22},"952001":{"propValue":0.1457,"propType":"FIGHT_PROP_HP_PERCENT","depotId":952,"id":952001,"groupId":3},"952002":{"propValue":0.1457,"propType":"FIGHT_PROP_ATTACK_PERCENT","depotId":952,"id":952002,"groupId":6},"952003":{"propValue":0.1821,"propType":"FIGHT_PROP_DEFENSE_PERCENT","depotId":952,"id":952003,"groupId":9},"952004":{"propValue":0.0971,"propType":"FIGHT_PROP_CRITICAL","depotId":952,"id":952004,"groupId":20},"952005":{"propValue":0.1619,"propType":"FIGHT_PROP_CHARGE_EFFICIENCY","depotId":952,"id":952005,"groupId":23},"952006":{"propValue":58.28,"propType":"FIGHT_PROP_ELEMENT_MASTERY","depotId":952,"id":952006,"groupId":25},"952007":{"propValue":0.1943,"propType":"FIGHT_PROP_CRITICAL_HURT","depotId":952,"id":952007,"groupId":22},"953001":{"propValue":0.1457,"propType":"FIGHT_PROP_HP_PERCENT","depotId":953,"id":953001,"groupId":3},"953002":{"propValue":0.1457,"propType":"FIGHT_PROP_ATTACK_PERCENT","depotId":953,"id":953002,"groupId":6},"953003":{"propValue":0.1821,"propType":"FIGHT_PROP_DEFENSE_PERCENT","depotId":953,"id":953003,"groupId":9},"953004":{"propValue":0.0971,"propType":"FIGHT_PROP_CRITICAL","depotId":953,"id":953004,"groupId":20},"953005":{"propValue":0.1619,"propType":"FIGHT_PROP_CHARGE_EFFICIENCY","depotId":953,"id":953005,"groupId":23},"953006":{"propValue":58.28,"propType":"FIGHT_PROP_ELEMENT_MASTERY","depotId":953,"id":953006,"groupId":25},"953007":{"propValue":0.1943,"propType":"FIGHT_PROP_CRITICAL_HURT","depotId":953,"id":953007,"groupId":22},"956001":{"propValue":0.1457,"propType":"FIGHT_PROP_HP_PERCENT","depotId":956,"id":956001,"groupId":3},"956002":{"propValue":0.1457,"propType":"FIGHT_PROP_ATTACK_PERCENT","depotId":956,"id":956002,"groupId":6},"956003":{"propValue":0.1821,"propType":"FIGHT_PROP_DEFENSE_PERCENT","depotId":956,"id":956003,"groupId":9},"956004":{"propValue":0.0971,"propType":"FIGHT_PROP_CRITICAL","depotId":956,"id":956004,"groupId":20},"956005":{"propValue":0.1619,"propType":"FIGHT_PROP_CHARGE_EFFICIENCY","depotId":956,"id":956005,"groupId":23},"956006":{"propValue":58.28,"propType":"FIGHT_PROP_ELEMENT_MASTERY","depotId":956,"id":956006,"groupId":25},"956007":{"propValue":0.1943,"propType":"FIGHT_PROP_CRITICAL_HURT","depotId":956,"id":956007,"groupId":22},"961001":{"propValue":0.1457,"propType":"FIGHT_PROP_HP_PERCENT","depotId":961,"id":961001,"groupId":3},"961002":{"propValue":0.1457,"propType":"FIGHT_PROP_ATTACK_PERCENT","depotId":961,"id":961002,"groupId":6},"961003":{"propValue":0.1821,"propType":"FIGHT_PROP_DEFENSE_PERCENT","depotId":961,"id":961003,"groupId":9},"961004":{"propValue":0.0971,"propType":"FIGHT_PROP_CRITICAL","depotId":961,"id":961004,"groupId":20},"961005":{"propValue":0.1619,"propType":"FIGHT_PROP_CHARGE_EFFICIENCY","depotId":961,"id":961005,"groupId":23},"961006":{"propValue":58.28,"propType":"FIGHT_PROP_ELEMENT_MASTERY","depotId":961,"id":961006,"groupId":25},"961007":{"propValue":0.1943,"propType":"FIGHT_PROP_CRITICAL_HURT","depotId":961,"id":961007,"groupId":22},"961008":{"propValue":746.88,"propType":"FIGHT_PROP_HP","depotId":961,"id":961008,"groupId":2},"961009":{"propValue":48.63,"propType":"FIGHT_PROP_ATTACK","depotId":961,"id":961009,"groupId":5},"961010":{"propValue":57.87,"propType":"FIGHT_PROP_DEFENSE","depotId":961,"id":961010,"groupId":8},"962001":{"propValue":0.1457,"propType":"FIGHT_PROP_HP_PERCENT","depotId":962,"id":962001,"groupId":3},"962002":{"propValue":0.1457,"propType":"FIGHT_PROP_ATTACK_PERCENT","depotId":962,"id":962002,"groupId":6},"962003":{"propValue":0.1821,"propType":"FIGHT_PROP_DEFENSE_PERCENT","depotId":962,"id":962003,"groupId":9},"962004":{"propValue":0.0971,"propType":"FIGHT_PROP_CRITICAL","depotId":962,"id":962004,"groupId":20},"962005":{"propValue":0.1619,"propType":"FIGHT_PROP_CHARGE_EFFICIENCY","depotId":962,"id":962005,"groupId":23},"962006":{"propValue":58.28,"propType":"FIGHT_PROP_ELEMENT_MASTERY","depotId":962,"id":962006,"groupId":25},"962007":{"propValue":0.1943,"propType":"FIGHT_PROP_CRITICAL_HURT","depotId":962,"id":962007,"groupId":22},"962008":{"propValue":746.88,"propType":"FIGHT_PROP_HP","depotId":962,"id":962008,"groupId":2},"962009":{"propValue":48.63,"propType":"FIGHT_PROP_ATTACK","depotId":962,"id":962009,"groupId":5},"962010":{"propValue":57.87,"propType":"FIGHT_PROP_DEFENSE","depotId":962,"id":962010,"groupId":8},"963001":{"propValue":0.1457,"propType":"FIGHT_PROP_HP_PERCENT","depotId":963,"id":963001,"groupId":3},"963002":{"propValue":0.1457,"propType":"FIGHT_PROP_ATTACK_PERCENT","depotId":963,"id":963002,"groupId":6},"963003":{"propValue":0.1821,"propType":"FIGHT_PROP_DEFENSE_PERCENT","depotId":963,"id":963003,"groupId":9},"963004":{"propValue":0.0971,"propType":"FIGHT_PROP_CRITICAL","depotId":963,"id":963004,"groupId":20},"963005":{"propValue":0.1619,"propType":"FIGHT_PROP_CHARGE_EFFICIENCY","depotId":963,"id":963005,"groupId":23},"963006":{"propValue":58.28,"propType":"FIGHT_PROP_ELEMENT_MASTERY","depotId":963,"id":963006,"groupId":25},"963007":{"propValue":0.1943,"propType":"FIGHT_PROP_CRITICAL_HURT","depotId":963,"id":963007,"groupId":22},"963008":{"propValue":746.88,"propType":"FIGHT_PROP_HP","depotId":963,"id":963008,"groupId":2},"963009":{"propValue":48.63,"propType":"FIGHT_PROP_ATTACK","depotId":963,"id":963009,"groupId":5},"963010":{"propValue":57.87,"propType":"FIGHT_PROP_DEFENSE","depotId":963,"id":963010,"groupId":8},"964001":{"propValue":0.1457,"propType":"FIGHT_PROP_HP_PERCENT","depotId":964,"id":964001,"groupId":3},"964002":{"propValue":0.1457,"propType":"FIGHT_PROP_ATTACK_PERCENT","depotId":964,"id":964002,"groupId":6},"964003":{"propValue":0.1821,"propType":"FIGHT_PROP_DEFENSE_PERCENT","depotId":964,"id":964003,"groupId":9},"964004":{"propValue":0.0971,"propType":"FIGHT_PROP_CRITICAL","depotId":964,"id":964004,"groupId":20},"964005":{"propValue":0.1619,"propType":"FIGHT_PROP_CHARGE_EFFICIENCY","depotId":964,"id":964005,"groupId":23},"964006":{"propValue":58.28,"propType":"FIGHT_PROP_ELEMENT_MASTERY","depotId":964,"id":964006,"groupId":25},"964007":{"propValue":0.1943,"propType":"FIGHT_PROP_CRITICAL_HURT","depotId":964,"id":964007,"groupId":22},"964008":{"propValue":746.88,"propType":"FIGHT_PROP_HP","depotId":964,"id":964008,"groupId":2},"964009":{"propValue":48.63,"propType":"FIGHT_PROP_ATTACK","depotId":964,"id":964009,"groupId":5},"964010":{"propValue":57.87,"propType":"FIGHT_PROP_DEFENSE","depotId":964,"id":964010,"groupId":8},"965001":{"propValue":0.1457,"propType":"FIGHT_PROP_HP_PERCENT","depotId":965,"id":965001,"groupId":3},"965002":{"propValue":0.1457,"propType":"FIGHT_PROP_ATTACK_PERCENT","depotId":965,"id":965002,"groupId":6},"965003":{"propValue":0.1821,"propType":"FIGHT_PROP_DEFENSE_PERCENT","depotId":965,"id":965003,"groupId":9},"965004":{"propValue":0.0971,"propType":"FIGHT_PROP_CRITICAL","depotId":965,"id":965004,"groupId":20},"965005":{"propValue":0.1619,"propType":"FIGHT_PROP_CHARGE_EFFICIENCY","depotId":965,"id":965005,"groupId":23},"965006":{"propValue":58.28,"propType":"FIGHT_PROP_ELEMENT_MASTERY","depotId":965,"id":965006,"groupId":25},"965007":{"propValue":0.1943,"propType":"FIGHT_PROP_CRITICAL_HURT","depotId":965,"id":965007,"groupId":22},"965008":{"propValue":746.88,"propType":"FIGHT_PROP_HP","depotId":965,"id":965008,"groupId":2},"965009":{"propValue":48.63,"propType":"FIGHT_PROP_ATTACK","depotId":965,"id":965009,"groupId":5},"965010":{"propValue":57.87,"propType":"FIGHT_PROP_DEFENSE","depotId":965,"id":965010,"groupId":8},"966001":{"propValue":300,"propType":"FIGHT_PROP_ELEMENT_MASTERY","depotId":966,"id":966001,"groupId":25},"967001":{"propValue":1,"propType":"FIGHT_PROP_CRITICAL","depotId":967,"id":967001,"groupId":20},"968001":{"propValue":-300,"propType":"FIGHT_PROP_ELEMENT_MASTERY","depotId":968,"id":968001,"groupId":25},"969001":{"propValue":-500,"propType":"FIGHT_PROP_DEFENSE","depotId":969,"id":969001,"groupId":8},"970001":{"propValue":0.8,"propType":"FIGHT_PROP_SUB_HURT","depotId":970,"id":970001,"groupId":29},"971001":{"propValue":0.8,"propType":"FIGHT_PROP_ADD_HURT","depotId":971,"id":971001,"groupId":24},"972001":{"propValue":0.8,"propType":"FIGHT_PROP_PHYSICAL_SUB_HURT","depotId":972,"id":972001,"groupId":29},"973001":{"propValue":0.8,"propType":"FIGHT_PROP_ICE_SUB_HURT","depotId":973,"id":973001,"groupId":56},"974001":{"propValue":0.8,"propType":"FIGHT_PROP_ROCK_SUB_HURT","depotId":974,"id":974001,"groupId":55},"975001":{"propValue":0.8,"propType":"FIGHT_PROP_WIND_SUB_HURT","depotId":975,"id":975001,"groupId":54},"976001":{"propValue":0.8,"propType":"FIGHT_PROP_GRASS_SUB_HURT","depotId":976,"id":976001,"groupId":53},"977001":{"propValue":0.8,"propType":"FIGHT_PROP_WATER_SUB_HURT","depotId":977,"id":977001,"groupId":52},"978001":{"propValue":0.8,"propType":"FIGHT_PROP_ELEC_SUB_HURT","depotId":978,"id":978001,"groupId":51},"979001":{"propValue":0.8,"propType":"FIGHT_PROP_FIRE_SUB_HURT","depotId":979,"id":979001,"groupId":50},"980001":{"propValue":0.8,"propType":"FIGHT_PROP_PHYSICAL_ADD_HURT","depotId":980,"id":980001,"groupId":30},"981001":{"propValue":0.8,"propType":"FIGHT_PROP_ICE_ADD_HURT","depotId":981,"id":981001,"groupId":46},"982001":{"propValue":0.8,"propType":"FIGHT_PROP_ROCK_ADD_HURT","depotId":982,"id":982001,"groupId":45},"983001":{"propValue":0.8,"propType":"FIGHT_PROP_WIND_ADD_HURT","depotId":983,"id":983001,"groupId":44},"984001":{"propValue":0.8,"propType":"FIGHT_PROP_GRASS_ADD_HURT","depotId":984,"id":984001,"groupId":43},"985001":{"propValue":0.8,"propType":"FIGHT_PROP_WATER_ADD_HURT","depotId":985,"id":985001,"groupId":42},"986001":{"propValue":0.8,"propType":"FIGHT_PROP_ELEC_ADD_HURT","depotId":986,"id":986001,"groupId":41},"987001":{"propValue":0.8,"propType":"FIGHT_PROP_FIRE_ADD_HURT","depotId":987,"id":987001,"groupId":40},"988001":{"propValue":0.3,"propType":"FIGHT_PROP_SPEED_PERCENT","depotId":988,"id":988001,"groupId":11},"989001":{"propValue":0.5,"propType":"FIGHT_PROP_SKILL_CD_MINUS_RATIO","depotId":989,"id":989001,"groupId":80},"990001":{"propValue":0.8,"propType":"FIGHT_PROP_HEALED_ADD","depotId":990,"id":990001,"groupId":27},"991001":{"propValue":0.8,"propType":"FIGHT_PROP_HEAL_ADD","depotId":991,"id":991001,"groupId":26},"992001":{"propValue":0.8,"propType":"FIGHT_PROP_SHIELD_COST_MINUS_RATIO","depotId":992,"id":992001,"groupId":81},"993001":{"propValue":0.8,"propType":"FIGHT_PROP_CRITICAL_HURT","depotId":993,"id":993001,"groupId":22},"994001":{"propValue":0.8,"propType":"FIGHT_PROP_CRITICAL","depotId":994,"id":994001,"groupId":20},"995001":{"propValue":0.1457,"propType":"FIGHT_PROP_HP_PERCENT","depotId":995,"id":995001,"groupId":3},"995002":{"propValue":0.1457,"propType":"FIGHT_PROP_ATTACK_PERCENT","depotId":995,"id":995002,"groupId":6},"995003":{"propValue":0.1821,"propType":"FIGHT_PROP_DEFENSE_PERCENT","depotId":995,"id":995003,"groupId":9},"995004":{"propValue":0.0971,"propType":"FIGHT_PROP_CRITICAL","depotId":995,"id":995004,"groupId":20},"995005":{"propValue":0.1619,"propType":"FIGHT_PROP_CHARGE_EFFICIENCY","depotId":995,"id":995005,"groupId":23},"995006":{"propValue":58.28,"propType":"FIGHT_PROP_ELEMENT_MASTERY","depotId":995,"id":995006,"groupId":25},"995007":{"propValue":0.1943,"propType":"FIGHT_PROP_CRITICAL_HURT","depotId":995,"id":995007,"groupId":22},"996001":{"propValue":0.0932,"propType":"FIGHT_PROP_HP_PERCENT","depotId":996,"id":996001,"groupId":3},"996002":{"propValue":0.0932,"propType":"FIGHT_PROP_ATTACK_PERCENT","depotId":996,"id":996002,"groupId":6},"996003":{"propValue":0.1166,"propType":"FIGHT_PROP_DEFENSE_PERCENT","depotId":996,"id":996003,"groupId":9},"996004":{"propValue":0.0622,"propType":"FIGHT_PROP_CRITICAL","depotId":996,"id":996004,"groupId":20},"996005":{"propValue":0.1036,"propType":"FIGHT_PROP_CHARGE_EFFICIENCY","depotId":996,"id":996005,"groupId":23},"996006":{"propValue":37.3,"propType":"FIGHT_PROP_ELEMENT_MASTERY","depotId":996,"id":996006,"groupId":25},"996007":{"propValue":0.1243,"propType":"FIGHT_PROP_CRITICAL_HURT","depotId":996,"id":996007,"groupId":22},"996008":{"propValue":478,"propType":"FIGHT_PROP_HP","depotId":996,"id":996008,"groupId":22},"996009":{"propValue":31.12,"propType":"FIGHT_PROP_ATTACK","depotId":996,"id":996009,"groupId":22},"996010":{"propValue":37.04,"propType":"FIGHT_PROP_DEFENSE","depotId":996,"id":996010,"groupId":22},"997001":{"propValue":0.0932,"propType":"FIGHT_PROP_HP_PERCENT","depotId":997,"id":997001,"groupId":3},"997002":{"propValue":0.0932,"propType":"FIGHT_PROP_ATTACK_PERCENT","depotId":997,"id":997002,"groupId":6},"997003":{"propValue":0.1166,"propType":"FIGHT_PROP_DEFENSE_PERCENT","depotId":997,"id":997003,"groupId":9},"997004":{"propValue":0.0622,"propType":"FIGHT_PROP_CRITICAL","depotId":997,"id":997004,"groupId":20},"997005":{"propValue":0.1036,"propType":"FIGHT_PROP_CHARGE_EFFICIENCY","depotId":997,"id":997005,"groupId":23},"997006":{"propValue":37.3,"propType":"FIGHT_PROP_ELEMENT_MASTERY","depotId":997,"id":997006,"groupId":25},"997007":{"propValue":0.1243,"propType":"FIGHT_PROP_CRITICAL_HURT","depotId":997,"id":997007,"groupId":22},"998001":{"propValue":0.1457,"propType":"FIGHT_PROP_HP_PERCENT","depotId":998,"id":998001,"groupId":3},"998002":{"propValue":0.1457,"propType":"FIGHT_PROP_ATTACK_PERCENT","depotId":998,"id":998002,"groupId":6},"998003":{"propValue":0.1821,"propType":"FIGHT_PROP_DEFENSE_PERCENT","depotId":998,"id":998003,"groupId":9},"998004":{"propValue":0.0971,"propType":"FIGHT_PROP_CRITICAL","depotId":998,"id":998004,"groupId":20},"998005":{"propValue":0.1619,"propType":"FIGHT_PROP_CHARGE_EFFICIENCY","depotId":998,"id":998005,"groupId":23},"998006":{"propValue":58.28,"propType":"FIGHT_PROP_ELEMENT_MASTERY","depotId":998,"id":998006,"groupId":25},"998007":{"propValue":0.1943,"propType":"FIGHT_PROP_CRITICAL_HURT","depotId":998,"id":998007,"groupId":22},"999001":{"propValue":3.5,"propType":"FIGHT_PROP_CRITICAL_HURT","depotId":999,"id":999001,"groupId":22},"999002":{"propValue":1,"propType":"FIGHT_PROP_CRITICAL","depotId":999,"id":999002,"groupId":20},"999003":{"propValue":233333,"propType":"FIGHT_PROP_ATTACK","depotId":999,"id":999003,"groupId":5},"999004":{"propValue":233333,"propType":"FIGHT_PROP_DEFENSE","depotId":999,"id":999004,"groupId":8}}