{"101021":{"groupId":2,"depotId":101,"propValue":23.9,"id":101021,"propType":"FIGHT_PROP_HP"},"101022":{"groupId":2,"depotId":101,"propValue":29.88,"id":101022,"propType":"FIGHT_PROP_HP"},"101031":{"groupId":3,"depotId":101,"propValue":0.0117,"id":101031,"propType":"FIGHT_PROP_HP_PERCENT"},"101032":{"groupId":3,"depotId":101,"propValue":0.0146,"id":101032,"propType":"FIGHT_PROP_HP_PERCENT"},"101051":{"groupId":5,"depotId":101,"propValue":1.56,"id":101051,"propType":"FIGHT_PROP_ATTACK"},"101052":{"groupId":5,"depotId":101,"propValue":1.95,"id":101052,"propType":"FIGHT_PROP_ATTACK"},"101061":{"groupId":6,"depotId":101,"propValue":0.0117,"id":101061,"propType":"FIGHT_PROP_ATTACK_PERCENT"},"101062":{"groupId":6,"depotId":101,"propValue":0.0146,"id":101062,"propType":"FIGHT_PROP_ATTACK_PERCENT"},"101081":{"groupId":8,"depotId":101,"propValue":1.85,"id":101081,"propType":"FIGHT_PROP_DEFENSE"},"101082":{"groupId":8,"depotId":101,"propValue":2.31,"id":101082,"propType":"FIGHT_PROP_DEFENSE"},"101091":{"groupId":9,"depotId":101,"propValue":0.0146,"id":101091,"propType":"FIGHT_PROP_DEFENSE_PERCENT"},"101092":{"groupId":9,"depotId":101,"propValue":0.0182,"id":101092,"propType":"FIGHT_PROP_DEFENSE_PERCENT"},"101201":{"groupId":20,"depotId":101,"propValue":0.0078,"id":101201,"propType":"FIGHT_PROP_CRITICAL"},"101202":{"groupId":20,"depotId":101,"propValue":0.0097,"id":101202,"propType":"FIGHT_PROP_CRITICAL"},"101221":{"groupId":22,"depotId":101,"propValue":0.0155,"id":101221,"propType":"FIGHT_PROP_CRITICAL_HURT"},"101222":{"groupId":22,"depotId":101,"propValue":0.0194,"id":101222,"propType":"FIGHT_PROP_CRITICAL_HURT"},"101231":{"groupId":23,"depotId":101,"propValue":0.013,"id":101231,"propType":"FIGHT_PROP_CHARGE_EFFICIENCY"},"101232":{"groupId":23,"depotId":101,"propValue":0.0162,"id":101232,"propType":"FIGHT_PROP_CHARGE_EFFICIENCY"},"101241":{"groupId":24,"depotId":101,"propValue":4.66,"id":101241,"propType":"FIGHT_PROP_ELEMENT_MASTERY"},"101242":{"groupId":24,"depotId":101,"propValue":5.83,"id":101242,"propType":"FIGHT_PROP_ELEMENT_MASTERY"},"201021":{"groupId":2,"depotId":201,"propValue":50.19,"id":201021,"propType":"FIGHT_PROP_HP"},"201022":{"groupId":2,"depotId":201,"propValue":60.95,"id":201022,"propType":"FIGHT_PROP_HP"},"201023":{"groupId":2,"depotId":201,"propValue":71.7,"id":201023,"propType":"FIGHT_PROP_HP"},"201031":{"groupId":3,"depotId":201,"propValue":0.0163,"id":201031,"propType":"FIGHT_PROP_HP_PERCENT"},"201032":{"groupId":3,"depotId":201,"propValue":0.0198,"id":201032,"propType":"FIGHT_PROP_HP_PERCENT"},"201033":{"groupId":3,"depotId":201,"propValue":0.0233,"id":201033,"propType":"FIGHT_PROP_HP_PERCENT"},"201051":{"groupId":5,"depotId":201,"propValue":3.27,"id":201051,"propType":"FIGHT_PROP_ATTACK"},"201052":{"groupId":5,"depotId":201,"propValue":3.97,"id":201052,"propType":"FIGHT_PROP_ATTACK"},"201053":{"groupId":5,"depotId":201,"propValue":4.67,"id":201053,"propType":"FIGHT_PROP_ATTACK"},"201061":{"groupId":6,"depotId":201,"propValue":0.0163,"id":201061,"propType":"FIGHT_PROP_ATTACK_PERCENT"},"201062":{"groupId":6,"depotId":201,"propValue":0.0198,"id":201062,"propType":"FIGHT_PROP_ATTACK_PERCENT"},"201063":{"groupId":6,"depotId":201,"propValue":0.0233,"id":201063,"propType":"FIGHT_PROP_ATTACK_PERCENT"},"201081":{"groupId":8,"depotId":201,"propValue":3.89,"id":201081,"propType":"FIGHT_PROP_DEFENSE"},"201082":{"groupId":8,"depotId":201,"propValue":4.72,"id":201082,"propType":"FIGHT_PROP_DEFENSE"},"201083":{"groupId":8,"depotId":201,"propValue":5.56,"id":201083,"propType":"FIGHT_PROP_DEFENSE"},"201091":{"groupId":9,"depotId":201,"propValue":0.0204,"id":201091,"propType":"FIGHT_PROP_DEFENSE_PERCENT"},"201092":{"groupId":9,"depotId":201,"propValue":0.0248,"id":201092,"propType":"FIGHT_PROP_DEFENSE_PERCENT"},"201093":{"groupId":9,"depotId":201,"propValue":0.0291,"id":201093,"propType":"FIGHT_PROP_DEFENSE_PERCENT"},"201201":{"groupId":20,"depotId":201,"propValue":0.0109,"id":201201,"propType":"FIGHT_PROP_CRITICAL"},"201202":{"groupId":20,"depotId":201,"propValue":0.0132,"id":201202,"propType":"FIGHT_PROP_CRITICAL"},"201203":{"groupId":20,"depotId":201,"propValue":0.0155,"id":201203,"propType":"FIGHT_PROP_CRITICAL"},"201221":{"groupId":22,"depotId":201,"propValue":0.0218,"id":201221,"propType":"FIGHT_PROP_CRITICAL_HURT"},"201222":{"groupId":22,"depotId":201,"propValue":0.0264,"id":201222,"propType":"FIGHT_PROP_CRITICAL_HURT"},"201223":{"groupId":22,"depotId":201,"propValue":0.0311,"id":201223,"propType":"FIGHT_PROP_CRITICAL_HURT"},"201231":{"groupId":23,"depotId":201,"propValue":0.0181,"id":201231,"propType":"FIGHT_PROP_CHARGE_EFFICIENCY"},"201232":{"groupId":23,"depotId":201,"propValue":0.022,"id":201232,"propType":"FIGHT_PROP_CHARGE_EFFICIENCY"},"201233":{"groupId":23,"depotId":201,"propValue":0.0259,"id":201233,"propType":"FIGHT_PROP_CHARGE_EFFICIENCY"},"201241":{"groupId":24,"depotId":201,"propValue":6.53,"id":201241,"propType":"FIGHT_PROP_ELEMENT_MASTERY"},"201242":{"groupId":24,"depotId":201,"propValue":7.93,"id":201242,"propType":"FIGHT_PROP_ELEMENT_MASTERY"},"201243":{"groupId":24,"depotId":201,"propValue":9.33,"id":201243,"propType":"FIGHT_PROP_ELEMENT_MASTERY"},"301021":{"groupId":2,"depotId":301,"propValue":100.38,"id":301021,"propType":"FIGHT_PROP_HP"},"301022":{"groupId":2,"depotId":301,"propValue":114.72,"id":301022,"propType":"FIGHT_PROP_HP"},"301023":{"groupId":2,"depotId":301,"propValue":129.06,"id":301023,"propType":"FIGHT_PROP_HP"},"301024":{"groupId":2,"depotId":301,"propValue":143.4,"id":301024,"propType":"FIGHT_PROP_HP"},"301031":{"groupId":3,"depotId":301,"propValue":0.0245,"id":301031,"propType":"FIGHT_PROP_HP_PERCENT"},"301032":{"groupId":3,"depotId":301,"propValue":0.028,"id":301032,"propType":"FIGHT_PROP_HP_PERCENT"},"301033":{"groupId":3,"depotId":301,"propValue":0.0315,"id":301033,"propType":"FIGHT_PROP_HP_PERCENT"},"301034":{"groupId":3,"depotId":301,"propValue":0.035,"id":301034,"propType":"FIGHT_PROP_HP_PERCENT"},"301051":{"groupId":5,"depotId":301,"propValue":6.54,"id":301051,"propType":"FIGHT_PROP_ATTACK"},"301052":{"groupId":5,"depotId":301,"propValue":7.47,"id":301052,"propType":"FIGHT_PROP_ATTACK"},"301053":{"groupId":5,"depotId":301,"propValue":8.4,"id":301053,"propType":"FIGHT_PROP_ATTACK"},"301054":{"groupId":5,"depotId":301,"propValue":9.34,"id":301054,"propType":"FIGHT_PROP_ATTACK"},"301061":{"groupId":6,"depotId":301,"propValue":0.0245,"id":301061,"propType":"FIGHT_PROP_ATTACK_PERCENT"},"301062":{"groupId":6,"depotId":301,"propValue":0.028,"id":301062,"propType":"FIGHT_PROP_ATTACK_PERCENT"},"301063":{"groupId":6,"depotId":301,"propValue":0.0315,"id":301063,"propType":"FIGHT_PROP_ATTACK_PERCENT"},"301064":{"groupId":6,"depotId":301,"propValue":0.035,"id":301064,"propType":"FIGHT_PROP_ATTACK_PERCENT"},"301081":{"groupId":8,"depotId":301,"propValue":7.78,"id":301081,"propType":"FIGHT_PROP_DEFENSE"},"301082":{"groupId":8,"depotId":301,"propValue":8.89,"id":301082,"propType":"FIGHT_PROP_DEFENSE"},"301083":{"groupId":8,"depotId":301,"propValue":10,"id":301083,"propType":"FIGHT_PROP_DEFENSE"},"301084":{"groupId":8,"depotId":301,"propValue":11.11,"id":301084,"propType":"FIGHT_PROP_DEFENSE"},"301091":{"groupId":9,"depotId":301,"propValue":0.0306,"id":301091,"propType":"FIGHT_PROP_DEFENSE_PERCENT"},"301092":{"groupId":9,"depotId":301,"propValue":0.035,"id":301092,"propType":"FIGHT_PROP_DEFENSE_PERCENT"},"301093":{"groupId":9,"depotId":301,"propValue":0.0393,"id":301093,"propType":"FIGHT_PROP_DEFENSE_PERCENT"},"301094":{"groupId":9,"depotId":301,"propValue":0.0437,"id":301094,"propType":"FIGHT_PROP_DEFENSE_PERCENT"},"301201":{"groupId":20,"depotId":301,"propValue":0.0163,"id":301201,"propType":"FIGHT_PROP_CRITICAL"},"301202":{"groupId":20,"depotId":301,"propValue":0.0186,"id":301202,"propType":"FIGHT_PROP_CRITICAL"},"301203":{"groupId":20,"depotId":301,"propValue":0.021,"id":301203,"propType":"FIGHT_PROP_CRITICAL"},"301204":{"groupId":20,"depotId":301,"propValue":0.0233,"id":301204,"propType":"FIGHT_PROP_CRITICAL"},"301221":{"groupId":22,"depotId":301,"propValue":0.0326,"id":301221,"propType":"FIGHT_PROP_CRITICAL_HURT"},"301222":{"groupId":22,"depotId":301,"propValue":0.0373,"id":301222,"propType":"FIGHT_PROP_CRITICAL_HURT"},"301223":{"groupId":22,"depotId":301,"propValue":0.042,"id":301223,"propType":"FIGHT_PROP_CRITICAL_HURT"},"301224":{"groupId":22,"depotId":301,"propValue":0.0466,"id":301224,"propType":"FIGHT_PROP_CRITICAL_HURT"},"301231":{"groupId":23,"depotId":301,"propValue":0.0272,"id":301231,"propType":"FIGHT_PROP_CHARGE_EFFICIENCY"},"301232":{"groupId":23,"depotId":301,"propValue":0.0311,"id":301232,"propType":"FIGHT_PROP_CHARGE_EFFICIENCY"},"301233":{"groupId":23,"depotId":301,"propValue":0.035,"id":301233,"propType":"FIGHT_PROP_CHARGE_EFFICIENCY"},"301234":{"groupId":23,"depotId":301,"propValue":0.0389,"id":301234,"propType":"FIGHT_PROP_CHARGE_EFFICIENCY"},"301241":{"groupId":24,"depotId":301,"propValue":9.79,"id":301241,"propType":"FIGHT_PROP_ELEMENT_MASTERY"},"301242":{"groupId":24,"depotId":301,"propValue":11.19,"id":301242,"propType":"FIGHT_PROP_ELEMENT_MASTERY"},"301243":{"groupId":24,"depotId":301,"propValue":12.59,"id":301243,"propType":"FIGHT_PROP_ELEMENT_MASTERY"},"301244":{"groupId":24,"depotId":301,"propValue":13.99,"id":301244,"propType":"FIGHT_PROP_ELEMENT_MASTERY"},"401021":{"groupId":2,"depotId":401,"propValue":167.3,"id":401021,"propType":"FIGHT_PROP_HP"},"401022":{"groupId":2,"depotId":401,"propValue":191.2,"id":401022,"propType":"FIGHT_PROP_HP"},"401023":{"groupId":2,"depotId":401,"propValue":215.1,"id":401023,"propType":"FIGHT_PROP_HP"},"401024":{"groupId":2,"depotId":401,"propValue":239,"id":401024,"propType":"FIGHT_PROP_HP"},"401031":{"groupId":3,"depotId":401,"propValue":0.0326,"id":401031,"propType":"FIGHT_PROP_HP_PERCENT"},"401032":{"groupId":3,"depotId":401,"propValue":0.0373,"id":401032,"propType":"FIGHT_PROP_HP_PERCENT"},"401033":{"groupId":3,"depotId":401,"propValue":0.042,"id":401033,"propType":"FIGHT_PROP_HP_PERCENT"},"401034":{"groupId":3,"depotId":401,"propValue":0.0466,"id":401034,"propType":"FIGHT_PROP_HP_PERCENT"},"401051":{"groupId":5,"depotId":401,"propValue":10.89,"id":401051,"propType":"FIGHT_PROP_ATTACK"},"401052":{"groupId":5,"depotId":401,"propValue":12.45,"id":401052,"propType":"FIGHT_PROP_ATTACK"},"401053":{"groupId":5,"depotId":401,"propValue":14,"id":401053,"propType":"FIGHT_PROP_ATTACK"},"401054":{"groupId":5,"depotId":401,"propValue":15.56,"id":401054,"propType":"FIGHT_PROP_ATTACK"},"401061":{"groupId":6,"depotId":401,"propValue":0.0326,"id":401061,"propType":"FIGHT_PROP_ATTACK_PERCENT"},"401062":{"groupId":6,"depotId":401,"propValue":0.0373,"id":401062,"propType":"FIGHT_PROP_ATTACK_PERCENT"},"401063":{"groupId":6,"depotId":401,"propValue":0.042,"id":401063,"propType":"FIGHT_PROP_ATTACK_PERCENT"},"401064":{"groupId":6,"depotId":401,"propValue":0.0466,"id":401064,"propType":"FIGHT_PROP_ATTACK_PERCENT"},"401081":{"groupId":8,"depotId":401,"propValue":12.96,"id":401081,"propType":"FIGHT_PROP_DEFENSE"},"401082":{"groupId":8,"depotId":401,"propValue":14.82,"id":401082,"propType":"FIGHT_PROP_DEFENSE"},"401083":{"groupId":8,"depotId":401,"propValue":16.67,"id":401083,"propType":"FIGHT_PROP_DEFENSE"},"401084":{"groupId":8,"depotId":401,"propValue":18.52,"id":401084,"propType":"FIGHT_PROP_DEFENSE"},"401091":{"groupId":9,"depotId":401,"propValue":0.0408,"id":401091,"propType":"FIGHT_PROP_DEFENSE_PERCENT"},"401092":{"groupId":9,"depotId":401,"propValue":0.0466,"id":401092,"propType":"FIGHT_PROP_DEFENSE_PERCENT"},"401093":{"groupId":9,"depotId":401,"propValue":0.0525,"id":401093,"propType":"FIGHT_PROP_DEFENSE_PERCENT"},"401094":{"groupId":9,"depotId":401,"propValue":0.0583,"id":401094,"propType":"FIGHT_PROP_DEFENSE_PERCENT"},"401201":{"groupId":20,"depotId":401,"propValue":0.0218,"id":401201,"propType":"FIGHT_PROP_CRITICAL"},"401202":{"groupId":20,"depotId":401,"propValue":0.0249,"id":401202,"propType":"FIGHT_PROP_CRITICAL"},"401203":{"groupId":20,"depotId":401,"propValue":0.028,"id":401203,"propType":"FIGHT_PROP_CRITICAL"},"401204":{"groupId":20,"depotId":401,"propValue":0.0311,"id":401204,"propType":"FIGHT_PROP_CRITICAL"},"401221":{"groupId":22,"depotId":401,"propValue":0.0435,"id":401221,"propType":"FIGHT_PROP_CRITICAL_HURT"},"401222":{"groupId":22,"depotId":401,"propValue":0.0497,"id":401222,"propType":"FIGHT_PROP_CRITICAL_HURT"},"401223":{"groupId":22,"depotId":401,"propValue":0.056,"id":401223,"propType":"FIGHT_PROP_CRITICAL_HURT"},"401224":{"groupId":22,"depotId":401,"propValue":0.0622,"id":401224,"propType":"FIGHT_PROP_CRITICAL_HURT"},"401231":{"groupId":23,"depotId":401,"propValue":0.0363,"id":401231,"propType":"FIGHT_PROP_CHARGE_EFFICIENCY"},"401232":{"groupId":23,"depotId":401,"propValue":0.0414,"id":401232,"propType":"FIGHT_PROP_CHARGE_EFFICIENCY"},"401233":{"groupId":23,"depotId":401,"propValue":0.0466,"id":401233,"propType":"FIGHT_PROP_CHARGE_EFFICIENCY"},"401234":{"groupId":23,"depotId":401,"propValue":0.0518,"id":401234,"propType":"FIGHT_PROP_CHARGE_EFFICIENCY"},"401241":{"groupId":24,"depotId":401,"propValue":13.06,"id":401241,"propType":"FIGHT_PROP_ELEMENT_MASTERY"},"401242":{"groupId":24,"depotId":401,"propValue":14.92,"id":401242,"propType":"FIGHT_PROP_ELEMENT_MASTERY"},"401243":{"groupId":24,"depotId":401,"propValue":16.79,"id":401243,"propType":"FIGHT_PROP_ELEMENT_MASTERY"},"401244":{"groupId":24,"depotId":401,"propValue":18.65,"id":401244,"propType":"FIGHT_PROP_ELEMENT_MASTERY"},"501021":{"groupId":2,"depotId":501,"propValue":209.13,"id":501021,"propType":"FIGHT_PROP_HP"},"501022":{"groupId":2,"depotId":501,"propValue":239,"id":501022,"propType":"FIGHT_PROP_HP"},"501023":{"groupId":2,"depotId":501,"propValue":268.88,"id":501023,"propType":"FIGHT_PROP_HP"},"501024":{"groupId":2,"depotId":501,"propValue":298.75,"id":501024,"propType":"FIGHT_PROP_HP"},"501031":{"groupId":3,"depotId":501,"propValue":0.0408,"id":501031,"propType":"FIGHT_PROP_HP_PERCENT"},"501032":{"groupId":3,"depotId":501,"propValue":0.0466,"id":501032,"propType":"FIGHT_PROP_HP_PERCENT"},"501033":{"groupId":3,"depotId":501,"propValue":0.0525,"id":501033,"propType":"FIGHT_PROP_HP_PERCENT"},"501034":{"groupId":3,"depotId":501,"propValue":0.0583,"id":501034,"propType":"FIGHT_PROP_HP_PERCENT"},"501051":{"groupId":5,"depotId":501,"propValue":13.62,"id":501051,"propType":"FIGHT_PROP_ATTACK"},"501052":{"groupId":5,"depotId":501,"propValue":15.56,"id":501052,"propType":"FIGHT_PROP_ATTACK"},"501053":{"groupId":5,"depotId":501,"propValue":17.51,"id":501053,"propType":"FIGHT_PROP_ATTACK"},"501054":{"groupId":5,"depotId":501,"propValue":19.45,"id":501054,"propType":"FIGHT_PROP_ATTACK"},"501061":{"groupId":6,"depotId":501,"propValue":0.0408,"id":501061,"propType":"FIGHT_PROP_ATTACK_PERCENT"},"501062":{"groupId":6,"depotId":501,"propValue":0.0466,"id":501062,"propType":"FIGHT_PROP_ATTACK_PERCENT"},"501063":{"groupId":6,"depotId":501,"propValue":0.0525,"id":501063,"propType":"FIGHT_PROP_ATTACK_PERCENT"},"501064":{"groupId":6,"depotId":501,"propValue":0.0583,"id":501064,"propType":"FIGHT_PROP_ATTACK_PERCENT"},"501081":{"groupId":8,"depotId":501,"propValue":16.2,"id":501081,"propType":"FIGHT_PROP_DEFENSE"},"501082":{"groupId":8,"depotId":501,"propValue":18.52,"id":501082,"propType":"FIGHT_PROP_DEFENSE"},"501083":{"groupId":8,"depotId":501,"propValue":20.83,"id":501083,"propType":"FIGHT_PROP_DEFENSE"},"501084":{"groupId":8,"depotId":501,"propValue":23.15,"id":501084,"propType":"FIGHT_PROP_DEFENSE"},"501091":{"groupId":9,"depotId":501,"propValue":0.051,"id":501091,"propType":"FIGHT_PROP_DEFENSE_PERCENT"},"501092":{"groupId":9,"depotId":501,"propValue":0.0583,"id":501092,"propType":"FIGHT_PROP_DEFENSE_PERCENT"},"501093":{"groupId":9,"depotId":501,"propValue":0.0656,"id":501093,"propType":"FIGHT_PROP_DEFENSE_PERCENT"},"501094":{"groupId":9,"depotId":501,"propValue":0.0729,"id":501094,"propType":"FIGHT_PROP_DEFENSE_PERCENT"},"501201":{"groupId":20,"depotId":501,"propValue":0.0272,"id":501201,"propType":"FIGHT_PROP_CRITICAL"},"501202":{"groupId":20,"depotId":501,"propValue":0.0311,"id":501202,"propType":"FIGHT_PROP_CRITICAL"},"501203":{"groupId":20,"depotId":501,"propValue":0.035,"id":501203,"propType":"FIGHT_PROP_CRITICAL"},"501204":{"groupId":20,"depotId":501,"propValue":0.0389,"id":501204,"propType":"FIGHT_PROP_CRITICAL"},"501221":{"groupId":22,"depotId":501,"propValue":0.0544,"id":501221,"propType":"FIGHT_PROP_CRITICAL_HURT"},"501222":{"groupId":22,"depotId":501,"propValue":0.0622,"id":501222,"propType":"FIGHT_PROP_CRITICAL_HURT"},"501223":{"groupId":22,"depotId":501,"propValue":0.0699,"id":501223,"propType":"FIGHT_PROP_CRITICAL_HURT"},"501224":{"groupId":22,"depotId":501,"propValue":0.0777,"id":501224,"propType":"FIGHT_PROP_CRITICAL_HURT"},"501231":{"groupId":23,"depotId":501,"propValue":0.0453,"id":501231,"propType":"FIGHT_PROP_CHARGE_EFFICIENCY"},"501232":{"groupId":23,"depotId":501,"propValue":0.0518,"id":501232,"propType":"FIGHT_PROP_CHARGE_EFFICIENCY"},"501233":{"groupId":23,"depotId":501,"propValue":0.0583,"id":501233,"propType":"FIGHT_PROP_CHARGE_EFFICIENCY"},"501234":{"groupId":23,"depotId":501,"propValue":0.0648,"id":501234,"propType":"FIGHT_PROP_CHARGE_EFFICIENCY"},"501241":{"groupId":24,"depotId":501,"propValue":16.32,"id":501241,"propType":"FIGHT_PROP_ELEMENT_MASTERY"},"501242":{"groupId":24,"depotId":501,"propValue":18.65,"id":501242,"propType":"FIGHT_PROP_ELEMENT_MASTERY"},"501243":{"groupId":24,"depotId":501,"propValue":20.98,"id":501243,"propType":"FIGHT_PROP_ELEMENT_MASTERY"},"501244":{"groupId":24,"depotId":501,"propValue":23.31,"id":501244,"propType":"FIGHT_PROP_ELEMENT_MASTERY"},"941001":{"groupId":3,"depotId":941,"propValue":0.0932,"id":941001,"propType":"FIGHT_PROP_HP_PERCENT"},"941002":{"groupId":6,"depotId":941,"propValue":0.0932,"id":941002,"propType":"FIGHT_PROP_ATTACK_PERCENT"},"941003":{"groupId":9,"depotId":941,"propValue":0.1166,"id":941003,"propType":"FIGHT_PROP_DEFENSE_PERCENT"},"941004":{"groupId":20,"depotId":941,"propValue":0.0622,"id":941004,"propType":"FIGHT_PROP_CRITICAL"},"941005":{"groupId":23,"depotId":941,"propValue":0.1036,"id":941005,"propType":"FIGHT_PROP_CHARGE_EFFICIENCY"},"941006":{"groupId":25,"depotId":941,"propValue":37.3,"id":941006,"propType":"FIGHT_PROP_ELEMENT_MASTERY"},"941007":{"groupId":22,"depotId":941,"propValue":0.1243,"id":941007,"propType":"FIGHT_PROP_CRITICAL_HURT"},"942001":{"groupId":3,"depotId":942,"propValue":0.0932,"id":942001,"propType":"FIGHT_PROP_HP_PERCENT"},"942002":{"groupId":6,"depotId":942,"propValue":0.0932,"id":942002,"propType":"FIGHT_PROP_ATTACK_PERCENT"},"942003":{"groupId":9,"depotId":942,"propValue":0.1166,"id":942003,"propType":"FIGHT_PROP_DEFENSE_PERCENT"},"942004":{"groupId":20,"depotId":942,"propValue":0.0622,"id":942004,"propType":"FIGHT_PROP_CRITICAL"},"942005":{"groupId":23,"depotId":942,"propValue":0.1036,"id":942005,"propType":"FIGHT_PROP_CHARGE_EFFICIENCY"},"942006":{"groupId":25,"depotId":942,"propValue":37.3,"id":942006,"propType":"FIGHT_PROP_ELEMENT_MASTERY"},"942007":{"groupId":22,"depotId":942,"propValue":0.1243,"id":942007,"propType":"FIGHT_PROP_CRITICAL_HURT"},"943001":{"groupId":3,"depotId":943,"propValue":0.0932,"id":943001,"propType":"FIGHT_PROP_HP_PERCENT"},"943002":{"groupId":6,"depotId":943,"propValue":0.0932,"id":943002,"propType":"FIGHT_PROP_ATTACK_PERCENT"},"943003":{"groupId":9,"depotId":943,"propValue":0.1166,"id":943003,"propType":"FIGHT_PROP_DEFENSE_PERCENT"},"943004":{"groupId":20,"depotId":943,"propValue":0.0622,"id":943004,"propType":"FIGHT_PROP_CRITICAL"},"943005":{"groupId":23,"depotId":943,"propValue":0.1036,"id":943005,"propType":"FIGHT_PROP_CHARGE_EFFICIENCY"},"943006":{"groupId":25,"depotId":943,"propValue":37.3,"id":943006,"propType":"FIGHT_PROP_ELEMENT_MASTERY"},"943007":{"groupId":22,"depotId":943,"propValue":0.1243,"id":943007,"propType":"FIGHT_PROP_CRITICAL_HURT"},"946001":{"groupId":3,"depotId":946,"propValue":0.0932,"id":946001,"propType":"FIGHT_PROP_HP_PERCENT"},"946002":{"groupId":6,"depotId":946,"propValue":0.0932,"id":946002,"propType":"FIGHT_PROP_ATTACK_PERCENT"},"946003":{"groupId":9,"depotId":946,"propValue":0.1166,"id":946003,"propType":"FIGHT_PROP_DEFENSE_PERCENT"},"946004":{"groupId":20,"depotId":946,"propValue":0.0622,"id":946004,"propType":"FIGHT_PROP_CRITICAL"},"946005":{"groupId":23,"depotId":946,"propValue":0.1036,"id":946005,"propType":"FIGHT_PROP_CHARGE_EFFICIENCY"},"946006":{"groupId":25,"depotId":946,"propValue":37.3,"id":946006,"propType":"FIGHT_PROP_ELEMENT_MASTERY"},"946007":{"groupId":22,"depotId":946,"propValue":0.1243,"id":946007,"propType":"FIGHT_PROP_CRITICAL_HURT"},"947001":{"groupId":3,"depotId":947,"propValue":0.0396,"id":947001,"propType":"FIGHT_PROP_HP_PERCENT"},"947002":{"groupId":6,"depotId":947,"propValue":0.0396,"id":947002,"propType":"FIGHT_PROP_ATTACK_PERCENT"},"947003":{"groupId":9,"depotId":947,"propValue":0.0495,"id":947003,"propType":"FIGHT_PROP_DEFENSE_PERCENT"},"947004":{"groupId":20,"depotId":947,"propValue":0.0264,"id":947004,"propType":"FIGHT_PROP_CRITICAL"},"947005":{"groupId":23,"depotId":947,"propValue":0.044,"id":947005,"propType":"FIGHT_PROP_CHARGE_EFFICIENCY"},"947006":{"groupId":25,"depotId":947,"propValue":15.85,"id":947006,"propType":"FIGHT_PROP_ELEMENT_MASTERY"},"947007":{"groupId":22,"depotId":947,"propValue":0.0528,"id":947007,"propType":"FIGHT_PROP_CRITICAL_HURT"},"947008":{"groupId":22,"depotId":947,"propValue":203.15,"id":947008,"propType":"FIGHT_PROP_HP"},"947009":{"groupId":22,"depotId":947,"propValue":13.23,"id":947009,"propType":"FIGHT_PROP_ATTACK"},"947010":{"groupId":22,"depotId":947,"propValue":15.74,"id":947010,"propType":"FIGHT_PROP_DEFENSE"},"951001":{"groupId":3,"depotId":951,"propValue":0.1457,"id":951001,"propType":"FIGHT_PROP_HP_PERCENT"},"951002":{"groupId":6,"depotId":951,"propValue":0.1457,"id":951002,"propType":"FIGHT_PROP_ATTACK_PERCENT"},"951003":{"groupId":9,"depotId":951,"propValue":0.1821,"id":951003,"propType":"FIGHT_PROP_DEFENSE_PERCENT"},"951004":{"groupId":20,"depotId":951,"propValue":0.0971,"id":951004,"propType":"FIGHT_PROP_CRITICAL"},"951005":{"groupId":23,"depotId":951,"propValue":0.1619,"id":951005,"propType":"FIGHT_PROP_CHARGE_EFFICIENCY"},"951006":{"groupId":25,"depotId":951,"propValue":58.28,"id":951006,"propType":"FIGHT_PROP_ELEMENT_MASTERY"},"951007":{"groupId":22,"depotId":951,"propValue":0.1943,"id":951007,"propType":"FIGHT_PROP_CRITICAL_HURT"},"952001":{"groupId":3,"depotId":952,"propValue":0.1457,"id":952001,"propType":"FIGHT_PROP_HP_PERCENT"},"952002":{"groupId":6,"depotId":952,"propValue":0.1457,"id":952002,"propType":"FIGHT_PROP_ATTACK_PERCENT"},"952003":{"groupId":9,"depotId":952,"propValue":0.1821,"id":952003,"propType":"FIGHT_PROP_DEFENSE_PERCENT"},"952004":{"groupId":20,"depotId":952,"propValue":0.0971,"id":952004,"propType":"FIGHT_PROP_CRITICAL"},"952005":{"groupId":23,"depotId":952,"propValue":0.1619,"id":952005,"propType":"FIGHT_PROP_CHARGE_EFFICIENCY"},"952006":{"groupId":25,"depotId":952,"propValue":58.28,"id":952006,"propType":"FIGHT_PROP_ELEMENT_MASTERY"},"952007":{"groupId":22,"depotId":952,"propValue":0.1943,"id":952007,"propType":"FIGHT_PROP_CRITICAL_HURT"},"953001":{"groupId":3,"depotId":953,"propValue":0.1457,"id":953001,"propType":"FIGHT_PROP_HP_PERCENT"},"953002":{"groupId":6,"depotId":953,"propValue":0.1457,"id":953002,"propType":"FIGHT_PROP_ATTACK_PERCENT"},"953003":{"groupId":9,"depotId":953,"propValue":0.1821,"id":953003,"propType":"FIGHT_PROP_DEFENSE_PERCENT"},"953004":{"groupId":20,"depotId":953,"propValue":0.0971,"id":953004,"propType":"FIGHT_PROP_CRITICAL"},"953005":{"groupId":23,"depotId":953,"propValue":0.1619,"id":953005,"propType":"FIGHT_PROP_CHARGE_EFFICIENCY"},"953006":{"groupId":25,"depotId":953,"propValue":58.28,"id":953006,"propType":"FIGHT_PROP_ELEMENT_MASTERY"},"953007":{"groupId":22,"depotId":953,"propValue":0.1943,"id":953007,"propType":"FIGHT_PROP_CRITICAL_HURT"},"956001":{"groupId":3,"depotId":956,"propValue":0.1457,"id":956001,"propType":"FIGHT_PROP_HP_PERCENT"},"956002":{"groupId":6,"depotId":956,"propValue":0.1457,"id":956002,"propType":"FIGHT_PROP_ATTACK_PERCENT"},"956003":{"groupId":9,"depotId":956,"propValue":0.1821,"id":956003,"propType":"FIGHT_PROP_DEFENSE_PERCENT"},"956004":{"groupId":20,"depotId":956,"propValue":0.0971,"id":956004,"propType":"FIGHT_PROP_CRITICAL"},"956005":{"groupId":23,"depotId":956,"propValue":0.1619,"id":956005,"propType":"FIGHT_PROP_CHARGE_EFFICIENCY"},"956006":{"groupId":25,"depotId":956,"propValue":58.28,"id":956006,"propType":"FIGHT_PROP_ELEMENT_MASTERY"},"956007":{"groupId":22,"depotId":956,"propValue":0.1943,"id":956007,"propType":"FIGHT_PROP_CRITICAL_HURT"},"961001":{"groupId":3,"depotId":961,"propValue":0.1457,"id":961001,"propType":"FIGHT_PROP_HP_PERCENT"},"961002":{"groupId":6,"depotId":961,"propValue":0.1457,"id":961002,"propType":"FIGHT_PROP_ATTACK_PERCENT"},"961003":{"groupId":9,"depotId":961,"propValue":0.1821,"id":961003,"propType":"FIGHT_PROP_DEFENSE_PERCENT"},"961004":{"groupId":20,"depotId":961,"propValue":0.0971,"id":961004,"propType":"FIGHT_PROP_CRITICAL"},"961005":{"groupId":23,"depotId":961,"propValue":0.1619,"id":961005,"propType":"FIGHT_PROP_CHARGE_EFFICIENCY"},"961006":{"groupId":25,"depotId":961,"propValue":58.28,"id":961006,"propType":"FIGHT_PROP_ELEMENT_MASTERY"},"961007":{"groupId":22,"depotId":961,"propValue":0.1943,"id":961007,"propType":"FIGHT_PROP_CRITICAL_HURT"},"961008":{"groupId":2,"depotId":961,"propValue":746.88,"id":961008,"propType":"FIGHT_PROP_HP"},"961009":{"groupId":5,"depotId":961,"propValue":48.63,"id":961009,"propType":"FIGHT_PROP_ATTACK"},"961010":{"groupId":8,"depotId":961,"propValue":57.87,"id":961010,"propType":"FIGHT_PROP_DEFENSE"},"962001":{"groupId":3,"depotId":962,"propValue":0.1457,"id":962001,"propType":"FIGHT_PROP_HP_PERCENT"},"962002":{"groupId":6,"depotId":962,"propValue":0.1457,"id":962002,"propType":"FIGHT_PROP_ATTACK_PERCENT"},"962003":{"groupId":9,"depotId":962,"propValue":0.1821,"id":962003,"propType":"FIGHT_PROP_DEFENSE_PERCENT"},"962004":{"groupId":20,"depotId":962,"propValue":0.0971,"id":962004,"propType":"FIGHT_PROP_CRITICAL"},"962005":{"groupId":23,"depotId":962,"propValue":0.1619,"id":962005,"propType":"FIGHT_PROP_CHARGE_EFFICIENCY"},"962006":{"groupId":25,"depotId":962,"propValue":58.28,"id":962006,"propType":"FIGHT_PROP_ELEMENT_MASTERY"},"962007":{"groupId":22,"depotId":962,"propValue":0.1943,"id":962007,"propType":"FIGHT_PROP_CRITICAL_HURT"},"962008":{"groupId":2,"depotId":962,"propValue":746.88,"id":962008,"propType":"FIGHT_PROP_HP"},"962009":{"groupId":5,"depotId":962,"propValue":48.63,"id":962009,"propType":"FIGHT_PROP_ATTACK"},"962010":{"groupId":8,"depotId":962,"propValue":57.87,"id":962010,"propType":"FIGHT_PROP_DEFENSE"},"963001":{"groupId":3,"depotId":963,"propValue":0.1457,"id":963001,"propType":"FIGHT_PROP_HP_PERCENT"},"963002":{"groupId":6,"depotId":963,"propValue":0.1457,"id":963002,"propType":"FIGHT_PROP_ATTACK_PERCENT"},"963003":{"groupId":9,"depotId":963,"propValue":0.1821,"id":963003,"propType":"FIGHT_PROP_DEFENSE_PERCENT"},"963004":{"groupId":20,"depotId":963,"propValue":0.0971,"id":963004,"propType":"FIGHT_PROP_CRITICAL"},"963005":{"groupId":23,"depotId":963,"propValue":0.1619,"id":963005,"propType":"FIGHT_PROP_CHARGE_EFFICIENCY"},"963006":{"groupId":25,"depotId":963,"propValue":58.28,"id":963006,"propType":"FIGHT_PROP_ELEMENT_MASTERY"},"963007":{"groupId":22,"depotId":963,"propValue":0.1943,"id":963007,"propType":"FIGHT_PROP_CRITICAL_HURT"},"963008":{"groupId":2,"depotId":963,"propValue":746.88,"id":963008,"propType":"FIGHT_PROP_HP"},"963009":{"groupId":5,"depotId":963,"propValue":48.63,"id":963009,"propType":"FIGHT_PROP_ATTACK"},"963010":{"groupId":8,"depotId":963,"propValue":57.87,"id":963010,"propType":"FIGHT_PROP_DEFENSE"},"964001":{"groupId":3,"depotId":964,"propValue":0.1457,"id":964001,"propType":"FIGHT_PROP_HP_PERCENT"},"964002":{"groupId":6,"depotId":964,"propValue":0.1457,"id":964002,"propType":"FIGHT_PROP_ATTACK_PERCENT"},"964003":{"groupId":9,"depotId":964,"propValue":0.1821,"id":964003,"propType":"FIGHT_PROP_DEFENSE_PERCENT"},"964004":{"groupId":20,"depotId":964,"propValue":0.0971,"id":964004,"propType":"FIGHT_PROP_CRITICAL"},"964005":{"groupId":23,"depotId":964,"propValue":0.1619,"id":964005,"propType":"FIGHT_PROP_CHARGE_EFFICIENCY"},"964006":{"groupId":25,"depotId":964,"propValue":58.28,"id":964006,"propType":"FIGHT_PROP_ELEMENT_MASTERY"},"964007":{"groupId":22,"depotId":964,"propValue":0.1943,"id":964007,"propType":"FIGHT_PROP_CRITICAL_HURT"},"964008":{"groupId":2,"depotId":964,"propValue":746.88,"id":964008,"propType":"FIGHT_PROP_HP"},"964009":{"groupId":5,"depotId":964,"propValue":48.63,"id":964009,"propType":"FIGHT_PROP_ATTACK"},"964010":{"groupId":8,"depotId":964,"propValue":57.87,"id":964010,"propType":"FIGHT_PROP_DEFENSE"},"965001":{"groupId":3,"depotId":965,"propValue":0.1457,"id":965001,"propType":"FIGHT_PROP_HP_PERCENT"},"965002":{"groupId":6,"depotId":965,"propValue":0.1457,"id":965002,"propType":"FIGHT_PROP_ATTACK_PERCENT"},"965003":{"groupId":9,"depotId":965,"propValue":0.1821,"id":965003,"propType":"FIGHT_PROP_DEFENSE_PERCENT"},"965004":{"groupId":20,"depotId":965,"propValue":0.0971,"id":965004,"propType":"FIGHT_PROP_CRITICAL"},"965005":{"groupId":23,"depotId":965,"propValue":0.1619,"id":965005,"propType":"FIGHT_PROP_CHARGE_EFFICIENCY"},"965006":{"groupId":25,"depotId":965,"propValue":58.28,"id":965006,"propType":"FIGHT_PROP_ELEMENT_MASTERY"},"965007":{"groupId":22,"depotId":965,"propValue":0.1943,"id":965007,"propType":"FIGHT_PROP_CRITICAL_HURT"},"965008":{"groupId":2,"depotId":965,"propValue":746.88,"id":965008,"propType":"FIGHT_PROP_HP"},"965009":{"groupId":5,"depotId":965,"propValue":48.63,"id":965009,"propType":"FIGHT_PROP_ATTACK"},"965010":{"groupId":8,"depotId":965,"propValue":57.87,"id":965010,"propType":"FIGHT_PROP_DEFENSE"},"966001":{"groupId":25,"depotId":966,"propValue":300,"id":966001,"propType":"FIGHT_PROP_ELEMENT_MASTERY"},"967001":{"groupId":20,"depotId":967,"propValue":1,"id":967001,"propType":"FIGHT_PROP_CRITICAL"},"968001":{"groupId":25,"depotId":968,"propValue":-300,"id":968001,"propType":"FIGHT_PROP_ELEMENT_MASTERY"},"969001":{"groupId":8,"depotId":969,"propValue":-500,"id":969001,"propType":"FIGHT_PROP_DEFENSE"},"970001":{"groupId":29,"depotId":970,"propValue":0.8,"id":970001,"propType":"FIGHT_PROP_SUB_HURT"},"971001":{"groupId":24,"depotId":971,"propValue":0.8,"id":971001,"propType":"FIGHT_PROP_ADD_HURT"},"972001":{"groupId":29,"depotId":972,"propValue":0.8,"id":972001,"propType":"FIGHT_PROP_PHYSICAL_SUB_HURT"},"973001":{"groupId":56,"depotId":973,"propValue":0.8,"id":973001,"propType":"FIGHT_PROP_ICE_SUB_HURT"},"974001":{"groupId":55,"depotId":974,"propValue":0.8,"id":974001,"propType":"FIGHT_PROP_ROCK_SUB_HURT"},"975001":{"groupId":54,"depotId":975,"propValue":0.8,"id":975001,"propType":"FIGHT_PROP_WIND_SUB_HURT"},"976001":{"groupId":53,"depotId":976,"propValue":0.8,"id":976001,"propType":"FIGHT_PROP_GRASS_SUB_HURT"},"977001":{"groupId":52,"depotId":977,"propValue":0.8,"id":977001,"propType":"FIGHT_PROP_WATER_SUB_HURT"},"978001":{"groupId":51,"depotId":978,"propValue":0.8,"id":978001,"propType":"FIGHT_PROP_ELEC_SUB_HURT"},"979001":{"groupId":50,"depotId":979,"propValue":0.8,"id":979001,"propType":"FIGHT_PROP_FIRE_SUB_HURT"},"980001":{"groupId":30,"depotId":980,"propValue":0.8,"id":980001,"propType":"FIGHT_PROP_PHYSICAL_ADD_HURT"},"981001":{"groupId":46,"depotId":981,"propValue":0.8,"id":981001,"propType":"FIGHT_PROP_ICE_ADD_HURT"},"982001":{"groupId":45,"depotId":982,"propValue":0.8,"id":982001,"propType":"FIGHT_PROP_ROCK_ADD_HURT"},"983001":{"groupId":44,"depotId":983,"propValue":0.8,"id":983001,"propType":"FIGHT_PROP_WIND_ADD_HURT"},"984001":{"groupId":43,"depotId":984,"propValue":0.8,"id":984001,"propType":"FIGHT_PROP_GRASS_ADD_HURT"},"985001":{"groupId":42,"depotId":985,"propValue":0.8,"id":985001,"propType":"FIGHT_PROP_WATER_ADD_HURT"},"986001":{"groupId":41,"depotId":986,"propValue":0.8,"id":986001,"propType":"FIGHT_PROP_ELEC_ADD_HURT"},"987001":{"groupId":40,"depotId":987,"propValue":0.8,"id":987001,"propType":"FIGHT_PROP_FIRE_ADD_HURT"},"988001":{"groupId":11,"depotId":988,"propValue":0.3,"id":988001,"propType":"FIGHT_PROP_SPEED_PERCENT"},"989001":{"groupId":80,"depotId":989,"propValue":0.5,"id":989001,"propType":"FIGHT_PROP_SKILL_CD_MINUS_RATIO"},"990001":{"groupId":27,"depotId":990,"propValue":0.8,"id":990001,"propType":"FIGHT_PROP_HEALED_ADD"},"991001":{"groupId":26,"depotId":991,"propValue":0.8,"id":991001,"propType":"FIGHT_PROP_HEAL_ADD"},"992001":{"groupId":81,"depotId":992,"propValue":0.8,"id":992001,"propType":"FIGHT_PROP_SHIELD_COST_MINUS_RATIO"},"993001":{"groupId":22,"depotId":993,"propValue":0.8,"id":993001,"propType":"FIGHT_PROP_CRITICAL_HURT"},"994001":{"groupId":20,"depotId":994,"propValue":0.8,"id":994001,"propType":"FIGHT_PROP_CRITICAL"},"995001":{"groupId":3,"depotId":995,"propValue":0.1457,"id":995001,"propType":"FIGHT_PROP_HP_PERCENT"},"995002":{"groupId":6,"depotId":995,"propValue":0.1457,"id":995002,"propType":"FIGHT_PROP_ATTACK_PERCENT"},"995003":{"groupId":9,"depotId":995,"propValue":0.1821,"id":995003,"propType":"FIGHT_PROP_DEFENSE_PERCENT"},"995004":{"groupId":20,"depotId":995,"propValue":0.0971,"id":995004,"propType":"FIGHT_PROP_CRITICAL"},"995005":{"groupId":23,"depotId":995,"propValue":0.1619,"id":995005,"propType":"FIGHT_PROP_CHARGE_EFFICIENCY"},"995006":{"groupId":25,"depotId":995,"propValue":58.28,"id":995006,"propType":"FIGHT_PROP_ELEMENT_MASTERY"},"995007":{"groupId":22,"depotId":995,"propValue":0.1943,"id":995007,"propType":"FIGHT_PROP_CRITICAL_HURT"},"996001":{"groupId":3,"depotId":996,"propValue":0.0932,"id":996001,"propType":"FIGHT_PROP_HP_PERCENT"},"996002":{"groupId":6,"depotId":996,"propValue":0.0932,"id":996002,"propType":"FIGHT_PROP_ATTACK_PERCENT"},"996003":{"groupId":9,"depotId":996,"propValue":0.1166,"id":996003,"propType":"FIGHT_PROP_DEFENSE_PERCENT"},"996004":{"groupId":20,"depotId":996,"propValue":0.0622,"id":996004,"propType":"FIGHT_PROP_CRITICAL"},"996005":{"groupId":23,"depotId":996,"propValue":0.1036,"id":996005,"propType":"FIGHT_PROP_CHARGE_EFFICIENCY"},"996006":{"groupId":25,"depotId":996,"propValue":37.3,"id":996006,"propType":"FIGHT_PROP_ELEMENT_MASTERY"},"996007":{"groupId":22,"depotId":996,"propValue":0.1243,"id":996007,"propType":"FIGHT_PROP_CRITICAL_HURT"},"996008":{"groupId":22,"depotId":996,"propValue":478,"id":996008,"propType":"FIGHT_PROP_HP"},"996009":{"groupId":22,"depotId":996,"propValue":31.12,"id":996009,"propType":"FIGHT_PROP_ATTACK"},"996010":{"groupId":22,"depotId":996,"propValue":37.04,"id":996010,"propType":"FIGHT_PROP_DEFENSE"},"997001":{"groupId":3,"depotId":997,"propValue":0.0932,"id":997001,"propType":"FIGHT_PROP_HP_PERCENT"},"997002":{"groupId":6,"depotId":997,"propValue":0.0932,"id":997002,"propType":"FIGHT_PROP_ATTACK_PERCENT"},"997003":{"groupId":9,"depotId":997,"propValue":0.1166,"id":997003,"propType":"FIGHT_PROP_DEFENSE_PERCENT"},"997004":{"groupId":20,"depotId":997,"propValue":0.0622,"id":997004,"propType":"FIGHT_PROP_CRITICAL"},"997005":{"groupId":23,"depotId":997,"propValue":0.1036,"id":997005,"propType":"FIGHT_PROP_CHARGE_EFFICIENCY"},"997006":{"groupId":25,"depotId":997,"propValue":37.3,"id":997006,"propType":"FIGHT_PROP_ELEMENT_MASTERY"},"997007":{"groupId":22,"depotId":997,"propValue":0.1243,"id":997007,"propType":"FIGHT_PROP_CRITICAL_HURT"},"998001":{"groupId":3,"depotId":998,"propValue":0.1457,"id":998001,"propType":"FIGHT_PROP_HP_PERCENT"},"998002":{"groupId":6,"depotId":998,"propValue":0.1457,"id":998002,"propType":"FIGHT_PROP_ATTACK_PERCENT"},"998003":{"groupId":9,"depotId":998,"propValue":0.1821,"id":998003,"propType":"FIGHT_PROP_DEFENSE_PERCENT"},"998004":{"groupId":20,"depotId":998,"propValue":0.0971,"id":998004,"propType":"FIGHT_PROP_CRITICAL"},"998005":{"groupId":23,"depotId":998,"propValue":0.1619,"id":998005,"propType":"FIGHT_PROP_CHARGE_EFFICIENCY"},"998006":{"groupId":25,"depotId":998,"propValue":58.28,"id":998006,"propType":"FIGHT_PROP_ELEMENT_MASTERY"},"998007":{"groupId":22,"depotId":998,"propValue":0.1943,"id":998007,"propType":"FIGHT_PROP_CRITICAL_HURT"},"999001":{"groupId":22,"depotId":999,"propValue":3.5,"id":999001,"propType":"FIGHT_PROP_CRITICAL_HURT"},"999002":{"groupId":20,"depotId":999,"propValue":1,"id":999002,"propType":"FIGHT_PROP_CRITICAL"},"999003":{"groupId":5,"depotId":999,"propValue":233333,"id":999003,"propType":"FIGHT_PROP_ATTACK"},"999004":{"groupId":8,"depotId":999,"propValue":233333,"id":999004,"propType":"FIGHT_PROP_DEFENSE"}}