{"101021":{"propType":"FIGHT_PROP_HP","depotId":101,"groupId":2,"propValue":23.9,"id":101021},"101022":{"propType":"FIGHT_PROP_HP","depotId":101,"groupId":2,"propValue":29.88,"id":101022},"101031":{"propType":"FIGHT_PROP_HP_PERCENT","depotId":101,"groupId":3,"propValue":0.0117,"id":101031},"101032":{"propType":"FIGHT_PROP_HP_PERCENT","depotId":101,"groupId":3,"propValue":0.0146,"id":101032},"101051":{"propType":"FIGHT_PROP_ATTACK","depotId":101,"groupId":5,"propValue":1.56,"id":101051},"101052":{"propType":"FIGHT_PROP_ATTACK","depotId":101,"groupId":5,"propValue":1.95,"id":101052},"101061":{"propType":"FIGHT_PROP_ATTACK_PERCENT","depotId":101,"groupId":6,"propValue":0.0117,"id":101061},"101062":{"propType":"FIGHT_PROP_ATTACK_PERCENT","depotId":101,"groupId":6,"propValue":0.0146,"id":101062},"101081":{"propType":"FIGHT_PROP_DEFENSE","depotId":101,"groupId":8,"propValue":1.85,"id":101081},"101082":{"propType":"FIGHT_PROP_DEFENSE","depotId":101,"groupId":8,"propValue":2.31,"id":101082},"101091":{"propType":"FIGHT_PROP_DEFENSE_PERCENT","depotId":101,"groupId":9,"propValue":0.0146,"id":101091},"101092":{"propType":"FIGHT_PROP_DEFENSE_PERCENT","depotId":101,"groupId":9,"propValue":0.0182,"id":101092},"101201":{"propType":"FIGHT_PROP_CRITICAL","depotId":101,"groupId":20,"propValue":0.0078,"id":101201},"101202":{"propType":"FIGHT_PROP_CRITICAL","depotId":101,"groupId":20,"propValue":0.0097,"id":101202},"101221":{"propType":"FIGHT_PROP_CRITICAL_HURT","depotId":101,"groupId":22,"propValue":0.0155,"id":101221},"101222":{"propType":"FIGHT_PROP_CRITICAL_HURT","depotId":101,"groupId":22,"propValue":0.0194,"id":101222},"101231":{"propType":"FIGHT_PROP_CHARGE_EFFICIENCY","depotId":101,"groupId":23,"propValue":0.013,"id":101231},"101232":{"propType":"FIGHT_PROP_CHARGE_EFFICIENCY","depotId":101,"groupId":23,"propValue":0.0162,"id":101232},"101241":{"propType":"FIGHT_PROP_ELEMENT_MASTERY","depotId":101,"groupId":24,"propValue":4.66,"id":101241},"101242":{"propType":"FIGHT_PROP_ELEMENT_MASTERY","depotId":101,"groupId":24,"propValue":5.83,"id":101242},"201021":{"propType":"FIGHT_PROP_HP","depotId":201,"groupId":2,"propValue":50.19,"id":201021},"201022":{"propType":"FIGHT_PROP_HP","depotId":201,"groupId":2,"propValue":60.95,"id":201022},"201023":{"propType":"FIGHT_PROP_HP","depotId":201,"groupId":2,"propValue":71.7,"id":201023},"201031":{"propType":"FIGHT_PROP_HP_PERCENT","depotId":201,"groupId":3,"propValue":0.0163,"id":201031},"201032":{"propType":"FIGHT_PROP_HP_PERCENT","depotId":201,"groupId":3,"propValue":0.0198,"id":201032},"201033":{"propType":"FIGHT_PROP_HP_PERCENT","depotId":201,"groupId":3,"propValue":0.0233,"id":201033},"201051":{"propType":"FIGHT_PROP_ATTACK","depotId":201,"groupId":5,"propValue":3.27,"id":201051},"201052":{"propType":"FIGHT_PROP_ATTACK","depotId":201,"groupId":5,"propValue":3.97,"id":201052},"201053":{"propType":"FIGHT_PROP_ATTACK","depotId":201,"groupId":5,"propValue":4.67,"id":201053},"201061":{"propType":"FIGHT_PROP_ATTACK_PERCENT","depotId":201,"groupId":6,"propValue":0.0163,"id":201061},"201062":{"propType":"FIGHT_PROP_ATTACK_PERCENT","depotId":201,"groupId":6,"propValue":0.0198,"id":201062},"201063":{"propType":"FIGHT_PROP_ATTACK_PERCENT","depotId":201,"groupId":6,"propValue":0.0233,"id":201063},"201081":{"propType":"FIGHT_PROP_DEFENSE","depotId":201,"groupId":8,"propValue":3.89,"id":201081},"201082":{"propType":"FIGHT_PROP_DEFENSE","depotId":201,"groupId":8,"propValue":4.72,"id":201082},"201083":{"propType":"FIGHT_PROP_DEFENSE","depotId":201,"groupId":8,"propValue":5.56,"id":201083},"201091":{"propType":"FIGHT_PROP_DEFENSE_PERCENT","depotId":201,"groupId":9,"propValue":0.0204,"id":201091},"201092":{"propType":"FIGHT_PROP_DEFENSE_PERCENT","depotId":201,"groupId":9,"propValue":0.0248,"id":201092},"201093":{"propType":"FIGHT_PROP_DEFENSE_PERCENT","depotId":201,"groupId":9,"propValue":0.0291,"id":201093},"201201":{"propType":"FIGHT_PROP_CRITICAL","depotId":201,"groupId":20,"propValue":0.0109,"id":201201},"201202":{"propType":"FIGHT_PROP_CRITICAL","depotId":201,"groupId":20,"propValue":0.0132,"id":201202},"201203":{"propType":"FIGHT_PROP_CRITICAL","depotId":201,"groupId":20,"propValue":0.0155,"id":201203},"201221":{"propType":"FIGHT_PROP_CRITICAL_HURT","depotId":201,"groupId":22,"propValue":0.0218,"id":201221},"201222":{"propType":"FIGHT_PROP_CRITICAL_HURT","depotId":201,"groupId":22,"propValue":0.0264,"id":201222},"201223":{"propType":"FIGHT_PROP_CRITICAL_HURT","depotId":201,"groupId":22,"propValue":0.0311,"id":201223},"201231":{"propType":"FIGHT_PROP_CHARGE_EFFICIENCY","depotId":201,"groupId":23,"propValue":0.0181,"id":201231},"201232":{"propType":"FIGHT_PROP_CHARGE_EFFICIENCY","depotId":201,"groupId":23,"propValue":0.022,"id":201232},"201233":{"propType":"FIGHT_PROP_CHARGE_EFFICIENCY","depotId":201,"groupId":23,"propValue":0.0259,"id":201233},"201241":{"propType":"FIGHT_PROP_ELEMENT_MASTERY","depotId":201,"groupId":24,"propValue":6.53,"id":201241},"201242":{"propType":"FIGHT_PROP_ELEMENT_MASTERY","depotId":201,"groupId":24,"propValue":7.93,"id":201242},"201243":{"propType":"FIGHT_PROP_ELEMENT_MASTERY","depotId":201,"groupId":24,"propValue":9.33,"id":201243},"301021":{"propType":"FIGHT_PROP_HP","depotId":301,"groupId":2,"propValue":100.38,"id":301021},"301022":{"propType":"FIGHT_PROP_HP","depotId":301,"groupId":2,"propValue":114.72,"id":301022},"301023":{"propType":"FIGHT_PROP_HP","depotId":301,"groupId":2,"propValue":129.06,"id":301023},"301024":{"propType":"FIGHT_PROP_HP","depotId":301,"groupId":2,"propValue":143.4,"id":301024},"301031":{"propType":"FIGHT_PROP_HP_PERCENT","depotId":301,"groupId":3,"propValue":0.0245,"id":301031},"301032":{"propType":"FIGHT_PROP_HP_PERCENT","depotId":301,"groupId":3,"propValue":0.028,"id":301032},"301033":{"propType":"FIGHT_PROP_HP_PERCENT","depotId":301,"groupId":3,"propValue":0.0315,"id":301033},"301034":{"propType":"FIGHT_PROP_HP_PERCENT","depotId":301,"groupId":3,"propValue":0.035,"id":301034},"301051":{"propType":"FIGHT_PROP_ATTACK","depotId":301,"groupId":5,"propValue":6.54,"id":301051},"301052":{"propType":"FIGHT_PROP_ATTACK","depotId":301,"groupId":5,"propValue":7.47,"id":301052},"301053":{"propType":"FIGHT_PROP_ATTACK","depotId":301,"groupId":5,"propValue":8.4,"id":301053},"301054":{"propType":"FIGHT_PROP_ATTACK","depotId":301,"groupId":5,"propValue":9.34,"id":301054},"301061":{"propType":"FIGHT_PROP_ATTACK_PERCENT","depotId":301,"groupId":6,"propValue":0.0245,"id":301061},"301062":{"propType":"FIGHT_PROP_ATTACK_PERCENT","depotId":301,"groupId":6,"propValue":0.028,"id":301062},"301063":{"propType":"FIGHT_PROP_ATTACK_PERCENT","depotId":301,"groupId":6,"propValue":0.0315,"id":301063},"301064":{"propType":"FIGHT_PROP_ATTACK_PERCENT","depotId":301,"groupId":6,"propValue":0.035,"id":301064},"301081":{"propType":"FIGHT_PROP_DEFENSE","depotId":301,"groupId":8,"propValue":7.78,"id":301081},"301082":{"propType":"FIGHT_PROP_DEFENSE","depotId":301,"groupId":8,"propValue":8.89,"id":301082},"301083":{"propType":"FIGHT_PROP_DEFENSE","depotId":301,"groupId":8,"propValue":10,"id":301083},"301084":{"propType":"FIGHT_PROP_DEFENSE","depotId":301,"groupId":8,"propValue":11.11,"id":301084},"301091":{"propType":"FIGHT_PROP_DEFENSE_PERCENT","depotId":301,"groupId":9,"propValue":0.0306,"id":301091},"301092":{"propType":"FIGHT_PROP_DEFENSE_PERCENT","depotId":301,"groupId":9,"propValue":0.035,"id":301092},"301093":{"propType":"FIGHT_PROP_DEFENSE_PERCENT","depotId":301,"groupId":9,"propValue":0.0393,"id":301093},"301094":{"propType":"FIGHT_PROP_DEFENSE_PERCENT","depotId":301,"groupId":9,"propValue":0.0437,"id":301094},"301201":{"propType":"FIGHT_PROP_CRITICAL","depotId":301,"groupId":20,"propValue":0.0163,"id":301201},"301202":{"propType":"FIGHT_PROP_CRITICAL","depotId":301,"groupId":20,"propValue":0.0186,"id":301202},"301203":{"propType":"FIGHT_PROP_CRITICAL","depotId":301,"groupId":20,"propValue":0.021,"id":301203},"301204":{"propType":"FIGHT_PROP_CRITICAL","depotId":301,"groupId":20,"propValue":0.0233,"id":301204},"301221":{"propType":"FIGHT_PROP_CRITICAL_HURT","depotId":301,"groupId":22,"propValue":0.0326,"id":301221},"301222":{"propType":"FIGHT_PROP_CRITICAL_HURT","depotId":301,"groupId":22,"propValue":0.0373,"id":301222},"301223":{"propType":"FIGHT_PROP_CRITICAL_HURT","depotId":301,"groupId":22,"propValue":0.042,"id":301223},"301224":{"propType":"FIGHT_PROP_CRITICAL_HURT","depotId":301,"groupId":22,"propValue":0.0466,"id":301224},"301231":{"propType":"FIGHT_PROP_CHARGE_EFFICIENCY","depotId":301,"groupId":23,"propValue":0.0272,"id":301231},"301232":{"propType":"FIGHT_PROP_CHARGE_EFFICIENCY","depotId":301,"groupId":23,"propValue":0.0311,"id":301232},"301233":{"propType":"FIGHT_PROP_CHARGE_EFFICIENCY","depotId":301,"groupId":23,"propValue":0.035,"id":301233},"301234":{"propType":"FIGHT_PROP_CHARGE_EFFICIENCY","depotId":301,"groupId":23,"propValue":0.0389,"id":301234},"301241":{"propType":"FIGHT_PROP_ELEMENT_MASTERY","depotId":301,"groupId":24,"propValue":9.79,"id":301241},"301242":{"propType":"FIGHT_PROP_ELEMENT_MASTERY","depotId":301,"groupId":24,"propValue":11.19,"id":301242},"301243":{"propType":"FIGHT_PROP_ELEMENT_MASTERY","depotId":301,"groupId":24,"propValue":12.59,"id":301243},"301244":{"propType":"FIGHT_PROP_ELEMENT_MASTERY","depotId":301,"groupId":24,"propValue":13.99,"id":301244},"401021":{"propType":"FIGHT_PROP_HP","depotId":401,"groupId":2,"propValue":167.3,"id":401021},"401022":{"propType":"FIGHT_PROP_HP","depotId":401,"groupId":2,"propValue":191.2,"id":401022},"401023":{"propType":"FIGHT_PROP_HP","depotId":401,"groupId":2,"propValue":215.1,"id":401023},"401024":{"propType":"FIGHT_PROP_HP","depotId":401,"groupId":2,"propValue":239,"id":401024},"401031":{"propType":"FIGHT_PROP_HP_PERCENT","depotId":401,"groupId":3,"propValue":0.0326,"id":401031},"401032":{"propType":"FIGHT_PROP_HP_PERCENT","depotId":401,"groupId":3,"propValue":0.0373,"id":401032},"401033":{"propType":"FIGHT_PROP_HP_PERCENT","depotId":401,"groupId":3,"propValue":0.042,"id":401033},"401034":{"propType":"FIGHT_PROP_HP_PERCENT","depotId":401,"groupId":3,"propValue":0.0466,"id":401034},"401051":{"propType":"FIGHT_PROP_ATTACK","depotId":401,"groupId":5,"propValue":10.89,"id":401051},"401052":{"propType":"FIGHT_PROP_ATTACK","depotId":401,"groupId":5,"propValue":12.45,"id":401052},"401053":{"propType":"FIGHT_PROP_ATTACK","depotId":401,"groupId":5,"propValue":14,"id":401053},"401054":{"propType":"FIGHT_PROP_ATTACK","depotId":401,"groupId":5,"propValue":15.56,"id":401054},"401061":{"propType":"FIGHT_PROP_ATTACK_PERCENT","depotId":401,"groupId":6,"propValue":0.0326,"id":401061},"401062":{"propType":"FIGHT_PROP_ATTACK_PERCENT","depotId":401,"groupId":6,"propValue":0.0373,"id":401062},"401063":{"propType":"FIGHT_PROP_ATTACK_PERCENT","depotId":401,"groupId":6,"propValue":0.042,"id":401063},"401064":{"propType":"FIGHT_PROP_ATTACK_PERCENT","depotId":401,"groupId":6,"propValue":0.0466,"id":401064},"401081":{"propType":"FIGHT_PROP_DEFENSE","depotId":401,"groupId":8,"propValue":12.96,"id":401081},"401082":{"propType":"FIGHT_PROP_DEFENSE","depotId":401,"groupId":8,"propValue":14.82,"id":401082},"401083":{"propType":"FIGHT_PROP_DEFENSE","depotId":401,"groupId":8,"propValue":16.67,"id":401083},"401084":{"propType":"FIGHT_PROP_DEFENSE","depotId":401,"groupId":8,"propValue":18.52,"id":401084},"401091":{"propType":"FIGHT_PROP_DEFENSE_PERCENT","depotId":401,"groupId":9,"propValue":0.0408,"id":401091},"401092":{"propType":"FIGHT_PROP_DEFENSE_PERCENT","depotId":401,"groupId":9,"propValue":0.0466,"id":401092},"401093":{"propType":"FIGHT_PROP_DEFENSE_PERCENT","depotId":401,"groupId":9,"propValue":0.0525,"id":401093},"401094":{"propType":"FIGHT_PROP_DEFENSE_PERCENT","depotId":401,"groupId":9,"propValue":0.0583,"id":401094},"401201":{"propType":"FIGHT_PROP_CRITICAL","depotId":401,"groupId":20,"propValue":0.0218,"id":401201},"401202":{"propType":"FIGHT_PROP_CRITICAL","depotId":401,"groupId":20,"propValue":0.0249,"id":401202},"401203":{"propType":"FIGHT_PROP_CRITICAL","depotId":401,"groupId":20,"propValue":0.028,"id":401203},"401204":{"propType":"FIGHT_PROP_CRITICAL","depotId":401,"groupId":20,"propValue":0.0311,"id":401204},"401221":{"propType":"FIGHT_PROP_CRITICAL_HURT","depotId":401,"groupId":22,"propValue":0.0435,"id":401221},"401222":{"propType":"FIGHT_PROP_CRITICAL_HURT","depotId":401,"groupId":22,"propValue":0.0497,"id":401222},"401223":{"propType":"FIGHT_PROP_CRITICAL_HURT","depotId":401,"groupId":22,"propValue":0.056,"id":401223},"401224":{"propType":"FIGHT_PROP_CRITICAL_HURT","depotId":401,"groupId":22,"propValue":0.0622,"id":401224},"401231":{"propType":"FIGHT_PROP_CHARGE_EFFICIENCY","depotId":401,"groupId":23,"propValue":0.0363,"id":401231},"401232":{"propType":"FIGHT_PROP_CHARGE_EFFICIENCY","depotId":401,"groupId":23,"propValue":0.0414,"id":401232},"401233":{"propType":"FIGHT_PROP_CHARGE_EFFICIENCY","depotId":401,"groupId":23,"propValue":0.0466,"id":401233},"401234":{"propType":"FIGHT_PROP_CHARGE_EFFICIENCY","depotId":401,"groupId":23,"propValue":0.0518,"id":401234},"401241":{"propType":"FIGHT_PROP_ELEMENT_MASTERY","depotId":401,"groupId":24,"propValue":13.06,"id":401241},"401242":{"propType":"FIGHT_PROP_ELEMENT_MASTERY","depotId":401,"groupId":24,"propValue":14.92,"id":401242},"401243":{"propType":"FIGHT_PROP_ELEMENT_MASTERY","depotId":401,"groupId":24,"propValue":16.79,"id":401243},"401244":{"propType":"FIGHT_PROP_ELEMENT_MASTERY","depotId":401,"groupId":24,"propValue":18.65,"id":401244},"501021":{"propType":"FIGHT_PROP_HP","depotId":501,"groupId":2,"propValue":209.13,"id":501021},"501022":{"propType":"FIGHT_PROP_HP","depotId":501,"groupId":2,"propValue":239,"id":501022},"501023":{"propType":"FIGHT_PROP_HP","depotId":501,"groupId":2,"propValue":268.88,"id":501023},"501024":{"propType":"FIGHT_PROP_HP","depotId":501,"groupId":2,"propValue":298.75,"id":501024},"501031":{"propType":"FIGHT_PROP_HP_PERCENT","depotId":501,"groupId":3,"propValue":0.0408,"id":501031},"501032":{"propType":"FIGHT_PROP_HP_PERCENT","depotId":501,"groupId":3,"propValue":0.0466,"id":501032},"501033":{"propType":"FIGHT_PROP_HP_PERCENT","depotId":501,"groupId":3,"propValue":0.0525,"id":501033},"501034":{"propType":"FIGHT_PROP_HP_PERCENT","depotId":501,"groupId":3,"propValue":0.0583,"id":501034},"501051":{"propType":"FIGHT_PROP_ATTACK","depotId":501,"groupId":5,"propValue":13.62,"id":501051},"501052":{"propType":"FIGHT_PROP_ATTACK","depotId":501,"groupId":5,"propValue":15.56,"id":501052},"501053":{"propType":"FIGHT_PROP_ATTACK","depotId":501,"groupId":5,"propValue":17.51,"id":501053},"501054":{"propType":"FIGHT_PROP_ATTACK","depotId":501,"groupId":5,"propValue":19.45,"id":501054},"501061":{"propType":"FIGHT_PROP_ATTACK_PERCENT","depotId":501,"groupId":6,"propValue":0.0408,"id":501061},"501062":{"propType":"FIGHT_PROP_ATTACK_PERCENT","depotId":501,"groupId":6,"propValue":0.0466,"id":501062},"501063":{"propType":"FIGHT_PROP_ATTACK_PERCENT","depotId":501,"groupId":6,"propValue":0.0525,"id":501063},"501064":{"propType":"FIGHT_PROP_ATTACK_PERCENT","depotId":501,"groupId":6,"propValue":0.0583,"id":501064},"501081":{"propType":"FIGHT_PROP_DEFENSE","depotId":501,"groupId":8,"propValue":16.2,"id":501081},"501082":{"propType":"FIGHT_PROP_DEFENSE","depotId":501,"groupId":8,"propValue":18.52,"id":501082},"501083":{"propType":"FIGHT_PROP_DEFENSE","depotId":501,"groupId":8,"propValue":20.83,"id":501083},"501084":{"propType":"FIGHT_PROP_DEFENSE","depotId":501,"groupId":8,"propValue":23.15,"id":501084},"501091":{"propType":"FIGHT_PROP_DEFENSE_PERCENT","depotId":501,"groupId":9,"propValue":0.051,"id":501091},"501092":{"propType":"FIGHT_PROP_DEFENSE_PERCENT","depotId":501,"groupId":9,"propValue":0.0583,"id":501092},"501093":{"propType":"FIGHT_PROP_DEFENSE_PERCENT","depotId":501,"groupId":9,"propValue":0.0656,"id":501093},"501094":{"propType":"FIGHT_PROP_DEFENSE_PERCENT","depotId":501,"groupId":9,"propValue":0.0729,"id":501094},"501201":{"propType":"FIGHT_PROP_CRITICAL","depotId":501,"groupId":20,"propValue":0.0272,"id":501201},"501202":{"propType":"FIGHT_PROP_CRITICAL","depotId":501,"groupId":20,"propValue":0.0311,"id":501202},"501203":{"propType":"FIGHT_PROP_CRITICAL","depotId":501,"groupId":20,"propValue":0.035,"id":501203},"501204":{"propType":"FIGHT_PROP_CRITICAL","depotId":501,"groupId":20,"propValue":0.0389,"id":501204},"501221":{"propType":"FIGHT_PROP_CRITICAL_HURT","depotId":501,"groupId":22,"propValue":0.0544,"id":501221},"501222":{"propType":"FIGHT_PROP_CRITICAL_HURT","depotId":501,"groupId":22,"propValue":0.0622,"id":501222},"501223":{"propType":"FIGHT_PROP_CRITICAL_HURT","depotId":501,"groupId":22,"propValue":0.0699,"id":501223},"501224":{"propType":"FIGHT_PROP_CRITICAL_HURT","depotId":501,"groupId":22,"propValue":0.0777,"id":501224},"501231":{"propType":"FIGHT_PROP_CHARGE_EFFICIENCY","depotId":501,"groupId":23,"propValue":0.0453,"id":501231},"501232":{"propType":"FIGHT_PROP_CHARGE_EFFICIENCY","depotId":501,"groupId":23,"propValue":0.0518,"id":501232},"501233":{"propType":"FIGHT_PROP_CHARGE_EFFICIENCY","depotId":501,"groupId":23,"propValue":0.0583,"id":501233},"501234":{"propType":"FIGHT_PROP_CHARGE_EFFICIENCY","depotId":501,"groupId":23,"propValue":0.0648,"id":501234},"501241":{"propType":"FIGHT_PROP_ELEMENT_MASTERY","depotId":501,"groupId":24,"propValue":16.32,"id":501241},"501242":{"propType":"FIGHT_PROP_ELEMENT_MASTERY","depotId":501,"groupId":24,"propValue":18.65,"id":501242},"501243":{"propType":"FIGHT_PROP_ELEMENT_MASTERY","depotId":501,"groupId":24,"propValue":20.98,"id":501243},"501244":{"propType":"FIGHT_PROP_ELEMENT_MASTERY","depotId":501,"groupId":24,"propValue":23.31,"id":501244},"941001":{"propType":"FIGHT_PROP_HP_PERCENT","depotId":941,"groupId":3,"propValue":0.0932,"id":941001},"941002":{"propType":"FIGHT_PROP_ATTACK_PERCENT","depotId":941,"groupId":6,"propValue":0.0932,"id":941002},"941003":{"propType":"FIGHT_PROP_DEFENSE_PERCENT","depotId":941,"groupId":9,"propValue":0.1166,"id":941003},"941004":{"propType":"FIGHT_PROP_CRITICAL","depotId":941,"groupId":20,"propValue":0.0622,"id":941004},"941005":{"propType":"FIGHT_PROP_CHARGE_EFFICIENCY","depotId":941,"groupId":23,"propValue":0.1036,"id":941005},"941006":{"propType":"FIGHT_PROP_ELEMENT_MASTERY","depotId":941,"groupId":25,"propValue":37.3,"id":941006},"941007":{"propType":"FIGHT_PROP_CRITICAL_HURT","depotId":941,"groupId":22,"propValue":0.1243,"id":941007},"942001":{"propType":"FIGHT_PROP_HP_PERCENT","depotId":942,"groupId":3,"propValue":0.0932,"id":942001},"942002":{"propType":"FIGHT_PROP_ATTACK_PERCENT","depotId":942,"groupId":6,"propValue":0.0932,"id":942002},"942003":{"propType":"FIGHT_PROP_DEFENSE_PERCENT","depotId":942,"groupId":9,"propValue":0.1166,"id":942003},"942004":{"propType":"FIGHT_PROP_CRITICAL","depotId":942,"groupId":20,"propValue":0.0622,"id":942004},"942005":{"propType":"FIGHT_PROP_CHARGE_EFFICIENCY","depotId":942,"groupId":23,"propValue":0.1036,"id":942005},"942006":{"propType":"FIGHT_PROP_ELEMENT_MASTERY","depotId":942,"groupId":25,"propValue":37.3,"id":942006},"942007":{"propType":"FIGHT_PROP_CRITICAL_HURT","depotId":942,"groupId":22,"propValue":0.1243,"id":942007},"943001":{"propType":"FIGHT_PROP_HP_PERCENT","depotId":943,"groupId":3,"propValue":0.0932,"id":943001},"943002":{"propType":"FIGHT_PROP_ATTACK_PERCENT","depotId":943,"groupId":6,"propValue":0.0932,"id":943002},"943003":{"propType":"FIGHT_PROP_DEFENSE_PERCENT","depotId":943,"groupId":9,"propValue":0.1166,"id":943003},"943004":{"propType":"FIGHT_PROP_CRITICAL","depotId":943,"groupId":20,"propValue":0.0622,"id":943004},"943005":{"propType":"FIGHT_PROP_CHARGE_EFFICIENCY","depotId":943,"groupId":23,"propValue":0.1036,"id":943005},"943006":{"propType":"FIGHT_PROP_ELEMENT_MASTERY","depotId":943,"groupId":25,"propValue":37.3,"id":943006},"943007":{"propType":"FIGHT_PROP_CRITICAL_HURT","depotId":943,"groupId":22,"propValue":0.1243,"id":943007},"946001":{"propType":"FIGHT_PROP_HP_PERCENT","depotId":946,"groupId":3,"propValue":0.0932,"id":946001},"946002":{"propType":"FIGHT_PROP_ATTACK_PERCENT","depotId":946,"groupId":6,"propValue":0.0932,"id":946002},"946003":{"propType":"FIGHT_PROP_DEFENSE_PERCENT","depotId":946,"groupId":9,"propValue":0.1166,"id":946003},"946004":{"propType":"FIGHT_PROP_CRITICAL","depotId":946,"groupId":20,"propValue":0.0622,"id":946004},"946005":{"propType":"FIGHT_PROP_CHARGE_EFFICIENCY","depotId":946,"groupId":23,"propValue":0.1036,"id":946005},"946006":{"propType":"FIGHT_PROP_ELEMENT_MASTERY","depotId":946,"groupId":25,"propValue":37.3,"id":946006},"946007":{"propType":"FIGHT_PROP_CRITICAL_HURT","depotId":946,"groupId":22,"propValue":0.1243,"id":946007},"947001":{"propType":"FIGHT_PROP_HP_PERCENT","depotId":947,"groupId":3,"propValue":0.0396,"id":947001},"947002":{"propType":"FIGHT_PROP_ATTACK_PERCENT","depotId":947,"groupId":6,"propValue":0.0396,"id":947002},"947003":{"propType":"FIGHT_PROP_DEFENSE_PERCENT","depotId":947,"groupId":9,"propValue":0.0495,"id":947003},"947004":{"propType":"FIGHT_PROP_CRITICAL","depotId":947,"groupId":20,"propValue":0.0264,"id":947004},"947005":{"propType":"FIGHT_PROP_CHARGE_EFFICIENCY","depotId":947,"groupId":23,"propValue":0.044,"id":947005},"947006":{"propType":"FIGHT_PROP_ELEMENT_MASTERY","depotId":947,"groupId":25,"propValue":15.85,"id":947006},"947007":{"propType":"FIGHT_PROP_CRITICAL_HURT","depotId":947,"groupId":22,"propValue":0.0528,"id":947007},"947008":{"propType":"FIGHT_PROP_HP","depotId":947,"groupId":22,"propValue":203.15,"id":947008},"947009":{"propType":"FIGHT_PROP_ATTACK","depotId":947,"groupId":22,"propValue":13.23,"id":947009},"947010":{"propType":"FIGHT_PROP_DEFENSE","depotId":947,"groupId":22,"propValue":15.74,"id":947010},"951001":{"propType":"FIGHT_PROP_HP_PERCENT","depotId":951,"groupId":3,"propValue":0.1457,"id":951001},"951002":{"propType":"FIGHT_PROP_ATTACK_PERCENT","depotId":951,"groupId":6,"propValue":0.1457,"id":951002},"951003":{"propType":"FIGHT_PROP_DEFENSE_PERCENT","depotId":951,"groupId":9,"propValue":0.1821,"id":951003},"951004":{"propType":"FIGHT_PROP_CRITICAL","depotId":951,"groupId":20,"propValue":0.0971,"id":951004},"951005":{"propType":"FIGHT_PROP_CHARGE_EFFICIENCY","depotId":951,"groupId":23,"propValue":0.1619,"id":951005},"951006":{"propType":"FIGHT_PROP_ELEMENT_MASTERY","depotId":951,"groupId":25,"propValue":58.28,"id":951006},"951007":{"propType":"FIGHT_PROP_CRITICAL_HURT","depotId":951,"groupId":22,"propValue":0.1943,"id":951007},"952001":{"propType":"FIGHT_PROP_HP_PERCENT","depotId":952,"groupId":3,"propValue":0.1457,"id":952001},"952002":{"propType":"FIGHT_PROP_ATTACK_PERCENT","depotId":952,"groupId":6,"propValue":0.1457,"id":952002},"952003":{"propType":"FIGHT_PROP_DEFENSE_PERCENT","depotId":952,"groupId":9,"propValue":0.1821,"id":952003},"952004":{"propType":"FIGHT_PROP_CRITICAL","depotId":952,"groupId":20,"propValue":0.0971,"id":952004},"952005":{"propType":"FIGHT_PROP_CHARGE_EFFICIENCY","depotId":952,"groupId":23,"propValue":0.1619,"id":952005},"952006":{"propType":"FIGHT_PROP_ELEMENT_MASTERY","depotId":952,"groupId":25,"propValue":58.28,"id":952006},"952007":{"propType":"FIGHT_PROP_CRITICAL_HURT","depotId":952,"groupId":22,"propValue":0.1943,"id":952007},"953001":{"propType":"FIGHT_PROP_HP_PERCENT","depotId":953,"groupId":3,"propValue":0.1457,"id":953001},"953002":{"propType":"FIGHT_PROP_ATTACK_PERCENT","depotId":953,"groupId":6,"propValue":0.1457,"id":953002},"953003":{"propType":"FIGHT_PROP_DEFENSE_PERCENT","depotId":953,"groupId":9,"propValue":0.1821,"id":953003},"953004":{"propType":"FIGHT_PROP_CRITICAL","depotId":953,"groupId":20,"propValue":0.0971,"id":953004},"953005":{"propType":"FIGHT_PROP_CHARGE_EFFICIENCY","depotId":953,"groupId":23,"propValue":0.1619,"id":953005},"953006":{"propType":"FIGHT_PROP_ELEMENT_MASTERY","depotId":953,"groupId":25,"propValue":58.28,"id":953006},"953007":{"propType":"FIGHT_PROP_CRITICAL_HURT","depotId":953,"groupId":22,"propValue":0.1943,"id":953007},"956001":{"propType":"FIGHT_PROP_HP_PERCENT","depotId":956,"groupId":3,"propValue":0.1457,"id":956001},"956002":{"propType":"FIGHT_PROP_ATTACK_PERCENT","depotId":956,"groupId":6,"propValue":0.1457,"id":956002},"956003":{"propType":"FIGHT_PROP_DEFENSE_PERCENT","depotId":956,"groupId":9,"propValue":0.1821,"id":956003},"956004":{"propType":"FIGHT_PROP_CRITICAL","depotId":956,"groupId":20,"propValue":0.0971,"id":956004},"956005":{"propType":"FIGHT_PROP_CHARGE_EFFICIENCY","depotId":956,"groupId":23,"propValue":0.1619,"id":956005},"956006":{"propType":"FIGHT_PROP_ELEMENT_MASTERY","depotId":956,"groupId":25,"propValue":58.28,"id":956006},"956007":{"propType":"FIGHT_PROP_CRITICAL_HURT","depotId":956,"groupId":22,"propValue":0.1943,"id":956007},"961001":{"propType":"FIGHT_PROP_HP_PERCENT","depotId":961,"groupId":3,"propValue":0.1457,"id":961001},"961002":{"propType":"FIGHT_PROP_ATTACK_PERCENT","depotId":961,"groupId":6,"propValue":0.1457,"id":961002},"961003":{"propType":"FIGHT_PROP_DEFENSE_PERCENT","depotId":961,"groupId":9,"propValue":0.1821,"id":961003},"961004":{"propType":"FIGHT_PROP_CRITICAL","depotId":961,"groupId":20,"propValue":0.0971,"id":961004},"961005":{"propType":"FIGHT_PROP_CHARGE_EFFICIENCY","depotId":961,"groupId":23,"propValue":0.1619,"id":961005},"961006":{"propType":"FIGHT_PROP_ELEMENT_MASTERY","depotId":961,"groupId":25,"propValue":58.28,"id":961006},"961007":{"propType":"FIGHT_PROP_CRITICAL_HURT","depotId":961,"groupId":22,"propValue":0.1943,"id":961007},"961008":{"propType":"FIGHT_PROP_HP","depotId":961,"groupId":2,"propValue":746.88,"id":961008},"961009":{"propType":"FIGHT_PROP_ATTACK","depotId":961,"groupId":5,"propValue":48.63,"id":961009},"961010":{"propType":"FIGHT_PROP_DEFENSE","depotId":961,"groupId":8,"propValue":57.87,"id":961010},"962001":{"propType":"FIGHT_PROP_HP_PERCENT","depotId":962,"groupId":3,"propValue":0.1457,"id":962001},"962002":{"propType":"FIGHT_PROP_ATTACK_PERCENT","depotId":962,"groupId":6,"propValue":0.1457,"id":962002},"962003":{"propType":"FIGHT_PROP_DEFENSE_PERCENT","depotId":962,"groupId":9,"propValue":0.1821,"id":962003},"962004":{"propType":"FIGHT_PROP_CRITICAL","depotId":962,"groupId":20,"propValue":0.0971,"id":962004},"962005":{"propType":"FIGHT_PROP_CHARGE_EFFICIENCY","depotId":962,"groupId":23,"propValue":0.1619,"id":962005},"962006":{"propType":"FIGHT_PROP_ELEMENT_MASTERY","depotId":962,"groupId":25,"propValue":58.28,"id":962006},"962007":{"propType":"FIGHT_PROP_CRITICAL_HURT","depotId":962,"groupId":22,"propValue":0.1943,"id":962007},"962008":{"propType":"FIGHT_PROP_HP","depotId":962,"groupId":2,"propValue":746.88,"id":962008},"962009":{"propType":"FIGHT_PROP_ATTACK","depotId":962,"groupId":5,"propValue":48.63,"id":962009},"962010":{"propType":"FIGHT_PROP_DEFENSE","depotId":962,"groupId":8,"propValue":57.87,"id":962010},"963001":{"propType":"FIGHT_PROP_HP_PERCENT","depotId":963,"groupId":3,"propValue":0.1457,"id":963001},"963002":{"propType":"FIGHT_PROP_ATTACK_PERCENT","depotId":963,"groupId":6,"propValue":0.1457,"id":963002},"963003":{"propType":"FIGHT_PROP_DEFENSE_PERCENT","depotId":963,"groupId":9,"propValue":0.1821,"id":963003},"963004":{"propType":"FIGHT_PROP_CRITICAL","depotId":963,"groupId":20,"propValue":0.0971,"id":963004},"963005":{"propType":"FIGHT_PROP_CHARGE_EFFICIENCY","depotId":963,"groupId":23,"propValue":0.1619,"id":963005},"963006":{"propType":"FIGHT_PROP_ELEMENT_MASTERY","depotId":963,"groupId":25,"propValue":58.28,"id":963006},"963007":{"propType":"FIGHT_PROP_CRITICAL_HURT","depotId":963,"groupId":22,"propValue":0.1943,"id":963007},"963008":{"propType":"FIGHT_PROP_HP","depotId":963,"groupId":2,"propValue":746.88,"id":963008},"963009":{"propType":"FIGHT_PROP_ATTACK","depotId":963,"groupId":5,"propValue":48.63,"id":963009},"963010":{"propType":"FIGHT_PROP_DEFENSE","depotId":963,"groupId":8,"propValue":57.87,"id":963010},"964001":{"propType":"FIGHT_PROP_HP_PERCENT","depotId":964,"groupId":3,"propValue":0.1457,"id":964001},"964002":{"propType":"FIGHT_PROP_ATTACK_PERCENT","depotId":964,"groupId":6,"propValue":0.1457,"id":964002},"964003":{"propType":"FIGHT_PROP_DEFENSE_PERCENT","depotId":964,"groupId":9,"propValue":0.1821,"id":964003},"964004":{"propType":"FIGHT_PROP_CRITICAL","depotId":964,"groupId":20,"propValue":0.0971,"id":964004},"964005":{"propType":"FIGHT_PROP_CHARGE_EFFICIENCY","depotId":964,"groupId":23,"propValue":0.1619,"id":964005},"964006":{"propType":"FIGHT_PROP_ELEMENT_MASTERY","depotId":964,"groupId":25,"propValue":58.28,"id":964006},"964007":{"propType":"FIGHT_PROP_CRITICAL_HURT","depotId":964,"groupId":22,"propValue":0.1943,"id":964007},"964008":{"propType":"FIGHT_PROP_HP","depotId":964,"groupId":2,"propValue":746.88,"id":964008},"964009":{"propType":"FIGHT_PROP_ATTACK","depotId":964,"groupId":5,"propValue":48.63,"id":964009},"964010":{"propType":"FIGHT_PROP_DEFENSE","depotId":964,"groupId":8,"propValue":57.87,"id":964010},"965001":{"propType":"FIGHT_PROP_HP_PERCENT","depotId":965,"groupId":3,"propValue":0.1457,"id":965001},"965002":{"propType":"FIGHT_PROP_ATTACK_PERCENT","depotId":965,"groupId":6,"propValue":0.1457,"id":965002},"965003":{"propType":"FIGHT_PROP_DEFENSE_PERCENT","depotId":965,"groupId":9,"propValue":0.1821,"id":965003},"965004":{"propType":"FIGHT_PROP_CRITICAL","depotId":965,"groupId":20,"propValue":0.0971,"id":965004},"965005":{"propType":"FIGHT_PROP_CHARGE_EFFICIENCY","depotId":965,"groupId":23,"propValue":0.1619,"id":965005},"965006":{"propType":"FIGHT_PROP_ELEMENT_MASTERY","depotId":965,"groupId":25,"propValue":58.28,"id":965006},"965007":{"propType":"FIGHT_PROP_CRITICAL_HURT","depotId":965,"groupId":22,"propValue":0.1943,"id":965007},"965008":{"propType":"FIGHT_PROP_HP","depotId":965,"groupId":2,"propValue":746.88,"id":965008},"965009":{"propType":"FIGHT_PROP_ATTACK","depotId":965,"groupId":5,"propValue":48.63,"id":965009},"965010":{"propType":"FIGHT_PROP_DEFENSE","depotId":965,"groupId":8,"propValue":57.87,"id":965010},"966001":{"propType":"FIGHT_PROP_ELEMENT_MASTERY","depotId":966,"groupId":25,"propValue":300,"id":966001},"967001":{"propType":"FIGHT_PROP_CRITICAL","depotId":967,"groupId":20,"propValue":1,"id":967001},"968001":{"propType":"FIGHT_PROP_ELEMENT_MASTERY","depotId":968,"groupId":25,"propValue":-300,"id":968001},"969001":{"propType":"FIGHT_PROP_DEFENSE","depotId":969,"groupId":8,"propValue":-500,"id":969001},"970001":{"propType":"FIGHT_PROP_SUB_HURT","depotId":970,"groupId":29,"propValue":0.8,"id":970001},"971001":{"propType":"FIGHT_PROP_ADD_HURT","depotId":971,"groupId":24,"propValue":0.8,"id":971001},"972001":{"propType":"FIGHT_PROP_PHYSICAL_SUB_HURT","depotId":972,"groupId":29,"propValue":0.8,"id":972001},"973001":{"propType":"FIGHT_PROP_ICE_SUB_HURT","depotId":973,"groupId":56,"propValue":0.8,"id":973001},"974001":{"propType":"FIGHT_PROP_ROCK_SUB_HURT","depotId":974,"groupId":55,"propValue":0.8,"id":974001},"975001":{"propType":"FIGHT_PROP_WIND_SUB_HURT","depotId":975,"groupId":54,"propValue":0.8,"id":975001},"976001":{"propType":"FIGHT_PROP_GRASS_SUB_HURT","depotId":976,"groupId":53,"propValue":0.8,"id":976001},"977001":{"propType":"FIGHT_PROP_WATER_SUB_HURT","depotId":977,"groupId":52,"propValue":0.8,"id":977001},"978001":{"propType":"FIGHT_PROP_ELEC_SUB_HURT","depotId":978,"groupId":51,"propValue":0.8,"id":978001},"979001":{"propType":"FIGHT_PROP_FIRE_SUB_HURT","depotId":979,"groupId":50,"propValue":0.8,"id":979001},"980001":{"propType":"FIGHT_PROP_PHYSICAL_ADD_HURT","depotId":980,"groupId":30,"propValue":0.8,"id":980001},"981001":{"propType":"FIGHT_PROP_ICE_ADD_HURT","depotId":981,"groupId":46,"propValue":0.8,"id":981001},"982001":{"propType":"FIGHT_PROP_ROCK_ADD_HURT","depotId":982,"groupId":45,"propValue":0.8,"id":982001},"983001":{"propType":"FIGHT_PROP_WIND_ADD_HURT","depotId":983,"groupId":44,"propValue":0.8,"id":983001},"984001":{"propType":"FIGHT_PROP_GRASS_ADD_HURT","depotId":984,"groupId":43,"propValue":0.8,"id":984001},"985001":{"propType":"FIGHT_PROP_WATER_ADD_HURT","depotId":985,"groupId":42,"propValue":0.8,"id":985001},"986001":{"propType":"FIGHT_PROP_ELEC_ADD_HURT","depotId":986,"groupId":41,"propValue":0.8,"id":986001},"987001":{"propType":"FIGHT_PROP_FIRE_ADD_HURT","depotId":987,"groupId":40,"propValue":0.8,"id":987001},"988001":{"propType":"FIGHT_PROP_SPEED_PERCENT","depotId":988,"groupId":11,"propValue":0.3,"id":988001},"989001":{"propType":"FIGHT_PROP_SKILL_CD_MINUS_RATIO","depotId":989,"groupId":80,"propValue":0.5,"id":989001},"990001":{"propType":"FIGHT_PROP_HEALED_ADD","depotId":990,"groupId":27,"propValue":0.8,"id":990001},"991001":{"propType":"FIGHT_PROP_HEAL_ADD","depotId":991,"groupId":26,"propValue":0.8,"id":991001},"992001":{"propType":"FIGHT_PROP_SHIELD_COST_MINUS_RATIO","depotId":992,"groupId":81,"propValue":0.8,"id":992001},"993001":{"propType":"FIGHT_PROP_CRITICAL_HURT","depotId":993,"groupId":22,"propValue":0.8,"id":993001},"994001":{"propType":"FIGHT_PROP_CRITICAL","depotId":994,"groupId":20,"propValue":0.8,"id":994001},"995001":{"propType":"FIGHT_PROP_HP_PERCENT","depotId":995,"groupId":3,"propValue":0.1457,"id":995001},"995002":{"propType":"FIGHT_PROP_ATTACK_PERCENT","depotId":995,"groupId":6,"propValue":0.1457,"id":995002},"995003":{"propType":"FIGHT_PROP_DEFENSE_PERCENT","depotId":995,"groupId":9,"propValue":0.1821,"id":995003},"995004":{"propType":"FIGHT_PROP_CRITICAL","depotId":995,"groupId":20,"propValue":0.0971,"id":995004},"995005":{"propType":"FIGHT_PROP_CHARGE_EFFICIENCY","depotId":995,"groupId":23,"propValue":0.1619,"id":995005},"995006":{"propType":"FIGHT_PROP_ELEMENT_MASTERY","depotId":995,"groupId":25,"propValue":58.28,"id":995006},"995007":{"propType":"FIGHT_PROP_CRITICAL_HURT","depotId":995,"groupId":22,"propValue":0.1943,"id":995007},"996001":{"propType":"FIGHT_PROP_HP_PERCENT","depotId":996,"groupId":3,"propValue":0.0932,"id":996001},"996002":{"propType":"FIGHT_PROP_ATTACK_PERCENT","depotId":996,"groupId":6,"propValue":0.0932,"id":996002},"996003":{"propType":"FIGHT_PROP_DEFENSE_PERCENT","depotId":996,"groupId":9,"propValue":0.1166,"id":996003},"996004":{"propType":"FIGHT_PROP_CRITICAL","depotId":996,"groupId":20,"propValue":0.0622,"id":996004},"996005":{"propType":"FIGHT_PROP_CHARGE_EFFICIENCY","depotId":996,"groupId":23,"propValue":0.1036,"id":996005},"996006":{"propType":"FIGHT_PROP_ELEMENT_MASTERY","depotId":996,"groupId":25,"propValue":37.3,"id":996006},"996007":{"propType":"FIGHT_PROP_CRITICAL_HURT","depotId":996,"groupId":22,"propValue":0.1243,"id":996007},"996008":{"propType":"FIGHT_PROP_HP","depotId":996,"groupId":22,"propValue":478,"id":996008},"996009":{"propType":"FIGHT_PROP_ATTACK","depotId":996,"groupId":22,"propValue":31.12,"id":996009},"996010":{"propType":"FIGHT_PROP_DEFENSE","depotId":996,"groupId":22,"propValue":37.04,"id":996010},"997001":{"propType":"FIGHT_PROP_HP_PERCENT","depotId":997,"groupId":3,"propValue":0.0932,"id":997001},"997002":{"propType":"FIGHT_PROP_ATTACK_PERCENT","depotId":997,"groupId":6,"propValue":0.0932,"id":997002},"997003":{"propType":"FIGHT_PROP_DEFENSE_PERCENT","depotId":997,"groupId":9,"propValue":0.1166,"id":997003},"997004":{"propType":"FIGHT_PROP_CRITICAL","depotId":997,"groupId":20,"propValue":0.0622,"id":997004},"997005":{"propType":"FIGHT_PROP_CHARGE_EFFICIENCY","depotId":997,"groupId":23,"propValue":0.1036,"id":997005},"997006":{"propType":"FIGHT_PROP_ELEMENT_MASTERY","depotId":997,"groupId":25,"propValue":37.3,"id":997006},"997007":{"propType":"FIGHT_PROP_CRITICAL_HURT","depotId":997,"groupId":22,"propValue":0.1243,"id":997007},"998001":{"propType":"FIGHT_PROP_HP_PERCENT","depotId":998,"groupId":3,"propValue":0.1457,"id":998001},"998002":{"propType":"FIGHT_PROP_ATTACK_PERCENT","depotId":998,"groupId":6,"propValue":0.1457,"id":998002},"998003":{"propType":"FIGHT_PROP_DEFENSE_PERCENT","depotId":998,"groupId":9,"propValue":0.1821,"id":998003},"998004":{"propType":"FIGHT_PROP_CRITICAL","depotId":998,"groupId":20,"propValue":0.0971,"id":998004},"998005":{"propType":"FIGHT_PROP_CHARGE_EFFICIENCY","depotId":998,"groupId":23,"propValue":0.1619,"id":998005},"998006":{"propType":"FIGHT_PROP_ELEMENT_MASTERY","depotId":998,"groupId":25,"propValue":58.28,"id":998006},"998007":{"propType":"FIGHT_PROP_CRITICAL_HURT","depotId":998,"groupId":22,"propValue":0.1943,"id":998007},"999001":{"propType":"FIGHT_PROP_CRITICAL_HURT","depotId":999,"groupId":22,"propValue":3.5,"id":999001},"999002":{"propType":"FIGHT_PROP_CRITICAL","depotId":999,"groupId":20,"propValue":1,"id":999002},"999003":{"propType":"FIGHT_PROP_ATTACK","depotId":999,"groupId":5,"propValue":233333,"id":999003},"999004":{"propType":"FIGHT_PROP_DEFENSE","depotId":999,"groupId":8,"propValue":233333,"id":999004}}