{"101021":{"propValue":23.9,"id":101021,"depotId":101,"propType":"FIGHT_PROP_HP","groupId":2},"101022":{"propValue":29.88,"id":101022,"depotId":101,"propType":"FIGHT_PROP_HP","groupId":2},"101031":{"propValue":0.0117,"id":101031,"depotId":101,"propType":"FIGHT_PROP_HP_PERCENT","groupId":3},"101032":{"propValue":0.0146,"id":101032,"depotId":101,"propType":"FIGHT_PROP_HP_PERCENT","groupId":3},"101051":{"propValue":1.56,"id":101051,"depotId":101,"propType":"FIGHT_PROP_ATTACK","groupId":5},"101052":{"propValue":1.95,"id":101052,"depotId":101,"propType":"FIGHT_PROP_ATTACK","groupId":5},"101061":{"propValue":0.0117,"id":101061,"depotId":101,"propType":"FIGHT_PROP_ATTACK_PERCENT","groupId":6},"101062":{"propValue":0.0146,"id":101062,"depotId":101,"propType":"FIGHT_PROP_ATTACK_PERCENT","groupId":6},"101081":{"propValue":1.85,"id":101081,"depotId":101,"propType":"FIGHT_PROP_DEFENSE","groupId":8},"101082":{"propValue":2.31,"id":101082,"depotId":101,"propType":"FIGHT_PROP_DEFENSE","groupId":8},"101091":{"propValue":0.0146,"id":101091,"depotId":101,"propType":"FIGHT_PROP_DEFENSE_PERCENT","groupId":9},"101092":{"propValue":0.0182,"id":101092,"depotId":101,"propType":"FIGHT_PROP_DEFENSE_PERCENT","groupId":9},"101201":{"propValue":0.0078,"id":101201,"depotId":101,"propType":"FIGHT_PROP_CRITICAL","groupId":20},"101202":{"propValue":0.0097,"id":101202,"depotId":101,"propType":"FIGHT_PROP_CRITICAL","groupId":20},"101221":{"propValue":0.0155,"id":101221,"depotId":101,"propType":"FIGHT_PROP_CRITICAL_HURT","groupId":22},"101222":{"propValue":0.0194,"id":101222,"depotId":101,"propType":"FIGHT_PROP_CRITICAL_HURT","groupId":22},"101231":{"propValue":0.013,"id":101231,"depotId":101,"propType":"FIGHT_PROP_CHARGE_EFFICIENCY","groupId":23},"101232":{"propValue":0.0162,"id":101232,"depotId":101,"propType":"FIGHT_PROP_CHARGE_EFFICIENCY","groupId":23},"101241":{"propValue":4.66,"id":101241,"depotId":101,"propType":"FIGHT_PROP_ELEMENT_MASTERY","groupId":24},"101242":{"propValue":5.83,"id":101242,"depotId":101,"propType":"FIGHT_PROP_ELEMENT_MASTERY","groupId":24},"201021":{"propValue":50.19,"id":201021,"depotId":201,"propType":"FIGHT_PROP_HP","groupId":2},"201022":{"propValue":60.95,"id":201022,"depotId":201,"propType":"FIGHT_PROP_HP","groupId":2},"201023":{"propValue":71.7,"id":201023,"depotId":201,"propType":"FIGHT_PROP_HP","groupId":2},"201031":{"propValue":0.0163,"id":201031,"depotId":201,"propType":"FIGHT_PROP_HP_PERCENT","groupId":3},"201032":{"propValue":0.0198,"id":201032,"depotId":201,"propType":"FIGHT_PROP_HP_PERCENT","groupId":3},"201033":{"propValue":0.0233,"id":201033,"depotId":201,"propType":"FIGHT_PROP_HP_PERCENT","groupId":3},"201051":{"propValue":3.27,"id":201051,"depotId":201,"propType":"FIGHT_PROP_ATTACK","groupId":5},"201052":{"propValue":3.97,"id":201052,"depotId":201,"propType":"FIGHT_PROP_ATTACK","groupId":5},"201053":{"propValue":4.67,"id":201053,"depotId":201,"propType":"FIGHT_PROP_ATTACK","groupId":5},"201061":{"propValue":0.0163,"id":201061,"depotId":201,"propType":"FIGHT_PROP_ATTACK_PERCENT","groupId":6},"201062":{"propValue":0.0198,"id":201062,"depotId":201,"propType":"FIGHT_PROP_ATTACK_PERCENT","groupId":6},"201063":{"propValue":0.0233,"id":201063,"depotId":201,"propType":"FIGHT_PROP_ATTACK_PERCENT","groupId":6},"201081":{"propValue":3.89,"id":201081,"depotId":201,"propType":"FIGHT_PROP_DEFENSE","groupId":8},"201082":{"propValue":4.72,"id":201082,"depotId":201,"propType":"FIGHT_PROP_DEFENSE","groupId":8},"201083":{"propValue":5.56,"id":201083,"depotId":201,"propType":"FIGHT_PROP_DEFENSE","groupId":8},"201091":{"propValue":0.0204,"id":201091,"depotId":201,"propType":"FIGHT_PROP_DEFENSE_PERCENT","groupId":9},"201092":{"propValue":0.0248,"id":201092,"depotId":201,"propType":"FIGHT_PROP_DEFENSE_PERCENT","groupId":9},"201093":{"propValue":0.0291,"id":201093,"depotId":201,"propType":"FIGHT_PROP_DEFENSE_PERCENT","groupId":9},"201201":{"propValue":0.0109,"id":201201,"depotId":201,"propType":"FIGHT_PROP_CRITICAL","groupId":20},"201202":{"propValue":0.0132,"id":201202,"depotId":201,"propType":"FIGHT_PROP_CRITICAL","groupId":20},"201203":{"propValue":0.0155,"id":201203,"depotId":201,"propType":"FIGHT_PROP_CRITICAL","groupId":20},"201221":{"propValue":0.0218,"id":201221,"depotId":201,"propType":"FIGHT_PROP_CRITICAL_HURT","groupId":22},"201222":{"propValue":0.0264,"id":201222,"depotId":201,"propType":"FIGHT_PROP_CRITICAL_HURT","groupId":22},"201223":{"propValue":0.0311,"id":201223,"depotId":201,"propType":"FIGHT_PROP_CRITICAL_HURT","groupId":22},"201231":{"propValue":0.0181,"id":201231,"depotId":201,"propType":"FIGHT_PROP_CHARGE_EFFICIENCY","groupId":23},"201232":{"propValue":0.022,"id":201232,"depotId":201,"propType":"FIGHT_PROP_CHARGE_EFFICIENCY","groupId":23},"201233":{"propValue":0.0259,"id":201233,"depotId":201,"propType":"FIGHT_PROP_CHARGE_EFFICIENCY","groupId":23},"201241":{"propValue":6.53,"id":201241,"depotId":201,"propType":"FIGHT_PROP_ELEMENT_MASTERY","groupId":24},"201242":{"propValue":7.93,"id":201242,"depotId":201,"propType":"FIGHT_PROP_ELEMENT_MASTERY","groupId":24},"201243":{"propValue":9.33,"id":201243,"depotId":201,"propType":"FIGHT_PROP_ELEMENT_MASTERY","groupId":24},"301021":{"propValue":100.38,"id":301021,"depotId":301,"propType":"FIGHT_PROP_HP","groupId":2},"301022":{"propValue":114.72,"id":301022,"depotId":301,"propType":"FIGHT_PROP_HP","groupId":2},"301023":{"propValue":129.06,"id":301023,"depotId":301,"propType":"FIGHT_PROP_HP","groupId":2},"301024":{"propValue":143.4,"id":301024,"depotId":301,"propType":"FIGHT_PROP_HP","groupId":2},"301031":{"propValue":0.0245,"id":301031,"depotId":301,"propType":"FIGHT_PROP_HP_PERCENT","groupId":3},"301032":{"propValue":0.028,"id":301032,"depotId":301,"propType":"FIGHT_PROP_HP_PERCENT","groupId":3},"301033":{"propValue":0.0315,"id":301033,"depotId":301,"propType":"FIGHT_PROP_HP_PERCENT","groupId":3},"301034":{"propValue":0.035,"id":301034,"depotId":301,"propType":"FIGHT_PROP_HP_PERCENT","groupId":3},"301051":{"propValue":6.54,"id":301051,"depotId":301,"propType":"FIGHT_PROP_ATTACK","groupId":5},"301052":{"propValue":7.47,"id":301052,"depotId":301,"propType":"FIGHT_PROP_ATTACK","groupId":5},"301053":{"propValue":8.4,"id":301053,"depotId":301,"propType":"FIGHT_PROP_ATTACK","groupId":5},"301054":{"propValue":9.34,"id":301054,"depotId":301,"propType":"FIGHT_PROP_ATTACK","groupId":5},"301061":{"propValue":0.0245,"id":301061,"depotId":301,"propType":"FIGHT_PROP_ATTACK_PERCENT","groupId":6},"301062":{"propValue":0.028,"id":301062,"depotId":301,"propType":"FIGHT_PROP_ATTACK_PERCENT","groupId":6},"301063":{"propValue":0.0315,"id":301063,"depotId":301,"propType":"FIGHT_PROP_ATTACK_PERCENT","groupId":6},"301064":{"propValue":0.035,"id":301064,"depotId":301,"propType":"FIGHT_PROP_ATTACK_PERCENT","groupId":6},"301081":{"propValue":7.78,"id":301081,"depotId":301,"propType":"FIGHT_PROP_DEFENSE","groupId":8},"301082":{"propValue":8.89,"id":301082,"depotId":301,"propType":"FIGHT_PROP_DEFENSE","groupId":8},"301083":{"propValue":10,"id":301083,"depotId":301,"propType":"FIGHT_PROP_DEFENSE","groupId":8},"301084":{"propValue":11.11,"id":301084,"depotId":301,"propType":"FIGHT_PROP_DEFENSE","groupId":8},"301091":{"propValue":0.0306,"id":301091,"depotId":301,"propType":"FIGHT_PROP_DEFENSE_PERCENT","groupId":9},"301092":{"propValue":0.035,"id":301092,"depotId":301,"propType":"FIGHT_PROP_DEFENSE_PERCENT","groupId":9},"301093":{"propValue":0.0393,"id":301093,"depotId":301,"propType":"FIGHT_PROP_DEFENSE_PERCENT","groupId":9},"301094":{"propValue":0.0437,"id":301094,"depotId":301,"propType":"FIGHT_PROP_DEFENSE_PERCENT","groupId":9},"301201":{"propValue":0.0163,"id":301201,"depotId":301,"propType":"FIGHT_PROP_CRITICAL","groupId":20},"301202":{"propValue":0.0186,"id":301202,"depotId":301,"propType":"FIGHT_PROP_CRITICAL","groupId":20},"301203":{"propValue":0.021,"id":301203,"depotId":301,"propType":"FIGHT_PROP_CRITICAL","groupId":20},"301204":{"propValue":0.0233,"id":301204,"depotId":301,"propType":"FIGHT_PROP_CRITICAL","groupId":20},"301221":{"propValue":0.0326,"id":301221,"depotId":301,"propType":"FIGHT_PROP_CRITICAL_HURT","groupId":22},"301222":{"propValue":0.0373,"id":301222,"depotId":301,"propType":"FIGHT_PROP_CRITICAL_HURT","groupId":22},"301223":{"propValue":0.042,"id":301223,"depotId":301,"propType":"FIGHT_PROP_CRITICAL_HURT","groupId":22},"301224":{"propValue":0.0466,"id":301224,"depotId":301,"propType":"FIGHT_PROP_CRITICAL_HURT","groupId":22},"301231":{"propValue":0.0272,"id":301231,"depotId":301,"propType":"FIGHT_PROP_CHARGE_EFFICIENCY","groupId":23},"301232":{"propValue":0.0311,"id":301232,"depotId":301,"propType":"FIGHT_PROP_CHARGE_EFFICIENCY","groupId":23},"301233":{"propValue":0.035,"id":301233,"depotId":301,"propType":"FIGHT_PROP_CHARGE_EFFICIENCY","groupId":23},"301234":{"propValue":0.0389,"id":301234,"depotId":301,"propType":"FIGHT_PROP_CHARGE_EFFICIENCY","groupId":23},"301241":{"propValue":9.79,"id":301241,"depotId":301,"propType":"FIGHT_PROP_ELEMENT_MASTERY","groupId":24},"301242":{"propValue":11.19,"id":301242,"depotId":301,"propType":"FIGHT_PROP_ELEMENT_MASTERY","groupId":24},"301243":{"propValue":12.59,"id":301243,"depotId":301,"propType":"FIGHT_PROP_ELEMENT_MASTERY","groupId":24},"301244":{"propValue":13.99,"id":301244,"depotId":301,"propType":"FIGHT_PROP_ELEMENT_MASTERY","groupId":24},"401021":{"propValue":167.3,"id":401021,"depotId":401,"propType":"FIGHT_PROP_HP","groupId":2},"401022":{"propValue":191.2,"id":401022,"depotId":401,"propType":"FIGHT_PROP_HP","groupId":2},"401023":{"propValue":215.1,"id":401023,"depotId":401,"propType":"FIGHT_PROP_HP","groupId":2},"401024":{"propValue":239,"id":401024,"depotId":401,"propType":"FIGHT_PROP_HP","groupId":2},"401031":{"propValue":0.0326,"id":401031,"depotId":401,"propType":"FIGHT_PROP_HP_PERCENT","groupId":3},"401032":{"propValue":0.0373,"id":401032,"depotId":401,"propType":"FIGHT_PROP_HP_PERCENT","groupId":3},"401033":{"propValue":0.042,"id":401033,"depotId":401,"propType":"FIGHT_PROP_HP_PERCENT","groupId":3},"401034":{"propValue":0.0466,"id":401034,"depotId":401,"propType":"FIGHT_PROP_HP_PERCENT","groupId":3},"401051":{"propValue":10.89,"id":401051,"depotId":401,"propType":"FIGHT_PROP_ATTACK","groupId":5},"401052":{"propValue":12.45,"id":401052,"depotId":401,"propType":"FIGHT_PROP_ATTACK","groupId":5},"401053":{"propValue":14,"id":401053,"depotId":401,"propType":"FIGHT_PROP_ATTACK","groupId":5},"401054":{"propValue":15.56,"id":401054,"depotId":401,"propType":"FIGHT_PROP_ATTACK","groupId":5},"401061":{"propValue":0.0326,"id":401061,"depotId":401,"propType":"FIGHT_PROP_ATTACK_PERCENT","groupId":6},"401062":{"propValue":0.0373,"id":401062,"depotId":401,"propType":"FIGHT_PROP_ATTACK_PERCENT","groupId":6},"401063":{"propValue":0.042,"id":401063,"depotId":401,"propType":"FIGHT_PROP_ATTACK_PERCENT","groupId":6},"401064":{"propValue":0.0466,"id":401064,"depotId":401,"propType":"FIGHT_PROP_ATTACK_PERCENT","groupId":6},"401081":{"propValue":12.96,"id":401081,"depotId":401,"propType":"FIGHT_PROP_DEFENSE","groupId":8},"401082":{"propValue":14.82,"id":401082,"depotId":401,"propType":"FIGHT_PROP_DEFENSE","groupId":8},"401083":{"propValue":16.67,"id":401083,"depotId":401,"propType":"FIGHT_PROP_DEFENSE","groupId":8},"401084":{"propValue":18.52,"id":401084,"depotId":401,"propType":"FIGHT_PROP_DEFENSE","groupId":8},"401091":{"propValue":0.0408,"id":401091,"depotId":401,"propType":"FIGHT_PROP_DEFENSE_PERCENT","groupId":9},"401092":{"propValue":0.0466,"id":401092,"depotId":401,"propType":"FIGHT_PROP_DEFENSE_PERCENT","groupId":9},"401093":{"propValue":0.0525,"id":401093,"depotId":401,"propType":"FIGHT_PROP_DEFENSE_PERCENT","groupId":9},"401094":{"propValue":0.0583,"id":401094,"depotId":401,"propType":"FIGHT_PROP_DEFENSE_PERCENT","groupId":9},"401201":{"propValue":0.0218,"id":401201,"depotId":401,"propType":"FIGHT_PROP_CRITICAL","groupId":20},"401202":{"propValue":0.0249,"id":401202,"depotId":401,"propType":"FIGHT_PROP_CRITICAL","groupId":20},"401203":{"propValue":0.028,"id":401203,"depotId":401,"propType":"FIGHT_PROP_CRITICAL","groupId":20},"401204":{"propValue":0.0311,"id":401204,"depotId":401,"propType":"FIGHT_PROP_CRITICAL","groupId":20},"401221":{"propValue":0.0435,"id":401221,"depotId":401,"propType":"FIGHT_PROP_CRITICAL_HURT","groupId":22},"401222":{"propValue":0.0497,"id":401222,"depotId":401,"propType":"FIGHT_PROP_CRITICAL_HURT","groupId":22},"401223":{"propValue":0.056,"id":401223,"depotId":401,"propType":"FIGHT_PROP_CRITICAL_HURT","groupId":22},"401224":{"propValue":0.0622,"id":401224,"depotId":401,"propType":"FIGHT_PROP_CRITICAL_HURT","groupId":22},"401231":{"propValue":0.0363,"id":401231,"depotId":401,"propType":"FIGHT_PROP_CHARGE_EFFICIENCY","groupId":23},"401232":{"propValue":0.0414,"id":401232,"depotId":401,"propType":"FIGHT_PROP_CHARGE_EFFICIENCY","groupId":23},"401233":{"propValue":0.0466,"id":401233,"depotId":401,"propType":"FIGHT_PROP_CHARGE_EFFICIENCY","groupId":23},"401234":{"propValue":0.0518,"id":401234,"depotId":401,"propType":"FIGHT_PROP_CHARGE_EFFICIENCY","groupId":23},"401241":{"propValue":13.06,"id":401241,"depotId":401,"propType":"FIGHT_PROP_ELEMENT_MASTERY","groupId":24},"401242":{"propValue":14.92,"id":401242,"depotId":401,"propType":"FIGHT_PROP_ELEMENT_MASTERY","groupId":24},"401243":{"propValue":16.79,"id":401243,"depotId":401,"propType":"FIGHT_PROP_ELEMENT_MASTERY","groupId":24},"401244":{"propValue":18.65,"id":401244,"depotId":401,"propType":"FIGHT_PROP_ELEMENT_MASTERY","groupId":24},"501021":{"propValue":209.13,"id":501021,"depotId":501,"propType":"FIGHT_PROP_HP","groupId":2},"501022":{"propValue":239,"id":501022,"depotId":501,"propType":"FIGHT_PROP_HP","groupId":2},"501023":{"propValue":268.88,"id":501023,"depotId":501,"propType":"FIGHT_PROP_HP","groupId":2},"501024":{"propValue":298.75,"id":501024,"depotId":501,"propType":"FIGHT_PROP_HP","groupId":2},"501031":{"propValue":0.0408,"id":501031,"depotId":501,"propType":"FIGHT_PROP_HP_PERCENT","groupId":3},"501032":{"propValue":0.0466,"id":501032,"depotId":501,"propType":"FIGHT_PROP_HP_PERCENT","groupId":3},"501033":{"propValue":0.0525,"id":501033,"depotId":501,"propType":"FIGHT_PROP_HP_PERCENT","groupId":3},"501034":{"propValue":0.0583,"id":501034,"depotId":501,"propType":"FIGHT_PROP_HP_PERCENT","groupId":3},"501051":{"propValue":13.62,"id":501051,"depotId":501,"propType":"FIGHT_PROP_ATTACK","groupId":5},"501052":{"propValue":15.56,"id":501052,"depotId":501,"propType":"FIGHT_PROP_ATTACK","groupId":5},"501053":{"propValue":17.51,"id":501053,"depotId":501,"propType":"FIGHT_PROP_ATTACK","groupId":5},"501054":{"propValue":19.45,"id":501054,"depotId":501,"propType":"FIGHT_PROP_ATTACK","groupId":5},"501061":{"propValue":0.0408,"id":501061,"depotId":501,"propType":"FIGHT_PROP_ATTACK_PERCENT","groupId":6},"501062":{"propValue":0.0466,"id":501062,"depotId":501,"propType":"FIGHT_PROP_ATTACK_PERCENT","groupId":6},"501063":{"propValue":0.0525,"id":501063,"depotId":501,"propType":"FIGHT_PROP_ATTACK_PERCENT","groupId":6},"501064":{"propValue":0.0583,"id":501064,"depotId":501,"propType":"FIGHT_PROP_ATTACK_PERCENT","groupId":6},"501081":{"propValue":16.2,"id":501081,"depotId":501,"propType":"FIGHT_PROP_DEFENSE","groupId":8},"501082":{"propValue":18.52,"id":501082,"depotId":501,"propType":"FIGHT_PROP_DEFENSE","groupId":8},"501083":{"propValue":20.83,"id":501083,"depotId":501,"propType":"FIGHT_PROP_DEFENSE","groupId":8},"501084":{"propValue":23.15,"id":501084,"depotId":501,"propType":"FIGHT_PROP_DEFENSE","groupId":8},"501091":{"propValue":0.051,"id":501091,"depotId":501,"propType":"FIGHT_PROP_DEFENSE_PERCENT","groupId":9},"501092":{"propValue":0.0583,"id":501092,"depotId":501,"propType":"FIGHT_PROP_DEFENSE_PERCENT","groupId":9},"501093":{"propValue":0.0656,"id":501093,"depotId":501,"propType":"FIGHT_PROP_DEFENSE_PERCENT","groupId":9},"501094":{"propValue":0.0729,"id":501094,"depotId":501,"propType":"FIGHT_PROP_DEFENSE_PERCENT","groupId":9},"501201":{"propValue":0.0272,"id":501201,"depotId":501,"propType":"FIGHT_PROP_CRITICAL","groupId":20},"501202":{"propValue":0.0311,"id":501202,"depotId":501,"propType":"FIGHT_PROP_CRITICAL","groupId":20},"501203":{"propValue":0.035,"id":501203,"depotId":501,"propType":"FIGHT_PROP_CRITICAL","groupId":20},"501204":{"propValue":0.0389,"id":501204,"depotId":501,"propType":"FIGHT_PROP_CRITICAL","groupId":20},"501221":{"propValue":0.0544,"id":501221,"depotId":501,"propType":"FIGHT_PROP_CRITICAL_HURT","groupId":22},"501222":{"propValue":0.0622,"id":501222,"depotId":501,"propType":"FIGHT_PROP_CRITICAL_HURT","groupId":22},"501223":{"propValue":0.0699,"id":501223,"depotId":501,"propType":"FIGHT_PROP_CRITICAL_HURT","groupId":22},"501224":{"propValue":0.0777,"id":501224,"depotId":501,"propType":"FIGHT_PROP_CRITICAL_HURT","groupId":22},"501231":{"propValue":0.0453,"id":501231,"depotId":501,"propType":"FIGHT_PROP_CHARGE_EFFICIENCY","groupId":23},"501232":{"propValue":0.0518,"id":501232,"depotId":501,"propType":"FIGHT_PROP_CHARGE_EFFICIENCY","groupId":23},"501233":{"propValue":0.0583,"id":501233,"depotId":501,"propType":"FIGHT_PROP_CHARGE_EFFICIENCY","groupId":23},"501234":{"propValue":0.0648,"id":501234,"depotId":501,"propType":"FIGHT_PROP_CHARGE_EFFICIENCY","groupId":23},"501241":{"propValue":16.32,"id":501241,"depotId":501,"propType":"FIGHT_PROP_ELEMENT_MASTERY","groupId":24},"501242":{"propValue":18.65,"id":501242,"depotId":501,"propType":"FIGHT_PROP_ELEMENT_MASTERY","groupId":24},"501243":{"propValue":20.98,"id":501243,"depotId":501,"propType":"FIGHT_PROP_ELEMENT_MASTERY","groupId":24},"501244":{"propValue":23.31,"id":501244,"depotId":501,"propType":"FIGHT_PROP_ELEMENT_MASTERY","groupId":24},"941001":{"propValue":0.0932,"id":941001,"depotId":941,"propType":"FIGHT_PROP_HP_PERCENT","groupId":3},"941002":{"propValue":0.0932,"id":941002,"depotId":941,"propType":"FIGHT_PROP_ATTACK_PERCENT","groupId":6},"941003":{"propValue":0.1166,"id":941003,"depotId":941,"propType":"FIGHT_PROP_DEFENSE_PERCENT","groupId":9},"941004":{"propValue":0.0622,"id":941004,"depotId":941,"propType":"FIGHT_PROP_CRITICAL","groupId":20},"941005":{"propValue":0.1036,"id":941005,"depotId":941,"propType":"FIGHT_PROP_CHARGE_EFFICIENCY","groupId":23},"941006":{"propValue":37.3,"id":941006,"depotId":941,"propType":"FIGHT_PROP_ELEMENT_MASTERY","groupId":25},"941007":{"propValue":0.1243,"id":941007,"depotId":941,"propType":"FIGHT_PROP_CRITICAL_HURT","groupId":22},"942001":{"propValue":0.0932,"id":942001,"depotId":942,"propType":"FIGHT_PROP_HP_PERCENT","groupId":3},"942002":{"propValue":0.0932,"id":942002,"depotId":942,"propType":"FIGHT_PROP_ATTACK_PERCENT","groupId":6},"942003":{"propValue":0.1166,"id":942003,"depotId":942,"propType":"FIGHT_PROP_DEFENSE_PERCENT","groupId":9},"942004":{"propValue":0.0622,"id":942004,"depotId":942,"propType":"FIGHT_PROP_CRITICAL","groupId":20},"942005":{"propValue":0.1036,"id":942005,"depotId":942,"propType":"FIGHT_PROP_CHARGE_EFFICIENCY","groupId":23},"942006":{"propValue":37.3,"id":942006,"depotId":942,"propType":"FIGHT_PROP_ELEMENT_MASTERY","groupId":25},"942007":{"propValue":0.1243,"id":942007,"depotId":942,"propType":"FIGHT_PROP_CRITICAL_HURT","groupId":22},"943001":{"propValue":0.0932,"id":943001,"depotId":943,"propType":"FIGHT_PROP_HP_PERCENT","groupId":3},"943002":{"propValue":0.0932,"id":943002,"depotId":943,"propType":"FIGHT_PROP_ATTACK_PERCENT","groupId":6},"943003":{"propValue":0.1166,"id":943003,"depotId":943,"propType":"FIGHT_PROP_DEFENSE_PERCENT","groupId":9},"943004":{"propValue":0.0622,"id":943004,"depotId":943,"propType":"FIGHT_PROP_CRITICAL","groupId":20},"943005":{"propValue":0.1036,"id":943005,"depotId":943,"propType":"FIGHT_PROP_CHARGE_EFFICIENCY","groupId":23},"943006":{"propValue":37.3,"id":943006,"depotId":943,"propType":"FIGHT_PROP_ELEMENT_MASTERY","groupId":25},"943007":{"propValue":0.1243,"id":943007,"depotId":943,"propType":"FIGHT_PROP_CRITICAL_HURT","groupId":22},"946001":{"propValue":0.0932,"id":946001,"depotId":946,"propType":"FIGHT_PROP_HP_PERCENT","groupId":3},"946002":{"propValue":0.0932,"id":946002,"depotId":946,"propType":"FIGHT_PROP_ATTACK_PERCENT","groupId":6},"946003":{"propValue":0.1166,"id":946003,"depotId":946,"propType":"FIGHT_PROP_DEFENSE_PERCENT","groupId":9},"946004":{"propValue":0.0622,"id":946004,"depotId":946,"propType":"FIGHT_PROP_CRITICAL","groupId":20},"946005":{"propValue":0.1036,"id":946005,"depotId":946,"propType":"FIGHT_PROP_CHARGE_EFFICIENCY","groupId":23},"946006":{"propValue":37.3,"id":946006,"depotId":946,"propType":"FIGHT_PROP_ELEMENT_MASTERY","groupId":25},"946007":{"propValue":0.1243,"id":946007,"depotId":946,"propType":"FIGHT_PROP_CRITICAL_HURT","groupId":22},"947001":{"propValue":0.0396,"id":947001,"depotId":947,"propType":"FIGHT_PROP_HP_PERCENT","groupId":3},"947002":{"propValue":0.0396,"id":947002,"depotId":947,"propType":"FIGHT_PROP_ATTACK_PERCENT","groupId":6},"947003":{"propValue":0.0495,"id":947003,"depotId":947,"propType":"FIGHT_PROP_DEFENSE_PERCENT","groupId":9},"947004":{"propValue":0.0264,"id":947004,"depotId":947,"propType":"FIGHT_PROP_CRITICAL","groupId":20},"947005":{"propValue":0.044,"id":947005,"depotId":947,"propType":"FIGHT_PROP_CHARGE_EFFICIENCY","groupId":23},"947006":{"propValue":15.85,"id":947006,"depotId":947,"propType":"FIGHT_PROP_ELEMENT_MASTERY","groupId":25},"947007":{"propValue":0.0528,"id":947007,"depotId":947,"propType":"FIGHT_PROP_CRITICAL_HURT","groupId":22},"947008":{"propValue":203.15,"id":947008,"depotId":947,"propType":"FIGHT_PROP_HP","groupId":22},"947009":{"propValue":13.23,"id":947009,"depotId":947,"propType":"FIGHT_PROP_ATTACK","groupId":22},"947010":{"propValue":15.74,"id":947010,"depotId":947,"propType":"FIGHT_PROP_DEFENSE","groupId":22},"951001":{"propValue":0.1457,"id":951001,"depotId":951,"propType":"FIGHT_PROP_HP_PERCENT","groupId":3},"951002":{"propValue":0.1457,"id":951002,"depotId":951,"propType":"FIGHT_PROP_ATTACK_PERCENT","groupId":6},"951003":{"propValue":0.1821,"id":951003,"depotId":951,"propType":"FIGHT_PROP_DEFENSE_PERCENT","groupId":9},"951004":{"propValue":0.0971,"id":951004,"depotId":951,"propType":"FIGHT_PROP_CRITICAL","groupId":20},"951005":{"propValue":0.1619,"id":951005,"depotId":951,"propType":"FIGHT_PROP_CHARGE_EFFICIENCY","groupId":23},"951006":{"propValue":58.28,"id":951006,"depotId":951,"propType":"FIGHT_PROP_ELEMENT_MASTERY","groupId":25},"951007":{"propValue":0.1943,"id":951007,"depotId":951,"propType":"FIGHT_PROP_CRITICAL_HURT","groupId":22},"952001":{"propValue":0.1457,"id":952001,"depotId":952,"propType":"FIGHT_PROP_HP_PERCENT","groupId":3},"952002":{"propValue":0.1457,"id":952002,"depotId":952,"propType":"FIGHT_PROP_ATTACK_PERCENT","groupId":6},"952003":{"propValue":0.1821,"id":952003,"depotId":952,"propType":"FIGHT_PROP_DEFENSE_PERCENT","groupId":9},"952004":{"propValue":0.0971,"id":952004,"depotId":952,"propType":"FIGHT_PROP_CRITICAL","groupId":20},"952005":{"propValue":0.1619,"id":952005,"depotId":952,"propType":"FIGHT_PROP_CHARGE_EFFICIENCY","groupId":23},"952006":{"propValue":58.28,"id":952006,"depotId":952,"propType":"FIGHT_PROP_ELEMENT_MASTERY","groupId":25},"952007":{"propValue":0.1943,"id":952007,"depotId":952,"propType":"FIGHT_PROP_CRITICAL_HURT","groupId":22},"953001":{"propValue":0.1457,"id":953001,"depotId":953,"propType":"FIGHT_PROP_HP_PERCENT","groupId":3},"953002":{"propValue":0.1457,"id":953002,"depotId":953,"propType":"FIGHT_PROP_ATTACK_PERCENT","groupId":6},"953003":{"propValue":0.1821,"id":953003,"depotId":953,"propType":"FIGHT_PROP_DEFENSE_PERCENT","groupId":9},"953004":{"propValue":0.0971,"id":953004,"depotId":953,"propType":"FIGHT_PROP_CRITICAL","groupId":20},"953005":{"propValue":0.1619,"id":953005,"depotId":953,"propType":"FIGHT_PROP_CHARGE_EFFICIENCY","groupId":23},"953006":{"propValue":58.28,"id":953006,"depotId":953,"propType":"FIGHT_PROP_ELEMENT_MASTERY","groupId":25},"953007":{"propValue":0.1943,"id":953007,"depotId":953,"propType":"FIGHT_PROP_CRITICAL_HURT","groupId":22},"956001":{"propValue":0.1457,"id":956001,"depotId":956,"propType":"FIGHT_PROP_HP_PERCENT","groupId":3},"956002":{"propValue":0.1457,"id":956002,"depotId":956,"propType":"FIGHT_PROP_ATTACK_PERCENT","groupId":6},"956003":{"propValue":0.1821,"id":956003,"depotId":956,"propType":"FIGHT_PROP_DEFENSE_PERCENT","groupId":9},"956004":{"propValue":0.0971,"id":956004,"depotId":956,"propType":"FIGHT_PROP_CRITICAL","groupId":20},"956005":{"propValue":0.1619,"id":956005,"depotId":956,"propType":"FIGHT_PROP_CHARGE_EFFICIENCY","groupId":23},"956006":{"propValue":58.28,"id":956006,"depotId":956,"propType":"FIGHT_PROP_ELEMENT_MASTERY","groupId":25},"956007":{"propValue":0.1943,"id":956007,"depotId":956,"propType":"FIGHT_PROP_CRITICAL_HURT","groupId":22},"961001":{"propValue":0.1457,"id":961001,"depotId":961,"propType":"FIGHT_PROP_HP_PERCENT","groupId":3},"961002":{"propValue":0.1457,"id":961002,"depotId":961,"propType":"FIGHT_PROP_ATTACK_PERCENT","groupId":6},"961003":{"propValue":0.1821,"id":961003,"depotId":961,"propType":"FIGHT_PROP_DEFENSE_PERCENT","groupId":9},"961004":{"propValue":0.0971,"id":961004,"depotId":961,"propType":"FIGHT_PROP_CRITICAL","groupId":20},"961005":{"propValue":0.1619,"id":961005,"depotId":961,"propType":"FIGHT_PROP_CHARGE_EFFICIENCY","groupId":23},"961006":{"propValue":58.28,"id":961006,"depotId":961,"propType":"FIGHT_PROP_ELEMENT_MASTERY","groupId":25},"961007":{"propValue":0.1943,"id":961007,"depotId":961,"propType":"FIGHT_PROP_CRITICAL_HURT","groupId":22},"961008":{"propValue":746.88,"id":961008,"depotId":961,"propType":"FIGHT_PROP_HP","groupId":2},"961009":{"propValue":48.63,"id":961009,"depotId":961,"propType":"FIGHT_PROP_ATTACK","groupId":5},"961010":{"propValue":57.87,"id":961010,"depotId":961,"propType":"FIGHT_PROP_DEFENSE","groupId":8},"962001":{"propValue":0.1457,"id":962001,"depotId":962,"propType":"FIGHT_PROP_HP_PERCENT","groupId":3},"962002":{"propValue":0.1457,"id":962002,"depotId":962,"propType":"FIGHT_PROP_ATTACK_PERCENT","groupId":6},"962003":{"propValue":0.1821,"id":962003,"depotId":962,"propType":"FIGHT_PROP_DEFENSE_PERCENT","groupId":9},"962004":{"propValue":0.0971,"id":962004,"depotId":962,"propType":"FIGHT_PROP_CRITICAL","groupId":20},"962005":{"propValue":0.1619,"id":962005,"depotId":962,"propType":"FIGHT_PROP_CHARGE_EFFICIENCY","groupId":23},"962006":{"propValue":58.28,"id":962006,"depotId":962,"propType":"FIGHT_PROP_ELEMENT_MASTERY","groupId":25},"962007":{"propValue":0.1943,"id":962007,"depotId":962,"propType":"FIGHT_PROP_CRITICAL_HURT","groupId":22},"962008":{"propValue":746.88,"id":962008,"depotId":962,"propType":"FIGHT_PROP_HP","groupId":2},"962009":{"propValue":48.63,"id":962009,"depotId":962,"propType":"FIGHT_PROP_ATTACK","groupId":5},"962010":{"propValue":57.87,"id":962010,"depotId":962,"propType":"FIGHT_PROP_DEFENSE","groupId":8},"963001":{"propValue":0.1457,"id":963001,"depotId":963,"propType":"FIGHT_PROP_HP_PERCENT","groupId":3},"963002":{"propValue":0.1457,"id":963002,"depotId":963,"propType":"FIGHT_PROP_ATTACK_PERCENT","groupId":6},"963003":{"propValue":0.1821,"id":963003,"depotId":963,"propType":"FIGHT_PROP_DEFENSE_PERCENT","groupId":9},"963004":{"propValue":0.0971,"id":963004,"depotId":963,"propType":"FIGHT_PROP_CRITICAL","groupId":20},"963005":{"propValue":0.1619,"id":963005,"depotId":963,"propType":"FIGHT_PROP_CHARGE_EFFICIENCY","groupId":23},"963006":{"propValue":58.28,"id":963006,"depotId":963,"propType":"FIGHT_PROP_ELEMENT_MASTERY","groupId":25},"963007":{"propValue":0.1943,"id":963007,"depotId":963,"propType":"FIGHT_PROP_CRITICAL_HURT","groupId":22},"963008":{"propValue":746.88,"id":963008,"depotId":963,"propType":"FIGHT_PROP_HP","groupId":2},"963009":{"propValue":48.63,"id":963009,"depotId":963,"propType":"FIGHT_PROP_ATTACK","groupId":5},"963010":{"propValue":57.87,"id":963010,"depotId":963,"propType":"FIGHT_PROP_DEFENSE","groupId":8},"964001":{"propValue":0.1457,"id":964001,"depotId":964,"propType":"FIGHT_PROP_HP_PERCENT","groupId":3},"964002":{"propValue":0.1457,"id":964002,"depotId":964,"propType":"FIGHT_PROP_ATTACK_PERCENT","groupId":6},"964003":{"propValue":0.1821,"id":964003,"depotId":964,"propType":"FIGHT_PROP_DEFENSE_PERCENT","groupId":9},"964004":{"propValue":0.0971,"id":964004,"depotId":964,"propType":"FIGHT_PROP_CRITICAL","groupId":20},"964005":{"propValue":0.1619,"id":964005,"depotId":964,"propType":"FIGHT_PROP_CHARGE_EFFICIENCY","groupId":23},"964006":{"propValue":58.28,"id":964006,"depotId":964,"propType":"FIGHT_PROP_ELEMENT_MASTERY","groupId":25},"964007":{"propValue":0.1943,"id":964007,"depotId":964,"propType":"FIGHT_PROP_CRITICAL_HURT","groupId":22},"964008":{"propValue":746.88,"id":964008,"depotId":964,"propType":"FIGHT_PROP_HP","groupId":2},"964009":{"propValue":48.63,"id":964009,"depotId":964,"propType":"FIGHT_PROP_ATTACK","groupId":5},"964010":{"propValue":57.87,"id":964010,"depotId":964,"propType":"FIGHT_PROP_DEFENSE","groupId":8},"965001":{"propValue":0.1457,"id":965001,"depotId":965,"propType":"FIGHT_PROP_HP_PERCENT","groupId":3},"965002":{"propValue":0.1457,"id":965002,"depotId":965,"propType":"FIGHT_PROP_ATTACK_PERCENT","groupId":6},"965003":{"propValue":0.1821,"id":965003,"depotId":965,"propType":"FIGHT_PROP_DEFENSE_PERCENT","groupId":9},"965004":{"propValue":0.0971,"id":965004,"depotId":965,"propType":"FIGHT_PROP_CRITICAL","groupId":20},"965005":{"propValue":0.1619,"id":965005,"depotId":965,"propType":"FIGHT_PROP_CHARGE_EFFICIENCY","groupId":23},"965006":{"propValue":58.28,"id":965006,"depotId":965,"propType":"FIGHT_PROP_ELEMENT_MASTERY","groupId":25},"965007":{"propValue":0.1943,"id":965007,"depotId":965,"propType":"FIGHT_PROP_CRITICAL_HURT","groupId":22},"965008":{"propValue":746.88,"id":965008,"depotId":965,"propType":"FIGHT_PROP_HP","groupId":2},"965009":{"propValue":48.63,"id":965009,"depotId":965,"propType":"FIGHT_PROP_ATTACK","groupId":5},"965010":{"propValue":57.87,"id":965010,"depotId":965,"propType":"FIGHT_PROP_DEFENSE","groupId":8},"966001":{"propValue":300,"id":966001,"depotId":966,"propType":"FIGHT_PROP_ELEMENT_MASTERY","groupId":25},"967001":{"propValue":1,"id":967001,"depotId":967,"propType":"FIGHT_PROP_CRITICAL","groupId":20},"968001":{"propValue":-300,"id":968001,"depotId":968,"propType":"FIGHT_PROP_ELEMENT_MASTERY","groupId":25},"969001":{"propValue":-500,"id":969001,"depotId":969,"propType":"FIGHT_PROP_DEFENSE","groupId":8},"970001":{"propValue":0.8,"id":970001,"depotId":970,"propType":"FIGHT_PROP_SUB_HURT","groupId":29},"971001":{"propValue":0.8,"id":971001,"depotId":971,"propType":"FIGHT_PROP_ADD_HURT","groupId":24},"972001":{"propValue":0.8,"id":972001,"depotId":972,"propType":"FIGHT_PROP_PHYSICAL_SUB_HURT","groupId":29},"973001":{"propValue":0.8,"id":973001,"depotId":973,"propType":"FIGHT_PROP_ICE_SUB_HURT","groupId":56},"974001":{"propValue":0.8,"id":974001,"depotId":974,"propType":"FIGHT_PROP_ROCK_SUB_HURT","groupId":55},"975001":{"propValue":0.8,"id":975001,"depotId":975,"propType":"FIGHT_PROP_WIND_SUB_HURT","groupId":54},"976001":{"propValue":0.8,"id":976001,"depotId":976,"propType":"FIGHT_PROP_GRASS_SUB_HURT","groupId":53},"977001":{"propValue":0.8,"id":977001,"depotId":977,"propType":"FIGHT_PROP_WATER_SUB_HURT","groupId":52},"978001":{"propValue":0.8,"id":978001,"depotId":978,"propType":"FIGHT_PROP_ELEC_SUB_HURT","groupId":51},"979001":{"propValue":0.8,"id":979001,"depotId":979,"propType":"FIGHT_PROP_FIRE_SUB_HURT","groupId":50},"980001":{"propValue":0.8,"id":980001,"depotId":980,"propType":"FIGHT_PROP_PHYSICAL_ADD_HURT","groupId":30},"981001":{"propValue":0.8,"id":981001,"depotId":981,"propType":"FIGHT_PROP_ICE_ADD_HURT","groupId":46},"982001":{"propValue":0.8,"id":982001,"depotId":982,"propType":"FIGHT_PROP_ROCK_ADD_HURT","groupId":45},"983001":{"propValue":0.8,"id":983001,"depotId":983,"propType":"FIGHT_PROP_WIND_ADD_HURT","groupId":44},"984001":{"propValue":0.8,"id":984001,"depotId":984,"propType":"FIGHT_PROP_GRASS_ADD_HURT","groupId":43},"985001":{"propValue":0.8,"id":985001,"depotId":985,"propType":"FIGHT_PROP_WATER_ADD_HURT","groupId":42},"986001":{"propValue":0.8,"id":986001,"depotId":986,"propType":"FIGHT_PROP_ELEC_ADD_HURT","groupId":41},"987001":{"propValue":0.8,"id":987001,"depotId":987,"propType":"FIGHT_PROP_FIRE_ADD_HURT","groupId":40},"988001":{"propValue":0.3,"id":988001,"depotId":988,"propType":"FIGHT_PROP_SPEED_PERCENT","groupId":11},"989001":{"propValue":0.5,"id":989001,"depotId":989,"propType":"FIGHT_PROP_SKILL_CD_MINUS_RATIO","groupId":80},"990001":{"propValue":0.8,"id":990001,"depotId":990,"propType":"FIGHT_PROP_HEALED_ADD","groupId":27},"991001":{"propValue":0.8,"id":991001,"depotId":991,"propType":"FIGHT_PROP_HEAL_ADD","groupId":26},"992001":{"propValue":0.8,"id":992001,"depotId":992,"propType":"FIGHT_PROP_SHIELD_COST_MINUS_RATIO","groupId":81},"993001":{"propValue":0.8,"id":993001,"depotId":993,"propType":"FIGHT_PROP_CRITICAL_HURT","groupId":22},"994001":{"propValue":0.8,"id":994001,"depotId":994,"propType":"FIGHT_PROP_CRITICAL","groupId":20},"995001":{"propValue":0.1457,"id":995001,"depotId":995,"propType":"FIGHT_PROP_HP_PERCENT","groupId":3},"995002":{"propValue":0.1457,"id":995002,"depotId":995,"propType":"FIGHT_PROP_ATTACK_PERCENT","groupId":6},"995003":{"propValue":0.1821,"id":995003,"depotId":995,"propType":"FIGHT_PROP_DEFENSE_PERCENT","groupId":9},"995004":{"propValue":0.0971,"id":995004,"depotId":995,"propType":"FIGHT_PROP_CRITICAL","groupId":20},"995005":{"propValue":0.1619,"id":995005,"depotId":995,"propType":"FIGHT_PROP_CHARGE_EFFICIENCY","groupId":23},"995006":{"propValue":58.28,"id":995006,"depotId":995,"propType":"FIGHT_PROP_ELEMENT_MASTERY","groupId":25},"995007":{"propValue":0.1943,"id":995007,"depotId":995,"propType":"FIGHT_PROP_CRITICAL_HURT","groupId":22},"996001":{"propValue":0.0932,"id":996001,"depotId":996,"propType":"FIGHT_PROP_HP_PERCENT","groupId":3},"996002":{"propValue":0.0932,"id":996002,"depotId":996,"propType":"FIGHT_PROP_ATTACK_PERCENT","groupId":6},"996003":{"propValue":0.1166,"id":996003,"depotId":996,"propType":"FIGHT_PROP_DEFENSE_PERCENT","groupId":9},"996004":{"propValue":0.0622,"id":996004,"depotId":996,"propType":"FIGHT_PROP_CRITICAL","groupId":20},"996005":{"propValue":0.1036,"id":996005,"depotId":996,"propType":"FIGHT_PROP_CHARGE_EFFICIENCY","groupId":23},"996006":{"propValue":37.3,"id":996006,"depotId":996,"propType":"FIGHT_PROP_ELEMENT_MASTERY","groupId":25},"996007":{"propValue":0.1243,"id":996007,"depotId":996,"propType":"FIGHT_PROP_CRITICAL_HURT","groupId":22},"996008":{"propValue":478,"id":996008,"depotId":996,"propType":"FIGHT_PROP_HP","groupId":22},"996009":{"propValue":31.12,"id":996009,"depotId":996,"propType":"FIGHT_PROP_ATTACK","groupId":22},"996010":{"propValue":37.04,"id":996010,"depotId":996,"propType":"FIGHT_PROP_DEFENSE","groupId":22},"997001":{"propValue":0.0932,"id":997001,"depotId":997,"propType":"FIGHT_PROP_HP_PERCENT","groupId":3},"997002":{"propValue":0.0932,"id":997002,"depotId":997,"propType":"FIGHT_PROP_ATTACK_PERCENT","groupId":6},"997003":{"propValue":0.1166,"id":997003,"depotId":997,"propType":"FIGHT_PROP_DEFENSE_PERCENT","groupId":9},"997004":{"propValue":0.0622,"id":997004,"depotId":997,"propType":"FIGHT_PROP_CRITICAL","groupId":20},"997005":{"propValue":0.1036,"id":997005,"depotId":997,"propType":"FIGHT_PROP_CHARGE_EFFICIENCY","groupId":23},"997006":{"propValue":37.3,"id":997006,"depotId":997,"propType":"FIGHT_PROP_ELEMENT_MASTERY","groupId":25},"997007":{"propValue":0.1243,"id":997007,"depotId":997,"propType":"FIGHT_PROP_CRITICAL_HURT","groupId":22},"998001":{"propValue":0.1457,"id":998001,"depotId":998,"propType":"FIGHT_PROP_HP_PERCENT","groupId":3},"998002":{"propValue":0.1457,"id":998002,"depotId":998,"propType":"FIGHT_PROP_ATTACK_PERCENT","groupId":6},"998003":{"propValue":0.1821,"id":998003,"depotId":998,"propType":"FIGHT_PROP_DEFENSE_PERCENT","groupId":9},"998004":{"propValue":0.0971,"id":998004,"depotId":998,"propType":"FIGHT_PROP_CRITICAL","groupId":20},"998005":{"propValue":0.1619,"id":998005,"depotId":998,"propType":"FIGHT_PROP_CHARGE_EFFICIENCY","groupId":23},"998006":{"propValue":58.28,"id":998006,"depotId":998,"propType":"FIGHT_PROP_ELEMENT_MASTERY","groupId":25},"998007":{"propValue":0.1943,"id":998007,"depotId":998,"propType":"FIGHT_PROP_CRITICAL_HURT","groupId":22},"999001":{"propValue":3.5,"id":999001,"depotId":999,"propType":"FIGHT_PROP_CRITICAL_HURT","groupId":22},"999002":{"propValue":1,"id":999002,"depotId":999,"propType":"FIGHT_PROP_CRITICAL","groupId":20},"999003":{"propValue":233333,"id":999003,"depotId":999,"propType":"FIGHT_PROP_ATTACK","groupId":5},"999004":{"propValue":233333,"id":999004,"depotId":999,"propType":"FIGHT_PROP_DEFENSE","groupId":8}}