{"10001":{"bagSortValue":4,"containsList":[51140,51120,51150,51110,51130],"DFGNDLNPOIJ":4,"disableFilter":0,"dungeonGroup":[],"equipAffixId":210001,"setIcon":"UI_RelicIcon_10001_4","setId":10001,"setNeedNum":[2,4],"textList":[3554068574,3930680251]},"10002":{"bagSortValue":10,"containsList":[52140,52120,52150,52110,52130],"DFGNDLNPOIJ":4,"disableFilter":0,"dungeonGroup":[],"equipAffixId":210002,"setIcon":"UI_RelicIcon_10002_4","setId":10002,"setNeedNum":[2,4],"textList":[3286811710,2520149811]},"10003":{"bagSortValue":9,"containsList":[53140,53120,53150,53110,53130],"DFGNDLNPOIJ":4,"disableFilter":0,"dungeonGroup":[],"equipAffixId":210003,"setIcon":"UI_RelicIcon_10003_4","setId":10003,"setNeedNum":[2,4],"textList":[232496686,594914603]},"10004":{"bagSortValue":5,"containsList":[54140,54120,54150,54110,54130],"DFGNDLNPOIJ":4,"disableFilter":0,"dungeonGroup":[],"equipAffixId":210004,"setIcon":"UI_RelicIcon_10004_4","setId":10004,"setNeedNum":[2,4],"textList":[2558816190,1164604419]},"10005":{"bagSortValue":6,"containsList":[55140,55120,55150,55110,55130],"DFGNDLNPOIJ":4,"disableFilter":0,"dungeonGroup":[],"equipAffixId":210005,"setIcon":"UI_RelicIcon_10005_4","setId":10005,"setNeedNum":[2,4],"textList":[1440602798,3934658059]},"10006":{"bagSortValue":11,"containsList":[56140,56120,56150,56110,56130],"DFGNDLNPOIJ":4,"disableFilter":0,"dungeonGroup":[],"equipAffixId":210006,"setIcon":"UI_RelicIcon_10006_4","setId":10006,"setNeedNum":[2,4],"textList":[2301958078,1744056099]},"10007":{"bagSortValue":7,"containsList":[57140,57120,57150,57110,57130],"DFGNDLNPOIJ":4,"disableFilter":0,"dungeonGroup":[],"equipAffixId":210007,"setIcon":"UI_RelicIcon_10007_4","setId":10007,"setNeedNum":[2,4],"textList":[2152781502,1666101139]},"10008":{"bagSortValue":12,"containsList":[58240,58220,58250,58210,58230],"DFGNDLNPOIJ":4,"disableFilter":0,"dungeonGroup":[],"equipAffixId":210008,"setIcon":"UI_RelicIcon_10008_4","setId":10008,"setNeedNum":[2,4],"textList":[3435100542,3500507723]},"10009":{"bagSortValue":8,"containsList":[59140,59120,59150,59110,59130],"DFGNDLNPOIJ":4,"disableFilter":0,"dungeonGroup":[],"equipAffixId":210009,"setIcon":"UI_RelicIcon_10009_4","setId":10009,"setNeedNum":[2,4],"textList":[1523555942,3039984011]},"10010":{"bagSortValue":1,"containsList":[60140,60120,60150,60110,60130],"DFGNDLNPOIJ":3,"disableFilter":0,"dungeonGroup":[],"equipAffixId":210010,"setIcon":"UI_RelicIcon_10010_4","setId":10010,"setNeedNum":[2,4],"textList":[1817050462,575390611]},"10011":{"bagSortValue":2,"containsList":[61140,61120,61150,61110,61130],"DFGNDLNPOIJ":3,"disableFilter":0,"dungeonGroup":[],"equipAffixId":210011,"setIcon":"UI_RelicIcon_10011_4","setId":10011,"setNeedNum":[2,4],"textList":[4021451694,1065267667]},"10012":{"bagSortValue":13,"containsList":[62140,62120,62150,62110,62130],"DFGNDLNPOIJ":4,"disableFilter":0,"dungeonGroup":[],"equipAffixId":210012,"setIcon":"UI_RelicIcon_10012_4","setId":10012,"setNeedNum":[2,4],"textList":[1407486230,1160154787]},"10013":{"bagSortValue":3,"containsList":[63140,63120,63150,63110,63130],"DFGNDLNPOIJ":3,"disableFilter":0,"dungeonGroup":[],"equipAffixId":210013,"setIcon":"UI_RelicIcon_10013_4","setId":10013,"setNeedNum":[2,4],"textList":[568790406,3607087251]},"14001":{"bagSortValue":30,"containsList":[71340,71320,71350,71310,71330],"DFGNDLNPOIJ":5,"disableFilter":0,"dungeonGroup":[5122,5123],"equipAffixId":214001,"setIcon":"UI_RelicIcon_14001_4","setId":14001,"setNeedNum":[2,4],"textList":[1641249022,3455611563]},"14002":{"bagSortValue":26,"containsList":[72340,72320,72350,72310,72330],"DFGNDLNPOIJ":5,"disableFilter":0,"dungeonGroup":[5005,5006],"equipAffixId":214002,"setIcon":"UI_RelicIcon_14002_4","setId":14002,"setNeedNum":[2,4],"textList":[1192561894,1968896091]},"14003":{"bagSortValue":28,"containsList":[73340,73320,73350,73310,73330],"DFGNDLNPOIJ":5,"disableFilter":0,"dungeonGroup":[5109,5110],"equipAffixId":214003,"setIcon":"UI_RelicIcon_14003_4","setId":14003,"setNeedNum":[2,4],"textList":[351271598,2828057235]},"14004":{"bagSortValue":22,"containsList":[74340,74320,74350,74310,74330],"DFGNDLNPOIJ":5,"disableFilter":0,"dungeonGroup":[5011,5012],"equipAffixId":214004,"setIcon":"UI_RelicIcon_14004_4","setId":14004,"setNeedNum":[2,4],"textList":[401042630,150564555]},"15000":{"bagSortValue":0,"containsList":[99340,99320,99350,99310,99330],"DFGNDLNPOIJ":5,"disableFilter":1,"dungeonGroup":[],"equipAffixId":0,"setIcon":"","setId":15000,"setNeedNum":[3,5],"textList":[714505142,3191443955]},"15001":{"bagSortValue":18,"containsList":[75340,75320,75350,75310,75330],"DFGNDLNPOIJ":5,"disableFilter":0,"dungeonGroup":[],"equipAffixId":215001,"setIcon":"UI_RelicIcon_15001_4","setId":15001,"setNeedNum":[2,4],"textList":[1890216262,522318403]},"15002":{"bagSortValue":23,"containsList":[76340,76320,76350,76310,76330],"DFGNDLNPOIJ":5,"disableFilter":0,"dungeonGroup":[5011,5012],"equipAffixId":215002,"setIcon":"UI_RelicIcon_15002_4","setId":15002,"setNeedNum":[2,4],"textList":[3418857494,3906211907]},"15003":{"bagSortValue":19,"containsList":[77340,77320,77350,77310,77330],"DFGNDLNPOIJ":5,"disableFilter":0,"dungeonGroup":[],"equipAffixId":215003,"setIcon":"UI_RelicIcon_15003_4","setId":15003,"setNeedNum":[2,4],"textList":[2602151358,205455459]},"15004":{"bagSortValue":0,"containsList":[78340,78320,78350,78310,78330],"DFGNDLNPOIJ":5,"disableFilter":1,"dungeonGroup":[],"equipAffixId":215004,"setIcon":"UI_RelicIcon_15004_4","setId":15004,"setNeedNum":[2,4],"textList":[3786709222,3239325019]},"15005":{"bagSortValue":27,"containsList":[79340,79320,79350,79310,79330],"DFGNDLNPOIJ":5,"disableFilter":0,"dungeonGroup":[5005,5006],"equipAffixId":215005,"setIcon":"UI_RelicIcon_15005_4","setId":15005,"setNeedNum":[2,4],"textList":[1140176206,580927259]},"15006":{"bagSortValue":29,"containsList":[80340,80320,80350,80310,80330],"DFGNDLNPOIJ":5,"disableFilter":0,"dungeonGroup":[5109,5110],"equipAffixId":215006,"setIcon":"UI_RelicIcon_15006_4","setId":15006,"setNeedNum":[2,4],"textList":[2097515030,731621371]},"15007":{"bagSortValue":20,"containsList":[81340,81320,81350,81310,81330],"DFGNDLNPOIJ":5,"disableFilter":0,"dungeonGroup":[5113,5114],"equipAffixId":215007,"setIcon":"UI_RelicIcon_15007_4","setId":15007,"setNeedNum":[2,4],"textList":[1950711078,2003140467]},"15008":{"bagSortValue":21,"containsList":[82340,82320,82350,82310,82330],"DFGNDLNPOIJ":5,"disableFilter":0,"dungeonGroup":[5113,5114],"equipAffixId":215008,"setIcon":"UI_RelicIcon_15008_4","setId":15008,"setNeedNum":[2,4],"textList":[3776130198,2723354699]},"15009":{"bagSortValue":16,"containsList":[83330],"DFGNDLNPOIJ":4,"disableFilter":0,"dungeonGroup":[],"equipAffixId":215009,"setIcon":"UI_RelicIcon_15009_3","setId":15009,"setNeedNum":[1],"textList":[1600414334,1178752179]},"15010":{"bagSortValue":15,"containsList":[84330],"DFGNDLNPOIJ":4,"disableFilter":0,"dungeonGroup":[],"equipAffixId":215010,"setIcon":"UI_RelicIcon_15010_3","setId":15010,"setNeedNum":[1],"textList":[1799147854,2961475019]},"15011":{"bagSortValue":14,"containsList":[85330],"DFGNDLNPOIJ":4,"disableFilter":0,"dungeonGroup":[],"equipAffixId":215011,"setIcon":"UI_RelicIcon_15011_3","setId":15011,"setNeedNum":[1],"textList":[3683910422,1198100419]},"15012":{"bagSortValue":0,"containsList":[86330],"DFGNDLNPOIJ":4,"disableFilter":1,"dungeonGroup":[],"equipAffixId":215012,"setIcon":"UI_RelicIcon_15012_3","setId":15012,"setNeedNum":[1],"textList":[606069766,2520461163]},"15013":{"bagSortValue":17,"containsList":[87330],"DFGNDLNPOIJ":4,"disableFilter":0,"dungeonGroup":[],"equipAffixId":215013,"setIcon":"UI_RelicIcon_15013_3","setId":15013,"setNeedNum":[1],"textList":[2222490622,3773807931]},"15014":{"bagSortValue":24,"containsList":[88340,88320,88350,88310,88330],"DFGNDLNPOIJ":5,"disableFilter":0,"dungeonGroup":[5104,5105],"equipAffixId":215014,"setIcon":"UI_RelicIcon_15014_4","setId":15014,"setNeedNum":[2,4],"textList":[2664577174,592694043]},"15015":{"bagSortValue":25,"containsList":[89340,89320,89350,89310,89330],"DFGNDLNPOIJ":5,"disableFilter":0,"dungeonGroup":[5104,5105],"equipAffixId":215015,"setIcon":"UI_RelicIcon_15015_4","setId":15015,"setNeedNum":[2,4],"textList":[3519135894,3824293219]},"15016":{"bagSortValue":31,"containsList":[90340,90320,90350,90310,90330],"DFGNDLNPOIJ":5,"disableFilter":0,"dungeonGroup":[5122,5123],"equipAffixId":215016,"setIcon":"UI_RelicIcon_15016_4","setId":15016,"setNeedNum":[2,4],"textList":[744843214,2102945267]},"15017":{"bagSortValue":32,"containsList":[91340,91320,91350,91310,91330],"DFGNDLNPOIJ":5,"disableFilter":0,"dungeonGroup":[5016,5017],"equipAffixId":215017,"setIcon":"UI_RelicIcon_15017_4","setId":15017,"setNeedNum":[2,4],"textList":[3006628830,1301524275]},"15018":{"bagSortValue":33,"containsList":[92340,92320,92350,92310,92330],"DFGNDLNPOIJ":5,"disableFilter":0,"dungeonGroup":[5016,5017],"equipAffixId":215018,"setIcon":"UI_RelicIcon_15018_4","setId":15018,"setNeedNum":[2,4],"textList":[3846340430,220839051]},"15019":{"bagSortValue":34,"containsList":[93442,93422,93452,93412,93432],"DFGNDLNPOIJ":5,"disableFilter":0,"dungeonGroup":[5202,5203],"equipAffixId":215019,"setIcon":"UI_RelicIcon_15019_4","setId":15019,"setNeedNum":[2,4],"textList":[3379981326,1909146235]},"15020":{"bagSortValue":35,"containsList":[94442,94422,94452,94412,94432],"DFGNDLNPOIJ":5,"disableFilter":0,"dungeonGroup":[5202,5203],"equipAffixId":215020,"setIcon":"UI_RelicIcon_15020_4","setId":15020,"setNeedNum":[2,4],"textList":[178637006,3063165291]},"15021":{"bagSortValue":36,"containsList":[95442,95422,95452,95412,95432],"DFGNDLNPOIJ":5,"disableFilter":0,"dungeonGroup":[5206,5207],"equipAffixId":215021,"setIcon":"UI_RelicIcon_15021_4","setId":15021,"setNeedNum":[2,4],"textList":[771272886,3712988195]},"15022":{"bagSortValue":37,"containsList":[96442,96422,96452,96412,96432],"DFGNDLNPOIJ":5,"disableFilter":0,"dungeonGroup":[5206,5207],"equipAffixId":215022,"setIcon":"UI_RelicIcon_15022_4","setId":15022,"setNeedNum":[2,4],"textList":[652463502,3326279315]},"15023":{"bagSortValue":38,"containsList":[97442,97422,97452,97412,97432],"DFGNDLNPOIJ":5,"disableFilter":0,"dungeonGroup":[5127,5128],"equipAffixId":215023,"setIcon":"UI_RelicIcon_15023_4","setId":15023,"setNeedNum":[2,4],"textList":[2550361214,160031931]},"15024":{"bagSortValue":39,"containsList":[98442,98422,98452,98412,98432],"DFGNDLNPOIJ":5,"disableFilter":0,"dungeonGroup":[5127,5128],"equipAffixId":215024,"setIcon":"UI_RelicIcon_15024_4","setId":15024,"setNeedNum":[2,4],"textList":[260761190,2264156139]},"15025":{"bagSortValue":40,"containsList":[20442,20422,20452,20412,20432],"DFGNDLNPOIJ":5,"disableFilter":0,"dungeonGroup":[5052,5053],"equipAffixId":215025,"setIcon":"UI_RelicIcon_15025_4","setId":15025,"setNeedNum":[2,4],"textList":[235669822,2351156307]},"15026":{"bagSortValue":41,"containsList":[21442,21422,21452,21412,21432],"DFGNDLNPOIJ":5,"disableFilter":0,"dungeonGroup":[5052,5053],"equipAffixId":215026,"setIcon":"UI_RelicIcon_15026_4","setId":15026,"setNeedNum":[2,4],"textList":[1245570190,2786980939]},"15027":{"bagSortValue":42,"containsList":[27442,27422,27452,27412,27432],"DFGNDLNPOIJ":5,"disableFilter":0,"dungeonGroup":[5062,5063],"equipAffixId":215027,"setIcon":"UI_RelicIcon_15027_4","setId":15027,"setNeedNum":[2,4],"textList":[294255758,4086792275]},"15028":{"bagSortValue":43,"containsList":[28442,28422,28452,28412,28432],"DFGNDLNPOIJ":5,"disableFilter":0,"dungeonGroup":[5062,5063],"equipAffixId":215028,"setIcon":"UI_RelicIcon_15028_4","setId":15028,"setNeedNum":[2,4],"textList":[429562510,2358985011]},"15029":{"bagSortValue":44,"containsList":[29442,29422,29452,29412,29432],"DFGNDLNPOIJ":5,"disableFilter":0,"dungeonGroup":[5066,5067],"equipAffixId":215029,"setIcon":"UI_RelicIcon_15029_4","setId":15029,"setNeedNum":[2,4],"textList":[1718787446,1807240227]},"15030":{"bagSortValue":45,"containsList":[30442,30422,30452,30412,30432],"DFGNDLNPOIJ":5,"disableFilter":0,"dungeonGroup":[5066,5067],"equipAffixId":215030,"setIcon":"UI_RelicIcon_15030_4","setId":15030,"setNeedNum":[2,4],"textList":[2924198126,2817123035]},"15031":{"bagSortValue":46,"containsList":[31442,31422,31452,31412,31432],"DFGNDLNPOIJ":5,"disableFilter":0,"dungeonGroup":[4482,4483],"equipAffixId":215031,"setIcon":"UI_RelicIcon_15031_4","setId":15031,"setNeedNum":[2,4],"textList":[930115270,1717323939]},"15032":{"bagSortValue":47,"containsList":[32442,32422,32452,32412,32432],"DFGNDLNPOIJ":5,"disableFilter":0,"dungeonGroup":[4482,4483],"equipAffixId":215032,"setIcon":"UI_RelicIcon_15032_4","setId":15032,"setNeedNum":[2,4],"textList":[2296062934,3171350643]},"15033":{"bagSortValue":48,"containsList":[33442,33422,33452,33412,33432],"DFGNDLNPOIJ":5,"disableFilter":0,"dungeonGroup":[4486,4487],"equipAffixId":215033,"setIcon":"UI_RelicIcon_15033_4","setId":15033,"setNeedNum":[2,4],"textList":[3699137590,1462645979]},"15034":{"bagSortValue":49,"containsList":[34442,34422,34452,34412,34432],"DFGNDLNPOIJ":5,"disableFilter":0,"dungeonGroup":[4486,4487],"equipAffixId":215034,"setIcon":"UI_RelicIcon_15034_4","setId":15034,"setNeedNum":[2,4],"textList":[3551528574,1513333099]},"15035":{"bagSortValue":50,"containsList":[35442,35422,35452,35412,35432],"DFGNDLNPOIJ":5,"disableFilter":0,"dungeonGroup":[4512,4513],"equipAffixId":215035,"setIcon":"UI_RelicIcon_15035_4","setId":15035,"setNeedNum":[2,4],"textList":[1963076470,1236189427]},"15036":{"bagSortValue":51,"containsList":[36442,36422,36452,36412,36432],"DFGNDLNPOIJ":5,"disableFilter":0,"dungeonGroup":[4512,4513],"equipAffixId":215036,"setIcon":"UI_RelicIcon_15036_4","setId":15036,"setNeedNum":[2,4],"textList":[2137664806,2076662451]},"15037":{"bagSortValue":52,"containsList":[37442,37422,37452,37412,37432],"DFGNDLNPOIJ":5,"disableFilter":0,"dungeonGroup":[5020,5021],"equipAffixId":215037,"setIcon":"UI_RelicIcon_15037_4","setId":15037,"setNeedNum":[2,4],"textList":[3776658126,2269330339]},"15038":{"bagSortValue":53,"containsList":[38442,38422,38452,38412,38432],"DFGNDLNPOIJ":5,"disableFilter":0,"dungeonGroup":[5020,5021],"equipAffixId":215038,"setIcon":"UI_RelicIcon_15038_4","setId":15038,"setNeedNum":[2,4],"textList":[2364224526,730276251]},"15039":{"bagSortValue":54,"containsList":[39442,39422,39452,39412,39432],"DFGNDLNPOIJ":5,"disableFilter":0,"dungeonGroup":[5024,5025],"equipAffixId":215039,"setIcon":"UI_RelicIcon_15039_4","setId":15039,"setNeedNum":[2,4],"textList":[1867443326,2202813275]},"15040":{"bagSortValue":55,"containsList":[40442,40422,40452,40412,40432],"DFGNDLNPOIJ":5,"disableFilter":0,"dungeonGroup":[5024,5025],"equipAffixId":215040,"setIcon":"UI_RelicIcon_15040_4","setId":15040,"setNeedNum":[2,4],"textList":[748688758,3686884347]},"15041":{"bagSortValue":56,"containsList":[41442,41422,41452,41412,41432],"DFGNDLNPOIJ":5,"disableFilter":0,"dungeonGroup":[4667,4668],"equipAffixId":215041,"setIcon":"UI_RelicIcon_15041_4","setId":15041,"setNeedNum":[2,4],"textList":[1309206902,2320444707]},"15042":{"bagSortValue":57,"containsList":[42442,42422,42452,42412,42432],"DFGNDLNPOIJ":5,"disableFilter":0,"dungeonGroup":[4667,4668],"equipAffixId":215042,"setIcon":"UI_RelicIcon_15042_4","setId":15042,"setNeedNum":[2,4],"textList":[1212321758,919935915]}}