[{"id":101021,"depotId":101,"groupId":2,"propType":"FIGHT_PROP_HP","propValue":23.9},{"id":101022,"depotId":101,"groupId":2,"propType":"FIGHT_PROP_HP","propValue":29.88},{"id":201021,"depotId":201,"groupId":2,"propType":"FIGHT_PROP_HP","propValue":50.19},{"id":201022,"depotId":201,"groupId":2,"propType":"FIGHT_PROP_HP","propValue":60.95},{"id":201023,"depotId":201,"groupId":2,"propType":"FIGHT_PROP_HP","propValue":71.7},{"id":301021,"depotId":301,"groupId":2,"propType":"FIGHT_PROP_HP","propValue":100.38},{"id":301022,"depotId":301,"groupId":2,"propType":"FIGHT_PROP_HP","propValue":114.72},{"id":301023,"depotId":301,"groupId":2,"propType":"FIGHT_PROP_HP","propValue":129.06},{"id":301024,"depotId":301,"groupId":2,"propType":"FIGHT_PROP_HP","propValue":143.4},{"id":401021,"depotId":401,"groupId":2,"propType":"FIGHT_PROP_HP","propValue":167.3},{"id":401022,"depotId":401,"groupId":2,"propType":"FIGHT_PROP_HP","propValue":191.2},{"id":401023,"depotId":401,"groupId":2,"propType":"FIGHT_PROP_HP","propValue":215.1},{"id":401024,"depotId":401,"groupId":2,"propType":"FIGHT_PROP_HP","propValue":239},{"id":501021,"depotId":501,"groupId":2,"propType":"FIGHT_PROP_HP","propValue":209.13},{"id":501022,"depotId":501,"groupId":2,"propType":"FIGHT_PROP_HP","propValue":239},{"id":501023,"depotId":501,"groupId":2,"propType":"FIGHT_PROP_HP","propValue":268.88},{"id":501024,"depotId":501,"groupId":2,"propType":"FIGHT_PROP_HP","propValue":298.75},{"id":101031,"depotId":101,"groupId":3,"propType":"FIGHT_PROP_HP_PERCENT","propValue":0.0117},{"id":101032,"depotId":101,"groupId":3,"propType":"FIGHT_PROP_HP_PERCENT","propValue":0.0146},{"id":201031,"depotId":201,"groupId":3,"propType":"FIGHT_PROP_HP_PERCENT","propValue":0.0163},{"id":201032,"depotId":201,"groupId":3,"propType":"FIGHT_PROP_HP_PERCENT","propValue":0.0198},{"id":201033,"depotId":201,"groupId":3,"propType":"FIGHT_PROP_HP_PERCENT","propValue":0.0233},{"id":301031,"depotId":301,"groupId":3,"propType":"FIGHT_PROP_HP_PERCENT","propValue":0.0245},{"id":301032,"depotId":301,"groupId":3,"propType":"FIGHT_PROP_HP_PERCENT","propValue":0.028},{"id":301033,"depotId":301,"groupId":3,"propType":"FIGHT_PROP_HP_PERCENT","propValue":0.0315},{"id":301034,"depotId":301,"groupId":3,"propType":"FIGHT_PROP_HP_PERCENT","propValue":0.035},{"id":401031,"depotId":401,"groupId":3,"propType":"FIGHT_PROP_HP_PERCENT","propValue":0.0326},{"id":401032,"depotId":401,"groupId":3,"propType":"FIGHT_PROP_HP_PERCENT","propValue":0.0373},{"id":401033,"depotId":401,"groupId":3,"propType":"FIGHT_PROP_HP_PERCENT","propValue":0.042},{"id":401034,"depotId":401,"groupId":3,"propType":"FIGHT_PROP_HP_PERCENT","propValue":0.0466},{"id":501031,"depotId":501,"groupId":3,"propType":"FIGHT_PROP_HP_PERCENT","propValue":0.0408},{"id":501032,"depotId":501,"groupId":3,"propType":"FIGHT_PROP_HP_PERCENT","propValue":0.0466},{"id":501033,"depotId":501,"groupId":3,"propType":"FIGHT_PROP_HP_PERCENT","propValue":0.0525},{"id":501034,"depotId":501,"groupId":3,"propType":"FIGHT_PROP_HP_PERCENT","propValue":0.0583},{"id":101051,"depotId":101,"groupId":5,"propType":"FIGHT_PROP_ATTACK","propValue":1.56},{"id":101052,"depotId":101,"groupId":5,"propType":"FIGHT_PROP_ATTACK","propValue":1.95},{"id":201051,"depotId":201,"groupId":5,"propType":"FIGHT_PROP_ATTACK","propValue":3.27},{"id":201052,"depotId":201,"groupId":5,"propType":"FIGHT_PROP_ATTACK","propValue":3.97},{"id":201053,"depotId":201,"groupId":5,"propType":"FIGHT_PROP_ATTACK","propValue":4.67},{"id":301051,"depotId":301,"groupId":5,"propType":"FIGHT_PROP_ATTACK","propValue":6.54},{"id":301052,"depotId":301,"groupId":5,"propType":"FIGHT_PROP_ATTACK","propValue":7.47},{"id":301053,"depotId":301,"groupId":5,"propType":"FIGHT_PROP_ATTACK","propValue":8.4},{"id":301054,"depotId":301,"groupId":5,"propType":"FIGHT_PROP_ATTACK","propValue":9.34},{"id":401051,"depotId":401,"groupId":5,"propType":"FIGHT_PROP_ATTACK","propValue":10.89},{"id":401052,"depotId":401,"groupId":5,"propType":"FIGHT_PROP_ATTACK","propValue":12.45},{"id":401053,"depotId":401,"groupId":5,"propType":"FIGHT_PROP_ATTACK","propValue":14},{"id":401054,"depotId":401,"groupId":5,"propType":"FIGHT_PROP_ATTACK","propValue":15.56},{"id":501051,"depotId":501,"groupId":5,"propType":"FIGHT_PROP_ATTACK","propValue":13.62},{"id":501052,"depotId":501,"groupId":5,"propType":"FIGHT_PROP_ATTACK","propValue":15.56},{"id":501053,"depotId":501,"groupId":5,"propType":"FIGHT_PROP_ATTACK","propValue":17.51},{"id":501054,"depotId":501,"groupId":5,"propType":"FIGHT_PROP_ATTACK","propValue":19.45},{"id":101061,"depotId":101,"groupId":6,"propType":"FIGHT_PROP_ATTACK_PERCENT","propValue":0.0117},{"id":101062,"depotId":101,"groupId":6,"propType":"FIGHT_PROP_ATTACK_PERCENT","propValue":0.0146},{"id":201061,"depotId":201,"groupId":6,"propType":"FIGHT_PROP_ATTACK_PERCENT","propValue":0.0163},{"id":201062,"depotId":201,"groupId":6,"propType":"FIGHT_PROP_ATTACK_PERCENT","propValue":0.0198},{"id":201063,"depotId":201,"groupId":6,"propType":"FIGHT_PROP_ATTACK_PERCENT","propValue":0.0233},{"id":301061,"depotId":301,"groupId":6,"propType":"FIGHT_PROP_ATTACK_PERCENT","propValue":0.0245},{"id":301062,"depotId":301,"groupId":6,"propType":"FIGHT_PROP_ATTACK_PERCENT","propValue":0.028},{"id":301063,"depotId":301,"groupId":6,"propType":"FIGHT_PROP_ATTACK_PERCENT","propValue":0.0315},{"id":301064,"depotId":301,"groupId":6,"propType":"FIGHT_PROP_ATTACK_PERCENT","propValue":0.035},{"id":401061,"depotId":401,"groupId":6,"propType":"FIGHT_PROP_ATTACK_PERCENT","propValue":0.0326},{"id":401062,"depotId":401,"groupId":6,"propType":"FIGHT_PROP_ATTACK_PERCENT","propValue":0.0373},{"id":401063,"depotId":401,"groupId":6,"propType":"FIGHT_PROP_ATTACK_PERCENT","propValue":0.042},{"id":401064,"depotId":401,"groupId":6,"propType":"FIGHT_PROP_ATTACK_PERCENT","propValue":0.0466},{"id":501061,"depotId":501,"groupId":6,"propType":"FIGHT_PROP_ATTACK_PERCENT","propValue":0.0408},{"id":501062,"depotId":501,"groupId":6,"propType":"FIGHT_PROP_ATTACK_PERCENT","propValue":0.0466},{"id":501063,"depotId":501,"groupId":6,"propType":"FIGHT_PROP_ATTACK_PERCENT","propValue":0.0525},{"id":501064,"depotId":501,"groupId":6,"propType":"FIGHT_PROP_ATTACK_PERCENT","propValue":0.0583},{"id":101081,"depotId":101,"groupId":8,"propType":"FIGHT_PROP_DEFENSE","propValue":1.85},{"id":101082,"depotId":101,"groupId":8,"propType":"FIGHT_PROP_DEFENSE","propValue":2.31},{"id":201081,"depotId":201,"groupId":8,"propType":"FIGHT_PROP_DEFENSE","propValue":3.89},{"id":201082,"depotId":201,"groupId":8,"propType":"FIGHT_PROP_DEFENSE","propValue":4.72},{"id":201083,"depotId":201,"groupId":8,"propType":"FIGHT_PROP_DEFENSE","propValue":5.56},{"id":301081,"depotId":301,"groupId":8,"propType":"FIGHT_PROP_DEFENSE","propValue":7.78},{"id":301082,"depotId":301,"groupId":8,"propType":"FIGHT_PROP_DEFENSE","propValue":8.89},{"id":301083,"depotId":301,"groupId":8,"propType":"FIGHT_PROP_DEFENSE","propValue":10},{"id":301084,"depotId":301,"groupId":8,"propType":"FIGHT_PROP_DEFENSE","propValue":11.11},{"id":401081,"depotId":401,"groupId":8,"propType":"FIGHT_PROP_DEFENSE","propValue":12.96},{"id":401082,"depotId":401,"groupId":8,"propType":"FIGHT_PROP_DEFENSE","propValue":14.82},{"id":401083,"depotId":401,"groupId":8,"propType":"FIGHT_PROP_DEFENSE","propValue":16.67},{"id":401084,"depotId":401,"groupId":8,"propType":"FIGHT_PROP_DEFENSE","propValue":18.52},{"id":501081,"depotId":501,"groupId":8,"propType":"FIGHT_PROP_DEFENSE","propValue":16.2},{"id":501082,"depotId":501,"groupId":8,"propType":"FIGHT_PROP_DEFENSE","propValue":18.52},{"id":501083,"depotId":501,"groupId":8,"propType":"FIGHT_PROP_DEFENSE","propValue":20.83},{"id":501084,"depotId":501,"groupId":8,"propType":"FIGHT_PROP_DEFENSE","propValue":23.15},{"id":101091,"depotId":101,"groupId":9,"propType":"FIGHT_PROP_DEFENSE_PERCENT","propValue":0.0146},{"id":101092,"depotId":101,"groupId":9,"propType":"FIGHT_PROP_DEFENSE_PERCENT","propValue":0.0182},{"id":201091,"depotId":201,"groupId":9,"propType":"FIGHT_PROP_DEFENSE_PERCENT","propValue":0.0204},{"id":201092,"depotId":201,"groupId":9,"propType":"FIGHT_PROP_DEFENSE_PERCENT","propValue":0.0248},{"id":201093,"depotId":201,"groupId":9,"propType":"FIGHT_PROP_DEFENSE_PERCENT","propValue":0.0291},{"id":301091,"depotId":301,"groupId":9,"propType":"FIGHT_PROP_DEFENSE_PERCENT","propValue":0.0306},{"id":301092,"depotId":301,"groupId":9,"propType":"FIGHT_PROP_DEFENSE_PERCENT","propValue":0.035},{"id":301093,"depotId":301,"groupId":9,"propType":"FIGHT_PROP_DEFENSE_PERCENT","propValue":0.0393},{"id":301094,"depotId":301,"groupId":9,"propType":"FIGHT_PROP_DEFENSE_PERCENT","propValue":0.0437},{"id":401091,"depotId":401,"groupId":9,"propType":"FIGHT_PROP_DEFENSE_PERCENT","propValue":0.0408},{"id":401092,"depotId":401,"groupId":9,"propType":"FIGHT_PROP_DEFENSE_PERCENT","propValue":0.0466},{"id":401093,"depotId":401,"groupId":9,"propType":"FIGHT_PROP_DEFENSE_PERCENT","propValue":0.0525},{"id":401094,"depotId":401,"groupId":9,"propType":"FIGHT_PROP_DEFENSE_PERCENT","propValue":0.0583},{"id":501091,"depotId":501,"groupId":9,"propType":"FIGHT_PROP_DEFENSE_PERCENT","propValue":0.051},{"id":501092,"depotId":501,"groupId":9,"propType":"FIGHT_PROP_DEFENSE_PERCENT","propValue":0.0583},{"id":501093,"depotId":501,"groupId":9,"propType":"FIGHT_PROP_DEFENSE_PERCENT","propValue":0.0656},{"id":501094,"depotId":501,"groupId":9,"propType":"FIGHT_PROP_DEFENSE_PERCENT","propValue":0.0729},{"id":101231,"depotId":101,"groupId":23,"propType":"FIGHT_PROP_CHARGE_EFFICIENCY","propValue":0.013},{"id":101232,"depotId":101,"groupId":23,"propType":"FIGHT_PROP_CHARGE_EFFICIENCY","propValue":0.0162},{"id":201231,"depotId":201,"groupId":23,"propType":"FIGHT_PROP_CHARGE_EFFICIENCY","propValue":0.0181},{"id":201232,"depotId":201,"groupId":23,"propType":"FIGHT_PROP_CHARGE_EFFICIENCY","propValue":0.022},{"id":201233,"depotId":201,"groupId":23,"propType":"FIGHT_PROP_CHARGE_EFFICIENCY","propValue":0.0259},{"id":301231,"depotId":301,"groupId":23,"propType":"FIGHT_PROP_CHARGE_EFFICIENCY","propValue":0.0272},{"id":301232,"depotId":301,"groupId":23,"propType":"FIGHT_PROP_CHARGE_EFFICIENCY","propValue":0.0311},{"id":301233,"depotId":301,"groupId":23,"propType":"FIGHT_PROP_CHARGE_EFFICIENCY","propValue":0.035},{"id":301234,"depotId":301,"groupId":23,"propType":"FIGHT_PROP_CHARGE_EFFICIENCY","propValue":0.0389},{"id":401231,"depotId":401,"groupId":23,"propType":"FIGHT_PROP_CHARGE_EFFICIENCY","propValue":0.0363},{"id":401232,"depotId":401,"groupId":23,"propType":"FIGHT_PROP_CHARGE_EFFICIENCY","propValue":0.0414},{"id":401233,"depotId":401,"groupId":23,"propType":"FIGHT_PROP_CHARGE_EFFICIENCY","propValue":0.0466},{"id":401234,"depotId":401,"groupId":23,"propType":"FIGHT_PROP_CHARGE_EFFICIENCY","propValue":0.0518},{"id":501231,"depotId":501,"groupId":23,"propType":"FIGHT_PROP_CHARGE_EFFICIENCY","propValue":0.0453},{"id":501232,"depotId":501,"groupId":23,"propType":"FIGHT_PROP_CHARGE_EFFICIENCY","propValue":0.0518},{"id":501233,"depotId":501,"groupId":23,"propType":"FIGHT_PROP_CHARGE_EFFICIENCY","propValue":0.0583},{"id":501234,"depotId":501,"groupId":23,"propType":"FIGHT_PROP_CHARGE_EFFICIENCY","propValue":0.0648},{"id":101241,"depotId":101,"groupId":24,"propType":"FIGHT_PROP_ELEMENT_MASTERY","propValue":4.66},{"id":101242,"depotId":101,"groupId":24,"propType":"FIGHT_PROP_ELEMENT_MASTERY","propValue":5.83},{"id":201241,"depotId":201,"groupId":24,"propType":"FIGHT_PROP_ELEMENT_MASTERY","propValue":6.53},{"id":201242,"depotId":201,"groupId":24,"propType":"FIGHT_PROP_ELEMENT_MASTERY","propValue":7.93},{"id":201243,"depotId":201,"groupId":24,"propType":"FIGHT_PROP_ELEMENT_MASTERY","propValue":9.33},{"id":301241,"depotId":301,"groupId":24,"propType":"FIGHT_PROP_ELEMENT_MASTERY","propValue":9.79},{"id":301242,"depotId":301,"groupId":24,"propType":"FIGHT_PROP_ELEMENT_MASTERY","propValue":11.19},{"id":301243,"depotId":301,"groupId":24,"propType":"FIGHT_PROP_ELEMENT_MASTERY","propValue":12.59},{"id":301244,"depotId":301,"groupId":24,"propType":"FIGHT_PROP_ELEMENT_MASTERY","propValue":13.99},{"id":401241,"depotId":401,"groupId":24,"propType":"FIGHT_PROP_ELEMENT_MASTERY","propValue":13.06},{"id":401242,"depotId":401,"groupId":24,"propType":"FIGHT_PROP_ELEMENT_MASTERY","propValue":14.92},{"id":401243,"depotId":401,"groupId":24,"propType":"FIGHT_PROP_ELEMENT_MASTERY","propValue":16.79},{"id":401244,"depotId":401,"groupId":24,"propType":"FIGHT_PROP_ELEMENT_MASTERY","propValue":18.65},{"id":501241,"depotId":501,"groupId":24,"propType":"FIGHT_PROP_ELEMENT_MASTERY","propValue":16.32},{"id":501242,"depotId":501,"groupId":24,"propType":"FIGHT_PROP_ELEMENT_MASTERY","propValue":18.65},{"id":501243,"depotId":501,"groupId":24,"propType":"FIGHT_PROP_ELEMENT_MASTERY","propValue":20.98},{"id":501244,"depotId":501,"groupId":24,"propType":"FIGHT_PROP_ELEMENT_MASTERY","propValue":23.31},{"id":101201,"depotId":101,"groupId":20,"propType":"FIGHT_PROP_CRITICAL","propValue":0.0078},{"id":101202,"depotId":101,"groupId":20,"propType":"FIGHT_PROP_CRITICAL","propValue":0.0097},{"id":201201,"depotId":201,"groupId":20,"propType":"FIGHT_PROP_CRITICAL","propValue":0.0109},{"id":201202,"depotId":201,"groupId":20,"propType":"FIGHT_PROP_CRITICAL","propValue":0.0132},{"id":201203,"depotId":201,"groupId":20,"propType":"FIGHT_PROP_CRITICAL","propValue":0.0155},{"id":301201,"depotId":301,"groupId":20,"propType":"FIGHT_PROP_CRITICAL","propValue":0.0163},{"id":301202,"depotId":301,"groupId":20,"propType":"FIGHT_PROP_CRITICAL","propValue":0.0186},{"id":301203,"depotId":301,"groupId":20,"propType":"FIGHT_PROP_CRITICAL","propValue":0.021},{"id":301204,"depotId":301,"groupId":20,"propType":"FIGHT_PROP_CRITICAL","propValue":0.0233},{"id":401201,"depotId":401,"groupId":20,"propType":"FIGHT_PROP_CRITICAL","propValue":0.0218},{"id":401202,"depotId":401,"groupId":20,"propType":"FIGHT_PROP_CRITICAL","propValue":0.0249},{"id":401203,"depotId":401,"groupId":20,"propType":"FIGHT_PROP_CRITICAL","propValue":0.028},{"id":401204,"depotId":401,"groupId":20,"propType":"FIGHT_PROP_CRITICAL","propValue":0.0311},{"id":501201,"depotId":501,"groupId":20,"propType":"FIGHT_PROP_CRITICAL","propValue":0.0272},{"id":501202,"depotId":501,"groupId":20,"propType":"FIGHT_PROP_CRITICAL","propValue":0.0311},{"id":501203,"depotId":501,"groupId":20,"propType":"FIGHT_PROP_CRITICAL","propValue":0.035},{"id":501204,"depotId":501,"groupId":20,"propType":"FIGHT_PROP_CRITICAL","propValue":0.0389},{"id":101221,"depotId":101,"groupId":22,"propType":"FIGHT_PROP_CRITICAL_HURT","propValue":0.0155},{"id":101222,"depotId":101,"groupId":22,"propType":"FIGHT_PROP_CRITICAL_HURT","propValue":0.0194},{"id":201221,"depotId":201,"groupId":22,"propType":"FIGHT_PROP_CRITICAL_HURT","propValue":0.0218},{"id":201222,"depotId":201,"groupId":22,"propType":"FIGHT_PROP_CRITICAL_HURT","propValue":0.0264},{"id":201223,"depotId":201,"groupId":22,"propType":"FIGHT_PROP_CRITICAL_HURT","propValue":0.0311},{"id":301221,"depotId":301,"groupId":22,"propType":"FIGHT_PROP_CRITICAL_HURT","propValue":0.0326},{"id":301222,"depotId":301,"groupId":22,"propType":"FIGHT_PROP_CRITICAL_HURT","propValue":0.0373},{"id":301223,"depotId":301,"groupId":22,"propType":"FIGHT_PROP_CRITICAL_HURT","propValue":0.042},{"id":301224,"depotId":301,"groupId":22,"propType":"FIGHT_PROP_CRITICAL_HURT","propValue":0.0466},{"id":401221,"depotId":401,"groupId":22,"propType":"FIGHT_PROP_CRITICAL_HURT","propValue":0.0435},{"id":401222,"depotId":401,"groupId":22,"propType":"FIGHT_PROP_CRITICAL_HURT","propValue":0.0497},{"id":401223,"depotId":401,"groupId":22,"propType":"FIGHT_PROP_CRITICAL_HURT","propValue":0.056},{"id":401224,"depotId":401,"groupId":22,"propType":"FIGHT_PROP_CRITICAL_HURT","propValue":0.0622},{"id":501221,"depotId":501,"groupId":22,"propType":"FIGHT_PROP_CRITICAL_HURT","propValue":0.0544},{"id":501222,"depotId":501,"groupId":22,"propType":"FIGHT_PROP_CRITICAL_HURT","propValue":0.0622},{"id":501223,"depotId":501,"groupId":22,"propType":"FIGHT_PROP_CRITICAL_HURT","propValue":0.0699},{"id":501224,"depotId":501,"groupId":22,"propType":"FIGHT_PROP_CRITICAL_HURT","propValue":0.0777},{"id":999001,"depotId":999,"groupId":22,"propType":"FIGHT_PROP_CRITICAL_HURT","propValue":3.5},{"id":999002,"depotId":999,"groupId":20,"propType":"FIGHT_PROP_CRITICAL","propValue":1},{"id":999003,"depotId":999,"groupId":5,"propType":"FIGHT_PROP_ATTACK","propValue":233333},{"id":999004,"depotId":999,"groupId":8,"propType":"FIGHT_PROP_DEFENSE","propValue":233333},{"id":998001,"depotId":998,"groupId":3,"propType":"FIGHT_PROP_HP_PERCENT","propValue":0.1457},{"id":998002,"depotId":998,"groupId":6,"propType":"FIGHT_PROP_ATTACK_PERCENT","propValue":0.1457},{"id":998003,"depotId":998,"groupId":9,"propType":"FIGHT_PROP_DEFENSE_PERCENT","propValue":0.1821},{"id":998004,"depotId":998,"groupId":20,"propType":"FIGHT_PROP_CRITICAL","propValue":0.0971},{"id":998005,"depotId":998,"groupId":23,"propType":"FIGHT_PROP_CHARGE_EFFICIENCY","propValue":0.1619},{"id":998006,"depotId":998,"groupId":25,"propType":"FIGHT_PROP_ELEMENT_MASTERY","propValue":58.28},{"id":998007,"depotId":998,"groupId":22,"propType":"FIGHT_PROP_CRITICAL_HURT","propValue":0.1943},{"id":995001,"depotId":995,"groupId":3,"propType":"FIGHT_PROP_HP_PERCENT","propValue":0.1457},{"id":995002,"depotId":995,"groupId":6,"propType":"FIGHT_PROP_ATTACK_PERCENT","propValue":0.1457},{"id":995003,"depotId":995,"groupId":9,"propType":"FIGHT_PROP_DEFENSE_PERCENT","propValue":0.1821},{"id":995004,"depotId":995,"groupId":20,"propType":"FIGHT_PROP_CRITICAL","propValue":0.0971},{"id":995005,"depotId":995,"groupId":23,"propType":"FIGHT_PROP_CHARGE_EFFICIENCY","propValue":0.1619},{"id":995006,"depotId":995,"groupId":25,"propType":"FIGHT_PROP_ELEMENT_MASTERY","propValue":58.28},{"id":995007,"depotId":995,"groupId":22,"propType":"FIGHT_PROP_CRITICAL_HURT","propValue":0.1943},{"id":997001,"depotId":997,"groupId":3,"propType":"FIGHT_PROP_HP_PERCENT","propValue":0.0932},{"id":997002,"depotId":997,"groupId":6,"propType":"FIGHT_PROP_ATTACK_PERCENT","propValue":0.0932},{"id":997003,"depotId":997,"groupId":9,"propType":"FIGHT_PROP_DEFENSE_PERCENT","propValue":0.1166},{"id":997004,"depotId":997,"groupId":20,"propType":"FIGHT_PROP_CRITICAL","propValue":0.0622},{"id":997005,"depotId":997,"groupId":23,"propType":"FIGHT_PROP_CHARGE_EFFICIENCY","propValue":0.1036},{"id":997006,"depotId":997,"groupId":25,"propType":"FIGHT_PROP_ELEMENT_MASTERY","propValue":37.3},{"id":997007,"depotId":997,"groupId":22,"propType":"FIGHT_PROP_CRITICAL_HURT","propValue":0.1243},{"id":996001,"depotId":996,"groupId":3,"propType":"FIGHT_PROP_HP_PERCENT","propValue":0.0932},{"id":996002,"depotId":996,"groupId":6,"propType":"FIGHT_PROP_ATTACK_PERCENT","propValue":0.0932},{"id":996003,"depotId":996,"groupId":9,"propType":"FIGHT_PROP_DEFENSE_PERCENT","propValue":0.1166},{"id":996004,"depotId":996,"groupId":20,"propType":"FIGHT_PROP_CRITICAL","propValue":0.0622},{"id":996005,"depotId":996,"groupId":23,"propType":"FIGHT_PROP_CHARGE_EFFICIENCY","propValue":0.1036},{"id":996006,"depotId":996,"groupId":25,"propType":"FIGHT_PROP_ELEMENT_MASTERY","propValue":37.3},{"id":996007,"depotId":996,"groupId":22,"propType":"FIGHT_PROP_CRITICAL_HURT","propValue":0.1243},{"id":996008,"depotId":996,"groupId":22,"propType":"FIGHT_PROP_HP","propValue":478},{"id":996009,"depotId":996,"groupId":22,"propType":"FIGHT_PROP_ATTACK","propValue":31.12},{"id":996010,"depotId":996,"groupId":22,"propType":"FIGHT_PROP_DEFENSE","propValue":37.04},{"id":994001,"depotId":994,"groupId":20,"propType":"FIGHT_PROP_CRITICAL","propValue":0.8},{"id":993001,"depotId":993,"groupId":22,"propType":"FIGHT_PROP_CRITICAL_HURT","propValue":0.8},{"id":992001,"depotId":992,"groupId":81,"propType":"FIGHT_PROP_SHIELD_COST_MINUS_RATIO","propValue":0.8},{"id":991001,"depotId":991,"groupId":26,"propType":"FIGHT_PROP_HEAL_ADD","propValue":0.8},{"id":990001,"depotId":990,"groupId":27,"propType":"FIGHT_PROP_HEALED_ADD","propValue":0.8},{"id":989001,"depotId":989,"groupId":80,"propType":"FIGHT_PROP_SKILL_CD_MINUS_RATIO","propValue":0.5},{"id":988001,"depotId":988,"groupId":11,"propType":"FIGHT_PROP_SPEED_PERCENT","propValue":0.3},{"id":987001,"depotId":987,"groupId":40,"propType":"FIGHT_PROP_FIRE_ADD_HURT","propValue":0.8},{"id":986001,"depotId":986,"groupId":41,"propType":"FIGHT_PROP_ELEC_ADD_HURT","propValue":0.8},{"id":985001,"depotId":985,"groupId":42,"propType":"FIGHT_PROP_WATER_ADD_HURT","propValue":0.8},{"id":984001,"depotId":984,"groupId":43,"propType":"FIGHT_PROP_GRASS_ADD_HURT","propValue":0.8},{"id":983001,"depotId":983,"groupId":44,"propType":"FIGHT_PROP_WIND_ADD_HURT","propValue":0.8},{"id":982001,"depotId":982,"groupId":45,"propType":"FIGHT_PROP_ROCK_ADD_HURT","propValue":0.8},{"id":981001,"depotId":981,"groupId":46,"propType":"FIGHT_PROP_ICE_ADD_HURT","propValue":0.8},{"id":980001,"depotId":980,"groupId":30,"propType":"FIGHT_PROP_PHYSICAL_ADD_HURT","propValue":0.8},{"id":979001,"depotId":979,"groupId":50,"propType":"FIGHT_PROP_FIRE_SUB_HURT","propValue":0.8},{"id":978001,"depotId":978,"groupId":51,"propType":"FIGHT_PROP_ELEC_SUB_HURT","propValue":0.8},{"id":977001,"depotId":977,"groupId":52,"propType":"FIGHT_PROP_WATER_SUB_HURT","propValue":0.8},{"id":976001,"depotId":976,"groupId":53,"propType":"FIGHT_PROP_GRASS_SUB_HURT","propValue":0.8},{"id":975001,"depotId":975,"groupId":54,"propType":"FIGHT_PROP_WIND_SUB_HURT","propValue":0.8},{"id":974001,"depotId":974,"groupId":55,"propType":"FIGHT_PROP_ROCK_SUB_HURT","propValue":0.8},{"id":973001,"depotId":973,"groupId":56,"propType":"FIGHT_PROP_ICE_SUB_HURT","propValue":0.8},{"id":972001,"depotId":972,"groupId":29,"propType":"FIGHT_PROP_PHYSICAL_SUB_HURT","propValue":0.8},{"id":971001,"depotId":971,"groupId":24,"propType":"FIGHT_PROP_ADD_HURT","propValue":0.8},{"id":970001,"depotId":970,"groupId":29,"propType":"FIGHT_PROP_SUB_HURT","propValue":0.8},{"id":969001,"depotId":969,"groupId":8,"propType":"FIGHT_PROP_DEFENSE","propValue":-500},{"id":968001,"depotId":968,"groupId":25,"propType":"FIGHT_PROP_ELEMENT_MASTERY","propValue":-300},{"id":967001,"depotId":967,"groupId":20,"propType":"FIGHT_PROP_CRITICAL","propValue":1},{"id":966001,"depotId":966,"groupId":25,"propType":"FIGHT_PROP_ELEMENT_MASTERY","propValue":300},{"id":961001,"depotId":961,"groupId":3,"propType":"FIGHT_PROP_HP_PERCENT","propValue":0.1457},{"id":961002,"depotId":961,"groupId":6,"propType":"FIGHT_PROP_ATTACK_PERCENT","propValue":0.1457},{"id":961003,"depotId":961,"groupId":9,"propType":"FIGHT_PROP_DEFENSE_PERCENT","propValue":0.1821},{"id":961004,"depotId":961,"groupId":20,"propType":"FIGHT_PROP_CRITICAL","propValue":0.0971},{"id":961005,"depotId":961,"groupId":23,"propType":"FIGHT_PROP_CHARGE_EFFICIENCY","propValue":0.1619},{"id":961006,"depotId":961,"groupId":25,"propType":"FIGHT_PROP_ELEMENT_MASTERY","propValue":58.28},{"id":961007,"depotId":961,"groupId":22,"propType":"FIGHT_PROP_CRITICAL_HURT","propValue":0.1943},{"id":961008,"depotId":961,"groupId":2,"propType":"FIGHT_PROP_HP","propValue":746.88},{"id":961009,"depotId":961,"groupId":5,"propType":"FIGHT_PROP_ATTACK","propValue":48.63},{"id":961010,"depotId":961,"groupId":8,"propType":"FIGHT_PROP_DEFENSE","propValue":57.87},{"id":962001,"depotId":962,"groupId":3,"propType":"FIGHT_PROP_HP_PERCENT","propValue":0.1457},{"id":962002,"depotId":962,"groupId":6,"propType":"FIGHT_PROP_ATTACK_PERCENT","propValue":0.1457},{"id":962003,"depotId":962,"groupId":9,"propType":"FIGHT_PROP_DEFENSE_PERCENT","propValue":0.1821},{"id":962004,"depotId":962,"groupId":20,"propType":"FIGHT_PROP_CRITICAL","propValue":0.0971},{"id":962005,"depotId":962,"groupId":23,"propType":"FIGHT_PROP_CHARGE_EFFICIENCY","propValue":0.1619},{"id":962006,"depotId":962,"groupId":25,"propType":"FIGHT_PROP_ELEMENT_MASTERY","propValue":58.28},{"id":962007,"depotId":962,"groupId":22,"propType":"FIGHT_PROP_CRITICAL_HURT","propValue":0.1943},{"id":962008,"depotId":962,"groupId":2,"propType":"FIGHT_PROP_HP","propValue":746.88},{"id":962009,"depotId":962,"groupId":5,"propType":"FIGHT_PROP_ATTACK","propValue":48.63},{"id":962010,"depotId":962,"groupId":8,"propType":"FIGHT_PROP_DEFENSE","propValue":57.87},{"id":963001,"depotId":963,"groupId":3,"propType":"FIGHT_PROP_HP_PERCENT","propValue":0.1457},{"id":963002,"depotId":963,"groupId":6,"propType":"FIGHT_PROP_ATTACK_PERCENT","propValue":0.1457},{"id":963003,"depotId":963,"groupId":9,"propType":"FIGHT_PROP_DEFENSE_PERCENT","propValue":0.1821},{"id":963004,"depotId":963,"groupId":20,"propType":"FIGHT_PROP_CRITICAL","propValue":0.0971},{"id":963005,"depotId":963,"groupId":23,"propType":"FIGHT_PROP_CHARGE_EFFICIENCY","propValue":0.1619},{"id":963006,"depotId":963,"groupId":25,"propType":"FIGHT_PROP_ELEMENT_MASTERY","propValue":58.28},{"id":963007,"depotId":963,"groupId":22,"propType":"FIGHT_PROP_CRITICAL_HURT","propValue":0.1943},{"id":963008,"depotId":963,"groupId":2,"propType":"FIGHT_PROP_HP","propValue":746.88},{"id":963009,"depotId":963,"groupId":5,"propType":"FIGHT_PROP_ATTACK","propValue":48.63},{"id":963010,"depotId":963,"groupId":8,"propType":"FIGHT_PROP_DEFENSE","propValue":57.87},{"id":964001,"depotId":964,"groupId":3,"propType":"FIGHT_PROP_HP_PERCENT","propValue":0.1457},{"id":964002,"depotId":964,"groupId":6,"propType":"FIGHT_PROP_ATTACK_PERCENT","propValue":0.1457},{"id":964003,"depotId":964,"groupId":9,"propType":"FIGHT_PROP_DEFENSE_PERCENT","propValue":0.1821},{"id":964004,"depotId":964,"groupId":20,"propType":"FIGHT_PROP_CRITICAL","propValue":0.0971},{"id":964005,"depotId":964,"groupId":23,"propType":"FIGHT_PROP_CHARGE_EFFICIENCY","propValue":0.1619},{"id":964006,"depotId":964,"groupId":25,"propType":"FIGHT_PROP_ELEMENT_MASTERY","propValue":58.28},{"id":964007,"depotId":964,"groupId":22,"propType":"FIGHT_PROP_CRITICAL_HURT","propValue":0.1943},{"id":964008,"depotId":964,"groupId":2,"propType":"FIGHT_PROP_HP","propValue":746.88},{"id":964009,"depotId":964,"groupId":5,"propType":"FIGHT_PROP_ATTACK","propValue":48.63},{"id":964010,"depotId":964,"groupId":8,"propType":"FIGHT_PROP_DEFENSE","propValue":57.87},{"id":965001,"depotId":965,"groupId":3,"propType":"FIGHT_PROP_HP_PERCENT","propValue":0.1457},{"id":965002,"depotId":965,"groupId":6,"propType":"FIGHT_PROP_ATTACK_PERCENT","propValue":0.1457},{"id":965003,"depotId":965,"groupId":9,"propType":"FIGHT_PROP_DEFENSE_PERCENT","propValue":0.1821},{"id":965004,"depotId":965,"groupId":20,"propType":"FIGHT_PROP_CRITICAL","propValue":0.0971},{"id":965005,"depotId":965,"groupId":23,"propType":"FIGHT_PROP_CHARGE_EFFICIENCY","propValue":0.1619},{"id":965006,"depotId":965,"groupId":25,"propType":"FIGHT_PROP_ELEMENT_MASTERY","propValue":58.28},{"id":965007,"depotId":965,"groupId":22,"propType":"FIGHT_PROP_CRITICAL_HURT","propValue":0.1943},{"id":965008,"depotId":965,"groupId":2,"propType":"FIGHT_PROP_HP","propValue":746.88},{"id":965009,"depotId":965,"groupId":5,"propType":"FIGHT_PROP_ATTACK","propValue":48.63},{"id":965010,"depotId":965,"groupId":8,"propType":"FIGHT_PROP_DEFENSE","propValue":57.87},{"id":951001,"depotId":951,"groupId":3,"propType":"FIGHT_PROP_HP_PERCENT","propValue":0.1457},{"id":951002,"depotId":951,"groupId":6,"propType":"FIGHT_PROP_ATTACK_PERCENT","propValue":0.1457},{"id":951003,"depotId":951,"groupId":9,"propType":"FIGHT_PROP_DEFENSE_PERCENT","propValue":0.1821},{"id":951004,"depotId":951,"groupId":20,"propType":"FIGHT_PROP_CRITICAL","propValue":0.0971},{"id":951005,"depotId":951,"groupId":23,"propType":"FIGHT_PROP_CHARGE_EFFICIENCY","propValue":0.1619},{"id":951006,"depotId":951,"groupId":25,"propType":"FIGHT_PROP_ELEMENT_MASTERY","propValue":58.28},{"id":951007,"depotId":951,"groupId":22,"propType":"FIGHT_PROP_CRITICAL_HURT","propValue":0.1943},{"id":952001,"depotId":952,"groupId":3,"propType":"FIGHT_PROP_HP_PERCENT","propValue":0.1457},{"id":952002,"depotId":952,"groupId":6,"propType":"FIGHT_PROP_ATTACK_PERCENT","propValue":0.1457},{"id":952003,"depotId":952,"groupId":9,"propType":"FIGHT_PROP_DEFENSE_PERCENT","propValue":0.1821},{"id":952004,"depotId":952,"groupId":20,"propType":"FIGHT_PROP_CRITICAL","propValue":0.0971},{"id":952005,"depotId":952,"groupId":23,"propType":"FIGHT_PROP_CHARGE_EFFICIENCY","propValue":0.1619},{"id":952006,"depotId":952,"groupId":25,"propType":"FIGHT_PROP_ELEMENT_MASTERY","propValue":58.28},{"id":952007,"depotId":952,"groupId":22,"propType":"FIGHT_PROP_CRITICAL_HURT","propValue":0.1943},{"id":953001,"depotId":953,"groupId":3,"propType":"FIGHT_PROP_HP_PERCENT","propValue":0.1457},{"id":953002,"depotId":953,"groupId":6,"propType":"FIGHT_PROP_ATTACK_PERCENT","propValue":0.1457},{"id":953003,"depotId":953,"groupId":9,"propType":"FIGHT_PROP_DEFENSE_PERCENT","propValue":0.1821},{"id":953004,"depotId":953,"groupId":20,"propType":"FIGHT_PROP_CRITICAL","propValue":0.0971},{"id":953005,"depotId":953,"groupId":23,"propType":"FIGHT_PROP_CHARGE_EFFICIENCY","propValue":0.1619},{"id":953006,"depotId":953,"groupId":25,"propType":"FIGHT_PROP_ELEMENT_MASTERY","propValue":58.28},{"id":953007,"depotId":953,"groupId":22,"propType":"FIGHT_PROP_CRITICAL_HURT","propValue":0.1943},{"id":956001,"depotId":956,"groupId":3,"propType":"FIGHT_PROP_HP_PERCENT","propValue":0.1457},{"id":956002,"depotId":956,"groupId":6,"propType":"FIGHT_PROP_ATTACK_PERCENT","propValue":0.1457},{"id":956003,"depotId":956,"groupId":9,"propType":"FIGHT_PROP_DEFENSE_PERCENT","propValue":0.1821},{"id":956004,"depotId":956,"groupId":20,"propType":"FIGHT_PROP_CRITICAL","propValue":0.0971},{"id":956005,"depotId":956,"groupId":23,"propType":"FIGHT_PROP_CHARGE_EFFICIENCY","propValue":0.1619},{"id":956006,"depotId":956,"groupId":25,"propType":"FIGHT_PROP_ELEMENT_MASTERY","propValue":58.28},{"id":956007,"depotId":956,"groupId":22,"propType":"FIGHT_PROP_CRITICAL_HURT","propValue":0.1943},{"id":941001,"depotId":941,"groupId":3,"propType":"FIGHT_PROP_HP_PERCENT","propValue":0.0932},{"id":941002,"depotId":941,"groupId":6,"propType":"FIGHT_PROP_ATTACK_PERCENT","propValue":0.0932},{"id":941003,"depotId":941,"groupId":9,"propType":"FIGHT_PROP_DEFENSE_PERCENT","propValue":0.1166},{"id":941004,"depotId":941,"groupId":20,"propType":"FIGHT_PROP_CRITICAL","propValue":0.0622},{"id":941005,"depotId":941,"groupId":23,"propType":"FIGHT_PROP_CHARGE_EFFICIENCY","propValue":0.1036},{"id":941006,"depotId":941,"groupId":25,"propType":"FIGHT_PROP_ELEMENT_MASTERY","propValue":37.3},{"id":941007,"depotId":941,"groupId":22,"propType":"FIGHT_PROP_CRITICAL_HURT","propValue":0.1243},{"id":942001,"depotId":942,"groupId":3,"propType":"FIGHT_PROP_HP_PERCENT","propValue":0.0932},{"id":942002,"depotId":942,"groupId":6,"propType":"FIGHT_PROP_ATTACK_PERCENT","propValue":0.0932},{"id":942003,"depotId":942,"groupId":9,"propType":"FIGHT_PROP_DEFENSE_PERCENT","propValue":0.1166},{"id":942004,"depotId":942,"groupId":20,"propType":"FIGHT_PROP_CRITICAL","propValue":0.0622},{"id":942005,"depotId":942,"groupId":23,"propType":"FIGHT_PROP_CHARGE_EFFICIENCY","propValue":0.1036},{"id":942006,"depotId":942,"groupId":25,"propType":"FIGHT_PROP_ELEMENT_MASTERY","propValue":37.3},{"id":942007,"depotId":942,"groupId":22,"propType":"FIGHT_PROP_CRITICAL_HURT","propValue":0.1243},{"id":943001,"depotId":943,"groupId":3,"propType":"FIGHT_PROP_HP_PERCENT","propValue":0.0932},{"id":943002,"depotId":943,"groupId":6,"propType":"FIGHT_PROP_ATTACK_PERCENT","propValue":0.0932},{"id":943003,"depotId":943,"groupId":9,"propType":"FIGHT_PROP_DEFENSE_PERCENT","propValue":0.1166},{"id":943004,"depotId":943,"groupId":20,"propType":"FIGHT_PROP_CRITICAL","propValue":0.0622},{"id":943005,"depotId":943,"groupId":23,"propType":"FIGHT_PROP_CHARGE_EFFICIENCY","propValue":0.1036},{"id":943006,"depotId":943,"groupId":25,"propType":"FIGHT_PROP_ELEMENT_MASTERY","propValue":37.3},{"id":943007,"depotId":943,"groupId":22,"propType":"FIGHT_PROP_CRITICAL_HURT","propValue":0.1243},{"id":946001,"depotId":946,"groupId":3,"propType":"FIGHT_PROP_HP_PERCENT","propValue":0.0932},{"id":946002,"depotId":946,"groupId":6,"propType":"FIGHT_PROP_ATTACK_PERCENT","propValue":0.0932},{"id":946003,"depotId":946,"groupId":9,"propType":"FIGHT_PROP_DEFENSE_PERCENT","propValue":0.1166},{"id":946004,"depotId":946,"groupId":20,"propType":"FIGHT_PROP_CRITICAL","propValue":0.0622},{"id":946005,"depotId":946,"groupId":23,"propType":"FIGHT_PROP_CHARGE_EFFICIENCY","propValue":0.1036},{"id":946006,"depotId":946,"groupId":25,"propType":"FIGHT_PROP_ELEMENT_MASTERY","propValue":37.3},{"id":946007,"depotId":946,"groupId":22,"propType":"FIGHT_PROP_CRITICAL_HURT","propValue":0.1243},{"id":947001,"depotId":947,"groupId":3,"propType":"FIGHT_PROP_HP_PERCENT","propValue":0.0396},{"id":947002,"depotId":947,"groupId":6,"propType":"FIGHT_PROP_ATTACK_PERCENT","propValue":0.0396},{"id":947003,"depotId":947,"groupId":9,"propType":"FIGHT_PROP_DEFENSE_PERCENT","propValue":0.0495},{"id":947004,"depotId":947,"groupId":20,"propType":"FIGHT_PROP_CRITICAL","propValue":0.0264},{"id":947005,"depotId":947,"groupId":23,"propType":"FIGHT_PROP_CHARGE_EFFICIENCY","propValue":0.044},{"id":947006,"depotId":947,"groupId":25,"propType":"FIGHT_PROP_ELEMENT_MASTERY","propValue":15.85},{"id":947007,"depotId":947,"groupId":22,"propType":"FIGHT_PROP_CRITICAL_HURT","propValue":0.0528},{"id":947008,"depotId":947,"groupId":22,"propType":"FIGHT_PROP_HP","propValue":203.15},{"id":947009,"depotId":947,"groupId":22,"propType":"FIGHT_PROP_ATTACK","propValue":13.23},{"id":947010,"depotId":947,"groupId":22,"propType":"FIGHT_PROP_DEFENSE","propValue":15.74}]