[{"setId":10001,"setIcon":"UI_RelicIcon_10001_4","NOFOBGNHIIO":4,"setNeedNum":[2,4],"EquipAffixId":210001,"containsList":[51140,51120,51150,51110,51130],"bagSortValue":4,"dungeonGroup":[],"textList":[3554068574,3930680251]},{"setId":10002,"setIcon":"UI_RelicIcon_10002_4","NOFOBGNHIIO":4,"setNeedNum":[2,4],"EquipAffixId":210002,"containsList":[52140,52120,52150,52110,52130],"bagSortValue":10,"dungeonGroup":[],"textList":[3286811710,2520149811]},{"setId":10003,"setIcon":"UI_RelicIcon_10003_4","NOFOBGNHIIO":4,"setNeedNum":[2,4],"EquipAffixId":210003,"containsList":[53140,53120,53150,53110,53130],"bagSortValue":9,"dungeonGroup":[],"textList":[232496686,594914603]},{"setId":10004,"setIcon":"UI_RelicIcon_10004_4","NOFOBGNHIIO":4,"setNeedNum":[2,4],"EquipAffixId":210004,"containsList":[54140,54120,54150,54110,54130],"bagSortValue":5,"dungeonGroup":[],"textList":[2558816190,1164604419]},{"setId":10005,"setIcon":"UI_RelicIcon_10005_4","NOFOBGNHIIO":4,"setNeedNum":[2,4],"EquipAffixId":210005,"containsList":[55140,55120,55150,55110,55130],"bagSortValue":6,"dungeonGroup":[],"textList":[1440602798,3934658059]},{"setId":10006,"setIcon":"UI_RelicIcon_10006_4","NOFOBGNHIIO":4,"setNeedNum":[2,4],"EquipAffixId":210006,"containsList":[56140,56120,56150,56110,56130],"bagSortValue":11,"dungeonGroup":[],"textList":[2301958078,1744056099]},{"setId":10007,"setIcon":"UI_RelicIcon_10007_4","NOFOBGNHIIO":4,"setNeedNum":[2,4],"EquipAffixId":210007,"containsList":[57140,57120,57150,57110,57130],"bagSortValue":7,"dungeonGroup":[],"textList":[2152781502,1666101139]},{"setId":10008,"setIcon":"UI_RelicIcon_10008_4","NOFOBGNHIIO":4,"setNeedNum":[2,4],"EquipAffixId":210008,"containsList":[58240,58220,58250,58210,58230],"bagSortValue":12,"dungeonGroup":[],"textList":[3435100542,3500507723]},{"setId":10009,"setIcon":"UI_RelicIcon_10009_4","NOFOBGNHIIO":4,"setNeedNum":[2,4],"EquipAffixId":210009,"containsList":[59140,59120,59150,59110,59130],"bagSortValue":8,"dungeonGroup":[],"textList":[1523555942,3039984011]},{"setId":10010,"setIcon":"UI_RelicIcon_10010_4","NOFOBGNHIIO":3,"setNeedNum":[2,4],"EquipAffixId":210010,"containsList":[60140,60120,60150,60110,60130],"bagSortValue":1,"dungeonGroup":[],"textList":[1817050462,575390611]},{"setId":10011,"setIcon":"UI_RelicIcon_10011_4","NOFOBGNHIIO":3,"setNeedNum":[2,4],"EquipAffixId":210011,"containsList":[61140,61120,61150,61110,61130],"bagSortValue":2,"dungeonGroup":[],"textList":[4021451694,1065267667]},{"setId":10012,"setIcon":"UI_RelicIcon_10012_4","NOFOBGNHIIO":4,"setNeedNum":[2,4],"EquipAffixId":210012,"containsList":[62140,62120,62150,62110,62130],"bagSortValue":13,"dungeonGroup":[],"textList":[1407486230,1160154787]},{"setId":10013,"setIcon":"UI_RelicIcon_10013_4","NOFOBGNHIIO":3,"setNeedNum":[2,4],"EquipAffixId":210013,"containsList":[63140,63120,63150,63110,63130],"bagSortValue":3,"dungeonGroup":[],"textList":[568790406,3607087251]},{"setId":14001,"setIcon":"UI_RelicIcon_14001_4","NOFOBGNHIIO":5,"setNeedNum":[2,4],"EquipAffixId":214001,"containsList":[71340,71320,71350,71310,71330],"bagSortValue":30,"dungeonGroup":[5122,5123],"textList":[1641249022,3455611563]},{"setId":14002,"setIcon":"UI_RelicIcon_14002_4","NOFOBGNHIIO":5,"setNeedNum":[2,4],"EquipAffixId":214002,"containsList":[72340,72320,72350,72310,72330],"bagSortValue":26,"dungeonGroup":[5005,5006],"textList":[1192561894,1968896091]},{"setId":14003,"setIcon":"UI_RelicIcon_14003_4","NOFOBGNHIIO":5,"setNeedNum":[2,4],"EquipAffixId":214003,"containsList":[73340,73320,73350,73310,73330],"bagSortValue":28,"dungeonGroup":[5109,5110],"textList":[351271598,2828057235]},{"setId":14004,"setIcon":"UI_RelicIcon_14004_4","NOFOBGNHIIO":5,"setNeedNum":[2,4],"EquipAffixId":214004,"containsList":[74340,74320,74350,74310,74330],"bagSortValue":22,"dungeonGroup":[5011,5012],"textList":[401042630,150564555]},{"setId":15001,"setIcon":"UI_RelicIcon_15001_4","NOFOBGNHIIO":5,"setNeedNum":[2,4],"EquipAffixId":215001,"containsList":[75340,75320,75350,75310,75330],"bagSortValue":18,"dungeonGroup":[],"textList":[1890216262,522318403]},{"setId":15002,"setIcon":"UI_RelicIcon_15002_4","NOFOBGNHIIO":5,"setNeedNum":[2,4],"EquipAffixId":215002,"containsList":[76340,76320,76350,76310,76330],"bagSortValue":23,"dungeonGroup":[5011,5012],"textList":[3418857494,3906211907]},{"setId":15003,"setIcon":"UI_RelicIcon_15003_4","NOFOBGNHIIO":5,"setNeedNum":[2,4],"EquipAffixId":215003,"containsList":[77340,77320,77350,77310,77330],"bagSortValue":19,"dungeonGroup":[],"textList":[2602151358,205455459]},{"setId":15004,"setIcon":"UI_RelicIcon_15004_4","NOFOBGNHIIO":5,"setNeedNum":[2,4],"EquipAffixId":215004,"DisableFilter":1,"containsList":[78340,78320,78350,78310,78330],"dungeonGroup":[],"textList":[3786709222,3239325019]},{"setId":15005,"setIcon":"UI_RelicIcon_15005_4","NOFOBGNHIIO":5,"setNeedNum":[2,4],"EquipAffixId":215005,"containsList":[79340,79320,79350,79310,79330],"bagSortValue":27,"dungeonGroup":[5005,5006],"textList":[1140176206,580927259]},{"setId":15006,"setIcon":"UI_RelicIcon_15006_4","NOFOBGNHIIO":5,"setNeedNum":[2,4],"EquipAffixId":215006,"containsList":[80340,80320,80350,80310,80330],"bagSortValue":29,"dungeonGroup":[5109,5110],"textList":[2097515030,731621371]},{"setId":15007,"setIcon":"UI_RelicIcon_15007_4","NOFOBGNHIIO":5,"setNeedNum":[2,4],"EquipAffixId":215007,"containsList":[81340,81320,81350,81310,81330],"bagSortValue":20,"dungeonGroup":[5113,5114],"textList":[1950711078,2003140467]},{"setId":15008,"setIcon":"UI_RelicIcon_15008_4","NOFOBGNHIIO":5,"setNeedNum":[2,4],"EquipAffixId":215008,"containsList":[82340,82320,82350,82310,82330],"bagSortValue":21,"dungeonGroup":[5113,5114],"textList":[3776130198,2723354699]},{"setId":15009,"setIcon":"UI_RelicIcon_15009_3","NOFOBGNHIIO":4,"setNeedNum":[1],"EquipAffixId":215009,"containsList":[83330],"bagSortValue":16,"dungeonGroup":[],"textList":[1600414334,1178752179]},{"setId":15010,"setIcon":"UI_RelicIcon_15010_3","NOFOBGNHIIO":4,"setNeedNum":[1],"EquipAffixId":215010,"containsList":[84330],"bagSortValue":15,"dungeonGroup":[],"textList":[1799147854,2961475019]},{"setId":15011,"setIcon":"UI_RelicIcon_15011_3","NOFOBGNHIIO":4,"setNeedNum":[1],"EquipAffixId":215011,"containsList":[85330],"bagSortValue":14,"dungeonGroup":[],"textList":[3683910422,1198100419]},{"setId":15012,"setIcon":"UI_RelicIcon_15012_3","NOFOBGNHIIO":4,"setNeedNum":[1],"EquipAffixId":215012,"DisableFilter":1,"containsList":[86330],"dungeonGroup":[],"textList":[606069766,2520461163]},{"setId":15013,"setIcon":"UI_RelicIcon_15013_3","NOFOBGNHIIO":4,"setNeedNum":[1],"EquipAffixId":215013,"containsList":[87330],"bagSortValue":17,"dungeonGroup":[],"textList":[2222490622,3773807931]},{"setId":15014,"setIcon":"UI_RelicIcon_15014_4","NOFOBGNHIIO":5,"setNeedNum":[2,4],"EquipAffixId":215014,"containsList":[88340,88320,88350,88310,88330],"bagSortValue":24,"dungeonGroup":[5104,5105],"textList":[2664577174,592694043]},{"setId":15015,"setIcon":"UI_RelicIcon_15015_4","NOFOBGNHIIO":5,"setNeedNum":[2,4],"EquipAffixId":215015,"containsList":[89340,89320,89350,89310,89330],"bagSortValue":25,"dungeonGroup":[5104,5105],"textList":[3519135894,3824293219]},{"setId":15016,"setIcon":"UI_RelicIcon_15016_4","NOFOBGNHIIO":5,"setNeedNum":[2,4],"EquipAffixId":215016,"containsList":[90340,90320,90350,90310,90330],"bagSortValue":31,"dungeonGroup":[5122,5123],"textList":[744843214,2102945267]},{"setId":15017,"setIcon":"UI_RelicIcon_15017_4","NOFOBGNHIIO":5,"setNeedNum":[2,4],"EquipAffixId":215017,"containsList":[91340,91320,91350,91310,91330],"bagSortValue":32,"dungeonGroup":[5016,5017],"textList":[3006628830,1301524275]},{"setId":15018,"setIcon":"UI_RelicIcon_15018_4","NOFOBGNHIIO":5,"setNeedNum":[2,4],"EquipAffixId":215018,"containsList":[92340,92320,92350,92310,92330],"bagSortValue":33,"dungeonGroup":[5016,5017],"textList":[3846340430,220839051]},{"setId":15019,"setIcon":"UI_RelicIcon_15019_4","NOFOBGNHIIO":5,"setNeedNum":[2,4],"EquipAffixId":215019,"containsList":[93442,93422,93452,93412,93432],"bagSortValue":34,"dungeonGroup":[5202,5203],"textList":[3379981326,1909146235]},{"setId":15020,"setIcon":"UI_RelicIcon_15020_4","NOFOBGNHIIO":5,"setNeedNum":[2,4],"EquipAffixId":215020,"containsList":[94442,94422,94452,94412,94432],"bagSortValue":35,"dungeonGroup":[5202,5203],"textList":[178637006,3063165291]},{"setId":15021,"setIcon":"UI_RelicIcon_15021_4","NOFOBGNHIIO":5,"setNeedNum":[2,4],"EquipAffixId":215021,"containsList":[95442,95422,95452,95412,95432],"bagSortValue":36,"dungeonGroup":[5206,5207],"textList":[771272886,3712988195]},{"setId":15022,"setIcon":"UI_RelicIcon_15022_4","NOFOBGNHIIO":5,"setNeedNum":[2,4],"EquipAffixId":215022,"containsList":[96442,96422,96452,96412,96432],"bagSortValue":37,"dungeonGroup":[5206,5207],"textList":[652463502,3326279315]},{"setId":15023,"setIcon":"UI_RelicIcon_15023_4","NOFOBGNHIIO":5,"setNeedNum":[2,4],"EquipAffixId":215023,"containsList":[97442,97422,97452,97412,97432],"bagSortValue":38,"dungeonGroup":[5127,5128],"textList":[2550361214,160031931]},{"setId":15024,"setIcon":"UI_RelicIcon_15024_4","NOFOBGNHIIO":5,"setNeedNum":[2,4],"EquipAffixId":215024,"containsList":[98442,98422,98452,98412,98432],"bagSortValue":39,"dungeonGroup":[5127,5128],"textList":[260761190,2264156139]},{"setId":15025,"setIcon":"UI_RelicIcon_15025_4","NOFOBGNHIIO":5,"setNeedNum":[2,4],"EquipAffixId":215025,"containsList":[20442,20422,20452,20412,20432],"bagSortValue":40,"dungeonGroup":[5052,5053],"textList":[235669822,2351156307]},{"setId":15026,"setIcon":"UI_RelicIcon_15026_4","NOFOBGNHIIO":5,"setNeedNum":[2,4],"EquipAffixId":215026,"containsList":[21442,21422,21452,21412,21432],"bagSortValue":41,"dungeonGroup":[5052,5053],"textList":[1245570190,2786980939]},{"setId":15027,"setIcon":"UI_RelicIcon_15027_4","NOFOBGNHIIO":5,"setNeedNum":[2,4],"EquipAffixId":215027,"containsList":[27442,27422,27452,27412,27432],"bagSortValue":42,"dungeonGroup":[5062,5063],"textList":[294255758,4086792275]},{"setId":15028,"setIcon":"UI_RelicIcon_15028_4","NOFOBGNHIIO":5,"setNeedNum":[2,4],"EquipAffixId":215028,"containsList":[28442,28422,28452,28412,28432],"bagSortValue":43,"dungeonGroup":[5062,5063],"textList":[429562510,2358985011]},{"setId":15029,"setIcon":"UI_RelicIcon_15029_4","NOFOBGNHIIO":5,"setNeedNum":[2,4],"EquipAffixId":215029,"containsList":[29442,29422,29452,29412,29432],"bagSortValue":44,"dungeonGroup":[5066,5067],"textList":[1718787446,1807240227]},{"setId":15030,"setIcon":"UI_RelicIcon_15030_4","NOFOBGNHIIO":5,"setNeedNum":[2,4],"EquipAffixId":215030,"containsList":[30442,30422,30452,30412,30432],"bagSortValue":45,"dungeonGroup":[5066,5067],"textList":[2924198126,2817123035]},{"setId":15031,"setIcon":"UI_RelicIcon_15031_4","NOFOBGNHIIO":5,"setNeedNum":[2,4],"EquipAffixId":215031,"containsList":[31442,31422,31452,31412,31432],"bagSortValue":46,"dungeonGroup":[4482,4483],"textList":[930115270,1717323939]},{"setId":15032,"setIcon":"UI_RelicIcon_15032_4","NOFOBGNHIIO":5,"setNeedNum":[2,4],"EquipAffixId":215032,"containsList":[32442,32422,32452,32412,32432],"bagSortValue":47,"dungeonGroup":[4482,4483],"textList":[2296062934,3171350643]},{"setId":15033,"setIcon":"UI_RelicIcon_15033_4","NOFOBGNHIIO":5,"setNeedNum":[2,4],"EquipAffixId":215033,"containsList":[33442,33422,33452,33412,33432],"bagSortValue":48,"dungeonGroup":[4486,4487],"textList":[3699137590,1462645979]},{"setId":15034,"setIcon":"UI_RelicIcon_15034_4","NOFOBGNHIIO":5,"setNeedNum":[2,4],"EquipAffixId":215034,"containsList":[34442,34422,34452,34412,34432],"bagSortValue":49,"dungeonGroup":[4486,4487],"textList":[3551528574,1513333099]},{"setId":15000,"setIcon":"","NOFOBGNHIIO":5,"setNeedNum":[3,5],"DisableFilter":1,"containsList":[99340,99320,99350,99310,99330],"dungeonGroup":[],"textList":[714505142,3191443955]}]