{"10001":{"bagSortValue":4,"disableFilter":0,"dungeonGroup":[],"setId":10001,"containsList":[51140,51120,51150,51110,51130],"equipAffixId":210001,"JFEDLNMCDBD":4,"textList":[3554068574,3930680251],"setIcon":"UI_RelicIcon_10001_4","setNeedNum":[2,4]},"10002":{"bagSortValue":10,"disableFilter":0,"dungeonGroup":[],"setId":10002,"containsList":[52140,52120,52150,52110,52130],"equipAffixId":210002,"JFEDLNMCDBD":4,"textList":[3286811710,2520149811],"setIcon":"UI_RelicIcon_10002_4","setNeedNum":[2,4]},"10003":{"bagSortValue":9,"disableFilter":0,"dungeonGroup":[],"setId":10003,"containsList":[53140,53120,53150,53110,53130],"equipAffixId":210003,"JFEDLNMCDBD":4,"textList":[232496686,594914603],"setIcon":"UI_RelicIcon_10003_4","setNeedNum":[2,4]},"10004":{"bagSortValue":5,"disableFilter":0,"dungeonGroup":[],"setId":10004,"containsList":[54140,54120,54150,54110,54130],"equipAffixId":210004,"JFEDLNMCDBD":4,"textList":[2558816190,1164604419],"setIcon":"UI_RelicIcon_10004_4","setNeedNum":[2,4]},"10005":{"bagSortValue":6,"disableFilter":0,"dungeonGroup":[],"setId":10005,"containsList":[55140,55120,55150,55110,55130],"equipAffixId":210005,"JFEDLNMCDBD":4,"textList":[1440602798,3934658059],"setIcon":"UI_RelicIcon_10005_4","setNeedNum":[2,4]},"10006":{"bagSortValue":11,"disableFilter":0,"dungeonGroup":[],"setId":10006,"containsList":[56140,56120,56150,56110,56130],"equipAffixId":210006,"JFEDLNMCDBD":4,"textList":[2301958078,1744056099],"setIcon":"UI_RelicIcon_10006_4","setNeedNum":[2,4]},"10007":{"bagSortValue":7,"disableFilter":0,"dungeonGroup":[],"setId":10007,"containsList":[57140,57120,57150,57110,57130],"equipAffixId":210007,"JFEDLNMCDBD":4,"textList":[2152781502,1666101139],"setIcon":"UI_RelicIcon_10007_4","setNeedNum":[2,4]},"10008":{"bagSortValue":12,"disableFilter":0,"dungeonGroup":[],"setId":10008,"containsList":[58240,58220,58250,58210,58230],"equipAffixId":210008,"JFEDLNMCDBD":4,"textList":[3435100542,3500507723],"setIcon":"UI_RelicIcon_10008_4","setNeedNum":[2,4]},"10009":{"bagSortValue":8,"disableFilter":0,"dungeonGroup":[],"setId":10009,"containsList":[59140,59120,59150,59110,59130],"equipAffixId":210009,"JFEDLNMCDBD":4,"textList":[1523555942,3039984011],"setIcon":"UI_RelicIcon_10009_4","setNeedNum":[2,4]},"10010":{"bagSortValue":1,"disableFilter":0,"dungeonGroup":[],"setId":10010,"containsList":[60140,60120,60150,60110,60130],"equipAffixId":210010,"JFEDLNMCDBD":3,"textList":[1817050462,575390611],"setIcon":"UI_RelicIcon_10010_4","setNeedNum":[2,4]},"10011":{"bagSortValue":2,"disableFilter":0,"dungeonGroup":[],"setId":10011,"containsList":[61140,61120,61150,61110,61130],"equipAffixId":210011,"JFEDLNMCDBD":3,"textList":[4021451694,1065267667],"setIcon":"UI_RelicIcon_10011_4","setNeedNum":[2,4]},"10012":{"bagSortValue":13,"disableFilter":0,"dungeonGroup":[],"setId":10012,"containsList":[62140,62120,62150,62110,62130],"equipAffixId":210012,"JFEDLNMCDBD":4,"textList":[1407486230,1160154787],"setIcon":"UI_RelicIcon_10012_4","setNeedNum":[2,4]},"10013":{"bagSortValue":3,"disableFilter":0,"dungeonGroup":[],"setId":10013,"containsList":[63140,63120,63150,63110,63130],"equipAffixId":210013,"JFEDLNMCDBD":3,"textList":[568790406,3607087251],"setIcon":"UI_RelicIcon_10013_4","setNeedNum":[2,4]},"14001":{"bagSortValue":30,"disableFilter":0,"dungeonGroup":[5122,5123],"setId":14001,"containsList":[71340,71320,71350,71310,71330],"equipAffixId":214001,"JFEDLNMCDBD":5,"textList":[1641249022,3455611563],"setIcon":"UI_RelicIcon_14001_4","setNeedNum":[2,4]},"14002":{"bagSortValue":26,"disableFilter":0,"dungeonGroup":[5005,5006],"setId":14002,"containsList":[72340,72320,72350,72310,72330],"equipAffixId":214002,"JFEDLNMCDBD":5,"textList":[1192561894,1968896091],"setIcon":"UI_RelicIcon_14002_4","setNeedNum":[2,4]},"14003":{"bagSortValue":28,"disableFilter":0,"dungeonGroup":[5109,5110],"setId":14003,"containsList":[73340,73320,73350,73310,73330],"equipAffixId":214003,"JFEDLNMCDBD":5,"textList":[351271598,2828057235],"setIcon":"UI_RelicIcon_14003_4","setNeedNum":[2,4]},"14004":{"bagSortValue":22,"disableFilter":0,"dungeonGroup":[5011,5012],"setId":14004,"containsList":[74340,74320,74350,74310,74330],"equipAffixId":214004,"JFEDLNMCDBD":5,"textList":[401042630,150564555],"setIcon":"UI_RelicIcon_14004_4","setNeedNum":[2,4]},"15000":{"bagSortValue":0,"disableFilter":1,"dungeonGroup":[],"setId":15000,"containsList":[99340,99320,99350,99310,99330],"equipAffixId":0,"JFEDLNMCDBD":5,"textList":[714505142,3191443955],"setIcon":"","setNeedNum":[3,5]},"15001":{"bagSortValue":18,"disableFilter":0,"dungeonGroup":[],"setId":15001,"containsList":[75340,75320,75350,75310,75330],"equipAffixId":215001,"JFEDLNMCDBD":5,"textList":[1890216262,522318403],"setIcon":"UI_RelicIcon_15001_4","setNeedNum":[2,4]},"15002":{"bagSortValue":23,"disableFilter":0,"dungeonGroup":[5011,5012],"setId":15002,"containsList":[76340,76320,76350,76310,76330],"equipAffixId":215002,"JFEDLNMCDBD":5,"textList":[3418857494,3906211907],"setIcon":"UI_RelicIcon_15002_4","setNeedNum":[2,4]},"15003":{"bagSortValue":19,"disableFilter":0,"dungeonGroup":[],"setId":15003,"containsList":[77340,77320,77350,77310,77330],"equipAffixId":215003,"JFEDLNMCDBD":5,"textList":[2602151358,205455459],"setIcon":"UI_RelicIcon_15003_4","setNeedNum":[2,4]},"15004":{"bagSortValue":0,"disableFilter":1,"dungeonGroup":[],"setId":15004,"containsList":[78340,78320,78350,78310,78330],"equipAffixId":215004,"JFEDLNMCDBD":5,"textList":[3786709222,3239325019],"setIcon":"UI_RelicIcon_15004_4","setNeedNum":[2,4]},"15005":{"bagSortValue":27,"disableFilter":0,"dungeonGroup":[5005,5006],"setId":15005,"containsList":[79340,79320,79350,79310,79330],"equipAffixId":215005,"JFEDLNMCDBD":5,"textList":[1140176206,580927259],"setIcon":"UI_RelicIcon_15005_4","setNeedNum":[2,4]},"15006":{"bagSortValue":29,"disableFilter":0,"dungeonGroup":[5109,5110],"setId":15006,"containsList":[80340,80320,80350,80310,80330],"equipAffixId":215006,"JFEDLNMCDBD":5,"textList":[2097515030,731621371],"setIcon":"UI_RelicIcon_15006_4","setNeedNum":[2,4]},"15007":{"bagSortValue":20,"disableFilter":0,"dungeonGroup":[5113,5114],"setId":15007,"containsList":[81340,81320,81350,81310,81330],"equipAffixId":215007,"JFEDLNMCDBD":5,"textList":[1950711078,2003140467],"setIcon":"UI_RelicIcon_15007_4","setNeedNum":[2,4]},"15008":{"bagSortValue":21,"disableFilter":0,"dungeonGroup":[5113,5114],"setId":15008,"containsList":[82340,82320,82350,82310,82330],"equipAffixId":215008,"JFEDLNMCDBD":5,"textList":[3776130198,2723354699],"setIcon":"UI_RelicIcon_15008_4","setNeedNum":[2,4]},"15009":{"bagSortValue":16,"disableFilter":0,"dungeonGroup":[],"setId":15009,"containsList":[83330],"equipAffixId":215009,"JFEDLNMCDBD":4,"textList":[1600414334,1178752179],"setIcon":"UI_RelicIcon_15009_3","setNeedNum":[1]},"15010":{"bagSortValue":15,"disableFilter":0,"dungeonGroup":[],"setId":15010,"containsList":[84330],"equipAffixId":215010,"JFEDLNMCDBD":4,"textList":[1799147854,2961475019],"setIcon":"UI_RelicIcon_15010_3","setNeedNum":[1]},"15011":{"bagSortValue":14,"disableFilter":0,"dungeonGroup":[],"setId":15011,"containsList":[85330],"equipAffixId":215011,"JFEDLNMCDBD":4,"textList":[3683910422,1198100419],"setIcon":"UI_RelicIcon_15011_3","setNeedNum":[1]},"15012":{"bagSortValue":0,"disableFilter":1,"dungeonGroup":[],"setId":15012,"containsList":[86330],"equipAffixId":215012,"JFEDLNMCDBD":4,"textList":[606069766,2520461163],"setIcon":"UI_RelicIcon_15012_3","setNeedNum":[1]},"15013":{"bagSortValue":17,"disableFilter":0,"dungeonGroup":[],"setId":15013,"containsList":[87330],"equipAffixId":215013,"JFEDLNMCDBD":4,"textList":[2222490622,3773807931],"setIcon":"UI_RelicIcon_15013_3","setNeedNum":[1]},"15014":{"bagSortValue":24,"disableFilter":0,"dungeonGroup":[5104,5105],"setId":15014,"containsList":[88340,88320,88350,88310,88330],"equipAffixId":215014,"JFEDLNMCDBD":5,"textList":[2664577174,592694043],"setIcon":"UI_RelicIcon_15014_4","setNeedNum":[2,4]},"15015":{"bagSortValue":25,"disableFilter":0,"dungeonGroup":[5104,5105],"setId":15015,"containsList":[89340,89320,89350,89310,89330],"equipAffixId":215015,"JFEDLNMCDBD":5,"textList":[3519135894,3824293219],"setIcon":"UI_RelicIcon_15015_4","setNeedNum":[2,4]},"15016":{"bagSortValue":31,"disableFilter":0,"dungeonGroup":[5122,5123],"setId":15016,"containsList":[90340,90320,90350,90310,90330],"equipAffixId":215016,"JFEDLNMCDBD":5,"textList":[744843214,2102945267],"setIcon":"UI_RelicIcon_15016_4","setNeedNum":[2,4]},"15017":{"bagSortValue":32,"disableFilter":0,"dungeonGroup":[5016,5017],"setId":15017,"containsList":[91340,91320,91350,91310,91330],"equipAffixId":215017,"JFEDLNMCDBD":5,"textList":[3006628830,1301524275],"setIcon":"UI_RelicIcon_15017_4","setNeedNum":[2,4]},"15018":{"bagSortValue":33,"disableFilter":0,"dungeonGroup":[5016,5017],"setId":15018,"containsList":[92340,92320,92350,92310,92330],"equipAffixId":215018,"JFEDLNMCDBD":5,"textList":[3846340430,220839051],"setIcon":"UI_RelicIcon_15018_4","setNeedNum":[2,4]},"15019":{"bagSortValue":34,"disableFilter":0,"dungeonGroup":[5202,5203],"setId":15019,"containsList":[93442,93422,93452,93412,93432],"equipAffixId":215019,"JFEDLNMCDBD":5,"textList":[3379981326,1909146235],"setIcon":"UI_RelicIcon_15019_4","setNeedNum":[2,4]},"15020":{"bagSortValue":35,"disableFilter":0,"dungeonGroup":[5202,5203],"setId":15020,"containsList":[94442,94422,94452,94412,94432],"equipAffixId":215020,"JFEDLNMCDBD":5,"textList":[178637006,3063165291],"setIcon":"UI_RelicIcon_15020_4","setNeedNum":[2,4]},"15021":{"bagSortValue":36,"disableFilter":0,"dungeonGroup":[5206,5207],"setId":15021,"containsList":[95442,95422,95452,95412,95432],"equipAffixId":215021,"JFEDLNMCDBD":5,"textList":[771272886,3712988195],"setIcon":"UI_RelicIcon_15021_4","setNeedNum":[2,4]},"15022":{"bagSortValue":37,"disableFilter":0,"dungeonGroup":[5206,5207],"setId":15022,"containsList":[96442,96422,96452,96412,96432],"equipAffixId":215022,"JFEDLNMCDBD":5,"textList":[652463502,3326279315],"setIcon":"UI_RelicIcon_15022_4","setNeedNum":[2,4]},"15023":{"bagSortValue":38,"disableFilter":0,"dungeonGroup":[5127,5128],"setId":15023,"containsList":[97442,97422,97452,97412,97432],"equipAffixId":215023,"JFEDLNMCDBD":5,"textList":[2550361214,160031931],"setIcon":"UI_RelicIcon_15023_4","setNeedNum":[2,4]},"15024":{"bagSortValue":39,"disableFilter":0,"dungeonGroup":[5127,5128],"setId":15024,"containsList":[98442,98422,98452,98412,98432],"equipAffixId":215024,"JFEDLNMCDBD":5,"textList":[260761190,2264156139],"setIcon":"UI_RelicIcon_15024_4","setNeedNum":[2,4]},"15025":{"bagSortValue":40,"disableFilter":0,"dungeonGroup":[5052,5053],"setId":15025,"containsList":[20442,20422,20452,20412,20432],"equipAffixId":215025,"JFEDLNMCDBD":5,"textList":[235669822,2351156307],"setIcon":"UI_RelicIcon_15025_4","setNeedNum":[2,4]},"15026":{"bagSortValue":41,"disableFilter":0,"dungeonGroup":[5052,5053],"setId":15026,"containsList":[21442,21422,21452,21412,21432],"equipAffixId":215026,"JFEDLNMCDBD":5,"textList":[1245570190,2786980939],"setIcon":"UI_RelicIcon_15026_4","setNeedNum":[2,4]},"15027":{"bagSortValue":42,"disableFilter":0,"dungeonGroup":[5062,5063],"setId":15027,"containsList":[27442,27422,27452,27412,27432],"equipAffixId":215027,"JFEDLNMCDBD":5,"textList":[294255758,4086792275],"setIcon":"UI_RelicIcon_15027_4","setNeedNum":[2,4]},"15028":{"bagSortValue":43,"disableFilter":0,"dungeonGroup":[5062,5063],"setId":15028,"containsList":[28442,28422,28452,28412,28432],"equipAffixId":215028,"JFEDLNMCDBD":5,"textList":[429562510,2358985011],"setIcon":"UI_RelicIcon_15028_4","setNeedNum":[2,4]},"15029":{"bagSortValue":44,"disableFilter":0,"dungeonGroup":[5066,5067],"setId":15029,"containsList":[29442,29422,29452,29412,29432],"equipAffixId":215029,"JFEDLNMCDBD":5,"textList":[1718787446,1807240227],"setIcon":"UI_RelicIcon_15029_4","setNeedNum":[2,4]},"15030":{"bagSortValue":45,"disableFilter":0,"dungeonGroup":[5066,5067],"setId":15030,"containsList":[30442,30422,30452,30412,30432],"equipAffixId":215030,"JFEDLNMCDBD":5,"textList":[2924198126,2817123035],"setIcon":"UI_RelicIcon_15030_4","setNeedNum":[2,4]},"15031":{"bagSortValue":46,"disableFilter":0,"dungeonGroup":[4482,4483],"setId":15031,"containsList":[31442,31422,31452,31412,31432],"equipAffixId":215031,"JFEDLNMCDBD":5,"textList":[930115270,1717323939],"setIcon":"UI_RelicIcon_15031_4","setNeedNum":[2,4]},"15032":{"bagSortValue":47,"disableFilter":0,"dungeonGroup":[4482,4483],"setId":15032,"containsList":[32442,32422,32452,32412,32432],"equipAffixId":215032,"JFEDLNMCDBD":5,"textList":[2296062934,3171350643],"setIcon":"UI_RelicIcon_15032_4","setNeedNum":[2,4]},"15033":{"bagSortValue":48,"disableFilter":0,"dungeonGroup":[4486,4487],"setId":15033,"containsList":[33442,33422,33452,33412,33432],"equipAffixId":215033,"JFEDLNMCDBD":5,"textList":[3699137590,1462645979],"setIcon":"UI_RelicIcon_15033_4","setNeedNum":[2,4]},"15034":{"bagSortValue":49,"disableFilter":0,"dungeonGroup":[4486,4487],"setId":15034,"containsList":[34442,34422,34452,34412,34432],"equipAffixId":215034,"JFEDLNMCDBD":5,"textList":[3551528574,1513333099],"setIcon":"UI_RelicIcon_15034_4","setNeedNum":[2,4]},"15035":{"bagSortValue":50,"disableFilter":0,"dungeonGroup":[4512,4513],"setId":15035,"containsList":[35442,35422,35452,35412,35432],"equipAffixId":215035,"JFEDLNMCDBD":5,"textList":[1963076470,1236189427],"setIcon":"UI_RelicIcon_15035_4","setNeedNum":[2,4]},"15036":{"bagSortValue":51,"disableFilter":0,"dungeonGroup":[4512,4513],"setId":15036,"containsList":[36442,36422,36452,36412,36432],"equipAffixId":215036,"JFEDLNMCDBD":5,"textList":[2137664806,2076662451],"setIcon":"UI_RelicIcon_15036_4","setNeedNum":[2,4]},"15037":{"bagSortValue":52,"disableFilter":0,"dungeonGroup":[5020,5021],"setId":15037,"containsList":[37442,37422,37452,37412,37432],"equipAffixId":215037,"JFEDLNMCDBD":5,"textList":[3776658126,2269330339],"setIcon":"UI_RelicIcon_15037_4","setNeedNum":[2,4]},"15038":{"bagSortValue":53,"disableFilter":0,"dungeonGroup":[5020,5021],"setId":15038,"containsList":[38442,38422,38452,38412,38432],"equipAffixId":215038,"JFEDLNMCDBD":5,"textList":[2364224526,730276251],"setIcon":"UI_RelicIcon_15038_4","setNeedNum":[2,4]},"15039":{"bagSortValue":54,"disableFilter":0,"dungeonGroup":[5024,5025],"setId":15039,"containsList":[39442,39422,39452,39412,39432],"equipAffixId":215039,"JFEDLNMCDBD":5,"textList":[1867443326,2202813275],"setIcon":"UI_RelicIcon_15039_4","setNeedNum":[2,4]},"15040":{"bagSortValue":55,"disableFilter":0,"dungeonGroup":[5024,5025],"setId":15040,"containsList":[40442,40422,40452,40412,40432],"equipAffixId":215040,"JFEDLNMCDBD":5,"textList":[748688758,3686884347],"setIcon":"UI_RelicIcon_15040_4","setNeedNum":[2,4]}}