{"10001":{"dungeonGroup":[],"textList":[3554068574,3930680251],"setIcon":"UI_RelicIcon_10001_4","containsList":[51140,51120,51150,51110,51130],"setNeedNum":[2,4],"equipAffixId":210001,"disableFilter":0,"bagSortValue":4,"EKBNEFGNCDP":4,"setId":10001},"10002":{"dungeonGroup":[],"textList":[3286811710,2520149811],"setIcon":"UI_RelicIcon_10002_4","containsList":[52140,52120,52150,52110,52130],"setNeedNum":[2,4],"equipAffixId":210002,"disableFilter":0,"bagSortValue":10,"EKBNEFGNCDP":4,"setId":10002},"10003":{"dungeonGroup":[],"textList":[232496686,594914603],"setIcon":"UI_RelicIcon_10003_4","containsList":[53140,53120,53150,53110,53130],"setNeedNum":[2,4],"equipAffixId":210003,"disableFilter":0,"bagSortValue":9,"EKBNEFGNCDP":4,"setId":10003},"10004":{"dungeonGroup":[],"textList":[2558816190,1164604419],"setIcon":"UI_RelicIcon_10004_4","containsList":[54140,54120,54150,54110,54130],"setNeedNum":[2,4],"equipAffixId":210004,"disableFilter":0,"bagSortValue":5,"EKBNEFGNCDP":4,"setId":10004},"10005":{"dungeonGroup":[],"textList":[1440602798,3934658059],"setIcon":"UI_RelicIcon_10005_4","containsList":[55140,55120,55150,55110,55130],"setNeedNum":[2,4],"equipAffixId":210005,"disableFilter":0,"bagSortValue":6,"EKBNEFGNCDP":4,"setId":10005},"10006":{"dungeonGroup":[],"textList":[2301958078,1744056099],"setIcon":"UI_RelicIcon_10006_4","containsList":[56140,56120,56150,56110,56130],"setNeedNum":[2,4],"equipAffixId":210006,"disableFilter":0,"bagSortValue":11,"EKBNEFGNCDP":4,"setId":10006},"10007":{"dungeonGroup":[],"textList":[2152781502,1666101139],"setIcon":"UI_RelicIcon_10007_4","containsList":[57140,57120,57150,57110,57130],"setNeedNum":[2,4],"equipAffixId":210007,"disableFilter":0,"bagSortValue":7,"EKBNEFGNCDP":4,"setId":10007},"10008":{"dungeonGroup":[],"textList":[3435100542,3500507723],"setIcon":"UI_RelicIcon_10008_4","containsList":[58240,58220,58250,58210,58230],"setNeedNum":[2,4],"equipAffixId":210008,"disableFilter":0,"bagSortValue":12,"EKBNEFGNCDP":4,"setId":10008},"10009":{"dungeonGroup":[],"textList":[1523555942,3039984011],"setIcon":"UI_RelicIcon_10009_4","containsList":[59140,59120,59150,59110,59130],"setNeedNum":[2,4],"equipAffixId":210009,"disableFilter":0,"bagSortValue":8,"EKBNEFGNCDP":4,"setId":10009},"10010":{"dungeonGroup":[],"textList":[1817050462,575390611],"setIcon":"UI_RelicIcon_10010_4","containsList":[60140,60120,60150,60110,60130],"setNeedNum":[2,4],"equipAffixId":210010,"disableFilter":0,"bagSortValue":1,"EKBNEFGNCDP":3,"setId":10010},"10011":{"dungeonGroup":[],"textList":[4021451694,1065267667],"setIcon":"UI_RelicIcon_10011_4","containsList":[61140,61120,61150,61110,61130],"setNeedNum":[2,4],"equipAffixId":210011,"disableFilter":0,"bagSortValue":2,"EKBNEFGNCDP":3,"setId":10011},"10012":{"dungeonGroup":[],"textList":[1407486230,1160154787],"setIcon":"UI_RelicIcon_10012_4","containsList":[62140,62120,62150,62110,62130],"setNeedNum":[2,4],"equipAffixId":210012,"disableFilter":0,"bagSortValue":13,"EKBNEFGNCDP":4,"setId":10012},"10013":{"dungeonGroup":[],"textList":[568790406,3607087251],"setIcon":"UI_RelicIcon_10013_4","containsList":[63140,63120,63150,63110,63130],"setNeedNum":[2,4],"equipAffixId":210013,"disableFilter":0,"bagSortValue":3,"EKBNEFGNCDP":3,"setId":10013},"14001":{"dungeonGroup":[5122,5123],"textList":[1641249022,3455611563],"setIcon":"UI_RelicIcon_14001_4","containsList":[71340,71320,71350,71310,71330],"setNeedNum":[2,4],"equipAffixId":214001,"disableFilter":0,"bagSortValue":30,"EKBNEFGNCDP":5,"setId":14001},"14002":{"dungeonGroup":[5005,5006],"textList":[1192561894,1968896091],"setIcon":"UI_RelicIcon_14002_4","containsList":[72340,72320,72350,72310,72330],"setNeedNum":[2,4],"equipAffixId":214002,"disableFilter":0,"bagSortValue":26,"EKBNEFGNCDP":5,"setId":14002},"14003":{"dungeonGroup":[5109,5110],"textList":[351271598,2828057235],"setIcon":"UI_RelicIcon_14003_4","containsList":[73340,73320,73350,73310,73330],"setNeedNum":[2,4],"equipAffixId":214003,"disableFilter":0,"bagSortValue":28,"EKBNEFGNCDP":5,"setId":14003},"14004":{"dungeonGroup":[5011,5012],"textList":[401042630,150564555],"setIcon":"UI_RelicIcon_14004_4","containsList":[74340,74320,74350,74310,74330],"setNeedNum":[2,4],"equipAffixId":214004,"disableFilter":0,"bagSortValue":22,"EKBNEFGNCDP":5,"setId":14004},"15000":{"dungeonGroup":[],"textList":[714505142,3191443955],"setIcon":"","containsList":[99340,99320,99350,99310,99330],"setNeedNum":[3,5],"equipAffixId":0,"disableFilter":1,"bagSortValue":0,"EKBNEFGNCDP":5,"setId":15000},"15001":{"dungeonGroup":[],"textList":[1890216262,522318403],"setIcon":"UI_RelicIcon_15001_4","containsList":[75340,75320,75350,75310,75330],"setNeedNum":[2,4],"equipAffixId":215001,"disableFilter":0,"bagSortValue":18,"EKBNEFGNCDP":5,"setId":15001},"15002":{"dungeonGroup":[5011,5012],"textList":[3418857494,3906211907],"setIcon":"UI_RelicIcon_15002_4","containsList":[76340,76320,76350,76310,76330],"setNeedNum":[2,4],"equipAffixId":215002,"disableFilter":0,"bagSortValue":23,"EKBNEFGNCDP":5,"setId":15002},"15003":{"dungeonGroup":[],"textList":[2602151358,205455459],"setIcon":"UI_RelicIcon_15003_4","containsList":[77340,77320,77350,77310,77330],"setNeedNum":[2,4],"equipAffixId":215003,"disableFilter":0,"bagSortValue":19,"EKBNEFGNCDP":5,"setId":15003},"15004":{"dungeonGroup":[],"textList":[3786709222,3239325019],"setIcon":"UI_RelicIcon_15004_4","containsList":[78340,78320,78350,78310,78330],"setNeedNum":[2,4],"equipAffixId":215004,"disableFilter":1,"bagSortValue":0,"EKBNEFGNCDP":5,"setId":15004},"15005":{"dungeonGroup":[5005,5006],"textList":[1140176206,580927259],"setIcon":"UI_RelicIcon_15005_4","containsList":[79340,79320,79350,79310,79330],"setNeedNum":[2,4],"equipAffixId":215005,"disableFilter":0,"bagSortValue":27,"EKBNEFGNCDP":5,"setId":15005},"15006":{"dungeonGroup":[5109,5110],"textList":[2097515030,731621371],"setIcon":"UI_RelicIcon_15006_4","containsList":[80340,80320,80350,80310,80330],"setNeedNum":[2,4],"equipAffixId":215006,"disableFilter":0,"bagSortValue":29,"EKBNEFGNCDP":5,"setId":15006},"15007":{"dungeonGroup":[5113,5114],"textList":[1950711078,2003140467],"setIcon":"UI_RelicIcon_15007_4","containsList":[81340,81320,81350,81310,81330],"setNeedNum":[2,4],"equipAffixId":215007,"disableFilter":0,"bagSortValue":20,"EKBNEFGNCDP":5,"setId":15007},"15008":{"dungeonGroup":[5113,5114],"textList":[3776130198,2723354699],"setIcon":"UI_RelicIcon_15008_4","containsList":[82340,82320,82350,82310,82330],"setNeedNum":[2,4],"equipAffixId":215008,"disableFilter":0,"bagSortValue":21,"EKBNEFGNCDP":5,"setId":15008},"15009":{"dungeonGroup":[],"textList":[1600414334,1178752179],"setIcon":"UI_RelicIcon_15009_3","containsList":[83330],"setNeedNum":[1],"equipAffixId":215009,"disableFilter":0,"bagSortValue":16,"EKBNEFGNCDP":4,"setId":15009},"15010":{"dungeonGroup":[],"textList":[1799147854,2961475019],"setIcon":"UI_RelicIcon_15010_3","containsList":[84330],"setNeedNum":[1],"equipAffixId":215010,"disableFilter":0,"bagSortValue":15,"EKBNEFGNCDP":4,"setId":15010},"15011":{"dungeonGroup":[],"textList":[3683910422,1198100419],"setIcon":"UI_RelicIcon_15011_3","containsList":[85330],"setNeedNum":[1],"equipAffixId":215011,"disableFilter":0,"bagSortValue":14,"EKBNEFGNCDP":4,"setId":15011},"15012":{"dungeonGroup":[],"textList":[606069766,2520461163],"setIcon":"UI_RelicIcon_15012_3","containsList":[86330],"setNeedNum":[1],"equipAffixId":215012,"disableFilter":1,"bagSortValue":0,"EKBNEFGNCDP":4,"setId":15012},"15013":{"dungeonGroup":[],"textList":[2222490622,3773807931],"setIcon":"UI_RelicIcon_15013_3","containsList":[87330],"setNeedNum":[1],"equipAffixId":215013,"disableFilter":0,"bagSortValue":17,"EKBNEFGNCDP":4,"setId":15013},"15014":{"dungeonGroup":[5104,5105],"textList":[2664577174,592694043],"setIcon":"UI_RelicIcon_15014_4","containsList":[88340,88320,88350,88310,88330],"setNeedNum":[2,4],"equipAffixId":215014,"disableFilter":0,"bagSortValue":24,"EKBNEFGNCDP":5,"setId":15014},"15015":{"dungeonGroup":[5104,5105],"textList":[3519135894,3824293219],"setIcon":"UI_RelicIcon_15015_4","containsList":[89340,89320,89350,89310,89330],"setNeedNum":[2,4],"equipAffixId":215015,"disableFilter":0,"bagSortValue":25,"EKBNEFGNCDP":5,"setId":15015},"15016":{"dungeonGroup":[5122,5123],"textList":[744843214,2102945267],"setIcon":"UI_RelicIcon_15016_4","containsList":[90340,90320,90350,90310,90330],"setNeedNum":[2,4],"equipAffixId":215016,"disableFilter":0,"bagSortValue":31,"EKBNEFGNCDP":5,"setId":15016},"15017":{"dungeonGroup":[5016,5017],"textList":[3006628830,1301524275],"setIcon":"UI_RelicIcon_15017_4","containsList":[91340,91320,91350,91310,91330],"setNeedNum":[2,4],"equipAffixId":215017,"disableFilter":0,"bagSortValue":32,"EKBNEFGNCDP":5,"setId":15017},"15018":{"dungeonGroup":[5016,5017],"textList":[3846340430,220839051],"setIcon":"UI_RelicIcon_15018_4","containsList":[92340,92320,92350,92310,92330],"setNeedNum":[2,4],"equipAffixId":215018,"disableFilter":0,"bagSortValue":33,"EKBNEFGNCDP":5,"setId":15018},"15019":{"dungeonGroup":[5202,5203],"textList":[3379981326,1909146235],"setIcon":"UI_RelicIcon_15019_4","containsList":[93442,93422,93452,93412,93432],"setNeedNum":[2,4],"equipAffixId":215019,"disableFilter":0,"bagSortValue":34,"EKBNEFGNCDP":5,"setId":15019},"15020":{"dungeonGroup":[5202,5203],"textList":[178637006,3063165291],"setIcon":"UI_RelicIcon_15020_4","containsList":[94442,94422,94452,94412,94432],"setNeedNum":[2,4],"equipAffixId":215020,"disableFilter":0,"bagSortValue":35,"EKBNEFGNCDP":5,"setId":15020},"15021":{"dungeonGroup":[5206,5207],"textList":[771272886,3712988195],"setIcon":"UI_RelicIcon_15021_4","containsList":[95442,95422,95452,95412,95432],"setNeedNum":[2,4],"equipAffixId":215021,"disableFilter":0,"bagSortValue":36,"EKBNEFGNCDP":5,"setId":15021},"15022":{"dungeonGroup":[5206,5207],"textList":[652463502,3326279315],"setIcon":"UI_RelicIcon_15022_4","containsList":[96442,96422,96452,96412,96432],"setNeedNum":[2,4],"equipAffixId":215022,"disableFilter":0,"bagSortValue":37,"EKBNEFGNCDP":5,"setId":15022},"15023":{"dungeonGroup":[5127,5128],"textList":[2550361214,160031931],"setIcon":"UI_RelicIcon_15023_4","containsList":[97442,97422,97452,97412,97432],"setNeedNum":[2,4],"equipAffixId":215023,"disableFilter":0,"bagSortValue":38,"EKBNEFGNCDP":5,"setId":15023},"15024":{"dungeonGroup":[5127,5128],"textList":[260761190,2264156139],"setIcon":"UI_RelicIcon_15024_4","containsList":[98442,98422,98452,98412,98432],"setNeedNum":[2,4],"equipAffixId":215024,"disableFilter":0,"bagSortValue":39,"EKBNEFGNCDP":5,"setId":15024},"15025":{"dungeonGroup":[5052,5053],"textList":[235669822,2351156307],"setIcon":"UI_RelicIcon_15025_4","containsList":[20442,20422,20452,20412,20432],"setNeedNum":[2,4],"equipAffixId":215025,"disableFilter":0,"bagSortValue":40,"EKBNEFGNCDP":5,"setId":15025},"15026":{"dungeonGroup":[5052,5053],"textList":[1245570190,2786980939],"setIcon":"UI_RelicIcon_15026_4","containsList":[21442,21422,21452,21412,21432],"setNeedNum":[2,4],"equipAffixId":215026,"disableFilter":0,"bagSortValue":41,"EKBNEFGNCDP":5,"setId":15026},"15027":{"dungeonGroup":[5062,5063],"textList":[294255758,4086792275],"setIcon":"UI_RelicIcon_15027_4","containsList":[27442,27422,27452,27412,27432],"setNeedNum":[2,4],"equipAffixId":215027,"disableFilter":0,"bagSortValue":42,"EKBNEFGNCDP":5,"setId":15027},"15028":{"dungeonGroup":[5062,5063],"textList":[429562510,2358985011],"setIcon":"UI_RelicIcon_15028_4","containsList":[28442,28422,28452,28412,28432],"setNeedNum":[2,4],"equipAffixId":215028,"disableFilter":0,"bagSortValue":43,"EKBNEFGNCDP":5,"setId":15028},"15029":{"dungeonGroup":[5066,5067],"textList":[1718787446,1807240227],"setIcon":"UI_RelicIcon_15029_4","containsList":[29442,29422,29452,29412,29432],"setNeedNum":[2,4],"equipAffixId":215029,"disableFilter":0,"bagSortValue":44,"EKBNEFGNCDP":5,"setId":15029},"15030":{"dungeonGroup":[5066,5067],"textList":[2924198126,2817123035],"setIcon":"UI_RelicIcon_15030_4","containsList":[30442,30422,30452,30412,30432],"setNeedNum":[2,4],"equipAffixId":215030,"disableFilter":0,"bagSortValue":45,"EKBNEFGNCDP":5,"setId":15030},"15031":{"dungeonGroup":[4482,4483],"textList":[930115270,1717323939],"setIcon":"UI_RelicIcon_15031_4","containsList":[31442,31422,31452,31412,31432],"setNeedNum":[2,4],"equipAffixId":215031,"disableFilter":0,"bagSortValue":46,"EKBNEFGNCDP":5,"setId":15031},"15032":{"dungeonGroup":[4482,4483],"textList":[2296062934,3171350643],"setIcon":"UI_RelicIcon_15032_4","containsList":[32442,32422,32452,32412,32432],"setNeedNum":[2,4],"equipAffixId":215032,"disableFilter":0,"bagSortValue":47,"EKBNEFGNCDP":5,"setId":15032},"15033":{"dungeonGroup":[4486,4487],"textList":[3699137590,1462645979],"setIcon":"UI_RelicIcon_15033_4","containsList":[33442,33422,33452,33412,33432],"setNeedNum":[2,4],"equipAffixId":215033,"disableFilter":0,"bagSortValue":48,"EKBNEFGNCDP":5,"setId":15033},"15034":{"dungeonGroup":[4486,4487],"textList":[3551528574,1513333099],"setIcon":"UI_RelicIcon_15034_4","containsList":[34442,34422,34452,34412,34432],"setNeedNum":[2,4],"equipAffixId":215034,"disableFilter":0,"bagSortValue":49,"EKBNEFGNCDP":5,"setId":15034},"15035":{"dungeonGroup":[4512,4513],"textList":[1963076470,1236189427],"setIcon":"UI_RelicIcon_15035_4","containsList":[35442,35422,35452,35412,35432],"setNeedNum":[2,4],"equipAffixId":215035,"disableFilter":0,"bagSortValue":50,"EKBNEFGNCDP":5,"setId":15035},"15036":{"dungeonGroup":[4512,4513],"textList":[2137664806,2076662451],"setIcon":"UI_RelicIcon_15036_4","containsList":[36442,36422,36452,36412,36432],"setNeedNum":[2,4],"equipAffixId":215036,"disableFilter":0,"bagSortValue":51,"EKBNEFGNCDP":5,"setId":15036},"15037":{"dungeonGroup":[5020,5021],"textList":[3776658126,2269330339],"setIcon":"UI_RelicIcon_15037_4","containsList":[37442,37422,37452,37412,37432],"setNeedNum":[2,4],"equipAffixId":215037,"disableFilter":0,"bagSortValue":52,"EKBNEFGNCDP":5,"setId":15037},"15038":{"dungeonGroup":[5020,5021],"textList":[2364224526,730276251],"setIcon":"UI_RelicIcon_15038_4","containsList":[38442,38422,38452,38412,38432],"setNeedNum":[2,4],"equipAffixId":215038,"disableFilter":0,"bagSortValue":53,"EKBNEFGNCDP":5,"setId":15038},"15039":{"dungeonGroup":[5024,5025],"textList":[1867443326,2202813275],"setIcon":"UI_RelicIcon_15039_4","containsList":[39442,39422,39452,39412,39432],"setNeedNum":[2,4],"equipAffixId":215039,"disableFilter":0,"bagSortValue":54,"EKBNEFGNCDP":5,"setId":15039},"15040":{"dungeonGroup":[5024,5025],"textList":[748688758,3686884347],"setIcon":"UI_RelicIcon_15040_4","containsList":[40442,40422,40452,40412,40432],"setNeedNum":[2,4],"equipAffixId":215040,"disableFilter":0,"bagSortValue":55,"EKBNEFGNCDP":5,"setId":15040}}