[{"difficultyId":1,"difficultyLevel":1,"JHBJOJDCCND":4,"CBIDDIECCHA":3,"ABKILCLMHEF":100,"PNPPMMPIBIH":60,"PFKHAKLIFNL":1001,"AKFHJJBLGBC":2001,"MLCGLCOMEBM":3001,"HICIGMIDIAI":5001,"NMCNHIEBPMB":4001,"BFJPLDLJFFB":1,"ALFLGJFDJEC":[],"PEPNHLBHMCO":2,"BMCGINBCOHF":[],"FHCPKJOIHEG":[],"CNNFAMJGCCH":""},{"difficultyId":2,"difficultyLevel":2,"JHBJOJDCCND":8,"CBIDDIECCHA":6,"DHLDAPDDJAH":1,"ABKILCLMHEF":100,"PNPPMMPIBIH":60,"PFKHAKLIFNL":1002,"AKFHJJBLGBC":2002,"MLCGLCOMEBM":3002,"HICIGMIDIAI":5002,"NMCNHIEBPMB":4001,"BFJPLDLJFFB":1,"ALFLGJFDJEC":[],"PEPNHLBHMCO":2,"BMCGINBCOHF":[],"FHCPKJOIHEG":[],"CNNFAMJGCCH":""},{"difficultyId":3,"difficultyLevel":3,"JHBJOJDCCND":12,"CBIDDIECCHA":8,"DHLDAPDDJAH":1,"ABKILCLMHEF":100,"PNPPMMPIBIH":70,"PFKHAKLIFNL":1003,"AKFHJJBLGBC":2003,"MLCGLCOMEBM":3003,"HICIGMIDIAI":5003,"NMCNHIEBPMB":4001,"BFJPLDLJFFB":1,"ALFLGJFDJEC":[],"PEPNHLBHMCO":2,"BMCGINBCOHF":[],"FHCPKJOIHEG":[],"CNNFAMJGCCH":""},{"difficultyId":5,"difficultyLevel":1,"JHBJOJDCCND":4,"CBIDDIECCHA":3,"ABKILCLMHEF":100,"PNPPMMPIBIH":60,"PFKHAKLIFNL":1011,"AKFHJJBLGBC":2011,"MLCGLCOMEBM":3011,"HICIGMIDIAI":5001,"NMCNHIEBPMB":4002,"BFJPLDLJFFB":2,"ALFLGJFDJEC":[],"PEPNHLBHMCO":2,"BMCGINBCOHF":[],"FHCPKJOIHEG":[],"CNNFAMJGCCH":""},{"difficultyId":6,"difficultyLevel":2,"JHBJOJDCCND":8,"CBIDDIECCHA":6,"DHLDAPDDJAH":1,"ABKILCLMHEF":100,"PNPPMMPIBIH":60,"PFKHAKLIFNL":1012,"AKFHJJBLGBC":2012,"MLCGLCOMEBM":3012,"HICIGMIDIAI":5102,"NMCNHIEBPMB":4002,"BFJPLDLJFFB":2,"ALFLGJFDJEC":[],"PEPNHLBHMCO":2,"BMCGINBCOHF":[],"FHCPKJOIHEG":[],"CNNFAMJGCCH":""},{"difficultyId":7,"difficultyLevel":3,"JHBJOJDCCND":12,"CBIDDIECCHA":8,"DHLDAPDDJAH":1,"ABKILCLMHEF":160,"PNPPMMPIBIH":70,"PFKHAKLIFNL":1013,"AKFHJJBLGBC":2013,"MLCGLCOMEBM":3013,"HICIGMIDIAI":5103,"NMCNHIEBPMB":4002,"BFJPLDLJFFB":2,"ALFLGJFDJEC":[],"PEPNHLBHMCO":2,"BMCGINBCOHF":[],"FHCPKJOIHEG":[],"CNNFAMJGCCH":""},{"difficultyId":8,"difficultyLevel":1,"JHBJOJDCCND":2,"BKDDFMMAEGN":2,"CINBBPBCPND":30,"ICABNBMBDJM":2,"CBIDDIECCHA":3,"ABKILCLMHEF":100,"PNPPMMPIBIH":60,"PFKHAKLIFNL":1021,"AKFHJJBLGBC":2021,"MLCGLCOMEBM":3021,"HICIGMIDIAI":5011,"GLOOJEAPICO":6001,"BFJPLDLJFFB":2,"ALFLGJFDJEC":[],"PEPNHLBHMCO":2,"BMCGINBCOHF":[1,2,3],"JKBKDLNIOHJ":1,"FHCPKJOIHEG":[],"CNNFAMJGCCH":""},{"difficultyId":9,"difficultyLevel":2,"JHBJOJDCCND":6,"BKDDFMMAEGN":2,"CINBBPBCPND":30,"ICABNBMBDJM":2,"CBIDDIECCHA":6,"DHLDAPDDJAH":2,"ABKILCLMHEF":100,"PNPPMMPIBIH":60,"PFKHAKLIFNL":1022,"AKFHJJBLGBC":2022,"MLCGLCOMEBM":3022,"HICIGMIDIAI":5012,"GLOOJEAPICO":6002,"BFJPLDLJFFB":2,"ALFLGJFDJEC":[],"PEPNHLBHMCO":2,"BMCGINBCOHF":[1,2,3],"JKBKDLNIOHJ":1,"FHCPKJOIHEG":[],"CNNFAMJGCCH":""},{"difficultyId":10,"difficultyLevel":3,"JHBJOJDCCND":10,"BKDDFMMAEGN":4,"CINBBPBCPND":30,"ICABNBMBDJM":2,"CBIDDIECCHA":8,"DHLDAPDDJAH":2,"ABKILCLMHEF":160,"PNPPMMPIBIH":70,"PFKHAKLIFNL":1023,"AKFHJJBLGBC":2023,"MLCGLCOMEBM":3023,"HICIGMIDIAI":5013,"GLOOJEAPICO":6003,"BFJPLDLJFFB":2,"ALFLGJFDJEC":[],"PEPNHLBHMCO":2,"BMCGINBCOHF":[1,2,3],"JKBKDLNIOHJ":1,"FHCPKJOIHEG":[],"CNNFAMJGCCH":""},{"difficultyId":11,"difficultyLevel":4,"JHBJOJDCCND":16,"BKDDFMMAEGN":4,"CINBBPBCPND":30,"ICABNBMBDJM":2,"CBIDDIECCHA":10,"DHLDAPDDJAH":2,"ABKILCLMHEF":160,"PNPPMMPIBIH":70,"PFKHAKLIFNL":1024,"AKFHJJBLGBC":2024,"MLCGLCOMEBM":3024,"HICIGMIDIAI":5014,"GLOOJEAPICO":6004,"BFJPLDLJFFB":2,"ALFLGJFDJEC":[3],"PEPNHLBHMCO":3,"BMCGINBCOHF":[1,2,3],"JKBKDLNIOHJ":1,"FHCPKJOIHEG":[],"CNNFAMJGCCH":""},{"difficultyId":12,"difficultyLevel":1,"JHBJOJDCCND":2,"BKDDFMMAEGN":2,"CINBBPBCPND":30,"ICABNBMBDJM":2,"CBIDDIECCHA":3,"ABKILCLMHEF":100,"PNPPMMPIBIH":60,"PFKHAKLIFNL":1021,"AKFHJJBLGBC":2031,"MLCGLCOMEBM":3031,"HICIGMIDIAI":5011,"GLOOJEAPICO":6011,"BFJPLDLJFFB":2,"ALFLGJFDJEC":[],"PEPNHLBHMCO":2,"BMCGINBCOHF":[4,5,6],"JKBKDLNIOHJ":1,"FHCPKJOIHEG":[],"CNNFAMJGCCH":""},{"difficultyId":13,"difficultyLevel":2,"JHBJOJDCCND":6,"BKDDFMMAEGN":2,"CINBBPBCPND":30,"ICABNBMBDJM":2,"CBIDDIECCHA":6,"DHLDAPDDJAH":2,"ABKILCLMHEF":100,"PNPPMMPIBIH":60,"PFKHAKLIFNL":1022,"AKFHJJBLGBC":2032,"MLCGLCOMEBM":3032,"HICIGMIDIAI":5012,"GLOOJEAPICO":6012,"BFJPLDLJFFB":2,"ALFLGJFDJEC":[],"PEPNHLBHMCO":2,"BMCGINBCOHF":[4,5,6],"JKBKDLNIOHJ":1,"FHCPKJOIHEG":[],"CNNFAMJGCCH":""},{"difficultyId":14,"difficultyLevel":3,"JHBJOJDCCND":10,"BKDDFMMAEGN":4,"CINBBPBCPND":30,"ICABNBMBDJM":2,"CBIDDIECCHA":8,"DHLDAPDDJAH":2,"ABKILCLMHEF":160,"PNPPMMPIBIH":70,"PFKHAKLIFNL":1023,"AKFHJJBLGBC":2033,"MLCGLCOMEBM":3033,"HICIGMIDIAI":5013,"GLOOJEAPICO":6013,"BFJPLDLJFFB":2,"ALFLGJFDJEC":[],"PEPNHLBHMCO":2,"BMCGINBCOHF":[4,5,6],"JKBKDLNIOHJ":1,"FHCPKJOIHEG":[],"CNNFAMJGCCH":""},{"difficultyId":15,"difficultyLevel":4,"JHBJOJDCCND":16,"BKDDFMMAEGN":4,"CINBBPBCPND":30,"ICABNBMBDJM":2,"CBIDDIECCHA":10,"DHLDAPDDJAH":2,"ABKILCLMHEF":160,"PNPPMMPIBIH":70,"PFKHAKLIFNL":1024,"AKFHJJBLGBC":2034,"MLCGLCOMEBM":3034,"HICIGMIDIAI":5014,"GLOOJEAPICO":6014,"BFJPLDLJFFB":2,"ALFLGJFDJEC":[3],"PEPNHLBHMCO":3,"BMCGINBCOHF":[4,5,6],"JKBKDLNIOHJ":1,"FHCPKJOIHEG":[],"CNNFAMJGCCH":""},{"difficultyId":16,"difficultyLevel":1,"JHBJOJDCCND":2,"BKDDFMMAEGN":2,"CINBBPBCPND":30,"ICABNBMBDJM":2,"CBIDDIECCHA":3,"ABKILCLMHEF":100,"PNPPMMPIBIH":60,"PFKHAKLIFNL":1031,"AKFHJJBLGBC":2041,"MLCGLCOMEBM":3041,"HICIGMIDIAI":5011,"GLOOJEAPICO":6021,"BFJPLDLJFFB":2,"ALFLGJFDJEC":[],"PEPNHLBHMCO":2,"BMCGINBCOHF":[3,8,7],"JKBKDLNIOHJ":1,"FHCPKJOIHEG":[1,2,3,4,5],"CNNFAMJGCCH":"1:2,2:5"},{"difficultyId":17,"difficultyLevel":2,"JHBJOJDCCND":6,"BKDDFMMAEGN":2,"CINBBPBCPND":30,"ICABNBMBDJM":2,"CBIDDIECCHA":6,"DHLDAPDDJAH":2,"ABKILCLMHEF":100,"PNPPMMPIBIH":60,"PFKHAKLIFNL":1032,"AKFHJJBLGBC":2042,"MLCGLCOMEBM":3042,"HICIGMIDIAI":5012,"GLOOJEAPICO":6022,"BFJPLDLJFFB":2,"ALFLGJFDJEC":[],"PEPNHLBHMCO":2,"BMCGINBCOHF":[3,8,7],"JKBKDLNIOHJ":1,"FHCPKJOIHEG":[1,2,3,4,5],"CNNFAMJGCCH":"1:3,2:8"},{"difficultyId":18,"difficultyLevel":3,"JHBJOJDCCND":10,"BKDDFMMAEGN":4,"CINBBPBCPND":30,"ICABNBMBDJM":2,"CBIDDIECCHA":8,"DHLDAPDDJAH":2,"ABKILCLMHEF":160,"PNPPMMPIBIH":70,"PFKHAKLIFNL":1033,"AKFHJJBLGBC":2043,"MLCGLCOMEBM":3043,"HICIGMIDIAI":5013,"GLOOJEAPICO":6023,"BFJPLDLJFFB":2,"ALFLGJFDJEC":[],"PEPNHLBHMCO":2,"BMCGINBCOHF":[3,8,7],"JKBKDLNIOHJ":1,"FHCPKJOIHEG":[1,2,3,4,5],"CNNFAMJGCCH":"1:4,2:10"},{"difficultyId":19,"difficultyLevel":4,"JHBJOJDCCND":16,"BKDDFMMAEGN":4,"CINBBPBCPND":30,"ICABNBMBDJM":2,"CBIDDIECCHA":10,"DHLDAPDDJAH":2,"ABKILCLMHEF":160,"PNPPMMPIBIH":70,"PFKHAKLIFNL":1034,"AKFHJJBLGBC":2044,"MLCGLCOMEBM":3044,"HICIGMIDIAI":5014,"GLOOJEAPICO":6024,"BFJPLDLJFFB":2,"ALFLGJFDJEC":[3],"PEPNHLBHMCO":3,"BMCGINBCOHF":[3,8,7],"JKBKDLNIOHJ":1,"FHCPKJOIHEG":[1,2,3,4,5],"CNNFAMJGCCH":"1:6,2:14"},{"difficultyId":20,"difficultyLevel":1,"JHBJOJDCCND":2,"BKDDFMMAEGN":2,"CINBBPBCPND":30,"ICABNBMBDJM":2,"CBIDDIECCHA":3,"ABKILCLMHEF":100,"PNPPMMPIBIH":60,"PFKHAKLIFNL":1031,"AKFHJJBLGBC":2051,"MLCGLCOMEBM":3051,"HICIGMIDIAI":5011,"GLOOJEAPICO":6041,"BFJPLDLJFFB":2,"ALFLGJFDJEC":[],"PEPNHLBHMCO":2,"BMCGINBCOHF":[9,10,11],"JKBKDLNIOHJ":1,"FHCPKJOIHEG":[1,2,3,4,5],"CNNFAMJGCCH":"1:2,2:5"},{"difficultyId":21,"difficultyLevel":2,"JHBJOJDCCND":6,"BKDDFMMAEGN":2,"CINBBPBCPND":30,"ICABNBMBDJM":2,"CBIDDIECCHA":6,"DHLDAPDDJAH":2,"ABKILCLMHEF":100,"PNPPMMPIBIH":60,"PFKHAKLIFNL":1032,"AKFHJJBLGBC":2052,"MLCGLCOMEBM":3052,"HICIGMIDIAI":5012,"GLOOJEAPICO":6042,"BFJPLDLJFFB":2,"ALFLGJFDJEC":[],"PEPNHLBHMCO":2,"BMCGINBCOHF":[9,10,11],"JKBKDLNIOHJ":1,"FHCPKJOIHEG":[1,2,3,4,5],"CNNFAMJGCCH":"1:3,2:8"},{"difficultyId":22,"difficultyLevel":3,"JHBJOJDCCND":10,"BKDDFMMAEGN":4,"CINBBPBCPND":30,"ICABNBMBDJM":2,"CBIDDIECCHA":8,"DHLDAPDDJAH":2,"ABKILCLMHEF":160,"PNPPMMPIBIH":70,"PFKHAKLIFNL":1033,"AKFHJJBLGBC":2053,"MLCGLCOMEBM":3053,"HICIGMIDIAI":5013,"GLOOJEAPICO":6043,"BFJPLDLJFFB":2,"ALFLGJFDJEC":[],"PEPNHLBHMCO":2,"BMCGINBCOHF":[9,10,11],"JKBKDLNIOHJ":1,"FHCPKJOIHEG":[1,2,3,4,5],"CNNFAMJGCCH":"1:4,2:10"},{"difficultyId":23,"difficultyLevel":4,"JHBJOJDCCND":16,"BKDDFMMAEGN":4,"CINBBPBCPND":30,"ICABNBMBDJM":2,"CBIDDIECCHA":10,"DHLDAPDDJAH":2,"ABKILCLMHEF":160,"PNPPMMPIBIH":70,"PFKHAKLIFNL":1034,"AKFHJJBLGBC":2054,"MLCGLCOMEBM":3054,"HICIGMIDIAI":5014,"GLOOJEAPICO":6044,"BFJPLDLJFFB":2,"ALFLGJFDJEC":[3],"PEPNHLBHMCO":3,"BMCGINBCOHF":[9,10,11],"JKBKDLNIOHJ":1,"FHCPKJOIHEG":[1,2,3,4,5],"CNNFAMJGCCH":"1:6,2:14"},{"difficultyId":24,"difficultyLevel":1,"JHBJOJDCCND":2,"BKDDFMMAEGN":2,"CINBBPBCPND":30,"ICABNBMBDJM":2,"CBIDDIECCHA":3,"ABKILCLMHEF":100,"PNPPMMPIBIH":60,"PFKHAKLIFNL":1031,"AKFHJJBLGBC":2061,"MLCGLCOMEBM":3061,"HICIGMIDIAI":5011,"GLOOJEAPICO":6031,"BFJPLDLJFFB":2,"ALFLGJFDJEC":[],"PEPNHLBHMCO":2,"BMCGINBCOHF":[12,13,14],"JKBKDLNIOHJ":1,"FHCPKJOIHEG":[1,2,3,4,5],"CNNFAMJGCCH":"1:2,2:5"},{"difficultyId":25,"difficultyLevel":2,"JHBJOJDCCND":6,"BKDDFMMAEGN":2,"CINBBPBCPND":30,"ICABNBMBDJM":2,"CBIDDIECCHA":6,"DHLDAPDDJAH":2,"ABKILCLMHEF":100,"PNPPMMPIBIH":60,"PFKHAKLIFNL":1032,"AKFHJJBLGBC":2062,"MLCGLCOMEBM":3062,"HICIGMIDIAI":5012,"GLOOJEAPICO":6032,"BFJPLDLJFFB":2,"ALFLGJFDJEC":[],"PEPNHLBHMCO":2,"BMCGINBCOHF":[12,13,14],"JKBKDLNIOHJ":1,"FHCPKJOIHEG":[1,2,3,4,5],"CNNFAMJGCCH":"1:3,2:8"},{"difficultyId":26,"difficultyLevel":3,"JHBJOJDCCND":10,"BKDDFMMAEGN":4,"CINBBPBCPND":30,"ICABNBMBDJM":2,"CBIDDIECCHA":8,"DHLDAPDDJAH":2,"ABKILCLMHEF":160,"PNPPMMPIBIH":70,"PFKHAKLIFNL":1033,"AKFHJJBLGBC":2063,"MLCGLCOMEBM":3063,"HICIGMIDIAI":5013,"GLOOJEAPICO":6033,"BFJPLDLJFFB":2,"ALFLGJFDJEC":[],"PEPNHLBHMCO":2,"BMCGINBCOHF":[12,13,14],"JKBKDLNIOHJ":1,"FHCPKJOIHEG":[1,2,3,4,5],"CNNFAMJGCCH":"1:4,2:10"},{"difficultyId":27,"difficultyLevel":4,"JHBJOJDCCND":16,"BKDDFMMAEGN":4,"CINBBPBCPND":30,"ICABNBMBDJM":2,"CBIDDIECCHA":10,"DHLDAPDDJAH":2,"ABKILCLMHEF":160,"PNPPMMPIBIH":70,"PFKHAKLIFNL":1034,"AKFHJJBLGBC":2064,"MLCGLCOMEBM":3064,"HICIGMIDIAI":5014,"GLOOJEAPICO":6034,"BFJPLDLJFFB":2,"ALFLGJFDJEC":[3],"PEPNHLBHMCO":3,"BMCGINBCOHF":[12,13,14],"JKBKDLNIOHJ":1,"FHCPKJOIHEG":[1,2,3,4,5],"CNNFAMJGCCH":"1:6,2:14"},{"difficultyId":28,"difficultyLevel":1,"JHBJOJDCCND":2,"BKDDFMMAEGN":2,"CINBBPBCPND":30,"ICABNBMBDJM":2,"CBIDDIECCHA":3,"ABKILCLMHEF":100,"PNPPMMPIBIH":60,"PFKHAKLIFNL":1031,"AKFHJJBLGBC":2071,"MLCGLCOMEBM":3071,"HICIGMIDIAI":5011,"GLOOJEAPICO":6051,"BFJPLDLJFFB":2,"ALFLGJFDJEC":[],"PEPNHLBHMCO":2,"BMCGINBCOHF":[1,15,9],"JKBKDLNIOHJ":1,"FHCPKJOIHEG":[1,2,3,4,5],"CNNFAMJGCCH":"1:2,2:5"},{"difficultyId":29,"difficultyLevel":2,"JHBJOJDCCND":6,"BKDDFMMAEGN":2,"CINBBPBCPND":30,"ICABNBMBDJM":2,"CBIDDIECCHA":6,"DHLDAPDDJAH":2,"ABKILCLMHEF":100,"PNPPMMPIBIH":60,"PFKHAKLIFNL":1032,"AKFHJJBLGBC":2072,"MLCGLCOMEBM":3072,"HICIGMIDIAI":5012,"GLOOJEAPICO":6052,"BFJPLDLJFFB":2,"ALFLGJFDJEC":[],"PEPNHLBHMCO":2,"BMCGINBCOHF":[1,15,9],"JKBKDLNIOHJ":1,"FHCPKJOIHEG":[1,2,3,4,5],"CNNFAMJGCCH":"1:3,2:8"},{"difficultyId":30,"difficultyLevel":3,"JHBJOJDCCND":10,"BKDDFMMAEGN":4,"CINBBPBCPND":30,"ICABNBMBDJM":2,"CBIDDIECCHA":8,"DHLDAPDDJAH":2,"ABKILCLMHEF":160,"PNPPMMPIBIH":70,"PFKHAKLIFNL":1033,"AKFHJJBLGBC":2073,"MLCGLCOMEBM":3073,"HICIGMIDIAI":5013,"GLOOJEAPICO":6053,"BFJPLDLJFFB":2,"ALFLGJFDJEC":[],"PEPNHLBHMCO":2,"BMCGINBCOHF":[1,15,9],"JKBKDLNIOHJ":1,"FHCPKJOIHEG":[1,2,3,4,5],"CNNFAMJGCCH":"1:4,2:10"},{"difficultyId":31,"difficultyLevel":4,"JHBJOJDCCND":16,"BKDDFMMAEGN":4,"CINBBPBCPND":30,"ICABNBMBDJM":2,"CBIDDIECCHA":10,"DHLDAPDDJAH":2,"ABKILCLMHEF":160,"PNPPMMPIBIH":70,"PFKHAKLIFNL":1034,"AKFHJJBLGBC":2074,"MLCGLCOMEBM":3074,"HICIGMIDIAI":5014,"GLOOJEAPICO":6054,"BFJPLDLJFFB":2,"ALFLGJFDJEC":[3],"PEPNHLBHMCO":3,"BMCGINBCOHF":[1,15,9],"JKBKDLNIOHJ":1,"FHCPKJOIHEG":[1,2,3,4,5],"CNNFAMJGCCH":"1:6,2:14"},{"difficultyId":32,"difficultyLevel":1,"JHBJOJDCCND":2,"BKDDFMMAEGN":2,"CINBBPBCPND":30,"ICABNBMBDJM":2,"CBIDDIECCHA":3,"ABKILCLMHEF":100,"PNPPMMPIBIH":60,"PFKHAKLIFNL":1031,"AKFHJJBLGBC":2081,"MLCGLCOMEBM":3081,"HICIGMIDIAI":5011,"GLOOJEAPICO":6061,"BFJPLDLJFFB":2,"ALFLGJFDJEC":[],"PEPNHLBHMCO":2,"BMCGINBCOHF":[16,11,17],"JKBKDLNIOHJ":1,"FHCPKJOIHEG":[1,2,3,4,5],"CNNFAMJGCCH":"1:2,2:5"},{"difficultyId":33,"difficultyLevel":2,"JHBJOJDCCND":6,"BKDDFMMAEGN":2,"CINBBPBCPND":30,"ICABNBMBDJM":2,"CBIDDIECCHA":6,"DHLDAPDDJAH":2,"ABKILCLMHEF":100,"PNPPMMPIBIH":60,"PFKHAKLIFNL":1032,"AKFHJJBLGBC":2082,"MLCGLCOMEBM":3082,"HICIGMIDIAI":5012,"GLOOJEAPICO":6062,"BFJPLDLJFFB":2,"ALFLGJFDJEC":[],"PEPNHLBHMCO":2,"BMCGINBCOHF":[16,11,17],"JKBKDLNIOHJ":1,"FHCPKJOIHEG":[1,2,3,4,5],"CNNFAMJGCCH":"1:3,2:8"},{"difficultyId":34,"difficultyLevel":3,"JHBJOJDCCND":10,"BKDDFMMAEGN":4,"CINBBPBCPND":30,"ICABNBMBDJM":2,"CBIDDIECCHA":8,"DHLDAPDDJAH":2,"ABKILCLMHEF":160,"PNPPMMPIBIH":70,"PFKHAKLIFNL":1033,"AKFHJJBLGBC":2083,"MLCGLCOMEBM":3083,"HICIGMIDIAI":5013,"GLOOJEAPICO":6063,"BFJPLDLJFFB":2,"ALFLGJFDJEC":[],"PEPNHLBHMCO":2,"BMCGINBCOHF":[16,11,17],"JKBKDLNIOHJ":1,"FHCPKJOIHEG":[1,2,3,4,5],"CNNFAMJGCCH":"1:4,2:10"},{"difficultyId":35,"difficultyLevel":4,"JHBJOJDCCND":16,"BKDDFMMAEGN":4,"CINBBPBCPND":30,"ICABNBMBDJM":2,"CBIDDIECCHA":10,"DHLDAPDDJAH":2,"ABKILCLMHEF":160,"PNPPMMPIBIH":70,"PFKHAKLIFNL":1034,"AKFHJJBLGBC":2084,"MLCGLCOMEBM":3084,"HICIGMIDIAI":5014,"GLOOJEAPICO":6064,"BFJPLDLJFFB":2,"ALFLGJFDJEC":[3],"PEPNHLBHMCO":3,"BMCGINBCOHF":[16,11,17],"JKBKDLNIOHJ":1,"FHCPKJOIHEG":[1,2,3,4,5],"CNNFAMJGCCH":"1:6,2:14"}]