{"1":{"MJOMJAGJCEG":"","HCBGNLGNINK":[],"CMBFFGDLLKI":[],"JHCLFNIHABE":[],"PBPDAHBIAMM":0,"MAEBANFICGF":60,"LLGEANLFHHM":3,"CPGGNGDBJNI":0,"DNMICEFCLGD":5001,"ILANMJGCBCA":100,"IIEGMAEPNCH":0,"ADKHPOGBEPB":2,"difficultyId":1,"difficultyLevel":1,"HJLJLBAHLAD":1001,"HLBNELKMFLI":2001,"HNIKDLLKAPI":0,"PJFGDABHPAL":1,"FEDOGHPHBBE":0,"JCDCGFIPKFK":4001,"HHKOIFNMJOO":4,"PHMALPCNACP":3001,"CIMBILDJMHF":0},"2":{"MJOMJAGJCEG":"","HCBGNLGNINK":[],"CMBFFGDLLKI":[],"JHCLFNIHABE":[],"PBPDAHBIAMM":1,"MAEBANFICGF":60,"LLGEANLFHHM":6,"CPGGNGDBJNI":0,"DNMICEFCLGD":5002,"ILANMJGCBCA":100,"IIEGMAEPNCH":0,"ADKHPOGBEPB":2,"difficultyId":2,"difficultyLevel":2,"HJLJLBAHLAD":1002,"HLBNELKMFLI":2002,"HNIKDLLKAPI":0,"PJFGDABHPAL":1,"FEDOGHPHBBE":0,"JCDCGFIPKFK":4001,"HHKOIFNMJOO":8,"PHMALPCNACP":3002,"CIMBILDJMHF":0},"3":{"MJOMJAGJCEG":"","HCBGNLGNINK":[],"CMBFFGDLLKI":[],"JHCLFNIHABE":[],"PBPDAHBIAMM":1,"MAEBANFICGF":70,"LLGEANLFHHM":8,"CPGGNGDBJNI":0,"DNMICEFCLGD":5003,"ILANMJGCBCA":100,"IIEGMAEPNCH":0,"ADKHPOGBEPB":2,"difficultyId":3,"difficultyLevel":3,"HJLJLBAHLAD":1003,"HLBNELKMFLI":2003,"HNIKDLLKAPI":0,"PJFGDABHPAL":1,"FEDOGHPHBBE":0,"JCDCGFIPKFK":4001,"HHKOIFNMJOO":12,"PHMALPCNACP":3003,"CIMBILDJMHF":0},"5":{"MJOMJAGJCEG":"","HCBGNLGNINK":[],"CMBFFGDLLKI":[],"JHCLFNIHABE":[],"PBPDAHBIAMM":0,"MAEBANFICGF":60,"LLGEANLFHHM":3,"CPGGNGDBJNI":0,"DNMICEFCLGD":5001,"ILANMJGCBCA":100,"IIEGMAEPNCH":0,"ADKHPOGBEPB":2,"difficultyId":5,"difficultyLevel":1,"HJLJLBAHLAD":1011,"HLBNELKMFLI":2011,"HNIKDLLKAPI":0,"PJFGDABHPAL":2,"FEDOGHPHBBE":0,"JCDCGFIPKFK":4002,"HHKOIFNMJOO":4,"PHMALPCNACP":3011,"CIMBILDJMHF":0},"6":{"MJOMJAGJCEG":"","HCBGNLGNINK":[],"CMBFFGDLLKI":[],"JHCLFNIHABE":[],"PBPDAHBIAMM":1,"MAEBANFICGF":60,"LLGEANLFHHM":6,"CPGGNGDBJNI":0,"DNMICEFCLGD":5102,"ILANMJGCBCA":100,"IIEGMAEPNCH":0,"ADKHPOGBEPB":2,"difficultyId":6,"difficultyLevel":2,"HJLJLBAHLAD":1012,"HLBNELKMFLI":2012,"HNIKDLLKAPI":0,"PJFGDABHPAL":2,"FEDOGHPHBBE":0,"JCDCGFIPKFK":4002,"HHKOIFNMJOO":8,"PHMALPCNACP":3012,"CIMBILDJMHF":0},"7":{"MJOMJAGJCEG":"","HCBGNLGNINK":[],"CMBFFGDLLKI":[],"JHCLFNIHABE":[],"PBPDAHBIAMM":1,"MAEBANFICGF":70,"LLGEANLFHHM":8,"CPGGNGDBJNI":0,"DNMICEFCLGD":5103,"ILANMJGCBCA":160,"IIEGMAEPNCH":0,"ADKHPOGBEPB":2,"difficultyId":7,"difficultyLevel":3,"HJLJLBAHLAD":1013,"HLBNELKMFLI":2013,"HNIKDLLKAPI":0,"PJFGDABHPAL":2,"FEDOGHPHBBE":0,"JCDCGFIPKFK":4002,"HHKOIFNMJOO":12,"PHMALPCNACP":3013,"CIMBILDJMHF":0},"8":{"MJOMJAGJCEG":"","HCBGNLGNINK":[],"CMBFFGDLLKI":[],"JHCLFNIHABE":[1,2,3],"PBPDAHBIAMM":0,"MAEBANFICGF":60,"LLGEANLFHHM":3,"CPGGNGDBJNI":1,"DNMICEFCLGD":5011,"ILANMJGCBCA":100,"IIEGMAEPNCH":6001,"ADKHPOGBEPB":2,"difficultyId":8,"difficultyLevel":1,"HJLJLBAHLAD":1021,"HLBNELKMFLI":2021,"HNIKDLLKAPI":30,"PJFGDABHPAL":2,"FEDOGHPHBBE":2,"JCDCGFIPKFK":0,"HHKOIFNMJOO":2,"PHMALPCNACP":3021,"CIMBILDJMHF":2},"9":{"MJOMJAGJCEG":"","HCBGNLGNINK":[],"CMBFFGDLLKI":[],"JHCLFNIHABE":[1,2,3],"PBPDAHBIAMM":2,"MAEBANFICGF":60,"LLGEANLFHHM":6,"CPGGNGDBJNI":1,"DNMICEFCLGD":5012,"ILANMJGCBCA":100,"IIEGMAEPNCH":6002,"ADKHPOGBEPB":2,"difficultyId":9,"difficultyLevel":2,"HJLJLBAHLAD":1022,"HLBNELKMFLI":2022,"HNIKDLLKAPI":30,"PJFGDABHPAL":2,"FEDOGHPHBBE":2,"JCDCGFIPKFK":0,"HHKOIFNMJOO":6,"PHMALPCNACP":3022,"CIMBILDJMHF":2},"10":{"MJOMJAGJCEG":"","HCBGNLGNINK":[],"CMBFFGDLLKI":[],"JHCLFNIHABE":[1,2,3],"PBPDAHBIAMM":2,"MAEBANFICGF":70,"LLGEANLFHHM":8,"CPGGNGDBJNI":1,"DNMICEFCLGD":5013,"ILANMJGCBCA":160,"IIEGMAEPNCH":6003,"ADKHPOGBEPB":2,"difficultyId":10,"difficultyLevel":3,"HJLJLBAHLAD":1023,"HLBNELKMFLI":2023,"HNIKDLLKAPI":30,"PJFGDABHPAL":2,"FEDOGHPHBBE":4,"JCDCGFIPKFK":0,"HHKOIFNMJOO":10,"PHMALPCNACP":3023,"CIMBILDJMHF":2},"11":{"MJOMJAGJCEG":"","HCBGNLGNINK":[3],"CMBFFGDLLKI":[],"JHCLFNIHABE":[1,2,3],"PBPDAHBIAMM":2,"MAEBANFICGF":70,"LLGEANLFHHM":10,"CPGGNGDBJNI":1,"DNMICEFCLGD":5014,"ILANMJGCBCA":160,"IIEGMAEPNCH":6004,"ADKHPOGBEPB":3,"difficultyId":11,"difficultyLevel":4,"HJLJLBAHLAD":1024,"HLBNELKMFLI":2024,"HNIKDLLKAPI":30,"PJFGDABHPAL":2,"FEDOGHPHBBE":4,"JCDCGFIPKFK":0,"HHKOIFNMJOO":16,"PHMALPCNACP":3024,"CIMBILDJMHF":2},"12":{"MJOMJAGJCEG":"","HCBGNLGNINK":[],"CMBFFGDLLKI":[],"JHCLFNIHABE":[4,5,6],"PBPDAHBIAMM":0,"MAEBANFICGF":60,"LLGEANLFHHM":3,"CPGGNGDBJNI":1,"DNMICEFCLGD":5011,"ILANMJGCBCA":100,"IIEGMAEPNCH":6011,"ADKHPOGBEPB":2,"difficultyId":12,"difficultyLevel":1,"HJLJLBAHLAD":1021,"HLBNELKMFLI":2031,"HNIKDLLKAPI":30,"PJFGDABHPAL":2,"FEDOGHPHBBE":2,"JCDCGFIPKFK":0,"HHKOIFNMJOO":2,"PHMALPCNACP":3031,"CIMBILDJMHF":2},"13":{"MJOMJAGJCEG":"","HCBGNLGNINK":[],"CMBFFGDLLKI":[],"JHCLFNIHABE":[4,5,6],"PBPDAHBIAMM":2,"MAEBANFICGF":60,"LLGEANLFHHM":6,"CPGGNGDBJNI":1,"DNMICEFCLGD":5012,"ILANMJGCBCA":100,"IIEGMAEPNCH":6012,"ADKHPOGBEPB":2,"difficultyId":13,"difficultyLevel":2,"HJLJLBAHLAD":1022,"HLBNELKMFLI":2032,"HNIKDLLKAPI":30,"PJFGDABHPAL":2,"FEDOGHPHBBE":2,"JCDCGFIPKFK":0,"HHKOIFNMJOO":6,"PHMALPCNACP":3032,"CIMBILDJMHF":2},"14":{"MJOMJAGJCEG":"","HCBGNLGNINK":[],"CMBFFGDLLKI":[],"JHCLFNIHABE":[4,5,6],"PBPDAHBIAMM":2,"MAEBANFICGF":70,"LLGEANLFHHM":8,"CPGGNGDBJNI":1,"DNMICEFCLGD":5013,"ILANMJGCBCA":160,"IIEGMAEPNCH":6013,"ADKHPOGBEPB":2,"difficultyId":14,"difficultyLevel":3,"HJLJLBAHLAD":1023,"HLBNELKMFLI":2033,"HNIKDLLKAPI":30,"PJFGDABHPAL":2,"FEDOGHPHBBE":4,"JCDCGFIPKFK":0,"HHKOIFNMJOO":10,"PHMALPCNACP":3033,"CIMBILDJMHF":2},"15":{"MJOMJAGJCEG":"","HCBGNLGNINK":[3],"CMBFFGDLLKI":[],"JHCLFNIHABE":[4,5,6],"PBPDAHBIAMM":2,"MAEBANFICGF":70,"LLGEANLFHHM":10,"CPGGNGDBJNI":1,"DNMICEFCLGD":5014,"ILANMJGCBCA":160,"IIEGMAEPNCH":6014,"ADKHPOGBEPB":3,"difficultyId":15,"difficultyLevel":4,"HJLJLBAHLAD":1024,"HLBNELKMFLI":2034,"HNIKDLLKAPI":30,"PJFGDABHPAL":2,"FEDOGHPHBBE":4,"JCDCGFIPKFK":0,"HHKOIFNMJOO":16,"PHMALPCNACP":3034,"CIMBILDJMHF":2},"16":{"MJOMJAGJCEG":"1:2,2:5","HCBGNLGNINK":[],"CMBFFGDLLKI":[1,2,3,4,5],"JHCLFNIHABE":[3,8,7],"PBPDAHBIAMM":0,"MAEBANFICGF":60,"LLGEANLFHHM":3,"CPGGNGDBJNI":1,"DNMICEFCLGD":5011,"ILANMJGCBCA":100,"IIEGMAEPNCH":6021,"ADKHPOGBEPB":2,"difficultyId":16,"difficultyLevel":1,"HJLJLBAHLAD":1031,"HLBNELKMFLI":2041,"HNIKDLLKAPI":30,"PJFGDABHPAL":2,"FEDOGHPHBBE":2,"JCDCGFIPKFK":0,"HHKOIFNMJOO":2,"PHMALPCNACP":3041,"CIMBILDJMHF":2},"17":{"MJOMJAGJCEG":"1:3,2:8","HCBGNLGNINK":[],"CMBFFGDLLKI":[1,2,3,4,5],"JHCLFNIHABE":[3,8,7],"PBPDAHBIAMM":2,"MAEBANFICGF":60,"LLGEANLFHHM":6,"CPGGNGDBJNI":1,"DNMICEFCLGD":5012,"ILANMJGCBCA":100,"IIEGMAEPNCH":6022,"ADKHPOGBEPB":2,"difficultyId":17,"difficultyLevel":2,"HJLJLBAHLAD":1032,"HLBNELKMFLI":2042,"HNIKDLLKAPI":30,"PJFGDABHPAL":2,"FEDOGHPHBBE":2,"JCDCGFIPKFK":0,"HHKOIFNMJOO":6,"PHMALPCNACP":3042,"CIMBILDJMHF":2},"18":{"MJOMJAGJCEG":"1:4,2:10","HCBGNLGNINK":[],"CMBFFGDLLKI":[1,2,3,4,5],"JHCLFNIHABE":[3,8,7],"PBPDAHBIAMM":2,"MAEBANFICGF":70,"LLGEANLFHHM":8,"CPGGNGDBJNI":1,"DNMICEFCLGD":5013,"ILANMJGCBCA":160,"IIEGMAEPNCH":6023,"ADKHPOGBEPB":2,"difficultyId":18,"difficultyLevel":3,"HJLJLBAHLAD":1033,"HLBNELKMFLI":2043,"HNIKDLLKAPI":30,"PJFGDABHPAL":2,"FEDOGHPHBBE":4,"JCDCGFIPKFK":0,"HHKOIFNMJOO":10,"PHMALPCNACP":3043,"CIMBILDJMHF":2},"19":{"MJOMJAGJCEG":"1:6,2:14","HCBGNLGNINK":[3],"CMBFFGDLLKI":[1,2,3,4,5],"JHCLFNIHABE":[3,8,7],"PBPDAHBIAMM":2,"MAEBANFICGF":70,"LLGEANLFHHM":10,"CPGGNGDBJNI":1,"DNMICEFCLGD":5014,"ILANMJGCBCA":160,"IIEGMAEPNCH":6024,"ADKHPOGBEPB":3,"difficultyId":19,"difficultyLevel":4,"HJLJLBAHLAD":1034,"HLBNELKMFLI":2044,"HNIKDLLKAPI":30,"PJFGDABHPAL":2,"FEDOGHPHBBE":4,"JCDCGFIPKFK":0,"HHKOIFNMJOO":16,"PHMALPCNACP":3044,"CIMBILDJMHF":2},"20":{"MJOMJAGJCEG":"1:2,2:5","HCBGNLGNINK":[],"CMBFFGDLLKI":[1,2,3,4,5],"JHCLFNIHABE":[9,10,11],"PBPDAHBIAMM":0,"MAEBANFICGF":60,"LLGEANLFHHM":3,"CPGGNGDBJNI":1,"DNMICEFCLGD":5011,"ILANMJGCBCA":100,"IIEGMAEPNCH":6041,"ADKHPOGBEPB":2,"difficultyId":20,"difficultyLevel":1,"HJLJLBAHLAD":1031,"HLBNELKMFLI":2051,"HNIKDLLKAPI":30,"PJFGDABHPAL":2,"FEDOGHPHBBE":2,"JCDCGFIPKFK":0,"HHKOIFNMJOO":2,"PHMALPCNACP":3051,"CIMBILDJMHF":2},"21":{"MJOMJAGJCEG":"1:3,2:8","HCBGNLGNINK":[],"CMBFFGDLLKI":[1,2,3,4,5],"JHCLFNIHABE":[9,10,11],"PBPDAHBIAMM":2,"MAEBANFICGF":60,"LLGEANLFHHM":6,"CPGGNGDBJNI":1,"DNMICEFCLGD":5012,"ILANMJGCBCA":100,"IIEGMAEPNCH":6042,"ADKHPOGBEPB":2,"difficultyId":21,"difficultyLevel":2,"HJLJLBAHLAD":1032,"HLBNELKMFLI":2052,"HNIKDLLKAPI":30,"PJFGDABHPAL":2,"FEDOGHPHBBE":2,"JCDCGFIPKFK":0,"HHKOIFNMJOO":6,"PHMALPCNACP":3052,"CIMBILDJMHF":2},"22":{"MJOMJAGJCEG":"1:4,2:10","HCBGNLGNINK":[],"CMBFFGDLLKI":[1,2,3,4,5],"JHCLFNIHABE":[9,10,11],"PBPDAHBIAMM":2,"MAEBANFICGF":70,"LLGEANLFHHM":8,"CPGGNGDBJNI":1,"DNMICEFCLGD":5013,"ILANMJGCBCA":160,"IIEGMAEPNCH":6043,"ADKHPOGBEPB":2,"difficultyId":22,"difficultyLevel":3,"HJLJLBAHLAD":1033,"HLBNELKMFLI":2053,"HNIKDLLKAPI":30,"PJFGDABHPAL":2,"FEDOGHPHBBE":4,"JCDCGFIPKFK":0,"HHKOIFNMJOO":10,"PHMALPCNACP":3053,"CIMBILDJMHF":2},"23":{"MJOMJAGJCEG":"1:6,2:14","HCBGNLGNINK":[3],"CMBFFGDLLKI":[1,2,3,4,5],"JHCLFNIHABE":[9,10,11],"PBPDAHBIAMM":2,"MAEBANFICGF":70,"LLGEANLFHHM":10,"CPGGNGDBJNI":1,"DNMICEFCLGD":5014,"ILANMJGCBCA":160,"IIEGMAEPNCH":6044,"ADKHPOGBEPB":3,"difficultyId":23,"difficultyLevel":4,"HJLJLBAHLAD":1034,"HLBNELKMFLI":2054,"HNIKDLLKAPI":30,"PJFGDABHPAL":2,"FEDOGHPHBBE":4,"JCDCGFIPKFK":0,"HHKOIFNMJOO":16,"PHMALPCNACP":3054,"CIMBILDJMHF":2},"24":{"MJOMJAGJCEG":"1:2,2:5","HCBGNLGNINK":[],"CMBFFGDLLKI":[1,2,3,4,5],"JHCLFNIHABE":[12,13,14],"PBPDAHBIAMM":0,"MAEBANFICGF":60,"LLGEANLFHHM":3,"CPGGNGDBJNI":1,"DNMICEFCLGD":5011,"ILANMJGCBCA":100,"IIEGMAEPNCH":6031,"ADKHPOGBEPB":2,"difficultyId":24,"difficultyLevel":1,"HJLJLBAHLAD":1031,"HLBNELKMFLI":2061,"HNIKDLLKAPI":30,"PJFGDABHPAL":2,"FEDOGHPHBBE":2,"JCDCGFIPKFK":0,"HHKOIFNMJOO":2,"PHMALPCNACP":3061,"CIMBILDJMHF":2},"25":{"MJOMJAGJCEG":"1:3,2:8","HCBGNLGNINK":[],"CMBFFGDLLKI":[1,2,3,4,5],"JHCLFNIHABE":[12,13,14],"PBPDAHBIAMM":2,"MAEBANFICGF":60,"LLGEANLFHHM":6,"CPGGNGDBJNI":1,"DNMICEFCLGD":5012,"ILANMJGCBCA":100,"IIEGMAEPNCH":6032,"ADKHPOGBEPB":2,"difficultyId":25,"difficultyLevel":2,"HJLJLBAHLAD":1032,"HLBNELKMFLI":2062,"HNIKDLLKAPI":30,"PJFGDABHPAL":2,"FEDOGHPHBBE":2,"JCDCGFIPKFK":0,"HHKOIFNMJOO":6,"PHMALPCNACP":3062,"CIMBILDJMHF":2},"26":{"MJOMJAGJCEG":"1:4,2:10","HCBGNLGNINK":[],"CMBFFGDLLKI":[1,2,3,4,5],"JHCLFNIHABE":[12,13,14],"PBPDAHBIAMM":2,"MAEBANFICGF":70,"LLGEANLFHHM":8,"CPGGNGDBJNI":1,"DNMICEFCLGD":5013,"ILANMJGCBCA":160,"IIEGMAEPNCH":6033,"ADKHPOGBEPB":2,"difficultyId":26,"difficultyLevel":3,"HJLJLBAHLAD":1033,"HLBNELKMFLI":2063,"HNIKDLLKAPI":30,"PJFGDABHPAL":2,"FEDOGHPHBBE":4,"JCDCGFIPKFK":0,"HHKOIFNMJOO":10,"PHMALPCNACP":3063,"CIMBILDJMHF":2},"27":{"MJOMJAGJCEG":"1:6,2:14","HCBGNLGNINK":[3],"CMBFFGDLLKI":[1,2,3,4,5],"JHCLFNIHABE":[12,13,14],"PBPDAHBIAMM":2,"MAEBANFICGF":70,"LLGEANLFHHM":10,"CPGGNGDBJNI":1,"DNMICEFCLGD":5014,"ILANMJGCBCA":160,"IIEGMAEPNCH":6034,"ADKHPOGBEPB":3,"difficultyId":27,"difficultyLevel":4,"HJLJLBAHLAD":1034,"HLBNELKMFLI":2064,"HNIKDLLKAPI":30,"PJFGDABHPAL":2,"FEDOGHPHBBE":4,"JCDCGFIPKFK":0,"HHKOIFNMJOO":16,"PHMALPCNACP":3064,"CIMBILDJMHF":2},"28":{"MJOMJAGJCEG":"1:2,2:5","HCBGNLGNINK":[],"CMBFFGDLLKI":[1,2,3,4,5],"JHCLFNIHABE":[1,15,9],"PBPDAHBIAMM":0,"MAEBANFICGF":60,"LLGEANLFHHM":3,"CPGGNGDBJNI":1,"DNMICEFCLGD":5011,"ILANMJGCBCA":100,"IIEGMAEPNCH":6051,"ADKHPOGBEPB":2,"difficultyId":28,"difficultyLevel":1,"HJLJLBAHLAD":1031,"HLBNELKMFLI":2071,"HNIKDLLKAPI":30,"PJFGDABHPAL":2,"FEDOGHPHBBE":2,"JCDCGFIPKFK":0,"HHKOIFNMJOO":2,"PHMALPCNACP":3071,"CIMBILDJMHF":2},"29":{"MJOMJAGJCEG":"1:3,2:8","HCBGNLGNINK":[],"CMBFFGDLLKI":[1,2,3,4,5],"JHCLFNIHABE":[1,15,9],"PBPDAHBIAMM":2,"MAEBANFICGF":60,"LLGEANLFHHM":6,"CPGGNGDBJNI":1,"DNMICEFCLGD":5012,"ILANMJGCBCA":100,"IIEGMAEPNCH":6052,"ADKHPOGBEPB":2,"difficultyId":29,"difficultyLevel":2,"HJLJLBAHLAD":1032,"HLBNELKMFLI":2072,"HNIKDLLKAPI":30,"PJFGDABHPAL":2,"FEDOGHPHBBE":2,"JCDCGFIPKFK":0,"HHKOIFNMJOO":6,"PHMALPCNACP":3072,"CIMBILDJMHF":2},"30":{"MJOMJAGJCEG":"1:4,2:10","HCBGNLGNINK":[],"CMBFFGDLLKI":[1,2,3,4,5],"JHCLFNIHABE":[1,15,9],"PBPDAHBIAMM":2,"MAEBANFICGF":70,"LLGEANLFHHM":8,"CPGGNGDBJNI":1,"DNMICEFCLGD":5013,"ILANMJGCBCA":160,"IIEGMAEPNCH":6053,"ADKHPOGBEPB":2,"difficultyId":30,"difficultyLevel":3,"HJLJLBAHLAD":1033,"HLBNELKMFLI":2073,"HNIKDLLKAPI":30,"PJFGDABHPAL":2,"FEDOGHPHBBE":4,"JCDCGFIPKFK":0,"HHKOIFNMJOO":10,"PHMALPCNACP":3073,"CIMBILDJMHF":2},"31":{"MJOMJAGJCEG":"1:6,2:14","HCBGNLGNINK":[3],"CMBFFGDLLKI":[1,2,3,4,5],"JHCLFNIHABE":[1,15,9],"PBPDAHBIAMM":2,"MAEBANFICGF":70,"LLGEANLFHHM":10,"CPGGNGDBJNI":1,"DNMICEFCLGD":5014,"ILANMJGCBCA":160,"IIEGMAEPNCH":6054,"ADKHPOGBEPB":3,"difficultyId":31,"difficultyLevel":4,"HJLJLBAHLAD":1034,"HLBNELKMFLI":2074,"HNIKDLLKAPI":30,"PJFGDABHPAL":2,"FEDOGHPHBBE":4,"JCDCGFIPKFK":0,"HHKOIFNMJOO":16,"PHMALPCNACP":3074,"CIMBILDJMHF":2},"32":{"MJOMJAGJCEG":"1:2,2:5","HCBGNLGNINK":[],"CMBFFGDLLKI":[1,2,3,4,5],"JHCLFNIHABE":[16,11,17],"PBPDAHBIAMM":0,"MAEBANFICGF":60,"LLGEANLFHHM":3,"CPGGNGDBJNI":1,"DNMICEFCLGD":5011,"ILANMJGCBCA":100,"IIEGMAEPNCH":6061,"ADKHPOGBEPB":2,"difficultyId":32,"difficultyLevel":1,"HJLJLBAHLAD":1031,"HLBNELKMFLI":2081,"HNIKDLLKAPI":30,"PJFGDABHPAL":2,"FEDOGHPHBBE":2,"JCDCGFIPKFK":0,"HHKOIFNMJOO":2,"PHMALPCNACP":3081,"CIMBILDJMHF":2},"33":{"MJOMJAGJCEG":"1:3,2:8","HCBGNLGNINK":[],"CMBFFGDLLKI":[1,2,3,4,5],"JHCLFNIHABE":[16,11,17],"PBPDAHBIAMM":2,"MAEBANFICGF":60,"LLGEANLFHHM":6,"CPGGNGDBJNI":1,"DNMICEFCLGD":5012,"ILANMJGCBCA":100,"IIEGMAEPNCH":6062,"ADKHPOGBEPB":2,"difficultyId":33,"difficultyLevel":2,"HJLJLBAHLAD":1032,"HLBNELKMFLI":2082,"HNIKDLLKAPI":30,"PJFGDABHPAL":2,"FEDOGHPHBBE":2,"JCDCGFIPKFK":0,"HHKOIFNMJOO":6,"PHMALPCNACP":3082,"CIMBILDJMHF":2},"34":{"MJOMJAGJCEG":"1:4,2:10","HCBGNLGNINK":[],"CMBFFGDLLKI":[1,2,3,4,5],"JHCLFNIHABE":[16,11,17],"PBPDAHBIAMM":2,"MAEBANFICGF":70,"LLGEANLFHHM":8,"CPGGNGDBJNI":1,"DNMICEFCLGD":5013,"ILANMJGCBCA":160,"IIEGMAEPNCH":6063,"ADKHPOGBEPB":2,"difficultyId":34,"difficultyLevel":3,"HJLJLBAHLAD":1033,"HLBNELKMFLI":2083,"HNIKDLLKAPI":30,"PJFGDABHPAL":2,"FEDOGHPHBBE":4,"JCDCGFIPKFK":0,"HHKOIFNMJOO":10,"PHMALPCNACP":3083,"CIMBILDJMHF":2},"35":{"MJOMJAGJCEG":"1:6,2:14","HCBGNLGNINK":[3],"CMBFFGDLLKI":[1,2,3,4,5],"JHCLFNIHABE":[16,11,17],"PBPDAHBIAMM":2,"MAEBANFICGF":70,"LLGEANLFHHM":10,"CPGGNGDBJNI":1,"DNMICEFCLGD":5014,"ILANMJGCBCA":160,"IIEGMAEPNCH":6064,"ADKHPOGBEPB":3,"difficultyId":35,"difficultyLevel":4,"HJLJLBAHLAD":1034,"HLBNELKMFLI":2084,"HNIKDLLKAPI":30,"PJFGDABHPAL":2,"FEDOGHPHBBE":4,"JCDCGFIPKFK":0,"HHKOIFNMJOO":16,"PHMALPCNACP":3084,"CIMBILDJMHF":2},"36":{"MJOMJAGJCEG":"1:2,2:5","HCBGNLGNINK":[],"CMBFFGDLLKI":[1,2,3,4,5],"JHCLFNIHABE":[6,15,10],"PBPDAHBIAMM":0,"MAEBANFICGF":60,"LLGEANLFHHM":3,"CPGGNGDBJNI":1,"DNMICEFCLGD":5011,"ILANMJGCBCA":100,"IIEGMAEPNCH":6071,"ADKHPOGBEPB":2,"difficultyId":36,"difficultyLevel":1,"HJLJLBAHLAD":1031,"HLBNELKMFLI":2091,"HNIKDLLKAPI":30,"PJFGDABHPAL":2,"FEDOGHPHBBE":2,"JCDCGFIPKFK":0,"HHKOIFNMJOO":2,"PHMALPCNACP":3091,"CIMBILDJMHF":2},"37":{"MJOMJAGJCEG":"1:3,2:8","HCBGNLGNINK":[],"CMBFFGDLLKI":[1,2,3,4,5],"JHCLFNIHABE":[6,15,10],"PBPDAHBIAMM":2,"MAEBANFICGF":60,"LLGEANLFHHM":6,"CPGGNGDBJNI":1,"DNMICEFCLGD":5012,"ILANMJGCBCA":100,"IIEGMAEPNCH":6072,"ADKHPOGBEPB":2,"difficultyId":37,"difficultyLevel":2,"HJLJLBAHLAD":1032,"HLBNELKMFLI":2092,"HNIKDLLKAPI":30,"PJFGDABHPAL":2,"FEDOGHPHBBE":2,"JCDCGFIPKFK":0,"HHKOIFNMJOO":6,"PHMALPCNACP":3092,"CIMBILDJMHF":2},"38":{"MJOMJAGJCEG":"1:4,2:10","HCBGNLGNINK":[],"CMBFFGDLLKI":[1,2,3,4,5],"JHCLFNIHABE":[6,15,10],"PBPDAHBIAMM":2,"MAEBANFICGF":70,"LLGEANLFHHM":8,"CPGGNGDBJNI":1,"DNMICEFCLGD":5013,"ILANMJGCBCA":160,"IIEGMAEPNCH":6073,"ADKHPOGBEPB":2,"difficultyId":38,"difficultyLevel":3,"HJLJLBAHLAD":1033,"HLBNELKMFLI":2093,"HNIKDLLKAPI":30,"PJFGDABHPAL":2,"FEDOGHPHBBE":4,"JCDCGFIPKFK":0,"HHKOIFNMJOO":10,"PHMALPCNACP":3093,"CIMBILDJMHF":2},"39":{"MJOMJAGJCEG":"1:6,2:14","HCBGNLGNINK":[3],"CMBFFGDLLKI":[1,2,3,4,5],"JHCLFNIHABE":[6,15,10],"PBPDAHBIAMM":2,"MAEBANFICGF":70,"LLGEANLFHHM":10,"CPGGNGDBJNI":1,"DNMICEFCLGD":5014,"ILANMJGCBCA":160,"IIEGMAEPNCH":6074,"ADKHPOGBEPB":3,"difficultyId":39,"difficultyLevel":4,"HJLJLBAHLAD":1034,"HLBNELKMFLI":2094,"HNIKDLLKAPI":30,"PJFGDABHPAL":2,"FEDOGHPHBBE":4,"JCDCGFIPKFK":0,"HHKOIFNMJOO":16,"PHMALPCNACP":3094,"CIMBILDJMHF":2},"40":{"MJOMJAGJCEG":"1:2,2:5","HCBGNLGNINK":[],"CMBFFGDLLKI":[1,2,3,4,5],"JHCLFNIHABE":[16,18,13],"PBPDAHBIAMM":0,"MAEBANFICGF":60,"LLGEANLFHHM":3,"CPGGNGDBJNI":1,"DNMICEFCLGD":5011,"ILANMJGCBCA":100,"IIEGMAEPNCH":6081,"ADKHPOGBEPB":2,"difficultyId":40,"difficultyLevel":1,"HJLJLBAHLAD":1031,"HLBNELKMFLI":2101,"HNIKDLLKAPI":30,"PJFGDABHPAL":2,"FEDOGHPHBBE":2,"JCDCGFIPKFK":0,"HHKOIFNMJOO":2,"PHMALPCNACP":3101,"CIMBILDJMHF":2},"41":{"MJOMJAGJCEG":"1:3,2:8","HCBGNLGNINK":[],"CMBFFGDLLKI":[1,2,3,4,5],"JHCLFNIHABE":[16,18,13],"PBPDAHBIAMM":2,"MAEBANFICGF":60,"LLGEANLFHHM":6,"CPGGNGDBJNI":1,"DNMICEFCLGD":5012,"ILANMJGCBCA":100,"IIEGMAEPNCH":6082,"ADKHPOGBEPB":2,"difficultyId":41,"difficultyLevel":2,"HJLJLBAHLAD":1032,"HLBNELKMFLI":2102,"HNIKDLLKAPI":30,"PJFGDABHPAL":2,"FEDOGHPHBBE":2,"JCDCGFIPKFK":0,"HHKOIFNMJOO":6,"PHMALPCNACP":3102,"CIMBILDJMHF":2},"42":{"MJOMJAGJCEG":"1:4,2:10","HCBGNLGNINK":[],"CMBFFGDLLKI":[1,2,3,4,5],"JHCLFNIHABE":[16,18,13],"PBPDAHBIAMM":2,"MAEBANFICGF":70,"LLGEANLFHHM":8,"CPGGNGDBJNI":1,"DNMICEFCLGD":5013,"ILANMJGCBCA":160,"IIEGMAEPNCH":6083,"ADKHPOGBEPB":2,"difficultyId":42,"difficultyLevel":3,"HJLJLBAHLAD":1033,"HLBNELKMFLI":2103,"HNIKDLLKAPI":30,"PJFGDABHPAL":2,"FEDOGHPHBBE":4,"JCDCGFIPKFK":0,"HHKOIFNMJOO":10,"PHMALPCNACP":3103,"CIMBILDJMHF":2},"43":{"MJOMJAGJCEG":"1:6,2:14","HCBGNLGNINK":[3],"CMBFFGDLLKI":[1,2,3,4,5],"JHCLFNIHABE":[16,18,13],"PBPDAHBIAMM":2,"MAEBANFICGF":70,"LLGEANLFHHM":10,"CPGGNGDBJNI":1,"DNMICEFCLGD":5014,"ILANMJGCBCA":160,"IIEGMAEPNCH":6084,"ADKHPOGBEPB":3,"difficultyId":43,"difficultyLevel":4,"HJLJLBAHLAD":1034,"HLBNELKMFLI":2104,"HNIKDLLKAPI":30,"PJFGDABHPAL":2,"FEDOGHPHBBE":4,"JCDCGFIPKFK":0,"HHKOIFNMJOO":16,"PHMALPCNACP":3104,"CIMBILDJMHF":2},"44":{"MJOMJAGJCEG":"1:2,2:5","HCBGNLGNINK":[],"CMBFFGDLLKI":[1,2,3,4,5],"JHCLFNIHABE":[17,7,19],"PBPDAHBIAMM":0,"MAEBANFICGF":60,"LLGEANLFHHM":3,"CPGGNGDBJNI":1,"DNMICEFCLGD":5011,"ILANMJGCBCA":100,"IIEGMAEPNCH":6091,"ADKHPOGBEPB":2,"difficultyId":44,"difficultyLevel":1,"HJLJLBAHLAD":1031,"HLBNELKMFLI":2111,"HNIKDLLKAPI":30,"PJFGDABHPAL":2,"FEDOGHPHBBE":2,"JCDCGFIPKFK":0,"HHKOIFNMJOO":2,"PHMALPCNACP":3111,"CIMBILDJMHF":2},"45":{"MJOMJAGJCEG":"1:3,2:8","HCBGNLGNINK":[],"CMBFFGDLLKI":[1,2,3,4,5],"JHCLFNIHABE":[17,7,19],"PBPDAHBIAMM":2,"MAEBANFICGF":60,"LLGEANLFHHM":6,"CPGGNGDBJNI":1,"DNMICEFCLGD":5012,"ILANMJGCBCA":100,"IIEGMAEPNCH":6092,"ADKHPOGBEPB":2,"difficultyId":45,"difficultyLevel":2,"HJLJLBAHLAD":1032,"HLBNELKMFLI":2112,"HNIKDLLKAPI":30,"PJFGDABHPAL":2,"FEDOGHPHBBE":2,"JCDCGFIPKFK":0,"HHKOIFNMJOO":6,"PHMALPCNACP":3112,"CIMBILDJMHF":2},"46":{"MJOMJAGJCEG":"1:4,2:10","HCBGNLGNINK":[],"CMBFFGDLLKI":[1,2,3,4,5],"JHCLFNIHABE":[17,7,19],"PBPDAHBIAMM":2,"MAEBANFICGF":70,"LLGEANLFHHM":8,"CPGGNGDBJNI":1,"DNMICEFCLGD":5013,"ILANMJGCBCA":160,"IIEGMAEPNCH":6093,"ADKHPOGBEPB":2,"difficultyId":46,"difficultyLevel":3,"HJLJLBAHLAD":1033,"HLBNELKMFLI":2113,"HNIKDLLKAPI":30,"PJFGDABHPAL":2,"FEDOGHPHBBE":4,"JCDCGFIPKFK":0,"HHKOIFNMJOO":10,"PHMALPCNACP":3113,"CIMBILDJMHF":2},"47":{"MJOMJAGJCEG":"1:6,2:14","HCBGNLGNINK":[3],"CMBFFGDLLKI":[1,2,3,4,5],"JHCLFNIHABE":[17,7,19],"PBPDAHBIAMM":2,"MAEBANFICGF":70,"LLGEANLFHHM":10,"CPGGNGDBJNI":1,"DNMICEFCLGD":5014,"ILANMJGCBCA":160,"IIEGMAEPNCH":6094,"ADKHPOGBEPB":3,"difficultyId":47,"difficultyLevel":4,"HJLJLBAHLAD":1034,"HLBNELKMFLI":2114,"HNIKDLLKAPI":30,"PJFGDABHPAL":2,"FEDOGHPHBBE":4,"JCDCGFIPKFK":0,"HHKOIFNMJOO":16,"PHMALPCNACP":3114,"CIMBILDJMHF":2}}