{"1":{"NFFGMDCGLDO":[],"GHIFEDNBFIM":[],"AEOPJCIDGMG":[],"CHKAJLBCLEJ":"","difficultyLevel":1,"DHLDAPDDJAH":0,"AKFHJJBLGBC":2001,"CINBBPBCPND":0,"CBIDDIECCHA":3,"PFKHAKLIFNL":1001,"JHBJOJDCCND":4,"HICIGMIDIAI":5001,"GLOOJEAPICO":0,"NMCNHIEBPMB":4001,"ABKILCLMHEF":100,"difficultyId":1,"PNPPMMPIBIH":60,"JKBKDLNIOHJ":0,"ICABNBMBDJM":0,"BKDDFMMAEGN":0,"BFJPLDLJFFB":1,"PEPNHLBHMCO":2,"MLCGLCOMEBM":3001},"2":{"NFFGMDCGLDO":[],"GHIFEDNBFIM":[],"AEOPJCIDGMG":[],"CHKAJLBCLEJ":"","difficultyLevel":2,"DHLDAPDDJAH":1,"AKFHJJBLGBC":2002,"CINBBPBCPND":0,"CBIDDIECCHA":6,"PFKHAKLIFNL":1002,"JHBJOJDCCND":8,"HICIGMIDIAI":5002,"GLOOJEAPICO":0,"NMCNHIEBPMB":4001,"ABKILCLMHEF":100,"difficultyId":2,"PNPPMMPIBIH":60,"JKBKDLNIOHJ":0,"ICABNBMBDJM":0,"BKDDFMMAEGN":0,"BFJPLDLJFFB":1,"PEPNHLBHMCO":2,"MLCGLCOMEBM":3002},"3":{"NFFGMDCGLDO":[],"GHIFEDNBFIM":[],"AEOPJCIDGMG":[],"CHKAJLBCLEJ":"","difficultyLevel":3,"DHLDAPDDJAH":1,"AKFHJJBLGBC":2003,"CINBBPBCPND":0,"CBIDDIECCHA":8,"PFKHAKLIFNL":1003,"JHBJOJDCCND":12,"HICIGMIDIAI":5003,"GLOOJEAPICO":0,"NMCNHIEBPMB":4001,"ABKILCLMHEF":100,"difficultyId":3,"PNPPMMPIBIH":70,"JKBKDLNIOHJ":0,"ICABNBMBDJM":0,"BKDDFMMAEGN":0,"BFJPLDLJFFB":1,"PEPNHLBHMCO":2,"MLCGLCOMEBM":3003},"5":{"NFFGMDCGLDO":[],"GHIFEDNBFIM":[],"AEOPJCIDGMG":[],"CHKAJLBCLEJ":"","difficultyLevel":1,"DHLDAPDDJAH":0,"AKFHJJBLGBC":2011,"CINBBPBCPND":0,"CBIDDIECCHA":3,"PFKHAKLIFNL":1011,"JHBJOJDCCND":4,"HICIGMIDIAI":5001,"GLOOJEAPICO":0,"NMCNHIEBPMB":4002,"ABKILCLMHEF":100,"difficultyId":5,"PNPPMMPIBIH":60,"JKBKDLNIOHJ":0,"ICABNBMBDJM":0,"BKDDFMMAEGN":0,"BFJPLDLJFFB":2,"PEPNHLBHMCO":2,"MLCGLCOMEBM":3011},"6":{"NFFGMDCGLDO":[],"GHIFEDNBFIM":[],"AEOPJCIDGMG":[],"CHKAJLBCLEJ":"","difficultyLevel":2,"DHLDAPDDJAH":1,"AKFHJJBLGBC":2012,"CINBBPBCPND":0,"CBIDDIECCHA":6,"PFKHAKLIFNL":1012,"JHBJOJDCCND":8,"HICIGMIDIAI":5102,"GLOOJEAPICO":0,"NMCNHIEBPMB":4002,"ABKILCLMHEF":100,"difficultyId":6,"PNPPMMPIBIH":60,"JKBKDLNIOHJ":0,"ICABNBMBDJM":0,"BKDDFMMAEGN":0,"BFJPLDLJFFB":2,"PEPNHLBHMCO":2,"MLCGLCOMEBM":3012},"7":{"NFFGMDCGLDO":[],"GHIFEDNBFIM":[],"AEOPJCIDGMG":[],"CHKAJLBCLEJ":"","difficultyLevel":3,"DHLDAPDDJAH":1,"AKFHJJBLGBC":2013,"CINBBPBCPND":0,"CBIDDIECCHA":8,"PFKHAKLIFNL":1013,"JHBJOJDCCND":12,"HICIGMIDIAI":5103,"GLOOJEAPICO":0,"NMCNHIEBPMB":4002,"ABKILCLMHEF":160,"difficultyId":7,"PNPPMMPIBIH":70,"JKBKDLNIOHJ":0,"ICABNBMBDJM":0,"BKDDFMMAEGN":0,"BFJPLDLJFFB":2,"PEPNHLBHMCO":2,"MLCGLCOMEBM":3013},"8":{"NFFGMDCGLDO":[],"GHIFEDNBFIM":[1,2,3],"AEOPJCIDGMG":[],"CHKAJLBCLEJ":"","difficultyLevel":1,"DHLDAPDDJAH":0,"AKFHJJBLGBC":2021,"CINBBPBCPND":30,"CBIDDIECCHA":3,"PFKHAKLIFNL":1021,"JHBJOJDCCND":2,"HICIGMIDIAI":5011,"GLOOJEAPICO":6001,"NMCNHIEBPMB":0,"ABKILCLMHEF":100,"difficultyId":8,"PNPPMMPIBIH":60,"JKBKDLNIOHJ":1,"ICABNBMBDJM":2,"BKDDFMMAEGN":2,"BFJPLDLJFFB":2,"PEPNHLBHMCO":2,"MLCGLCOMEBM":3021},"9":{"NFFGMDCGLDO":[],"GHIFEDNBFIM":[1,2,3],"AEOPJCIDGMG":[],"CHKAJLBCLEJ":"","difficultyLevel":2,"DHLDAPDDJAH":2,"AKFHJJBLGBC":2022,"CINBBPBCPND":30,"CBIDDIECCHA":6,"PFKHAKLIFNL":1022,"JHBJOJDCCND":6,"HICIGMIDIAI":5012,"GLOOJEAPICO":6002,"NMCNHIEBPMB":0,"ABKILCLMHEF":100,"difficultyId":9,"PNPPMMPIBIH":60,"JKBKDLNIOHJ":1,"ICABNBMBDJM":2,"BKDDFMMAEGN":2,"BFJPLDLJFFB":2,"PEPNHLBHMCO":2,"MLCGLCOMEBM":3022},"10":{"NFFGMDCGLDO":[],"GHIFEDNBFIM":[1,2,3],"AEOPJCIDGMG":[],"CHKAJLBCLEJ":"","difficultyLevel":3,"DHLDAPDDJAH":2,"AKFHJJBLGBC":2023,"CINBBPBCPND":30,"CBIDDIECCHA":8,"PFKHAKLIFNL":1023,"JHBJOJDCCND":10,"HICIGMIDIAI":5013,"GLOOJEAPICO":6003,"NMCNHIEBPMB":0,"ABKILCLMHEF":160,"difficultyId":10,"PNPPMMPIBIH":70,"JKBKDLNIOHJ":1,"ICABNBMBDJM":2,"BKDDFMMAEGN":4,"BFJPLDLJFFB":2,"PEPNHLBHMCO":2,"MLCGLCOMEBM":3023},"11":{"NFFGMDCGLDO":[],"GHIFEDNBFIM":[1,2,3],"AEOPJCIDGMG":[3],"CHKAJLBCLEJ":"","difficultyLevel":4,"DHLDAPDDJAH":2,"AKFHJJBLGBC":2024,"CINBBPBCPND":30,"CBIDDIECCHA":10,"PFKHAKLIFNL":1024,"JHBJOJDCCND":16,"HICIGMIDIAI":5014,"GLOOJEAPICO":6004,"NMCNHIEBPMB":0,"ABKILCLMHEF":160,"difficultyId":11,"PNPPMMPIBIH":70,"JKBKDLNIOHJ":1,"ICABNBMBDJM":2,"BKDDFMMAEGN":4,"BFJPLDLJFFB":2,"PEPNHLBHMCO":3,"MLCGLCOMEBM":3024},"12":{"NFFGMDCGLDO":[],"GHIFEDNBFIM":[4,5,6],"AEOPJCIDGMG":[],"CHKAJLBCLEJ":"","difficultyLevel":1,"DHLDAPDDJAH":0,"AKFHJJBLGBC":2031,"CINBBPBCPND":30,"CBIDDIECCHA":3,"PFKHAKLIFNL":1021,"JHBJOJDCCND":2,"HICIGMIDIAI":5011,"GLOOJEAPICO":6011,"NMCNHIEBPMB":0,"ABKILCLMHEF":100,"difficultyId":12,"PNPPMMPIBIH":60,"JKBKDLNIOHJ":1,"ICABNBMBDJM":2,"BKDDFMMAEGN":2,"BFJPLDLJFFB":2,"PEPNHLBHMCO":2,"MLCGLCOMEBM":3031},"13":{"NFFGMDCGLDO":[],"GHIFEDNBFIM":[4,5,6],"AEOPJCIDGMG":[],"CHKAJLBCLEJ":"","difficultyLevel":2,"DHLDAPDDJAH":2,"AKFHJJBLGBC":2032,"CINBBPBCPND":30,"CBIDDIECCHA":6,"PFKHAKLIFNL":1022,"JHBJOJDCCND":6,"HICIGMIDIAI":5012,"GLOOJEAPICO":6012,"NMCNHIEBPMB":0,"ABKILCLMHEF":100,"difficultyId":13,"PNPPMMPIBIH":60,"JKBKDLNIOHJ":1,"ICABNBMBDJM":2,"BKDDFMMAEGN":2,"BFJPLDLJFFB":2,"PEPNHLBHMCO":2,"MLCGLCOMEBM":3032},"14":{"NFFGMDCGLDO":[],"GHIFEDNBFIM":[4,5,6],"AEOPJCIDGMG":[],"CHKAJLBCLEJ":"","difficultyLevel":3,"DHLDAPDDJAH":2,"AKFHJJBLGBC":2033,"CINBBPBCPND":30,"CBIDDIECCHA":8,"PFKHAKLIFNL":1023,"JHBJOJDCCND":10,"HICIGMIDIAI":5013,"GLOOJEAPICO":6013,"NMCNHIEBPMB":0,"ABKILCLMHEF":160,"difficultyId":14,"PNPPMMPIBIH":70,"JKBKDLNIOHJ":1,"ICABNBMBDJM":2,"BKDDFMMAEGN":4,"BFJPLDLJFFB":2,"PEPNHLBHMCO":2,"MLCGLCOMEBM":3033},"15":{"NFFGMDCGLDO":[],"GHIFEDNBFIM":[4,5,6],"AEOPJCIDGMG":[3],"CHKAJLBCLEJ":"","difficultyLevel":4,"DHLDAPDDJAH":2,"AKFHJJBLGBC":2034,"CINBBPBCPND":30,"CBIDDIECCHA":10,"PFKHAKLIFNL":1024,"JHBJOJDCCND":16,"HICIGMIDIAI":5014,"GLOOJEAPICO":6014,"NMCNHIEBPMB":0,"ABKILCLMHEF":160,"difficultyId":15,"PNPPMMPIBIH":70,"JKBKDLNIOHJ":1,"ICABNBMBDJM":2,"BKDDFMMAEGN":4,"BFJPLDLJFFB":2,"PEPNHLBHMCO":3,"MLCGLCOMEBM":3034},"16":{"NFFGMDCGLDO":[1,2,3,4,5],"GHIFEDNBFIM":[3,8,7],"AEOPJCIDGMG":[],"CHKAJLBCLEJ":"1:2,2:5","difficultyLevel":1,"DHLDAPDDJAH":0,"AKFHJJBLGBC":2041,"CINBBPBCPND":30,"CBIDDIECCHA":3,"PFKHAKLIFNL":1031,"JHBJOJDCCND":2,"HICIGMIDIAI":5011,"GLOOJEAPICO":6021,"NMCNHIEBPMB":0,"ABKILCLMHEF":100,"difficultyId":16,"PNPPMMPIBIH":60,"JKBKDLNIOHJ":1,"ICABNBMBDJM":2,"BKDDFMMAEGN":2,"BFJPLDLJFFB":2,"PEPNHLBHMCO":2,"MLCGLCOMEBM":3041},"17":{"NFFGMDCGLDO":[1,2,3,4,5],"GHIFEDNBFIM":[3,8,7],"AEOPJCIDGMG":[],"CHKAJLBCLEJ":"1:3,2:8","difficultyLevel":2,"DHLDAPDDJAH":2,"AKFHJJBLGBC":2042,"CINBBPBCPND":30,"CBIDDIECCHA":6,"PFKHAKLIFNL":1032,"JHBJOJDCCND":6,"HICIGMIDIAI":5012,"GLOOJEAPICO":6022,"NMCNHIEBPMB":0,"ABKILCLMHEF":100,"difficultyId":17,"PNPPMMPIBIH":60,"JKBKDLNIOHJ":1,"ICABNBMBDJM":2,"BKDDFMMAEGN":2,"BFJPLDLJFFB":2,"PEPNHLBHMCO":2,"MLCGLCOMEBM":3042},"18":{"NFFGMDCGLDO":[1,2,3,4,5],"GHIFEDNBFIM":[3,8,7],"AEOPJCIDGMG":[],"CHKAJLBCLEJ":"1:4,2:10","difficultyLevel":3,"DHLDAPDDJAH":2,"AKFHJJBLGBC":2043,"CINBBPBCPND":30,"CBIDDIECCHA":8,"PFKHAKLIFNL":1033,"JHBJOJDCCND":10,"HICIGMIDIAI":5013,"GLOOJEAPICO":6023,"NMCNHIEBPMB":0,"ABKILCLMHEF":160,"difficultyId":18,"PNPPMMPIBIH":70,"JKBKDLNIOHJ":1,"ICABNBMBDJM":2,"BKDDFMMAEGN":4,"BFJPLDLJFFB":2,"PEPNHLBHMCO":2,"MLCGLCOMEBM":3043},"19":{"NFFGMDCGLDO":[1,2,3,4,5],"GHIFEDNBFIM":[3,8,7],"AEOPJCIDGMG":[3],"CHKAJLBCLEJ":"1:6,2:14","difficultyLevel":4,"DHLDAPDDJAH":2,"AKFHJJBLGBC":2044,"CINBBPBCPND":30,"CBIDDIECCHA":10,"PFKHAKLIFNL":1034,"JHBJOJDCCND":16,"HICIGMIDIAI":5014,"GLOOJEAPICO":6024,"NMCNHIEBPMB":0,"ABKILCLMHEF":160,"difficultyId":19,"PNPPMMPIBIH":70,"JKBKDLNIOHJ":1,"ICABNBMBDJM":2,"BKDDFMMAEGN":4,"BFJPLDLJFFB":2,"PEPNHLBHMCO":3,"MLCGLCOMEBM":3044},"20":{"NFFGMDCGLDO":[1,2,3,4,5],"GHIFEDNBFIM":[9,10,11],"AEOPJCIDGMG":[],"CHKAJLBCLEJ":"1:2,2:5","difficultyLevel":1,"DHLDAPDDJAH":0,"AKFHJJBLGBC":2051,"CINBBPBCPND":30,"CBIDDIECCHA":3,"PFKHAKLIFNL":1031,"JHBJOJDCCND":2,"HICIGMIDIAI":5011,"GLOOJEAPICO":6041,"NMCNHIEBPMB":0,"ABKILCLMHEF":100,"difficultyId":20,"PNPPMMPIBIH":60,"JKBKDLNIOHJ":1,"ICABNBMBDJM":2,"BKDDFMMAEGN":2,"BFJPLDLJFFB":2,"PEPNHLBHMCO":2,"MLCGLCOMEBM":3051},"21":{"NFFGMDCGLDO":[1,2,3,4,5],"GHIFEDNBFIM":[9,10,11],"AEOPJCIDGMG":[],"CHKAJLBCLEJ":"1:3,2:8","difficultyLevel":2,"DHLDAPDDJAH":2,"AKFHJJBLGBC":2052,"CINBBPBCPND":30,"CBIDDIECCHA":6,"PFKHAKLIFNL":1032,"JHBJOJDCCND":6,"HICIGMIDIAI":5012,"GLOOJEAPICO":6042,"NMCNHIEBPMB":0,"ABKILCLMHEF":100,"difficultyId":21,"PNPPMMPIBIH":60,"JKBKDLNIOHJ":1,"ICABNBMBDJM":2,"BKDDFMMAEGN":2,"BFJPLDLJFFB":2,"PEPNHLBHMCO":2,"MLCGLCOMEBM":3052},"22":{"NFFGMDCGLDO":[1,2,3,4,5],"GHIFEDNBFIM":[9,10,11],"AEOPJCIDGMG":[],"CHKAJLBCLEJ":"1:4,2:10","difficultyLevel":3,"DHLDAPDDJAH":2,"AKFHJJBLGBC":2053,"CINBBPBCPND":30,"CBIDDIECCHA":8,"PFKHAKLIFNL":1033,"JHBJOJDCCND":10,"HICIGMIDIAI":5013,"GLOOJEAPICO":6043,"NMCNHIEBPMB":0,"ABKILCLMHEF":160,"difficultyId":22,"PNPPMMPIBIH":70,"JKBKDLNIOHJ":1,"ICABNBMBDJM":2,"BKDDFMMAEGN":4,"BFJPLDLJFFB":2,"PEPNHLBHMCO":2,"MLCGLCOMEBM":3053},"23":{"NFFGMDCGLDO":[1,2,3,4,5],"GHIFEDNBFIM":[9,10,11],"AEOPJCIDGMG":[3],"CHKAJLBCLEJ":"1:6,2:14","difficultyLevel":4,"DHLDAPDDJAH":2,"AKFHJJBLGBC":2054,"CINBBPBCPND":30,"CBIDDIECCHA":10,"PFKHAKLIFNL":1034,"JHBJOJDCCND":16,"HICIGMIDIAI":5014,"GLOOJEAPICO":6044,"NMCNHIEBPMB":0,"ABKILCLMHEF":160,"difficultyId":23,"PNPPMMPIBIH":70,"JKBKDLNIOHJ":1,"ICABNBMBDJM":2,"BKDDFMMAEGN":4,"BFJPLDLJFFB":2,"PEPNHLBHMCO":3,"MLCGLCOMEBM":3054},"24":{"NFFGMDCGLDO":[1,2,3,4,5],"GHIFEDNBFIM":[12,13,14],"AEOPJCIDGMG":[],"CHKAJLBCLEJ":"1:2,2:5","difficultyLevel":1,"DHLDAPDDJAH":0,"AKFHJJBLGBC":2061,"CINBBPBCPND":30,"CBIDDIECCHA":3,"PFKHAKLIFNL":1031,"JHBJOJDCCND":2,"HICIGMIDIAI":5011,"GLOOJEAPICO":6031,"NMCNHIEBPMB":0,"ABKILCLMHEF":100,"difficultyId":24,"PNPPMMPIBIH":60,"JKBKDLNIOHJ":1,"ICABNBMBDJM":2,"BKDDFMMAEGN":2,"BFJPLDLJFFB":2,"PEPNHLBHMCO":2,"MLCGLCOMEBM":3061},"25":{"NFFGMDCGLDO":[1,2,3,4,5],"GHIFEDNBFIM":[12,13,14],"AEOPJCIDGMG":[],"CHKAJLBCLEJ":"1:3,2:8","difficultyLevel":2,"DHLDAPDDJAH":2,"AKFHJJBLGBC":2062,"CINBBPBCPND":30,"CBIDDIECCHA":6,"PFKHAKLIFNL":1032,"JHBJOJDCCND":6,"HICIGMIDIAI":5012,"GLOOJEAPICO":6032,"NMCNHIEBPMB":0,"ABKILCLMHEF":100,"difficultyId":25,"PNPPMMPIBIH":60,"JKBKDLNIOHJ":1,"ICABNBMBDJM":2,"BKDDFMMAEGN":2,"BFJPLDLJFFB":2,"PEPNHLBHMCO":2,"MLCGLCOMEBM":3062},"26":{"NFFGMDCGLDO":[1,2,3,4,5],"GHIFEDNBFIM":[12,13,14],"AEOPJCIDGMG":[],"CHKAJLBCLEJ":"1:4,2:10","difficultyLevel":3,"DHLDAPDDJAH":2,"AKFHJJBLGBC":2063,"CINBBPBCPND":30,"CBIDDIECCHA":8,"PFKHAKLIFNL":1033,"JHBJOJDCCND":10,"HICIGMIDIAI":5013,"GLOOJEAPICO":6033,"NMCNHIEBPMB":0,"ABKILCLMHEF":160,"difficultyId":26,"PNPPMMPIBIH":70,"JKBKDLNIOHJ":1,"ICABNBMBDJM":2,"BKDDFMMAEGN":4,"BFJPLDLJFFB":2,"PEPNHLBHMCO":2,"MLCGLCOMEBM":3063},"27":{"NFFGMDCGLDO":[1,2,3,4,5],"GHIFEDNBFIM":[12,13,14],"AEOPJCIDGMG":[3],"CHKAJLBCLEJ":"1:6,2:14","difficultyLevel":4,"DHLDAPDDJAH":2,"AKFHJJBLGBC":2064,"CINBBPBCPND":30,"CBIDDIECCHA":10,"PFKHAKLIFNL":1034,"JHBJOJDCCND":16,"HICIGMIDIAI":5014,"GLOOJEAPICO":6034,"NMCNHIEBPMB":0,"ABKILCLMHEF":160,"difficultyId":27,"PNPPMMPIBIH":70,"JKBKDLNIOHJ":1,"ICABNBMBDJM":2,"BKDDFMMAEGN":4,"BFJPLDLJFFB":2,"PEPNHLBHMCO":3,"MLCGLCOMEBM":3064},"28":{"NFFGMDCGLDO":[1,2,3,4,5],"GHIFEDNBFIM":[1,15,9],"AEOPJCIDGMG":[],"CHKAJLBCLEJ":"1:2,2:5","difficultyLevel":1,"DHLDAPDDJAH":0,"AKFHJJBLGBC":2071,"CINBBPBCPND":30,"CBIDDIECCHA":3,"PFKHAKLIFNL":1031,"JHBJOJDCCND":2,"HICIGMIDIAI":5011,"GLOOJEAPICO":6051,"NMCNHIEBPMB":0,"ABKILCLMHEF":100,"difficultyId":28,"PNPPMMPIBIH":60,"JKBKDLNIOHJ":1,"ICABNBMBDJM":2,"BKDDFMMAEGN":2,"BFJPLDLJFFB":2,"PEPNHLBHMCO":2,"MLCGLCOMEBM":3071},"29":{"NFFGMDCGLDO":[1,2,3,4,5],"GHIFEDNBFIM":[1,15,9],"AEOPJCIDGMG":[],"CHKAJLBCLEJ":"1:3,2:8","difficultyLevel":2,"DHLDAPDDJAH":2,"AKFHJJBLGBC":2072,"CINBBPBCPND":30,"CBIDDIECCHA":6,"PFKHAKLIFNL":1032,"JHBJOJDCCND":6,"HICIGMIDIAI":5012,"GLOOJEAPICO":6052,"NMCNHIEBPMB":0,"ABKILCLMHEF":100,"difficultyId":29,"PNPPMMPIBIH":60,"JKBKDLNIOHJ":1,"ICABNBMBDJM":2,"BKDDFMMAEGN":2,"BFJPLDLJFFB":2,"PEPNHLBHMCO":2,"MLCGLCOMEBM":3072},"30":{"NFFGMDCGLDO":[1,2,3,4,5],"GHIFEDNBFIM":[1,15,9],"AEOPJCIDGMG":[],"CHKAJLBCLEJ":"1:4,2:10","difficultyLevel":3,"DHLDAPDDJAH":2,"AKFHJJBLGBC":2073,"CINBBPBCPND":30,"CBIDDIECCHA":8,"PFKHAKLIFNL":1033,"JHBJOJDCCND":10,"HICIGMIDIAI":5013,"GLOOJEAPICO":6053,"NMCNHIEBPMB":0,"ABKILCLMHEF":160,"difficultyId":30,"PNPPMMPIBIH":70,"JKBKDLNIOHJ":1,"ICABNBMBDJM":2,"BKDDFMMAEGN":4,"BFJPLDLJFFB":2,"PEPNHLBHMCO":2,"MLCGLCOMEBM":3073},"31":{"NFFGMDCGLDO":[1,2,3,4,5],"GHIFEDNBFIM":[1,15,9],"AEOPJCIDGMG":[3],"CHKAJLBCLEJ":"1:6,2:14","difficultyLevel":4,"DHLDAPDDJAH":2,"AKFHJJBLGBC":2074,"CINBBPBCPND":30,"CBIDDIECCHA":10,"PFKHAKLIFNL":1034,"JHBJOJDCCND":16,"HICIGMIDIAI":5014,"GLOOJEAPICO":6054,"NMCNHIEBPMB":0,"ABKILCLMHEF":160,"difficultyId":31,"PNPPMMPIBIH":70,"JKBKDLNIOHJ":1,"ICABNBMBDJM":2,"BKDDFMMAEGN":4,"BFJPLDLJFFB":2,"PEPNHLBHMCO":3,"MLCGLCOMEBM":3074},"32":{"NFFGMDCGLDO":[1,2,3,4,5],"GHIFEDNBFIM":[16,11,17],"AEOPJCIDGMG":[],"CHKAJLBCLEJ":"1:2,2:5","difficultyLevel":1,"DHLDAPDDJAH":0,"AKFHJJBLGBC":2081,"CINBBPBCPND":30,"CBIDDIECCHA":3,"PFKHAKLIFNL":1031,"JHBJOJDCCND":2,"HICIGMIDIAI":5011,"GLOOJEAPICO":6061,"NMCNHIEBPMB":0,"ABKILCLMHEF":100,"difficultyId":32,"PNPPMMPIBIH":60,"JKBKDLNIOHJ":1,"ICABNBMBDJM":2,"BKDDFMMAEGN":2,"BFJPLDLJFFB":2,"PEPNHLBHMCO":2,"MLCGLCOMEBM":3081},"33":{"NFFGMDCGLDO":[1,2,3,4,5],"GHIFEDNBFIM":[16,11,17],"AEOPJCIDGMG":[],"CHKAJLBCLEJ":"1:3,2:8","difficultyLevel":2,"DHLDAPDDJAH":2,"AKFHJJBLGBC":2082,"CINBBPBCPND":30,"CBIDDIECCHA":6,"PFKHAKLIFNL":1032,"JHBJOJDCCND":6,"HICIGMIDIAI":5012,"GLOOJEAPICO":6062,"NMCNHIEBPMB":0,"ABKILCLMHEF":100,"difficultyId":33,"PNPPMMPIBIH":60,"JKBKDLNIOHJ":1,"ICABNBMBDJM":2,"BKDDFMMAEGN":2,"BFJPLDLJFFB":2,"PEPNHLBHMCO":2,"MLCGLCOMEBM":3082},"34":{"NFFGMDCGLDO":[1,2,3,4,5],"GHIFEDNBFIM":[16,11,17],"AEOPJCIDGMG":[],"CHKAJLBCLEJ":"1:4,2:10","difficultyLevel":3,"DHLDAPDDJAH":2,"AKFHJJBLGBC":2083,"CINBBPBCPND":30,"CBIDDIECCHA":8,"PFKHAKLIFNL":1033,"JHBJOJDCCND":10,"HICIGMIDIAI":5013,"GLOOJEAPICO":6063,"NMCNHIEBPMB":0,"ABKILCLMHEF":160,"difficultyId":34,"PNPPMMPIBIH":70,"JKBKDLNIOHJ":1,"ICABNBMBDJM":2,"BKDDFMMAEGN":4,"BFJPLDLJFFB":2,"PEPNHLBHMCO":2,"MLCGLCOMEBM":3083},"35":{"NFFGMDCGLDO":[1,2,3,4,5],"GHIFEDNBFIM":[16,11,17],"AEOPJCIDGMG":[3],"CHKAJLBCLEJ":"1:6,2:14","difficultyLevel":4,"DHLDAPDDJAH":2,"AKFHJJBLGBC":2084,"CINBBPBCPND":30,"CBIDDIECCHA":10,"PFKHAKLIFNL":1034,"JHBJOJDCCND":16,"HICIGMIDIAI":5014,"GLOOJEAPICO":6064,"NMCNHIEBPMB":0,"ABKILCLMHEF":160,"difficultyId":35,"PNPPMMPIBIH":70,"JKBKDLNIOHJ":1,"ICABNBMBDJM":2,"BKDDFMMAEGN":4,"BFJPLDLJFFB":2,"PEPNHLBHMCO":3,"MLCGLCOMEBM":3084},"36":{"NFFGMDCGLDO":[1,2,3,4,5],"GHIFEDNBFIM":[6,15,10],"AEOPJCIDGMG":[],"CHKAJLBCLEJ":"1:2,2:5","difficultyLevel":1,"DHLDAPDDJAH":0,"AKFHJJBLGBC":2091,"CINBBPBCPND":30,"CBIDDIECCHA":3,"PFKHAKLIFNL":1031,"JHBJOJDCCND":2,"HICIGMIDIAI":5011,"GLOOJEAPICO":6071,"NMCNHIEBPMB":0,"ABKILCLMHEF":100,"difficultyId":36,"PNPPMMPIBIH":60,"JKBKDLNIOHJ":1,"ICABNBMBDJM":2,"BKDDFMMAEGN":2,"BFJPLDLJFFB":2,"PEPNHLBHMCO":2,"MLCGLCOMEBM":3091},"37":{"NFFGMDCGLDO":[1,2,3,4,5],"GHIFEDNBFIM":[6,15,10],"AEOPJCIDGMG":[],"CHKAJLBCLEJ":"1:3,2:8","difficultyLevel":2,"DHLDAPDDJAH":2,"AKFHJJBLGBC":2092,"CINBBPBCPND":30,"CBIDDIECCHA":6,"PFKHAKLIFNL":1032,"JHBJOJDCCND":6,"HICIGMIDIAI":5012,"GLOOJEAPICO":6072,"NMCNHIEBPMB":0,"ABKILCLMHEF":100,"difficultyId":37,"PNPPMMPIBIH":60,"JKBKDLNIOHJ":1,"ICABNBMBDJM":2,"BKDDFMMAEGN":2,"BFJPLDLJFFB":2,"PEPNHLBHMCO":2,"MLCGLCOMEBM":3092},"38":{"NFFGMDCGLDO":[1,2,3,4,5],"GHIFEDNBFIM":[6,15,10],"AEOPJCIDGMG":[],"CHKAJLBCLEJ":"1:4,2:10","difficultyLevel":3,"DHLDAPDDJAH":2,"AKFHJJBLGBC":2093,"CINBBPBCPND":30,"CBIDDIECCHA":8,"PFKHAKLIFNL":1033,"JHBJOJDCCND":10,"HICIGMIDIAI":5013,"GLOOJEAPICO":6073,"NMCNHIEBPMB":0,"ABKILCLMHEF":160,"difficultyId":38,"PNPPMMPIBIH":70,"JKBKDLNIOHJ":1,"ICABNBMBDJM":2,"BKDDFMMAEGN":4,"BFJPLDLJFFB":2,"PEPNHLBHMCO":2,"MLCGLCOMEBM":3093},"39":{"NFFGMDCGLDO":[1,2,3,4,5],"GHIFEDNBFIM":[6,15,10],"AEOPJCIDGMG":[3],"CHKAJLBCLEJ":"1:6,2:14","difficultyLevel":4,"DHLDAPDDJAH":2,"AKFHJJBLGBC":2094,"CINBBPBCPND":30,"CBIDDIECCHA":10,"PFKHAKLIFNL":1034,"JHBJOJDCCND":16,"HICIGMIDIAI":5014,"GLOOJEAPICO":6074,"NMCNHIEBPMB":0,"ABKILCLMHEF":160,"difficultyId":39,"PNPPMMPIBIH":70,"JKBKDLNIOHJ":1,"ICABNBMBDJM":2,"BKDDFMMAEGN":4,"BFJPLDLJFFB":2,"PEPNHLBHMCO":3,"MLCGLCOMEBM":3094},"40":{"NFFGMDCGLDO":[1,2,3,4,5],"GHIFEDNBFIM":[16,18,13],"AEOPJCIDGMG":[],"CHKAJLBCLEJ":"1:2,2:5","difficultyLevel":1,"DHLDAPDDJAH":0,"AKFHJJBLGBC":2101,"CINBBPBCPND":30,"CBIDDIECCHA":3,"PFKHAKLIFNL":1031,"JHBJOJDCCND":2,"HICIGMIDIAI":5011,"GLOOJEAPICO":6081,"NMCNHIEBPMB":0,"ABKILCLMHEF":100,"difficultyId":40,"PNPPMMPIBIH":60,"JKBKDLNIOHJ":1,"ICABNBMBDJM":2,"BKDDFMMAEGN":2,"BFJPLDLJFFB":2,"PEPNHLBHMCO":2,"MLCGLCOMEBM":3101},"41":{"NFFGMDCGLDO":[1,2,3,4,5],"GHIFEDNBFIM":[16,18,13],"AEOPJCIDGMG":[],"CHKAJLBCLEJ":"1:3,2:8","difficultyLevel":2,"DHLDAPDDJAH":2,"AKFHJJBLGBC":2102,"CINBBPBCPND":30,"CBIDDIECCHA":6,"PFKHAKLIFNL":1032,"JHBJOJDCCND":6,"HICIGMIDIAI":5012,"GLOOJEAPICO":6082,"NMCNHIEBPMB":0,"ABKILCLMHEF":100,"difficultyId":41,"PNPPMMPIBIH":60,"JKBKDLNIOHJ":1,"ICABNBMBDJM":2,"BKDDFMMAEGN":2,"BFJPLDLJFFB":2,"PEPNHLBHMCO":2,"MLCGLCOMEBM":3102},"42":{"NFFGMDCGLDO":[1,2,3,4,5],"GHIFEDNBFIM":[16,18,13],"AEOPJCIDGMG":[],"CHKAJLBCLEJ":"1:4,2:10","difficultyLevel":3,"DHLDAPDDJAH":2,"AKFHJJBLGBC":2103,"CINBBPBCPND":30,"CBIDDIECCHA":8,"PFKHAKLIFNL":1033,"JHBJOJDCCND":10,"HICIGMIDIAI":5013,"GLOOJEAPICO":6083,"NMCNHIEBPMB":0,"ABKILCLMHEF":160,"difficultyId":42,"PNPPMMPIBIH":70,"JKBKDLNIOHJ":1,"ICABNBMBDJM":2,"BKDDFMMAEGN":4,"BFJPLDLJFFB":2,"PEPNHLBHMCO":2,"MLCGLCOMEBM":3103},"43":{"NFFGMDCGLDO":[1,2,3,4,5],"GHIFEDNBFIM":[16,18,13],"AEOPJCIDGMG":[3],"CHKAJLBCLEJ":"1:6,2:14","difficultyLevel":4,"DHLDAPDDJAH":2,"AKFHJJBLGBC":2104,"CINBBPBCPND":30,"CBIDDIECCHA":10,"PFKHAKLIFNL":1034,"JHBJOJDCCND":16,"HICIGMIDIAI":5014,"GLOOJEAPICO":6084,"NMCNHIEBPMB":0,"ABKILCLMHEF":160,"difficultyId":43,"PNPPMMPIBIH":70,"JKBKDLNIOHJ":1,"ICABNBMBDJM":2,"BKDDFMMAEGN":4,"BFJPLDLJFFB":2,"PEPNHLBHMCO":3,"MLCGLCOMEBM":3104}}