[{"difficultyId":1,"difficultyLevel":1,"LGIMDIPJOLP":4,"BNPFCAOBOPH":3,"KOCLDDKHLJC":100,"EJDFOJCNEPD":60,"AKIECLDCMGI":1001,"FGBGGCCBAOH":2001,"FAIGLKABBLO":3001,"LONBCOFNCAI":5001,"BDJKNGDGCIG":4001,"GHLMMDKFBJL":1,"MJOOOLDINKI":[],"MKPMNBLMAGF":2,"BEJKAJOGIJN":[]},{"difficultyId":2,"difficultyLevel":2,"LGIMDIPJOLP":8,"BNPFCAOBOPH":6,"GKAKACEELAH":1,"KOCLDDKHLJC":100,"EJDFOJCNEPD":60,"AKIECLDCMGI":1002,"FGBGGCCBAOH":2002,"FAIGLKABBLO":3002,"LONBCOFNCAI":5002,"BDJKNGDGCIG":4001,"GHLMMDKFBJL":1,"MJOOOLDINKI":[],"MKPMNBLMAGF":2,"BEJKAJOGIJN":[]},{"difficultyId":3,"difficultyLevel":3,"LGIMDIPJOLP":12,"BNPFCAOBOPH":8,"GKAKACEELAH":1,"KOCLDDKHLJC":100,"EJDFOJCNEPD":70,"AKIECLDCMGI":1003,"FGBGGCCBAOH":2003,"FAIGLKABBLO":3003,"LONBCOFNCAI":5003,"BDJKNGDGCIG":4001,"GHLMMDKFBJL":1,"MJOOOLDINKI":[],"MKPMNBLMAGF":2,"BEJKAJOGIJN":[]},{"difficultyId":5,"difficultyLevel":1,"LGIMDIPJOLP":4,"BNPFCAOBOPH":3,"KOCLDDKHLJC":100,"EJDFOJCNEPD":60,"AKIECLDCMGI":1011,"FGBGGCCBAOH":2011,"FAIGLKABBLO":3011,"LONBCOFNCAI":5001,"BDJKNGDGCIG":4002,"GHLMMDKFBJL":2,"MJOOOLDINKI":[],"MKPMNBLMAGF":2,"BEJKAJOGIJN":[]},{"difficultyId":6,"difficultyLevel":2,"LGIMDIPJOLP":8,"BNPFCAOBOPH":6,"GKAKACEELAH":1,"KOCLDDKHLJC":100,"EJDFOJCNEPD":60,"AKIECLDCMGI":1012,"FGBGGCCBAOH":2012,"FAIGLKABBLO":3012,"LONBCOFNCAI":5102,"BDJKNGDGCIG":4002,"GHLMMDKFBJL":2,"MJOOOLDINKI":[],"MKPMNBLMAGF":2,"BEJKAJOGIJN":[]},{"difficultyId":7,"difficultyLevel":3,"LGIMDIPJOLP":12,"BNPFCAOBOPH":8,"GKAKACEELAH":1,"KOCLDDKHLJC":160,"EJDFOJCNEPD":70,"AKIECLDCMGI":1013,"FGBGGCCBAOH":2013,"FAIGLKABBLO":3013,"LONBCOFNCAI":5103,"BDJKNGDGCIG":4002,"GHLMMDKFBJL":2,"MJOOOLDINKI":[],"MKPMNBLMAGF":2,"BEJKAJOGIJN":[]},{"difficultyId":8,"difficultyLevel":1,"LGIMDIPJOLP":2,"PJKFMPJIBJF":2,"CFJFGLMAJGD":30,"PEJFBAHMGJJ":2,"BNPFCAOBOPH":3,"KOCLDDKHLJC":100,"EJDFOJCNEPD":60,"AKIECLDCMGI":1021,"FGBGGCCBAOH":2021,"FAIGLKABBLO":3021,"LONBCOFNCAI":5011,"HOPLGOIEPIO":6001,"GHLMMDKFBJL":2,"MJOOOLDINKI":[],"MKPMNBLMAGF":2,"BEJKAJOGIJN":[1,2,3],"LABHEEHMHLA":1},{"difficultyId":9,"difficultyLevel":2,"LGIMDIPJOLP":6,"PJKFMPJIBJF":2,"CFJFGLMAJGD":30,"PEJFBAHMGJJ":2,"BNPFCAOBOPH":6,"GKAKACEELAH":2,"KOCLDDKHLJC":100,"EJDFOJCNEPD":60,"AKIECLDCMGI":1022,"FGBGGCCBAOH":2022,"FAIGLKABBLO":3022,"LONBCOFNCAI":5012,"HOPLGOIEPIO":6002,"GHLMMDKFBJL":2,"MJOOOLDINKI":[],"MKPMNBLMAGF":2,"BEJKAJOGIJN":[1,2,3],"LABHEEHMHLA":1},{"difficultyId":10,"difficultyLevel":3,"LGIMDIPJOLP":10,"PJKFMPJIBJF":4,"CFJFGLMAJGD":30,"PEJFBAHMGJJ":2,"BNPFCAOBOPH":8,"GKAKACEELAH":2,"KOCLDDKHLJC":160,"EJDFOJCNEPD":70,"AKIECLDCMGI":1023,"FGBGGCCBAOH":2023,"FAIGLKABBLO":3023,"LONBCOFNCAI":5013,"HOPLGOIEPIO":6003,"GHLMMDKFBJL":2,"MJOOOLDINKI":[],"MKPMNBLMAGF":2,"BEJKAJOGIJN":[1,2,3],"LABHEEHMHLA":1},{"difficultyId":11,"difficultyLevel":4,"LGIMDIPJOLP":16,"PJKFMPJIBJF":4,"CFJFGLMAJGD":30,"PEJFBAHMGJJ":2,"BNPFCAOBOPH":10,"GKAKACEELAH":2,"KOCLDDKHLJC":160,"EJDFOJCNEPD":70,"AKIECLDCMGI":1024,"FGBGGCCBAOH":2024,"FAIGLKABBLO":3024,"LONBCOFNCAI":5014,"HOPLGOIEPIO":6004,"GHLMMDKFBJL":2,"MJOOOLDINKI":[3],"MKPMNBLMAGF":3,"BEJKAJOGIJN":[1,2,3],"LABHEEHMHLA":1},{"difficultyId":12,"difficultyLevel":1,"LGIMDIPJOLP":2,"PJKFMPJIBJF":2,"CFJFGLMAJGD":30,"PEJFBAHMGJJ":2,"BNPFCAOBOPH":3,"KOCLDDKHLJC":100,"EJDFOJCNEPD":60,"AKIECLDCMGI":1021,"FGBGGCCBAOH":2031,"FAIGLKABBLO":3031,"LONBCOFNCAI":5011,"HOPLGOIEPIO":6011,"GHLMMDKFBJL":2,"MJOOOLDINKI":[],"MKPMNBLMAGF":2,"BEJKAJOGIJN":[4,5,6],"LABHEEHMHLA":1},{"difficultyId":13,"difficultyLevel":2,"LGIMDIPJOLP":6,"PJKFMPJIBJF":2,"CFJFGLMAJGD":30,"PEJFBAHMGJJ":2,"BNPFCAOBOPH":6,"GKAKACEELAH":2,"KOCLDDKHLJC":100,"EJDFOJCNEPD":60,"AKIECLDCMGI":1022,"FGBGGCCBAOH":2032,"FAIGLKABBLO":3032,"LONBCOFNCAI":5012,"HOPLGOIEPIO":6012,"GHLMMDKFBJL":2,"MJOOOLDINKI":[],"MKPMNBLMAGF":2,"BEJKAJOGIJN":[4,5,6],"LABHEEHMHLA":1},{"difficultyId":14,"difficultyLevel":3,"LGIMDIPJOLP":10,"PJKFMPJIBJF":4,"CFJFGLMAJGD":30,"PEJFBAHMGJJ":2,"BNPFCAOBOPH":8,"GKAKACEELAH":2,"KOCLDDKHLJC":160,"EJDFOJCNEPD":70,"AKIECLDCMGI":1023,"FGBGGCCBAOH":2033,"FAIGLKABBLO":3033,"LONBCOFNCAI":5013,"HOPLGOIEPIO":6013,"GHLMMDKFBJL":2,"MJOOOLDINKI":[],"MKPMNBLMAGF":2,"BEJKAJOGIJN":[4,5,6],"LABHEEHMHLA":1},{"difficultyId":15,"difficultyLevel":4,"LGIMDIPJOLP":16,"PJKFMPJIBJF":4,"CFJFGLMAJGD":30,"PEJFBAHMGJJ":2,"BNPFCAOBOPH":10,"GKAKACEELAH":2,"KOCLDDKHLJC":160,"EJDFOJCNEPD":70,"AKIECLDCMGI":1024,"FGBGGCCBAOH":2034,"FAIGLKABBLO":3034,"LONBCOFNCAI":5014,"HOPLGOIEPIO":6014,"GHLMMDKFBJL":2,"MJOOOLDINKI":[3],"MKPMNBLMAGF":3,"BEJKAJOGIJN":[4,5,6],"LABHEEHMHLA":1},{"difficultyId":16,"difficultyLevel":1,"LGIMDIPJOLP":2,"PJKFMPJIBJF":2,"CFJFGLMAJGD":30,"PEJFBAHMGJJ":2,"BNPFCAOBOPH":3,"KOCLDDKHLJC":100,"EJDFOJCNEPD":60,"AKIECLDCMGI":1031,"FGBGGCCBAOH":2041,"FAIGLKABBLO":3041,"LONBCOFNCAI":5011,"HOPLGOIEPIO":6021,"GHLMMDKFBJL":2,"MJOOOLDINKI":[],"MKPMNBLMAGF":2,"BEJKAJOGIJN":[3,8,7],"LABHEEHMHLA":1},{"difficultyId":17,"difficultyLevel":2,"LGIMDIPJOLP":6,"PJKFMPJIBJF":2,"CFJFGLMAJGD":30,"PEJFBAHMGJJ":2,"BNPFCAOBOPH":6,"GKAKACEELAH":2,"KOCLDDKHLJC":100,"EJDFOJCNEPD":60,"AKIECLDCMGI":1032,"FGBGGCCBAOH":2042,"FAIGLKABBLO":3042,"LONBCOFNCAI":5012,"HOPLGOIEPIO":6022,"GHLMMDKFBJL":2,"MJOOOLDINKI":[],"MKPMNBLMAGF":2,"BEJKAJOGIJN":[3,8,7],"LABHEEHMHLA":1},{"difficultyId":18,"difficultyLevel":3,"LGIMDIPJOLP":10,"PJKFMPJIBJF":4,"CFJFGLMAJGD":30,"PEJFBAHMGJJ":2,"BNPFCAOBOPH":8,"GKAKACEELAH":2,"KOCLDDKHLJC":160,"EJDFOJCNEPD":70,"AKIECLDCMGI":1033,"FGBGGCCBAOH":2043,"FAIGLKABBLO":3043,"LONBCOFNCAI":5013,"HOPLGOIEPIO":6023,"GHLMMDKFBJL":2,"MJOOOLDINKI":[],"MKPMNBLMAGF":2,"BEJKAJOGIJN":[3,8,7],"LABHEEHMHLA":1},{"difficultyId":19,"difficultyLevel":4,"LGIMDIPJOLP":16,"PJKFMPJIBJF":4,"CFJFGLMAJGD":30,"PEJFBAHMGJJ":2,"BNPFCAOBOPH":10,"GKAKACEELAH":2,"KOCLDDKHLJC":160,"EJDFOJCNEPD":70,"AKIECLDCMGI":1034,"FGBGGCCBAOH":2044,"FAIGLKABBLO":3044,"LONBCOFNCAI":5014,"HOPLGOIEPIO":6024,"GHLMMDKFBJL":2,"MJOOOLDINKI":[3],"MKPMNBLMAGF":3,"BEJKAJOGIJN":[3,8,7],"LABHEEHMHLA":1}]