[{"difficultyId":1,"difficultyLevel":1,"JEFEIEIHNME":4,"JPJFLIJAGIJ":3,"MOMPLBJPFKB":100,"KHFCHLNEICD":60,"NDONLNFCAGJ":1001,"CLBNOHPKIME":2001,"PGCJFLAMDGA":3001,"CMDONOPNCCE":5001,"IHGEOLKMOOB":4001,"DHDCGDLJDOO":1,"DHOGDKBKNEP":[],"ILKCPIDAOKF":2,"MJBNKNJBJMN":[],"LLGEHPHOIGF":[],"LPJBGKNFPFE":""},{"difficultyId":2,"difficultyLevel":2,"JEFEIEIHNME":8,"JPJFLIJAGIJ":6,"GBJAMKLKBGL":1,"MOMPLBJPFKB":100,"KHFCHLNEICD":60,"NDONLNFCAGJ":1002,"CLBNOHPKIME":2002,"PGCJFLAMDGA":3002,"CMDONOPNCCE":5002,"IHGEOLKMOOB":4001,"DHDCGDLJDOO":1,"DHOGDKBKNEP":[],"ILKCPIDAOKF":2,"MJBNKNJBJMN":[],"LLGEHPHOIGF":[],"LPJBGKNFPFE":""},{"difficultyId":3,"difficultyLevel":3,"JEFEIEIHNME":12,"JPJFLIJAGIJ":8,"GBJAMKLKBGL":1,"MOMPLBJPFKB":100,"KHFCHLNEICD":70,"NDONLNFCAGJ":1003,"CLBNOHPKIME":2003,"PGCJFLAMDGA":3003,"CMDONOPNCCE":5003,"IHGEOLKMOOB":4001,"DHDCGDLJDOO":1,"DHOGDKBKNEP":[],"ILKCPIDAOKF":2,"MJBNKNJBJMN":[],"LLGEHPHOIGF":[],"LPJBGKNFPFE":""},{"difficultyId":5,"difficultyLevel":1,"JEFEIEIHNME":4,"JPJFLIJAGIJ":3,"MOMPLBJPFKB":100,"KHFCHLNEICD":60,"NDONLNFCAGJ":1011,"CLBNOHPKIME":2011,"PGCJFLAMDGA":3011,"CMDONOPNCCE":5001,"IHGEOLKMOOB":4002,"DHDCGDLJDOO":2,"DHOGDKBKNEP":[],"ILKCPIDAOKF":2,"MJBNKNJBJMN":[],"LLGEHPHOIGF":[],"LPJBGKNFPFE":""},{"difficultyId":6,"difficultyLevel":2,"JEFEIEIHNME":8,"JPJFLIJAGIJ":6,"GBJAMKLKBGL":1,"MOMPLBJPFKB":100,"KHFCHLNEICD":60,"NDONLNFCAGJ":1012,"CLBNOHPKIME":2012,"PGCJFLAMDGA":3012,"CMDONOPNCCE":5102,"IHGEOLKMOOB":4002,"DHDCGDLJDOO":2,"DHOGDKBKNEP":[],"ILKCPIDAOKF":2,"MJBNKNJBJMN":[],"LLGEHPHOIGF":[],"LPJBGKNFPFE":""},{"difficultyId":7,"difficultyLevel":3,"JEFEIEIHNME":12,"JPJFLIJAGIJ":8,"GBJAMKLKBGL":1,"MOMPLBJPFKB":160,"KHFCHLNEICD":70,"NDONLNFCAGJ":1013,"CLBNOHPKIME":2013,"PGCJFLAMDGA":3013,"CMDONOPNCCE":5103,"IHGEOLKMOOB":4002,"DHDCGDLJDOO":2,"DHOGDKBKNEP":[],"ILKCPIDAOKF":2,"MJBNKNJBJMN":[],"LLGEHPHOIGF":[],"LPJBGKNFPFE":""},{"difficultyId":8,"difficultyLevel":1,"JEFEIEIHNME":2,"AIMAAGAJAFP":2,"BKDAMMDCLAF":30,"IBOHJAJGDPI":2,"JPJFLIJAGIJ":3,"MOMPLBJPFKB":100,"KHFCHLNEICD":60,"NDONLNFCAGJ":1021,"CLBNOHPKIME":2021,"PGCJFLAMDGA":3021,"CMDONOPNCCE":5011,"GHKFLDBDAHH":6001,"DHDCGDLJDOO":2,"DHOGDKBKNEP":[],"ILKCPIDAOKF":2,"MJBNKNJBJMN":[1,2,3],"CFEGPANBPAK":1,"LLGEHPHOIGF":[],"LPJBGKNFPFE":""},{"difficultyId":9,"difficultyLevel":2,"JEFEIEIHNME":6,"AIMAAGAJAFP":2,"BKDAMMDCLAF":30,"IBOHJAJGDPI":2,"JPJFLIJAGIJ":6,"GBJAMKLKBGL":2,"MOMPLBJPFKB":100,"KHFCHLNEICD":60,"NDONLNFCAGJ":1022,"CLBNOHPKIME":2022,"PGCJFLAMDGA":3022,"CMDONOPNCCE":5012,"GHKFLDBDAHH":6002,"DHDCGDLJDOO":2,"DHOGDKBKNEP":[],"ILKCPIDAOKF":2,"MJBNKNJBJMN":[1,2,3],"CFEGPANBPAK":1,"LLGEHPHOIGF":[],"LPJBGKNFPFE":""},{"difficultyId":10,"difficultyLevel":3,"JEFEIEIHNME":10,"AIMAAGAJAFP":4,"BKDAMMDCLAF":30,"IBOHJAJGDPI":2,"JPJFLIJAGIJ":8,"GBJAMKLKBGL":2,"MOMPLBJPFKB":160,"KHFCHLNEICD":70,"NDONLNFCAGJ":1023,"CLBNOHPKIME":2023,"PGCJFLAMDGA":3023,"CMDONOPNCCE":5013,"GHKFLDBDAHH":6003,"DHDCGDLJDOO":2,"DHOGDKBKNEP":[],"ILKCPIDAOKF":2,"MJBNKNJBJMN":[1,2,3],"CFEGPANBPAK":1,"LLGEHPHOIGF":[],"LPJBGKNFPFE":""},{"difficultyId":11,"difficultyLevel":4,"JEFEIEIHNME":16,"AIMAAGAJAFP":4,"BKDAMMDCLAF":30,"IBOHJAJGDPI":2,"JPJFLIJAGIJ":10,"GBJAMKLKBGL":2,"MOMPLBJPFKB":160,"KHFCHLNEICD":70,"NDONLNFCAGJ":1024,"CLBNOHPKIME":2024,"PGCJFLAMDGA":3024,"CMDONOPNCCE":5014,"GHKFLDBDAHH":6004,"DHDCGDLJDOO":2,"DHOGDKBKNEP":[3],"ILKCPIDAOKF":3,"MJBNKNJBJMN":[1,2,3],"CFEGPANBPAK":1,"LLGEHPHOIGF":[],"LPJBGKNFPFE":""},{"difficultyId":12,"difficultyLevel":1,"JEFEIEIHNME":2,"AIMAAGAJAFP":2,"BKDAMMDCLAF":30,"IBOHJAJGDPI":2,"JPJFLIJAGIJ":3,"MOMPLBJPFKB":100,"KHFCHLNEICD":60,"NDONLNFCAGJ":1021,"CLBNOHPKIME":2031,"PGCJFLAMDGA":3031,"CMDONOPNCCE":5011,"GHKFLDBDAHH":6011,"DHDCGDLJDOO":2,"DHOGDKBKNEP":[],"ILKCPIDAOKF":2,"MJBNKNJBJMN":[4,5,6],"CFEGPANBPAK":1,"LLGEHPHOIGF":[],"LPJBGKNFPFE":""},{"difficultyId":13,"difficultyLevel":2,"JEFEIEIHNME":6,"AIMAAGAJAFP":2,"BKDAMMDCLAF":30,"IBOHJAJGDPI":2,"JPJFLIJAGIJ":6,"GBJAMKLKBGL":2,"MOMPLBJPFKB":100,"KHFCHLNEICD":60,"NDONLNFCAGJ":1022,"CLBNOHPKIME":2032,"PGCJFLAMDGA":3032,"CMDONOPNCCE":5012,"GHKFLDBDAHH":6012,"DHDCGDLJDOO":2,"DHOGDKBKNEP":[],"ILKCPIDAOKF":2,"MJBNKNJBJMN":[4,5,6],"CFEGPANBPAK":1,"LLGEHPHOIGF":[],"LPJBGKNFPFE":""},{"difficultyId":14,"difficultyLevel":3,"JEFEIEIHNME":10,"AIMAAGAJAFP":4,"BKDAMMDCLAF":30,"IBOHJAJGDPI":2,"JPJFLIJAGIJ":8,"GBJAMKLKBGL":2,"MOMPLBJPFKB":160,"KHFCHLNEICD":70,"NDONLNFCAGJ":1023,"CLBNOHPKIME":2033,"PGCJFLAMDGA":3033,"CMDONOPNCCE":5013,"GHKFLDBDAHH":6013,"DHDCGDLJDOO":2,"DHOGDKBKNEP":[],"ILKCPIDAOKF":2,"MJBNKNJBJMN":[4,5,6],"CFEGPANBPAK":1,"LLGEHPHOIGF":[],"LPJBGKNFPFE":""},{"difficultyId":15,"difficultyLevel":4,"JEFEIEIHNME":16,"AIMAAGAJAFP":4,"BKDAMMDCLAF":30,"IBOHJAJGDPI":2,"JPJFLIJAGIJ":10,"GBJAMKLKBGL":2,"MOMPLBJPFKB":160,"KHFCHLNEICD":70,"NDONLNFCAGJ":1024,"CLBNOHPKIME":2034,"PGCJFLAMDGA":3034,"CMDONOPNCCE":5014,"GHKFLDBDAHH":6014,"DHDCGDLJDOO":2,"DHOGDKBKNEP":[3],"ILKCPIDAOKF":3,"MJBNKNJBJMN":[4,5,6],"CFEGPANBPAK":1,"LLGEHPHOIGF":[],"LPJBGKNFPFE":""},{"difficultyId":16,"difficultyLevel":1,"JEFEIEIHNME":2,"AIMAAGAJAFP":2,"BKDAMMDCLAF":30,"IBOHJAJGDPI":2,"JPJFLIJAGIJ":3,"MOMPLBJPFKB":100,"KHFCHLNEICD":60,"NDONLNFCAGJ":1031,"CLBNOHPKIME":2041,"PGCJFLAMDGA":3041,"CMDONOPNCCE":5011,"GHKFLDBDAHH":6021,"DHDCGDLJDOO":2,"DHOGDKBKNEP":[],"ILKCPIDAOKF":2,"MJBNKNJBJMN":[3,8,7],"CFEGPANBPAK":1,"LLGEHPHOIGF":[1,2,3,4,5],"LPJBGKNFPFE":"1:2,2:5"},{"difficultyId":17,"difficultyLevel":2,"JEFEIEIHNME":6,"AIMAAGAJAFP":2,"BKDAMMDCLAF":30,"IBOHJAJGDPI":2,"JPJFLIJAGIJ":6,"GBJAMKLKBGL":2,"MOMPLBJPFKB":100,"KHFCHLNEICD":60,"NDONLNFCAGJ":1032,"CLBNOHPKIME":2042,"PGCJFLAMDGA":3042,"CMDONOPNCCE":5012,"GHKFLDBDAHH":6022,"DHDCGDLJDOO":2,"DHOGDKBKNEP":[],"ILKCPIDAOKF":2,"MJBNKNJBJMN":[3,8,7],"CFEGPANBPAK":1,"LLGEHPHOIGF":[1,2,3,4,5],"LPJBGKNFPFE":"1:3,2:8"},{"difficultyId":18,"difficultyLevel":3,"JEFEIEIHNME":10,"AIMAAGAJAFP":4,"BKDAMMDCLAF":30,"IBOHJAJGDPI":2,"JPJFLIJAGIJ":8,"GBJAMKLKBGL":2,"MOMPLBJPFKB":160,"KHFCHLNEICD":70,"NDONLNFCAGJ":1033,"CLBNOHPKIME":2043,"PGCJFLAMDGA":3043,"CMDONOPNCCE":5013,"GHKFLDBDAHH":6023,"DHDCGDLJDOO":2,"DHOGDKBKNEP":[],"ILKCPIDAOKF":2,"MJBNKNJBJMN":[3,8,7],"CFEGPANBPAK":1,"LLGEHPHOIGF":[1,2,3,4,5],"LPJBGKNFPFE":"1:4,2:10"},{"difficultyId":19,"difficultyLevel":4,"JEFEIEIHNME":16,"AIMAAGAJAFP":4,"BKDAMMDCLAF":30,"IBOHJAJGDPI":2,"JPJFLIJAGIJ":10,"GBJAMKLKBGL":2,"MOMPLBJPFKB":160,"KHFCHLNEICD":70,"NDONLNFCAGJ":1034,"CLBNOHPKIME":2044,"PGCJFLAMDGA":3044,"CMDONOPNCCE":5014,"GHKFLDBDAHH":6024,"DHDCGDLJDOO":2,"DHOGDKBKNEP":[3],"ILKCPIDAOKF":3,"MJBNKNJBJMN":[3,8,7],"CFEGPANBPAK":1,"LLGEHPHOIGF":[1,2,3,4,5],"LPJBGKNFPFE":"1:6,2:14"},{"difficultyId":20,"difficultyLevel":1,"JEFEIEIHNME":2,"AIMAAGAJAFP":2,"BKDAMMDCLAF":30,"IBOHJAJGDPI":2,"JPJFLIJAGIJ":3,"MOMPLBJPFKB":100,"KHFCHLNEICD":60,"NDONLNFCAGJ":1031,"CLBNOHPKIME":2051,"PGCJFLAMDGA":3051,"CMDONOPNCCE":5011,"GHKFLDBDAHH":6041,"DHDCGDLJDOO":2,"DHOGDKBKNEP":[],"ILKCPIDAOKF":2,"MJBNKNJBJMN":[9,10,11],"CFEGPANBPAK":1,"LLGEHPHOIGF":[1,2,3,4,5],"LPJBGKNFPFE":"1:2,2:5"},{"difficultyId":21,"difficultyLevel":2,"JEFEIEIHNME":6,"AIMAAGAJAFP":2,"BKDAMMDCLAF":30,"IBOHJAJGDPI":2,"JPJFLIJAGIJ":6,"GBJAMKLKBGL":2,"MOMPLBJPFKB":100,"KHFCHLNEICD":60,"NDONLNFCAGJ":1032,"CLBNOHPKIME":2052,"PGCJFLAMDGA":3052,"CMDONOPNCCE":5012,"GHKFLDBDAHH":6042,"DHDCGDLJDOO":2,"DHOGDKBKNEP":[],"ILKCPIDAOKF":2,"MJBNKNJBJMN":[9,10,11],"CFEGPANBPAK":1,"LLGEHPHOIGF":[1,2,3,4,5],"LPJBGKNFPFE":"1:3,2:8"},{"difficultyId":22,"difficultyLevel":3,"JEFEIEIHNME":10,"AIMAAGAJAFP":4,"BKDAMMDCLAF":30,"IBOHJAJGDPI":2,"JPJFLIJAGIJ":8,"GBJAMKLKBGL":2,"MOMPLBJPFKB":160,"KHFCHLNEICD":70,"NDONLNFCAGJ":1033,"CLBNOHPKIME":2053,"PGCJFLAMDGA":3053,"CMDONOPNCCE":5013,"GHKFLDBDAHH":6043,"DHDCGDLJDOO":2,"DHOGDKBKNEP":[],"ILKCPIDAOKF":2,"MJBNKNJBJMN":[9,10,11],"CFEGPANBPAK":1,"LLGEHPHOIGF":[1,2,3,4,5],"LPJBGKNFPFE":"1:4,2:10"},{"difficultyId":23,"difficultyLevel":4,"JEFEIEIHNME":16,"AIMAAGAJAFP":4,"BKDAMMDCLAF":30,"IBOHJAJGDPI":2,"JPJFLIJAGIJ":10,"GBJAMKLKBGL":2,"MOMPLBJPFKB":160,"KHFCHLNEICD":70,"NDONLNFCAGJ":1034,"CLBNOHPKIME":2054,"PGCJFLAMDGA":3054,"CMDONOPNCCE":5014,"GHKFLDBDAHH":6044,"DHDCGDLJDOO":2,"DHOGDKBKNEP":[3],"ILKCPIDAOKF":3,"MJBNKNJBJMN":[9,10,11],"CFEGPANBPAK":1,"LLGEHPHOIGF":[1,2,3,4,5],"LPJBGKNFPFE":"1:6,2:14"},{"difficultyId":24,"difficultyLevel":1,"JEFEIEIHNME":2,"AIMAAGAJAFP":2,"BKDAMMDCLAF":30,"IBOHJAJGDPI":2,"JPJFLIJAGIJ":3,"MOMPLBJPFKB":100,"KHFCHLNEICD":60,"NDONLNFCAGJ":1031,"CLBNOHPKIME":2061,"PGCJFLAMDGA":3061,"CMDONOPNCCE":5011,"GHKFLDBDAHH":6031,"DHDCGDLJDOO":2,"DHOGDKBKNEP":[],"ILKCPIDAOKF":2,"MJBNKNJBJMN":[12,13,14],"CFEGPANBPAK":1,"LLGEHPHOIGF":[1,2,3,4,5],"LPJBGKNFPFE":"1:2,2:5"},{"difficultyId":25,"difficultyLevel":2,"JEFEIEIHNME":6,"AIMAAGAJAFP":2,"BKDAMMDCLAF":30,"IBOHJAJGDPI":2,"JPJFLIJAGIJ":6,"GBJAMKLKBGL":2,"MOMPLBJPFKB":100,"KHFCHLNEICD":60,"NDONLNFCAGJ":1032,"CLBNOHPKIME":2062,"PGCJFLAMDGA":3062,"CMDONOPNCCE":5012,"GHKFLDBDAHH":6032,"DHDCGDLJDOO":2,"DHOGDKBKNEP":[],"ILKCPIDAOKF":2,"MJBNKNJBJMN":[12,13,14],"CFEGPANBPAK":1,"LLGEHPHOIGF":[1,2,3,4,5],"LPJBGKNFPFE":"1:3,2:8"},{"difficultyId":26,"difficultyLevel":3,"JEFEIEIHNME":10,"AIMAAGAJAFP":4,"BKDAMMDCLAF":30,"IBOHJAJGDPI":2,"JPJFLIJAGIJ":8,"GBJAMKLKBGL":2,"MOMPLBJPFKB":160,"KHFCHLNEICD":70,"NDONLNFCAGJ":1033,"CLBNOHPKIME":2063,"PGCJFLAMDGA":3063,"CMDONOPNCCE":5013,"GHKFLDBDAHH":6033,"DHDCGDLJDOO":2,"DHOGDKBKNEP":[],"ILKCPIDAOKF":2,"MJBNKNJBJMN":[12,13,14],"CFEGPANBPAK":1,"LLGEHPHOIGF":[1,2,3,4,5],"LPJBGKNFPFE":"1:4,2:10"},{"difficultyId":27,"difficultyLevel":4,"JEFEIEIHNME":16,"AIMAAGAJAFP":4,"BKDAMMDCLAF":30,"IBOHJAJGDPI":2,"JPJFLIJAGIJ":10,"GBJAMKLKBGL":2,"MOMPLBJPFKB":160,"KHFCHLNEICD":70,"NDONLNFCAGJ":1034,"CLBNOHPKIME":2064,"PGCJFLAMDGA":3064,"CMDONOPNCCE":5014,"GHKFLDBDAHH":6034,"DHDCGDLJDOO":2,"DHOGDKBKNEP":[3],"ILKCPIDAOKF":3,"MJBNKNJBJMN":[12,13,14],"CFEGPANBPAK":1,"LLGEHPHOIGF":[1,2,3,4,5],"LPJBGKNFPFE":"1:6,2:14"}]