[{"difficultyId":1,"difficultyLevel":1,"KAOMBEPGJGM":4,"DCPIHGKBHEJ":3,"OKPCMOKJNOP":100,"NGCNHHLMOIK":60,"AKGOMIPPFMA":1001,"EIOMFBANJJM":2001,"GMPMBFFMMLA":3001,"INCHLPFKKHJ":5001,"CKLBOFGJHNO":4001,"GJBEDNCCMNN":1,"JGLKNNBJEDG":[],"IPMLLPDPHGI":2,"GCPEIOIACDJ":[],"HFGGMEGJAOC":[],"INOMLAEECHA":""},{"difficultyId":2,"difficultyLevel":2,"KAOMBEPGJGM":8,"DCPIHGKBHEJ":6,"CLMNJJOHFFA":1,"OKPCMOKJNOP":100,"NGCNHHLMOIK":60,"AKGOMIPPFMA":1002,"EIOMFBANJJM":2002,"GMPMBFFMMLA":3002,"INCHLPFKKHJ":5002,"CKLBOFGJHNO":4001,"GJBEDNCCMNN":1,"JGLKNNBJEDG":[],"IPMLLPDPHGI":2,"GCPEIOIACDJ":[],"HFGGMEGJAOC":[],"INOMLAEECHA":""},{"difficultyId":3,"difficultyLevel":3,"KAOMBEPGJGM":12,"DCPIHGKBHEJ":8,"CLMNJJOHFFA":1,"OKPCMOKJNOP":100,"NGCNHHLMOIK":70,"AKGOMIPPFMA":1003,"EIOMFBANJJM":2003,"GMPMBFFMMLA":3003,"INCHLPFKKHJ":5003,"CKLBOFGJHNO":4001,"GJBEDNCCMNN":1,"JGLKNNBJEDG":[],"IPMLLPDPHGI":2,"GCPEIOIACDJ":[],"HFGGMEGJAOC":[],"INOMLAEECHA":""},{"difficultyId":5,"difficultyLevel":1,"KAOMBEPGJGM":4,"DCPIHGKBHEJ":3,"OKPCMOKJNOP":100,"NGCNHHLMOIK":60,"AKGOMIPPFMA":1011,"EIOMFBANJJM":2011,"GMPMBFFMMLA":3011,"INCHLPFKKHJ":5001,"CKLBOFGJHNO":4002,"GJBEDNCCMNN":2,"JGLKNNBJEDG":[],"IPMLLPDPHGI":2,"GCPEIOIACDJ":[],"HFGGMEGJAOC":[],"INOMLAEECHA":""},{"difficultyId":6,"difficultyLevel":2,"KAOMBEPGJGM":8,"DCPIHGKBHEJ":6,"CLMNJJOHFFA":1,"OKPCMOKJNOP":100,"NGCNHHLMOIK":60,"AKGOMIPPFMA":1012,"EIOMFBANJJM":2012,"GMPMBFFMMLA":3012,"INCHLPFKKHJ":5102,"CKLBOFGJHNO":4002,"GJBEDNCCMNN":2,"JGLKNNBJEDG":[],"IPMLLPDPHGI":2,"GCPEIOIACDJ":[],"HFGGMEGJAOC":[],"INOMLAEECHA":""},{"difficultyId":7,"difficultyLevel":3,"KAOMBEPGJGM":12,"DCPIHGKBHEJ":8,"CLMNJJOHFFA":1,"OKPCMOKJNOP":160,"NGCNHHLMOIK":70,"AKGOMIPPFMA":1013,"EIOMFBANJJM":2013,"GMPMBFFMMLA":3013,"INCHLPFKKHJ":5103,"CKLBOFGJHNO":4002,"GJBEDNCCMNN":2,"JGLKNNBJEDG":[],"IPMLLPDPHGI":2,"GCPEIOIACDJ":[],"HFGGMEGJAOC":[],"INOMLAEECHA":""},{"difficultyId":8,"difficultyLevel":1,"KAOMBEPGJGM":2,"ELFKFEAKCHL":2,"JELCBFOBKBC":30,"LGICCHMDGID":2,"DCPIHGKBHEJ":3,"OKPCMOKJNOP":100,"NGCNHHLMOIK":60,"AKGOMIPPFMA":1021,"EIOMFBANJJM":2021,"GMPMBFFMMLA":3021,"INCHLPFKKHJ":5011,"DGIHDADIBAA":6001,"GJBEDNCCMNN":2,"JGLKNNBJEDG":[],"IPMLLPDPHGI":2,"GCPEIOIACDJ":[1,2,3],"AELEBDNFPKO":1,"HFGGMEGJAOC":[],"INOMLAEECHA":""},{"difficultyId":9,"difficultyLevel":2,"KAOMBEPGJGM":6,"ELFKFEAKCHL":2,"JELCBFOBKBC":30,"LGICCHMDGID":2,"DCPIHGKBHEJ":6,"CLMNJJOHFFA":2,"OKPCMOKJNOP":100,"NGCNHHLMOIK":60,"AKGOMIPPFMA":1022,"EIOMFBANJJM":2022,"GMPMBFFMMLA":3022,"INCHLPFKKHJ":5012,"DGIHDADIBAA":6002,"GJBEDNCCMNN":2,"JGLKNNBJEDG":[],"IPMLLPDPHGI":2,"GCPEIOIACDJ":[1,2,3],"AELEBDNFPKO":1,"HFGGMEGJAOC":[],"INOMLAEECHA":""},{"difficultyId":10,"difficultyLevel":3,"KAOMBEPGJGM":10,"ELFKFEAKCHL":4,"JELCBFOBKBC":30,"LGICCHMDGID":2,"DCPIHGKBHEJ":8,"CLMNJJOHFFA":2,"OKPCMOKJNOP":160,"NGCNHHLMOIK":70,"AKGOMIPPFMA":1023,"EIOMFBANJJM":2023,"GMPMBFFMMLA":3023,"INCHLPFKKHJ":5013,"DGIHDADIBAA":6003,"GJBEDNCCMNN":2,"JGLKNNBJEDG":[],"IPMLLPDPHGI":2,"GCPEIOIACDJ":[1,2,3],"AELEBDNFPKO":1,"HFGGMEGJAOC":[],"INOMLAEECHA":""},{"difficultyId":11,"difficultyLevel":4,"KAOMBEPGJGM":16,"ELFKFEAKCHL":4,"JELCBFOBKBC":30,"LGICCHMDGID":2,"DCPIHGKBHEJ":10,"CLMNJJOHFFA":2,"OKPCMOKJNOP":160,"NGCNHHLMOIK":70,"AKGOMIPPFMA":1024,"EIOMFBANJJM":2024,"GMPMBFFMMLA":3024,"INCHLPFKKHJ":5014,"DGIHDADIBAA":6004,"GJBEDNCCMNN":2,"JGLKNNBJEDG":[3],"IPMLLPDPHGI":3,"GCPEIOIACDJ":[1,2,3],"AELEBDNFPKO":1,"HFGGMEGJAOC":[],"INOMLAEECHA":""},{"difficultyId":12,"difficultyLevel":1,"KAOMBEPGJGM":2,"ELFKFEAKCHL":2,"JELCBFOBKBC":30,"LGICCHMDGID":2,"DCPIHGKBHEJ":3,"OKPCMOKJNOP":100,"NGCNHHLMOIK":60,"AKGOMIPPFMA":1021,"EIOMFBANJJM":2031,"GMPMBFFMMLA":3031,"INCHLPFKKHJ":5011,"DGIHDADIBAA":6011,"GJBEDNCCMNN":2,"JGLKNNBJEDG":[],"IPMLLPDPHGI":2,"GCPEIOIACDJ":[4,5,6],"AELEBDNFPKO":1,"HFGGMEGJAOC":[],"INOMLAEECHA":""},{"difficultyId":13,"difficultyLevel":2,"KAOMBEPGJGM":6,"ELFKFEAKCHL":2,"JELCBFOBKBC":30,"LGICCHMDGID":2,"DCPIHGKBHEJ":6,"CLMNJJOHFFA":2,"OKPCMOKJNOP":100,"NGCNHHLMOIK":60,"AKGOMIPPFMA":1022,"EIOMFBANJJM":2032,"GMPMBFFMMLA":3032,"INCHLPFKKHJ":5012,"DGIHDADIBAA":6012,"GJBEDNCCMNN":2,"JGLKNNBJEDG":[],"IPMLLPDPHGI":2,"GCPEIOIACDJ":[4,5,6],"AELEBDNFPKO":1,"HFGGMEGJAOC":[],"INOMLAEECHA":""},{"difficultyId":14,"difficultyLevel":3,"KAOMBEPGJGM":10,"ELFKFEAKCHL":4,"JELCBFOBKBC":30,"LGICCHMDGID":2,"DCPIHGKBHEJ":8,"CLMNJJOHFFA":2,"OKPCMOKJNOP":160,"NGCNHHLMOIK":70,"AKGOMIPPFMA":1023,"EIOMFBANJJM":2033,"GMPMBFFMMLA":3033,"INCHLPFKKHJ":5013,"DGIHDADIBAA":6013,"GJBEDNCCMNN":2,"JGLKNNBJEDG":[],"IPMLLPDPHGI":2,"GCPEIOIACDJ":[4,5,6],"AELEBDNFPKO":1,"HFGGMEGJAOC":[],"INOMLAEECHA":""},{"difficultyId":15,"difficultyLevel":4,"KAOMBEPGJGM":16,"ELFKFEAKCHL":4,"JELCBFOBKBC":30,"LGICCHMDGID":2,"DCPIHGKBHEJ":10,"CLMNJJOHFFA":2,"OKPCMOKJNOP":160,"NGCNHHLMOIK":70,"AKGOMIPPFMA":1024,"EIOMFBANJJM":2034,"GMPMBFFMMLA":3034,"INCHLPFKKHJ":5014,"DGIHDADIBAA":6014,"GJBEDNCCMNN":2,"JGLKNNBJEDG":[3],"IPMLLPDPHGI":3,"GCPEIOIACDJ":[4,5,6],"AELEBDNFPKO":1,"HFGGMEGJAOC":[],"INOMLAEECHA":""},{"difficultyId":16,"difficultyLevel":1,"KAOMBEPGJGM":2,"ELFKFEAKCHL":2,"JELCBFOBKBC":30,"LGICCHMDGID":2,"DCPIHGKBHEJ":3,"OKPCMOKJNOP":100,"NGCNHHLMOIK":60,"AKGOMIPPFMA":1031,"EIOMFBANJJM":2041,"GMPMBFFMMLA":3041,"INCHLPFKKHJ":5011,"DGIHDADIBAA":6021,"GJBEDNCCMNN":2,"JGLKNNBJEDG":[],"IPMLLPDPHGI":2,"GCPEIOIACDJ":[3,8,7],"AELEBDNFPKO":1,"HFGGMEGJAOC":[1,2,3,4,5],"INOMLAEECHA":"1:2,2:5"},{"difficultyId":17,"difficultyLevel":2,"KAOMBEPGJGM":6,"ELFKFEAKCHL":2,"JELCBFOBKBC":30,"LGICCHMDGID":2,"DCPIHGKBHEJ":6,"CLMNJJOHFFA":2,"OKPCMOKJNOP":100,"NGCNHHLMOIK":60,"AKGOMIPPFMA":1032,"EIOMFBANJJM":2042,"GMPMBFFMMLA":3042,"INCHLPFKKHJ":5012,"DGIHDADIBAA":6022,"GJBEDNCCMNN":2,"JGLKNNBJEDG":[],"IPMLLPDPHGI":2,"GCPEIOIACDJ":[3,8,7],"AELEBDNFPKO":1,"HFGGMEGJAOC":[1,2,3,4,5],"INOMLAEECHA":"1:3,2:8"},{"difficultyId":18,"difficultyLevel":3,"KAOMBEPGJGM":10,"ELFKFEAKCHL":4,"JELCBFOBKBC":30,"LGICCHMDGID":2,"DCPIHGKBHEJ":8,"CLMNJJOHFFA":2,"OKPCMOKJNOP":160,"NGCNHHLMOIK":70,"AKGOMIPPFMA":1033,"EIOMFBANJJM":2043,"GMPMBFFMMLA":3043,"INCHLPFKKHJ":5013,"DGIHDADIBAA":6023,"GJBEDNCCMNN":2,"JGLKNNBJEDG":[],"IPMLLPDPHGI":2,"GCPEIOIACDJ":[3,8,7],"AELEBDNFPKO":1,"HFGGMEGJAOC":[1,2,3,4,5],"INOMLAEECHA":"1:4,2:10"},{"difficultyId":19,"difficultyLevel":4,"KAOMBEPGJGM":16,"ELFKFEAKCHL":4,"JELCBFOBKBC":30,"LGICCHMDGID":2,"DCPIHGKBHEJ":10,"CLMNJJOHFFA":2,"OKPCMOKJNOP":160,"NGCNHHLMOIK":70,"AKGOMIPPFMA":1034,"EIOMFBANJJM":2044,"GMPMBFFMMLA":3044,"INCHLPFKKHJ":5014,"DGIHDADIBAA":6024,"GJBEDNCCMNN":2,"JGLKNNBJEDG":[3],"IPMLLPDPHGI":3,"GCPEIOIACDJ":[3,8,7],"AELEBDNFPKO":1,"HFGGMEGJAOC":[1,2,3,4,5],"INOMLAEECHA":"1:6,2:14"},{"difficultyId":20,"difficultyLevel":1,"KAOMBEPGJGM":2,"ELFKFEAKCHL":2,"JELCBFOBKBC":30,"LGICCHMDGID":2,"DCPIHGKBHEJ":3,"OKPCMOKJNOP":100,"NGCNHHLMOIK":60,"AKGOMIPPFMA":1031,"EIOMFBANJJM":2051,"GMPMBFFMMLA":3051,"INCHLPFKKHJ":5011,"DGIHDADIBAA":6041,"GJBEDNCCMNN":2,"JGLKNNBJEDG":[],"IPMLLPDPHGI":2,"GCPEIOIACDJ":[9,10,11],"AELEBDNFPKO":1,"HFGGMEGJAOC":[1,2,3,4,5],"INOMLAEECHA":"1:2,2:5"},{"difficultyId":21,"difficultyLevel":2,"KAOMBEPGJGM":6,"ELFKFEAKCHL":2,"JELCBFOBKBC":30,"LGICCHMDGID":2,"DCPIHGKBHEJ":6,"CLMNJJOHFFA":2,"OKPCMOKJNOP":100,"NGCNHHLMOIK":60,"AKGOMIPPFMA":1032,"EIOMFBANJJM":2052,"GMPMBFFMMLA":3052,"INCHLPFKKHJ":5012,"DGIHDADIBAA":6042,"GJBEDNCCMNN":2,"JGLKNNBJEDG":[],"IPMLLPDPHGI":2,"GCPEIOIACDJ":[9,10,11],"AELEBDNFPKO":1,"HFGGMEGJAOC":[1,2,3,4,5],"INOMLAEECHA":"1:3,2:8"},{"difficultyId":22,"difficultyLevel":3,"KAOMBEPGJGM":10,"ELFKFEAKCHL":4,"JELCBFOBKBC":30,"LGICCHMDGID":2,"DCPIHGKBHEJ":8,"CLMNJJOHFFA":2,"OKPCMOKJNOP":160,"NGCNHHLMOIK":70,"AKGOMIPPFMA":1033,"EIOMFBANJJM":2053,"GMPMBFFMMLA":3053,"INCHLPFKKHJ":5013,"DGIHDADIBAA":6043,"GJBEDNCCMNN":2,"JGLKNNBJEDG":[],"IPMLLPDPHGI":2,"GCPEIOIACDJ":[9,10,11],"AELEBDNFPKO":1,"HFGGMEGJAOC":[1,2,3,4,5],"INOMLAEECHA":"1:4,2:10"},{"difficultyId":23,"difficultyLevel":4,"KAOMBEPGJGM":16,"ELFKFEAKCHL":4,"JELCBFOBKBC":30,"LGICCHMDGID":2,"DCPIHGKBHEJ":10,"CLMNJJOHFFA":2,"OKPCMOKJNOP":160,"NGCNHHLMOIK":70,"AKGOMIPPFMA":1034,"EIOMFBANJJM":2054,"GMPMBFFMMLA":3054,"INCHLPFKKHJ":5014,"DGIHDADIBAA":6044,"GJBEDNCCMNN":2,"JGLKNNBJEDG":[3],"IPMLLPDPHGI":3,"GCPEIOIACDJ":[9,10,11],"AELEBDNFPKO":1,"HFGGMEGJAOC":[1,2,3,4,5],"INOMLAEECHA":"1:6,2:14"},{"difficultyId":24,"difficultyLevel":1,"KAOMBEPGJGM":2,"ELFKFEAKCHL":2,"JELCBFOBKBC":30,"LGICCHMDGID":2,"DCPIHGKBHEJ":3,"OKPCMOKJNOP":100,"NGCNHHLMOIK":60,"AKGOMIPPFMA":1031,"EIOMFBANJJM":2061,"GMPMBFFMMLA":3061,"INCHLPFKKHJ":5011,"DGIHDADIBAA":6031,"GJBEDNCCMNN":2,"JGLKNNBJEDG":[],"IPMLLPDPHGI":2,"GCPEIOIACDJ":[12,13,14],"AELEBDNFPKO":1,"HFGGMEGJAOC":[1,2,3,4,5],"INOMLAEECHA":"1:2,2:5"},{"difficultyId":25,"difficultyLevel":2,"KAOMBEPGJGM":6,"ELFKFEAKCHL":2,"JELCBFOBKBC":30,"LGICCHMDGID":2,"DCPIHGKBHEJ":6,"CLMNJJOHFFA":2,"OKPCMOKJNOP":100,"NGCNHHLMOIK":60,"AKGOMIPPFMA":1032,"EIOMFBANJJM":2062,"GMPMBFFMMLA":3062,"INCHLPFKKHJ":5012,"DGIHDADIBAA":6032,"GJBEDNCCMNN":2,"JGLKNNBJEDG":[],"IPMLLPDPHGI":2,"GCPEIOIACDJ":[12,13,14],"AELEBDNFPKO":1,"HFGGMEGJAOC":[1,2,3,4,5],"INOMLAEECHA":"1:3,2:8"},{"difficultyId":26,"difficultyLevel":3,"KAOMBEPGJGM":10,"ELFKFEAKCHL":4,"JELCBFOBKBC":30,"LGICCHMDGID":2,"DCPIHGKBHEJ":8,"CLMNJJOHFFA":2,"OKPCMOKJNOP":160,"NGCNHHLMOIK":70,"AKGOMIPPFMA":1033,"EIOMFBANJJM":2063,"GMPMBFFMMLA":3063,"INCHLPFKKHJ":5013,"DGIHDADIBAA":6033,"GJBEDNCCMNN":2,"JGLKNNBJEDG":[],"IPMLLPDPHGI":2,"GCPEIOIACDJ":[12,13,14],"AELEBDNFPKO":1,"HFGGMEGJAOC":[1,2,3,4,5],"INOMLAEECHA":"1:4,2:10"},{"difficultyId":27,"difficultyLevel":4,"KAOMBEPGJGM":16,"ELFKFEAKCHL":4,"JELCBFOBKBC":30,"LGICCHMDGID":2,"DCPIHGKBHEJ":10,"CLMNJJOHFFA":2,"OKPCMOKJNOP":160,"NGCNHHLMOIK":70,"AKGOMIPPFMA":1034,"EIOMFBANJJM":2064,"GMPMBFFMMLA":3064,"INCHLPFKKHJ":5014,"DGIHDADIBAA":6034,"GJBEDNCCMNN":2,"JGLKNNBJEDG":[3],"IPMLLPDPHGI":3,"GCPEIOIACDJ":[12,13,14],"AELEBDNFPKO":1,"HFGGMEGJAOC":[1,2,3,4,5],"INOMLAEECHA":"1:6,2:14"},{"difficultyId":28,"difficultyLevel":1,"KAOMBEPGJGM":2,"ELFKFEAKCHL":2,"JELCBFOBKBC":30,"LGICCHMDGID":2,"DCPIHGKBHEJ":3,"OKPCMOKJNOP":100,"NGCNHHLMOIK":60,"AKGOMIPPFMA":1031,"EIOMFBANJJM":2071,"GMPMBFFMMLA":3071,"INCHLPFKKHJ":5011,"DGIHDADIBAA":6051,"GJBEDNCCMNN":2,"JGLKNNBJEDG":[],"IPMLLPDPHGI":2,"GCPEIOIACDJ":[1,15,9],"AELEBDNFPKO":1,"HFGGMEGJAOC":[1,2,3,4,5],"INOMLAEECHA":"1:2,2:5"},{"difficultyId":29,"difficultyLevel":2,"KAOMBEPGJGM":6,"ELFKFEAKCHL":2,"JELCBFOBKBC":30,"LGICCHMDGID":2,"DCPIHGKBHEJ":6,"CLMNJJOHFFA":2,"OKPCMOKJNOP":100,"NGCNHHLMOIK":60,"AKGOMIPPFMA":1032,"EIOMFBANJJM":2072,"GMPMBFFMMLA":3072,"INCHLPFKKHJ":5012,"DGIHDADIBAA":6052,"GJBEDNCCMNN":2,"JGLKNNBJEDG":[],"IPMLLPDPHGI":2,"GCPEIOIACDJ":[1,15,9],"AELEBDNFPKO":1,"HFGGMEGJAOC":[1,2,3,4,5],"INOMLAEECHA":"1:3,2:8"},{"difficultyId":30,"difficultyLevel":3,"KAOMBEPGJGM":10,"ELFKFEAKCHL":4,"JELCBFOBKBC":30,"LGICCHMDGID":2,"DCPIHGKBHEJ":8,"CLMNJJOHFFA":2,"OKPCMOKJNOP":160,"NGCNHHLMOIK":70,"AKGOMIPPFMA":1033,"EIOMFBANJJM":2073,"GMPMBFFMMLA":3073,"INCHLPFKKHJ":5013,"DGIHDADIBAA":6053,"GJBEDNCCMNN":2,"JGLKNNBJEDG":[],"IPMLLPDPHGI":2,"GCPEIOIACDJ":[1,15,9],"AELEBDNFPKO":1,"HFGGMEGJAOC":[1,2,3,4,5],"INOMLAEECHA":"1:4,2:10"},{"difficultyId":31,"difficultyLevel":4,"KAOMBEPGJGM":16,"ELFKFEAKCHL":4,"JELCBFOBKBC":30,"LGICCHMDGID":2,"DCPIHGKBHEJ":10,"CLMNJJOHFFA":2,"OKPCMOKJNOP":160,"NGCNHHLMOIK":70,"AKGOMIPPFMA":1034,"EIOMFBANJJM":2074,"GMPMBFFMMLA":3074,"INCHLPFKKHJ":5014,"DGIHDADIBAA":6054,"GJBEDNCCMNN":2,"JGLKNNBJEDG":[3],"IPMLLPDPHGI":3,"GCPEIOIACDJ":[1,15,9],"AELEBDNFPKO":1,"HFGGMEGJAOC":[1,2,3,4,5],"INOMLAEECHA":"1:6,2:14"}]