[{"difficultyId":1,"difficultyLevel":1,"HPIJFKCKHHE":4,"LCCECDAFFFH":3,"BAAMHDJGCDH":100,"KHHOLCNHLCK":60,"PDHCIIACDNP":1001,"HEALMBIAOOC":2001,"NAJJKEDHAME":3001,"INBNNOCFADC":5001,"KHLLEBFFIAN":4001,"CPEMGNFKONM":1,"NAGCNFAOLGC":[],"CFKEDKCMOCP":2,"HJIALHHNPFM":[]},{"difficultyId":2,"difficultyLevel":2,"HPIJFKCKHHE":8,"LCCECDAFFFH":6,"JCEEDHBNPNC":1,"BAAMHDJGCDH":100,"KHHOLCNHLCK":60,"PDHCIIACDNP":1002,"HEALMBIAOOC":2002,"NAJJKEDHAME":3002,"INBNNOCFADC":5002,"KHLLEBFFIAN":4001,"CPEMGNFKONM":1,"NAGCNFAOLGC":[],"CFKEDKCMOCP":2,"HJIALHHNPFM":[]},{"difficultyId":3,"difficultyLevel":3,"HPIJFKCKHHE":12,"LCCECDAFFFH":8,"JCEEDHBNPNC":1,"BAAMHDJGCDH":100,"KHHOLCNHLCK":70,"PDHCIIACDNP":1003,"HEALMBIAOOC":2003,"NAJJKEDHAME":3003,"INBNNOCFADC":5003,"KHLLEBFFIAN":4001,"CPEMGNFKONM":1,"NAGCNFAOLGC":[],"CFKEDKCMOCP":2,"HJIALHHNPFM":[]},{"difficultyId":5,"difficultyLevel":1,"HPIJFKCKHHE":4,"LCCECDAFFFH":3,"BAAMHDJGCDH":100,"KHHOLCNHLCK":60,"PDHCIIACDNP":1011,"HEALMBIAOOC":2011,"NAJJKEDHAME":3011,"INBNNOCFADC":5001,"KHLLEBFFIAN":4002,"CPEMGNFKONM":2,"NAGCNFAOLGC":[],"CFKEDKCMOCP":2,"HJIALHHNPFM":[]},{"difficultyId":6,"difficultyLevel":2,"HPIJFKCKHHE":8,"LCCECDAFFFH":6,"JCEEDHBNPNC":1,"BAAMHDJGCDH":100,"KHHOLCNHLCK":60,"PDHCIIACDNP":1012,"HEALMBIAOOC":2012,"NAJJKEDHAME":3012,"INBNNOCFADC":5102,"KHLLEBFFIAN":4002,"CPEMGNFKONM":2,"NAGCNFAOLGC":[],"CFKEDKCMOCP":2,"HJIALHHNPFM":[]},{"difficultyId":7,"difficultyLevel":3,"HPIJFKCKHHE":12,"LCCECDAFFFH":8,"JCEEDHBNPNC":1,"BAAMHDJGCDH":160,"KHHOLCNHLCK":70,"PDHCIIACDNP":1013,"HEALMBIAOOC":2013,"NAJJKEDHAME":3013,"INBNNOCFADC":5103,"KHLLEBFFIAN":4002,"CPEMGNFKONM":2,"NAGCNFAOLGC":[],"CFKEDKCMOCP":2,"HJIALHHNPFM":[]},{"difficultyId":8,"difficultyLevel":1,"HPIJFKCKHHE":2,"IMDGLFMIELD":2,"HNALHFBELCJ":30,"BFFKMBPINCE":2,"LCCECDAFFFH":3,"BAAMHDJGCDH":100,"KHHOLCNHLCK":60,"PDHCIIACDNP":1021,"HEALMBIAOOC":2021,"NAJJKEDHAME":3021,"INBNNOCFADC":5011,"PGEAHMFDEED":6001,"CPEMGNFKONM":2,"NAGCNFAOLGC":[],"CFKEDKCMOCP":2,"HJIALHHNPFM":[1,2,3],"GKFACKEOBBN":1},{"difficultyId":9,"difficultyLevel":2,"HPIJFKCKHHE":6,"IMDGLFMIELD":2,"HNALHFBELCJ":30,"BFFKMBPINCE":2,"LCCECDAFFFH":6,"JCEEDHBNPNC":2,"BAAMHDJGCDH":100,"KHHOLCNHLCK":60,"PDHCIIACDNP":1022,"HEALMBIAOOC":2022,"NAJJKEDHAME":3022,"INBNNOCFADC":5012,"PGEAHMFDEED":6002,"CPEMGNFKONM":2,"NAGCNFAOLGC":[],"CFKEDKCMOCP":2,"HJIALHHNPFM":[1,2,3],"GKFACKEOBBN":1},{"difficultyId":10,"difficultyLevel":3,"HPIJFKCKHHE":10,"IMDGLFMIELD":4,"HNALHFBELCJ":30,"BFFKMBPINCE":2,"LCCECDAFFFH":8,"JCEEDHBNPNC":2,"BAAMHDJGCDH":160,"KHHOLCNHLCK":70,"PDHCIIACDNP":1023,"HEALMBIAOOC":2023,"NAJJKEDHAME":3023,"INBNNOCFADC":5013,"PGEAHMFDEED":6003,"CPEMGNFKONM":2,"NAGCNFAOLGC":[],"CFKEDKCMOCP":2,"HJIALHHNPFM":[1,2,3],"GKFACKEOBBN":1},{"difficultyId":11,"difficultyLevel":4,"HPIJFKCKHHE":16,"IMDGLFMIELD":4,"HNALHFBELCJ":30,"BFFKMBPINCE":2,"LCCECDAFFFH":10,"JCEEDHBNPNC":2,"BAAMHDJGCDH":160,"KHHOLCNHLCK":70,"PDHCIIACDNP":1024,"HEALMBIAOOC":2024,"NAJJKEDHAME":3024,"INBNNOCFADC":5014,"PGEAHMFDEED":6004,"CPEMGNFKONM":2,"NAGCNFAOLGC":[3],"CFKEDKCMOCP":3,"HJIALHHNPFM":[1,2,3],"GKFACKEOBBN":1},{"difficultyId":12,"difficultyLevel":1,"HPIJFKCKHHE":2,"IMDGLFMIELD":2,"HNALHFBELCJ":30,"BFFKMBPINCE":2,"LCCECDAFFFH":3,"BAAMHDJGCDH":100,"KHHOLCNHLCK":60,"PDHCIIACDNP":1021,"HEALMBIAOOC":2031,"NAJJKEDHAME":3031,"INBNNOCFADC":5011,"PGEAHMFDEED":6011,"CPEMGNFKONM":2,"NAGCNFAOLGC":[],"CFKEDKCMOCP":2,"HJIALHHNPFM":[4,5,6],"GKFACKEOBBN":1},{"difficultyId":13,"difficultyLevel":2,"HPIJFKCKHHE":6,"IMDGLFMIELD":2,"HNALHFBELCJ":30,"BFFKMBPINCE":2,"LCCECDAFFFH":6,"JCEEDHBNPNC":2,"BAAMHDJGCDH":100,"KHHOLCNHLCK":60,"PDHCIIACDNP":1022,"HEALMBIAOOC":2032,"NAJJKEDHAME":3032,"INBNNOCFADC":5012,"PGEAHMFDEED":6012,"CPEMGNFKONM":2,"NAGCNFAOLGC":[],"CFKEDKCMOCP":2,"HJIALHHNPFM":[4,5,6],"GKFACKEOBBN":1},{"difficultyId":14,"difficultyLevel":3,"HPIJFKCKHHE":10,"IMDGLFMIELD":4,"HNALHFBELCJ":30,"BFFKMBPINCE":2,"LCCECDAFFFH":8,"JCEEDHBNPNC":2,"BAAMHDJGCDH":160,"KHHOLCNHLCK":70,"PDHCIIACDNP":1023,"HEALMBIAOOC":2033,"NAJJKEDHAME":3033,"INBNNOCFADC":5013,"PGEAHMFDEED":6013,"CPEMGNFKONM":2,"NAGCNFAOLGC":[],"CFKEDKCMOCP":2,"HJIALHHNPFM":[4,5,6],"GKFACKEOBBN":1},{"difficultyId":15,"difficultyLevel":4,"HPIJFKCKHHE":16,"IMDGLFMIELD":4,"HNALHFBELCJ":30,"BFFKMBPINCE":2,"LCCECDAFFFH":10,"JCEEDHBNPNC":2,"BAAMHDJGCDH":160,"KHHOLCNHLCK":70,"PDHCIIACDNP":1024,"HEALMBIAOOC":2034,"NAJJKEDHAME":3034,"INBNNOCFADC":5014,"PGEAHMFDEED":6014,"CPEMGNFKONM":2,"NAGCNFAOLGC":[3],"CFKEDKCMOCP":3,"HJIALHHNPFM":[4,5,6],"GKFACKEOBBN":1}]