{"1":{"BDKFNGAGLLB":[],"CJAOFEOJGEP":0,"CLJJEAEHAOA":0,"CPBEHDLJOHN":[],"DBFANNLDFPL":5001,"DCIFIGNNNFN":2001,"difficultyId":1,"difficultyLevel":1,"EFBBFGNNDPM":1001,"EHGFDOJKHMF":4001,"ELCBIGPJANF":3,"HFMPGACBOCJ":1,"HPFJMHIPJGM":0,"ILOAPEPAMDD":0,"JCJOHAIIOEJ":0,"JFHCEIILBPK":"","JINLFDJAACM":60,"LDKONJNBKBH":0,"LKJAJDLLJJE":3001,"MAEFIFIJCGC":[],"MDFNEMLLALM":false,"NAIMEIBNDCM":4,"OPHEEFNLNKE":0,"PLAKCFIEKFI":2,"PNJGMJHMGAL":0,"POOHIJNIOFB":100,"PPABHCMIEOP":0},"2":{"BDKFNGAGLLB":[],"CJAOFEOJGEP":0,"CLJJEAEHAOA":0,"CPBEHDLJOHN":[],"DBFANNLDFPL":5002,"DCIFIGNNNFN":2002,"difficultyId":2,"difficultyLevel":2,"EFBBFGNNDPM":1002,"EHGFDOJKHMF":4001,"ELCBIGPJANF":6,"HFMPGACBOCJ":1,"HPFJMHIPJGM":0,"ILOAPEPAMDD":0,"JCJOHAIIOEJ":0,"JFHCEIILBPK":"","JINLFDJAACM":60,"LDKONJNBKBH":0,"LKJAJDLLJJE":3002,"MAEFIFIJCGC":[],"MDFNEMLLALM":false,"NAIMEIBNDCM":8,"OPHEEFNLNKE":0,"PLAKCFIEKFI":2,"PNJGMJHMGAL":1,"POOHIJNIOFB":100,"PPABHCMIEOP":0},"3":{"BDKFNGAGLLB":[],"CJAOFEOJGEP":0,"CLJJEAEHAOA":0,"CPBEHDLJOHN":[],"DBFANNLDFPL":5003,"DCIFIGNNNFN":2003,"difficultyId":3,"difficultyLevel":3,"EFBBFGNNDPM":1003,"EHGFDOJKHMF":4001,"ELCBIGPJANF":8,"HFMPGACBOCJ":1,"HPFJMHIPJGM":0,"ILOAPEPAMDD":0,"JCJOHAIIOEJ":0,"JFHCEIILBPK":"","JINLFDJAACM":70,"LDKONJNBKBH":0,"LKJAJDLLJJE":3003,"MAEFIFIJCGC":[],"MDFNEMLLALM":false,"NAIMEIBNDCM":12,"OPHEEFNLNKE":0,"PLAKCFIEKFI":2,"PNJGMJHMGAL":1,"POOHIJNIOFB":100,"PPABHCMIEOP":0},"5":{"BDKFNGAGLLB":[],"CJAOFEOJGEP":0,"CLJJEAEHAOA":0,"CPBEHDLJOHN":[],"DBFANNLDFPL":5001,"DCIFIGNNNFN":2011,"difficultyId":5,"difficultyLevel":1,"EFBBFGNNDPM":1011,"EHGFDOJKHMF":4002,"ELCBIGPJANF":3,"HFMPGACBOCJ":2,"HPFJMHIPJGM":0,"ILOAPEPAMDD":0,"JCJOHAIIOEJ":0,"JFHCEIILBPK":"","JINLFDJAACM":60,"LDKONJNBKBH":0,"LKJAJDLLJJE":3011,"MAEFIFIJCGC":[],"MDFNEMLLALM":false,"NAIMEIBNDCM":4,"OPHEEFNLNKE":0,"PLAKCFIEKFI":2,"PNJGMJHMGAL":0,"POOHIJNIOFB":100,"PPABHCMIEOP":0},"6":{"BDKFNGAGLLB":[],"CJAOFEOJGEP":0,"CLJJEAEHAOA":0,"CPBEHDLJOHN":[],"DBFANNLDFPL":5102,"DCIFIGNNNFN":2012,"difficultyId":6,"difficultyLevel":2,"EFBBFGNNDPM":1012,"EHGFDOJKHMF":4002,"ELCBIGPJANF":6,"HFMPGACBOCJ":2,"HPFJMHIPJGM":0,"ILOAPEPAMDD":0,"JCJOHAIIOEJ":0,"JFHCEIILBPK":"","JINLFDJAACM":60,"LDKONJNBKBH":0,"LKJAJDLLJJE":3012,"MAEFIFIJCGC":[],"MDFNEMLLALM":false,"NAIMEIBNDCM":8,"OPHEEFNLNKE":0,"PLAKCFIEKFI":2,"PNJGMJHMGAL":1,"POOHIJNIOFB":100,"PPABHCMIEOP":0},"7":{"BDKFNGAGLLB":[],"CJAOFEOJGEP":0,"CLJJEAEHAOA":0,"CPBEHDLJOHN":[],"DBFANNLDFPL":5103,"DCIFIGNNNFN":2013,"difficultyId":7,"difficultyLevel":3,"EFBBFGNNDPM":1013,"EHGFDOJKHMF":4002,"ELCBIGPJANF":8,"HFMPGACBOCJ":2,"HPFJMHIPJGM":0,"ILOAPEPAMDD":0,"JCJOHAIIOEJ":0,"JFHCEIILBPK":"","JINLFDJAACM":70,"LDKONJNBKBH":0,"LKJAJDLLJJE":3013,"MAEFIFIJCGC":[],"MDFNEMLLALM":false,"NAIMEIBNDCM":12,"OPHEEFNLNKE":0,"PLAKCFIEKFI":2,"PNJGMJHMGAL":1,"POOHIJNIOFB":160,"PPABHCMIEOP":0},"8":{"BDKFNGAGLLB":[],"CJAOFEOJGEP":0,"CLJJEAEHAOA":1,"CPBEHDLJOHN":[],"DBFANNLDFPL":5011,"DCIFIGNNNFN":2021,"difficultyId":8,"difficultyLevel":1,"EFBBFGNNDPM":1021,"EHGFDOJKHMF":0,"ELCBIGPJANF":3,"HFMPGACBOCJ":2,"HPFJMHIPJGM":2,"ILOAPEPAMDD":2,"JCJOHAIIOEJ":30,"JFHCEIILBPK":"","JINLFDJAACM":60,"LDKONJNBKBH":6001,"LKJAJDLLJJE":3021,"MAEFIFIJCGC":[1,2,3],"MDFNEMLLALM":false,"NAIMEIBNDCM":2,"OPHEEFNLNKE":0,"PLAKCFIEKFI":2,"PNJGMJHMGAL":0,"POOHIJNIOFB":100,"PPABHCMIEOP":0},"9":{"BDKFNGAGLLB":[],"CJAOFEOJGEP":0,"CLJJEAEHAOA":1,"CPBEHDLJOHN":[],"DBFANNLDFPL":5012,"DCIFIGNNNFN":2022,"difficultyId":9,"difficultyLevel":2,"EFBBFGNNDPM":1022,"EHGFDOJKHMF":0,"ELCBIGPJANF":6,"HFMPGACBOCJ":2,"HPFJMHIPJGM":2,"ILOAPEPAMDD":2,"JCJOHAIIOEJ":30,"JFHCEIILBPK":"","JINLFDJAACM":60,"LDKONJNBKBH":6002,"LKJAJDLLJJE":3022,"MAEFIFIJCGC":[1,2,3],"MDFNEMLLALM":false,"NAIMEIBNDCM":6,"OPHEEFNLNKE":0,"PLAKCFIEKFI":2,"PNJGMJHMGAL":2,"POOHIJNIOFB":100,"PPABHCMIEOP":0},"10":{"BDKFNGAGLLB":[],"CJAOFEOJGEP":0,"CLJJEAEHAOA":1,"CPBEHDLJOHN":[],"DBFANNLDFPL":5013,"DCIFIGNNNFN":2023,"difficultyId":10,"difficultyLevel":3,"EFBBFGNNDPM":1023,"EHGFDOJKHMF":0,"ELCBIGPJANF":8,"HFMPGACBOCJ":2,"HPFJMHIPJGM":4,"ILOAPEPAMDD":2,"JCJOHAIIOEJ":30,"JFHCEIILBPK":"","JINLFDJAACM":70,"LDKONJNBKBH":6003,"LKJAJDLLJJE":3023,"MAEFIFIJCGC":[1,2,3],"MDFNEMLLALM":false,"NAIMEIBNDCM":10,"OPHEEFNLNKE":0,"PLAKCFIEKFI":2,"PNJGMJHMGAL":2,"POOHIJNIOFB":160,"PPABHCMIEOP":0},"11":{"BDKFNGAGLLB":[3],"CJAOFEOJGEP":0,"CLJJEAEHAOA":1,"CPBEHDLJOHN":[],"DBFANNLDFPL":5014,"DCIFIGNNNFN":2024,"difficultyId":11,"difficultyLevel":4,"EFBBFGNNDPM":1024,"EHGFDOJKHMF":0,"ELCBIGPJANF":10,"HFMPGACBOCJ":2,"HPFJMHIPJGM":4,"ILOAPEPAMDD":2,"JCJOHAIIOEJ":30,"JFHCEIILBPK":"","JINLFDJAACM":70,"LDKONJNBKBH":6004,"LKJAJDLLJJE":3024,"MAEFIFIJCGC":[1,2,3],"MDFNEMLLALM":false,"NAIMEIBNDCM":16,"OPHEEFNLNKE":0,"PLAKCFIEKFI":3,"PNJGMJHMGAL":2,"POOHIJNIOFB":160,"PPABHCMIEOP":0},"12":{"BDKFNGAGLLB":[],"CJAOFEOJGEP":0,"CLJJEAEHAOA":1,"CPBEHDLJOHN":[],"DBFANNLDFPL":5011,"DCIFIGNNNFN":2031,"difficultyId":12,"difficultyLevel":1,"EFBBFGNNDPM":1021,"EHGFDOJKHMF":0,"ELCBIGPJANF":3,"HFMPGACBOCJ":2,"HPFJMHIPJGM":2,"ILOAPEPAMDD":2,"JCJOHAIIOEJ":30,"JFHCEIILBPK":"","JINLFDJAACM":60,"LDKONJNBKBH":6011,"LKJAJDLLJJE":3031,"MAEFIFIJCGC":[4,5,6],"MDFNEMLLALM":false,"NAIMEIBNDCM":2,"OPHEEFNLNKE":0,"PLAKCFIEKFI":2,"PNJGMJHMGAL":0,"POOHIJNIOFB":100,"PPABHCMIEOP":0},"13":{"BDKFNGAGLLB":[],"CJAOFEOJGEP":0,"CLJJEAEHAOA":1,"CPBEHDLJOHN":[],"DBFANNLDFPL":5012,"DCIFIGNNNFN":2032,"difficultyId":13,"difficultyLevel":2,"EFBBFGNNDPM":1022,"EHGFDOJKHMF":0,"ELCBIGPJANF":6,"HFMPGACBOCJ":2,"HPFJMHIPJGM":2,"ILOAPEPAMDD":2,"JCJOHAIIOEJ":30,"JFHCEIILBPK":"","JINLFDJAACM":60,"LDKONJNBKBH":6012,"LKJAJDLLJJE":3032,"MAEFIFIJCGC":[4,5,6],"MDFNEMLLALM":false,"NAIMEIBNDCM":6,"OPHEEFNLNKE":0,"PLAKCFIEKFI":2,"PNJGMJHMGAL":2,"POOHIJNIOFB":100,"PPABHCMIEOP":0},"14":{"BDKFNGAGLLB":[],"CJAOFEOJGEP":0,"CLJJEAEHAOA":1,"CPBEHDLJOHN":[],"DBFANNLDFPL":5013,"DCIFIGNNNFN":2033,"difficultyId":14,"difficultyLevel":3,"EFBBFGNNDPM":1023,"EHGFDOJKHMF":0,"ELCBIGPJANF":8,"HFMPGACBOCJ":2,"HPFJMHIPJGM":4,"ILOAPEPAMDD":2,"JCJOHAIIOEJ":30,"JFHCEIILBPK":"","JINLFDJAACM":70,"LDKONJNBKBH":6013,"LKJAJDLLJJE":3033,"MAEFIFIJCGC":[4,5,6],"MDFNEMLLALM":false,"NAIMEIBNDCM":10,"OPHEEFNLNKE":0,"PLAKCFIEKFI":2,"PNJGMJHMGAL":2,"POOHIJNIOFB":160,"PPABHCMIEOP":0},"15":{"BDKFNGAGLLB":[3],"CJAOFEOJGEP":0,"CLJJEAEHAOA":1,"CPBEHDLJOHN":[],"DBFANNLDFPL":5014,"DCIFIGNNNFN":2034,"difficultyId":15,"difficultyLevel":4,"EFBBFGNNDPM":1024,"EHGFDOJKHMF":0,"ELCBIGPJANF":10,"HFMPGACBOCJ":2,"HPFJMHIPJGM":4,"ILOAPEPAMDD":2,"JCJOHAIIOEJ":30,"JFHCEIILBPK":"","JINLFDJAACM":70,"LDKONJNBKBH":6014,"LKJAJDLLJJE":3034,"MAEFIFIJCGC":[4,5,6],"MDFNEMLLALM":false,"NAIMEIBNDCM":16,"OPHEEFNLNKE":0,"PLAKCFIEKFI":3,"PNJGMJHMGAL":2,"POOHIJNIOFB":160,"PPABHCMIEOP":0},"16":{"BDKFNGAGLLB":[],"CJAOFEOJGEP":0,"CLJJEAEHAOA":1,"CPBEHDLJOHN":[1,2,3,4,5],"DBFANNLDFPL":5011,"DCIFIGNNNFN":2041,"difficultyId":16,"difficultyLevel":1,"EFBBFGNNDPM":1031,"EHGFDOJKHMF":0,"ELCBIGPJANF":3,"HFMPGACBOCJ":2,"HPFJMHIPJGM":2,"ILOAPEPAMDD":2,"JCJOHAIIOEJ":30,"JFHCEIILBPK":"1:2,2:5","JINLFDJAACM":60,"LDKONJNBKBH":6021,"LKJAJDLLJJE":3041,"MAEFIFIJCGC":[3,8,7],"MDFNEMLLALM":false,"NAIMEIBNDCM":2,"OPHEEFNLNKE":0,"PLAKCFIEKFI":2,"PNJGMJHMGAL":0,"POOHIJNIOFB":100,"PPABHCMIEOP":0},"17":{"BDKFNGAGLLB":[],"CJAOFEOJGEP":0,"CLJJEAEHAOA":1,"CPBEHDLJOHN":[1,2,3,4,5],"DBFANNLDFPL":5012,"DCIFIGNNNFN":2042,"difficultyId":17,"difficultyLevel":2,"EFBBFGNNDPM":1032,"EHGFDOJKHMF":0,"ELCBIGPJANF":6,"HFMPGACBOCJ":2,"HPFJMHIPJGM":2,"ILOAPEPAMDD":2,"JCJOHAIIOEJ":30,"JFHCEIILBPK":"1:3,2:8","JINLFDJAACM":60,"LDKONJNBKBH":6022,"LKJAJDLLJJE":3042,"MAEFIFIJCGC":[3,8,7],"MDFNEMLLALM":false,"NAIMEIBNDCM":6,"OPHEEFNLNKE":0,"PLAKCFIEKFI":2,"PNJGMJHMGAL":2,"POOHIJNIOFB":100,"PPABHCMIEOP":0},"18":{"BDKFNGAGLLB":[],"CJAOFEOJGEP":0,"CLJJEAEHAOA":1,"CPBEHDLJOHN":[1,2,3,4,5],"DBFANNLDFPL":5013,"DCIFIGNNNFN":2043,"difficultyId":18,"difficultyLevel":3,"EFBBFGNNDPM":1033,"EHGFDOJKHMF":0,"ELCBIGPJANF":8,"HFMPGACBOCJ":2,"HPFJMHIPJGM":4,"ILOAPEPAMDD":2,"JCJOHAIIOEJ":30,"JFHCEIILBPK":"1:4,2:10","JINLFDJAACM":70,"LDKONJNBKBH":6023,"LKJAJDLLJJE":3043,"MAEFIFIJCGC":[3,8,7],"MDFNEMLLALM":false,"NAIMEIBNDCM":10,"OPHEEFNLNKE":0,"PLAKCFIEKFI":2,"PNJGMJHMGAL":2,"POOHIJNIOFB":160,"PPABHCMIEOP":0},"19":{"BDKFNGAGLLB":[3],"CJAOFEOJGEP":0,"CLJJEAEHAOA":1,"CPBEHDLJOHN":[1,2,3,4,5],"DBFANNLDFPL":5014,"DCIFIGNNNFN":2044,"difficultyId":19,"difficultyLevel":4,"EFBBFGNNDPM":1034,"EHGFDOJKHMF":0,"ELCBIGPJANF":10,"HFMPGACBOCJ":2,"HPFJMHIPJGM":4,"ILOAPEPAMDD":2,"JCJOHAIIOEJ":30,"JFHCEIILBPK":"1:6,2:14","JINLFDJAACM":70,"LDKONJNBKBH":6024,"LKJAJDLLJJE":3044,"MAEFIFIJCGC":[3,8,7],"MDFNEMLLALM":false,"NAIMEIBNDCM":16,"OPHEEFNLNKE":0,"PLAKCFIEKFI":3,"PNJGMJHMGAL":2,"POOHIJNIOFB":160,"PPABHCMIEOP":0},"20":{"BDKFNGAGLLB":[],"CJAOFEOJGEP":0,"CLJJEAEHAOA":1,"CPBEHDLJOHN":[1,2,3,4,5],"DBFANNLDFPL":5011,"DCIFIGNNNFN":2051,"difficultyId":20,"difficultyLevel":1,"EFBBFGNNDPM":1031,"EHGFDOJKHMF":0,"ELCBIGPJANF":3,"HFMPGACBOCJ":2,"HPFJMHIPJGM":2,"ILOAPEPAMDD":2,"JCJOHAIIOEJ":30,"JFHCEIILBPK":"1:2,2:5","JINLFDJAACM":60,"LDKONJNBKBH":6041,"LKJAJDLLJJE":3051,"MAEFIFIJCGC":[9,10,11],"MDFNEMLLALM":false,"NAIMEIBNDCM":2,"OPHEEFNLNKE":0,"PLAKCFIEKFI":2,"PNJGMJHMGAL":0,"POOHIJNIOFB":100,"PPABHCMIEOP":0},"21":{"BDKFNGAGLLB":[],"CJAOFEOJGEP":0,"CLJJEAEHAOA":1,"CPBEHDLJOHN":[1,2,3,4,5],"DBFANNLDFPL":5012,"DCIFIGNNNFN":2052,"difficultyId":21,"difficultyLevel":2,"EFBBFGNNDPM":1032,"EHGFDOJKHMF":0,"ELCBIGPJANF":6,"HFMPGACBOCJ":2,"HPFJMHIPJGM":2,"ILOAPEPAMDD":2,"JCJOHAIIOEJ":30,"JFHCEIILBPK":"1:3,2:8","JINLFDJAACM":60,"LDKONJNBKBH":6042,"LKJAJDLLJJE":3052,"MAEFIFIJCGC":[9,10,11],"MDFNEMLLALM":false,"NAIMEIBNDCM":6,"OPHEEFNLNKE":0,"PLAKCFIEKFI":2,"PNJGMJHMGAL":2,"POOHIJNIOFB":100,"PPABHCMIEOP":0},"22":{"BDKFNGAGLLB":[],"CJAOFEOJGEP":0,"CLJJEAEHAOA":1,"CPBEHDLJOHN":[1,2,3,4,5],"DBFANNLDFPL":5013,"DCIFIGNNNFN":2053,"difficultyId":22,"difficultyLevel":3,"EFBBFGNNDPM":1033,"EHGFDOJKHMF":0,"ELCBIGPJANF":8,"HFMPGACBOCJ":2,"HPFJMHIPJGM":4,"ILOAPEPAMDD":2,"JCJOHAIIOEJ":30,"JFHCEIILBPK":"1:4,2:10","JINLFDJAACM":70,"LDKONJNBKBH":6043,"LKJAJDLLJJE":3053,"MAEFIFIJCGC":[9,10,11],"MDFNEMLLALM":false,"NAIMEIBNDCM":10,"OPHEEFNLNKE":0,"PLAKCFIEKFI":2,"PNJGMJHMGAL":2,"POOHIJNIOFB":160,"PPABHCMIEOP":0},"23":{"BDKFNGAGLLB":[3],"CJAOFEOJGEP":0,"CLJJEAEHAOA":1,"CPBEHDLJOHN":[1,2,3,4,5],"DBFANNLDFPL":5014,"DCIFIGNNNFN":2054,"difficultyId":23,"difficultyLevel":4,"EFBBFGNNDPM":1034,"EHGFDOJKHMF":0,"ELCBIGPJANF":10,"HFMPGACBOCJ":2,"HPFJMHIPJGM":4,"ILOAPEPAMDD":2,"JCJOHAIIOEJ":30,"JFHCEIILBPK":"1:6,2:14","JINLFDJAACM":70,"LDKONJNBKBH":6044,"LKJAJDLLJJE":3054,"MAEFIFIJCGC":[9,10,11],"MDFNEMLLALM":false,"NAIMEIBNDCM":16,"OPHEEFNLNKE":0,"PLAKCFIEKFI":3,"PNJGMJHMGAL":2,"POOHIJNIOFB":160,"PPABHCMIEOP":0},"24":{"BDKFNGAGLLB":[],"CJAOFEOJGEP":0,"CLJJEAEHAOA":1,"CPBEHDLJOHN":[1,2,3,4,5],"DBFANNLDFPL":5011,"DCIFIGNNNFN":2061,"difficultyId":24,"difficultyLevel":1,"EFBBFGNNDPM":1031,"EHGFDOJKHMF":0,"ELCBIGPJANF":3,"HFMPGACBOCJ":2,"HPFJMHIPJGM":2,"ILOAPEPAMDD":2,"JCJOHAIIOEJ":30,"JFHCEIILBPK":"1:2,2:5","JINLFDJAACM":60,"LDKONJNBKBH":6031,"LKJAJDLLJJE":3061,"MAEFIFIJCGC":[12,13,14],"MDFNEMLLALM":false,"NAIMEIBNDCM":2,"OPHEEFNLNKE":0,"PLAKCFIEKFI":2,"PNJGMJHMGAL":0,"POOHIJNIOFB":100,"PPABHCMIEOP":0},"25":{"BDKFNGAGLLB":[],"CJAOFEOJGEP":0,"CLJJEAEHAOA":1,"CPBEHDLJOHN":[1,2,3,4,5],"DBFANNLDFPL":5012,"DCIFIGNNNFN":2062,"difficultyId":25,"difficultyLevel":2,"EFBBFGNNDPM":1032,"EHGFDOJKHMF":0,"ELCBIGPJANF":6,"HFMPGACBOCJ":2,"HPFJMHIPJGM":2,"ILOAPEPAMDD":2,"JCJOHAIIOEJ":30,"JFHCEIILBPK":"1:3,2:8","JINLFDJAACM":60,"LDKONJNBKBH":6032,"LKJAJDLLJJE":3062,"MAEFIFIJCGC":[12,13,14],"MDFNEMLLALM":false,"NAIMEIBNDCM":6,"OPHEEFNLNKE":0,"PLAKCFIEKFI":2,"PNJGMJHMGAL":2,"POOHIJNIOFB":100,"PPABHCMIEOP":0},"26":{"BDKFNGAGLLB":[],"CJAOFEOJGEP":0,"CLJJEAEHAOA":1,"CPBEHDLJOHN":[1,2,3,4,5],"DBFANNLDFPL":5013,"DCIFIGNNNFN":2063,"difficultyId":26,"difficultyLevel":3,"EFBBFGNNDPM":1033,"EHGFDOJKHMF":0,"ELCBIGPJANF":8,"HFMPGACBOCJ":2,"HPFJMHIPJGM":4,"ILOAPEPAMDD":2,"JCJOHAIIOEJ":30,"JFHCEIILBPK":"1:4,2:10","JINLFDJAACM":70,"LDKONJNBKBH":6033,"LKJAJDLLJJE":3063,"MAEFIFIJCGC":[12,13,14],"MDFNEMLLALM":false,"NAIMEIBNDCM":10,"OPHEEFNLNKE":0,"PLAKCFIEKFI":2,"PNJGMJHMGAL":2,"POOHIJNIOFB":160,"PPABHCMIEOP":0},"27":{"BDKFNGAGLLB":[3],"CJAOFEOJGEP":0,"CLJJEAEHAOA":1,"CPBEHDLJOHN":[1,2,3,4,5],"DBFANNLDFPL":5014,"DCIFIGNNNFN":2064,"difficultyId":27,"difficultyLevel":4,"EFBBFGNNDPM":1034,"EHGFDOJKHMF":0,"ELCBIGPJANF":10,"HFMPGACBOCJ":2,"HPFJMHIPJGM":4,"ILOAPEPAMDD":2,"JCJOHAIIOEJ":30,"JFHCEIILBPK":"1:6,2:14","JINLFDJAACM":70,"LDKONJNBKBH":6034,"LKJAJDLLJJE":3064,"MAEFIFIJCGC":[12,13,14],"MDFNEMLLALM":false,"NAIMEIBNDCM":16,"OPHEEFNLNKE":0,"PLAKCFIEKFI":3,"PNJGMJHMGAL":2,"POOHIJNIOFB":160,"PPABHCMIEOP":0},"28":{"BDKFNGAGLLB":[],"CJAOFEOJGEP":0,"CLJJEAEHAOA":1,"CPBEHDLJOHN":[1,2,3,4,5],"DBFANNLDFPL":5011,"DCIFIGNNNFN":2071,"difficultyId":28,"difficultyLevel":1,"EFBBFGNNDPM":1031,"EHGFDOJKHMF":0,"ELCBIGPJANF":3,"HFMPGACBOCJ":2,"HPFJMHIPJGM":2,"ILOAPEPAMDD":2,"JCJOHAIIOEJ":30,"JFHCEIILBPK":"1:2,2:5","JINLFDJAACM":60,"LDKONJNBKBH":6051,"LKJAJDLLJJE":3071,"MAEFIFIJCGC":[1,15,9],"MDFNEMLLALM":false,"NAIMEIBNDCM":2,"OPHEEFNLNKE":0,"PLAKCFIEKFI":2,"PNJGMJHMGAL":0,"POOHIJNIOFB":100,"PPABHCMIEOP":0},"29":{"BDKFNGAGLLB":[],"CJAOFEOJGEP":0,"CLJJEAEHAOA":1,"CPBEHDLJOHN":[1,2,3,4,5],"DBFANNLDFPL":5012,"DCIFIGNNNFN":2072,"difficultyId":29,"difficultyLevel":2,"EFBBFGNNDPM":1032,"EHGFDOJKHMF":0,"ELCBIGPJANF":6,"HFMPGACBOCJ":2,"HPFJMHIPJGM":2,"ILOAPEPAMDD":2,"JCJOHAIIOEJ":30,"JFHCEIILBPK":"1:3,2:8","JINLFDJAACM":60,"LDKONJNBKBH":6052,"LKJAJDLLJJE":3072,"MAEFIFIJCGC":[1,15,9],"MDFNEMLLALM":false,"NAIMEIBNDCM":6,"OPHEEFNLNKE":0,"PLAKCFIEKFI":2,"PNJGMJHMGAL":2,"POOHIJNIOFB":100,"PPABHCMIEOP":0},"30":{"BDKFNGAGLLB":[],"CJAOFEOJGEP":0,"CLJJEAEHAOA":1,"CPBEHDLJOHN":[1,2,3,4,5],"DBFANNLDFPL":5013,"DCIFIGNNNFN":2073,"difficultyId":30,"difficultyLevel":3,"EFBBFGNNDPM":1033,"EHGFDOJKHMF":0,"ELCBIGPJANF":8,"HFMPGACBOCJ":2,"HPFJMHIPJGM":4,"ILOAPEPAMDD":2,"JCJOHAIIOEJ":30,"JFHCEIILBPK":"1:4,2:10","JINLFDJAACM":70,"LDKONJNBKBH":6053,"LKJAJDLLJJE":3073,"MAEFIFIJCGC":[1,15,9],"MDFNEMLLALM":false,"NAIMEIBNDCM":10,"OPHEEFNLNKE":0,"PLAKCFIEKFI":2,"PNJGMJHMGAL":2,"POOHIJNIOFB":160,"PPABHCMIEOP":0},"31":{"BDKFNGAGLLB":[3],"CJAOFEOJGEP":0,"CLJJEAEHAOA":1,"CPBEHDLJOHN":[1,2,3,4,5],"DBFANNLDFPL":5014,"DCIFIGNNNFN":2074,"difficultyId":31,"difficultyLevel":4,"EFBBFGNNDPM":1034,"EHGFDOJKHMF":0,"ELCBIGPJANF":10,"HFMPGACBOCJ":2,"HPFJMHIPJGM":4,"ILOAPEPAMDD":2,"JCJOHAIIOEJ":30,"JFHCEIILBPK":"1:6,2:14","JINLFDJAACM":70,"LDKONJNBKBH":6054,"LKJAJDLLJJE":3074,"MAEFIFIJCGC":[1,15,9],"MDFNEMLLALM":false,"NAIMEIBNDCM":16,"OPHEEFNLNKE":0,"PLAKCFIEKFI":3,"PNJGMJHMGAL":2,"POOHIJNIOFB":160,"PPABHCMIEOP":0},"32":{"BDKFNGAGLLB":[],"CJAOFEOJGEP":0,"CLJJEAEHAOA":1,"CPBEHDLJOHN":[1,2,3,4,5],"DBFANNLDFPL":5011,"DCIFIGNNNFN":2081,"difficultyId":32,"difficultyLevel":1,"EFBBFGNNDPM":1031,"EHGFDOJKHMF":0,"ELCBIGPJANF":3,"HFMPGACBOCJ":2,"HPFJMHIPJGM":2,"ILOAPEPAMDD":2,"JCJOHAIIOEJ":30,"JFHCEIILBPK":"1:2,2:5","JINLFDJAACM":60,"LDKONJNBKBH":6061,"LKJAJDLLJJE":3081,"MAEFIFIJCGC":[16,11,17],"MDFNEMLLALM":false,"NAIMEIBNDCM":2,"OPHEEFNLNKE":0,"PLAKCFIEKFI":2,"PNJGMJHMGAL":0,"POOHIJNIOFB":100,"PPABHCMIEOP":0},"33":{"BDKFNGAGLLB":[],"CJAOFEOJGEP":0,"CLJJEAEHAOA":1,"CPBEHDLJOHN":[1,2,3,4,5],"DBFANNLDFPL":5012,"DCIFIGNNNFN":2082,"difficultyId":33,"difficultyLevel":2,"EFBBFGNNDPM":1032,"EHGFDOJKHMF":0,"ELCBIGPJANF":6,"HFMPGACBOCJ":2,"HPFJMHIPJGM":2,"ILOAPEPAMDD":2,"JCJOHAIIOEJ":30,"JFHCEIILBPK":"1:3,2:8","JINLFDJAACM":60,"LDKONJNBKBH":6062,"LKJAJDLLJJE":3082,"MAEFIFIJCGC":[16,11,17],"MDFNEMLLALM":false,"NAIMEIBNDCM":6,"OPHEEFNLNKE":0,"PLAKCFIEKFI":2,"PNJGMJHMGAL":2,"POOHIJNIOFB":100,"PPABHCMIEOP":0},"34":{"BDKFNGAGLLB":[],"CJAOFEOJGEP":0,"CLJJEAEHAOA":1,"CPBEHDLJOHN":[1,2,3,4,5],"DBFANNLDFPL":5013,"DCIFIGNNNFN":2083,"difficultyId":34,"difficultyLevel":3,"EFBBFGNNDPM":1033,"EHGFDOJKHMF":0,"ELCBIGPJANF":8,"HFMPGACBOCJ":2,"HPFJMHIPJGM":4,"ILOAPEPAMDD":2,"JCJOHAIIOEJ":30,"JFHCEIILBPK":"1:4,2:10","JINLFDJAACM":70,"LDKONJNBKBH":6063,"LKJAJDLLJJE":3083,"MAEFIFIJCGC":[16,11,17],"MDFNEMLLALM":false,"NAIMEIBNDCM":10,"OPHEEFNLNKE":0,"PLAKCFIEKFI":2,"PNJGMJHMGAL":2,"POOHIJNIOFB":160,"PPABHCMIEOP":0},"35":{"BDKFNGAGLLB":[3],"CJAOFEOJGEP":0,"CLJJEAEHAOA":1,"CPBEHDLJOHN":[1,2,3,4,5],"DBFANNLDFPL":5014,"DCIFIGNNNFN":2084,"difficultyId":35,"difficultyLevel":4,"EFBBFGNNDPM":1034,"EHGFDOJKHMF":0,"ELCBIGPJANF":10,"HFMPGACBOCJ":2,"HPFJMHIPJGM":4,"ILOAPEPAMDD":2,"JCJOHAIIOEJ":30,"JFHCEIILBPK":"1:6,2:14","JINLFDJAACM":70,"LDKONJNBKBH":6064,"LKJAJDLLJJE":3084,"MAEFIFIJCGC":[16,11,17],"MDFNEMLLALM":false,"NAIMEIBNDCM":16,"OPHEEFNLNKE":0,"PLAKCFIEKFI":3,"PNJGMJHMGAL":2,"POOHIJNIOFB":160,"PPABHCMIEOP":0},"36":{"BDKFNGAGLLB":[],"CJAOFEOJGEP":0,"CLJJEAEHAOA":1,"CPBEHDLJOHN":[1,2,3,4,5],"DBFANNLDFPL":5011,"DCIFIGNNNFN":2091,"difficultyId":36,"difficultyLevel":1,"EFBBFGNNDPM":1031,"EHGFDOJKHMF":0,"ELCBIGPJANF":3,"HFMPGACBOCJ":2,"HPFJMHIPJGM":2,"ILOAPEPAMDD":2,"JCJOHAIIOEJ":30,"JFHCEIILBPK":"1:2,2:5","JINLFDJAACM":60,"LDKONJNBKBH":6071,"LKJAJDLLJJE":3091,"MAEFIFIJCGC":[6,15,10],"MDFNEMLLALM":false,"NAIMEIBNDCM":2,"OPHEEFNLNKE":0,"PLAKCFIEKFI":2,"PNJGMJHMGAL":0,"POOHIJNIOFB":100,"PPABHCMIEOP":0},"37":{"BDKFNGAGLLB":[],"CJAOFEOJGEP":0,"CLJJEAEHAOA":1,"CPBEHDLJOHN":[1,2,3,4,5],"DBFANNLDFPL":5012,"DCIFIGNNNFN":2092,"difficultyId":37,"difficultyLevel":2,"EFBBFGNNDPM":1032,"EHGFDOJKHMF":0,"ELCBIGPJANF":6,"HFMPGACBOCJ":2,"HPFJMHIPJGM":2,"ILOAPEPAMDD":2,"JCJOHAIIOEJ":30,"JFHCEIILBPK":"1:3,2:8","JINLFDJAACM":60,"LDKONJNBKBH":6072,"LKJAJDLLJJE":3092,"MAEFIFIJCGC":[6,15,10],"MDFNEMLLALM":false,"NAIMEIBNDCM":6,"OPHEEFNLNKE":0,"PLAKCFIEKFI":2,"PNJGMJHMGAL":2,"POOHIJNIOFB":100,"PPABHCMIEOP":0},"38":{"BDKFNGAGLLB":[],"CJAOFEOJGEP":0,"CLJJEAEHAOA":1,"CPBEHDLJOHN":[1,2,3,4,5],"DBFANNLDFPL":5013,"DCIFIGNNNFN":2093,"difficultyId":38,"difficultyLevel":3,"EFBBFGNNDPM":1033,"EHGFDOJKHMF":0,"ELCBIGPJANF":8,"HFMPGACBOCJ":2,"HPFJMHIPJGM":4,"ILOAPEPAMDD":2,"JCJOHAIIOEJ":30,"JFHCEIILBPK":"1:4,2:10","JINLFDJAACM":70,"LDKONJNBKBH":6073,"LKJAJDLLJJE":3093,"MAEFIFIJCGC":[6,15,10],"MDFNEMLLALM":false,"NAIMEIBNDCM":10,"OPHEEFNLNKE":0,"PLAKCFIEKFI":2,"PNJGMJHMGAL":2,"POOHIJNIOFB":160,"PPABHCMIEOP":0},"39":{"BDKFNGAGLLB":[3],"CJAOFEOJGEP":0,"CLJJEAEHAOA":1,"CPBEHDLJOHN":[1,2,3,4,5],"DBFANNLDFPL":5014,"DCIFIGNNNFN":2094,"difficultyId":39,"difficultyLevel":4,"EFBBFGNNDPM":1034,"EHGFDOJKHMF":0,"ELCBIGPJANF":10,"HFMPGACBOCJ":2,"HPFJMHIPJGM":4,"ILOAPEPAMDD":2,"JCJOHAIIOEJ":30,"JFHCEIILBPK":"1:6,2:14","JINLFDJAACM":70,"LDKONJNBKBH":6074,"LKJAJDLLJJE":3094,"MAEFIFIJCGC":[6,15,10],"MDFNEMLLALM":false,"NAIMEIBNDCM":16,"OPHEEFNLNKE":0,"PLAKCFIEKFI":3,"PNJGMJHMGAL":2,"POOHIJNIOFB":160,"PPABHCMIEOP":0},"40":{"BDKFNGAGLLB":[],"CJAOFEOJGEP":0,"CLJJEAEHAOA":1,"CPBEHDLJOHN":[1,2,3,4,5],"DBFANNLDFPL":5011,"DCIFIGNNNFN":2101,"difficultyId":40,"difficultyLevel":1,"EFBBFGNNDPM":1031,"EHGFDOJKHMF":0,"ELCBIGPJANF":3,"HFMPGACBOCJ":2,"HPFJMHIPJGM":2,"ILOAPEPAMDD":2,"JCJOHAIIOEJ":30,"JFHCEIILBPK":"1:2,2:5","JINLFDJAACM":60,"LDKONJNBKBH":6081,"LKJAJDLLJJE":3101,"MAEFIFIJCGC":[16,18,13],"MDFNEMLLALM":false,"NAIMEIBNDCM":2,"OPHEEFNLNKE":0,"PLAKCFIEKFI":2,"PNJGMJHMGAL":0,"POOHIJNIOFB":100,"PPABHCMIEOP":0},"41":{"BDKFNGAGLLB":[],"CJAOFEOJGEP":0,"CLJJEAEHAOA":1,"CPBEHDLJOHN":[1,2,3,4,5],"DBFANNLDFPL":5012,"DCIFIGNNNFN":2102,"difficultyId":41,"difficultyLevel":2,"EFBBFGNNDPM":1032,"EHGFDOJKHMF":0,"ELCBIGPJANF":6,"HFMPGACBOCJ":2,"HPFJMHIPJGM":2,"ILOAPEPAMDD":2,"JCJOHAIIOEJ":30,"JFHCEIILBPK":"1:3,2:8","JINLFDJAACM":60,"LDKONJNBKBH":6082,"LKJAJDLLJJE":3102,"MAEFIFIJCGC":[16,18,13],"MDFNEMLLALM":false,"NAIMEIBNDCM":6,"OPHEEFNLNKE":0,"PLAKCFIEKFI":2,"PNJGMJHMGAL":2,"POOHIJNIOFB":100,"PPABHCMIEOP":0},"42":{"BDKFNGAGLLB":[],"CJAOFEOJGEP":0,"CLJJEAEHAOA":1,"CPBEHDLJOHN":[1,2,3,4,5],"DBFANNLDFPL":5013,"DCIFIGNNNFN":2103,"difficultyId":42,"difficultyLevel":3,"EFBBFGNNDPM":1033,"EHGFDOJKHMF":0,"ELCBIGPJANF":8,"HFMPGACBOCJ":2,"HPFJMHIPJGM":4,"ILOAPEPAMDD":2,"JCJOHAIIOEJ":30,"JFHCEIILBPK":"1:4,2:10","JINLFDJAACM":70,"LDKONJNBKBH":6083,"LKJAJDLLJJE":3103,"MAEFIFIJCGC":[16,18,13],"MDFNEMLLALM":false,"NAIMEIBNDCM":10,"OPHEEFNLNKE":0,"PLAKCFIEKFI":2,"PNJGMJHMGAL":2,"POOHIJNIOFB":160,"PPABHCMIEOP":0},"43":{"BDKFNGAGLLB":[3],"CJAOFEOJGEP":0,"CLJJEAEHAOA":1,"CPBEHDLJOHN":[1,2,3,4,5],"DBFANNLDFPL":5014,"DCIFIGNNNFN":2104,"difficultyId":43,"difficultyLevel":4,"EFBBFGNNDPM":1034,"EHGFDOJKHMF":0,"ELCBIGPJANF":10,"HFMPGACBOCJ":2,"HPFJMHIPJGM":4,"ILOAPEPAMDD":2,"JCJOHAIIOEJ":30,"JFHCEIILBPK":"1:6,2:14","JINLFDJAACM":70,"LDKONJNBKBH":6084,"LKJAJDLLJJE":3104,"MAEFIFIJCGC":[16,18,13],"MDFNEMLLALM":false,"NAIMEIBNDCM":16,"OPHEEFNLNKE":0,"PLAKCFIEKFI":3,"PNJGMJHMGAL":2,"POOHIJNIOFB":160,"PPABHCMIEOP":0},"44":{"BDKFNGAGLLB":[],"CJAOFEOJGEP":0,"CLJJEAEHAOA":1,"CPBEHDLJOHN":[1,2,3,4,5],"DBFANNLDFPL":5011,"DCIFIGNNNFN":2111,"difficultyId":44,"difficultyLevel":1,"EFBBFGNNDPM":1031,"EHGFDOJKHMF":0,"ELCBIGPJANF":3,"HFMPGACBOCJ":2,"HPFJMHIPJGM":2,"ILOAPEPAMDD":2,"JCJOHAIIOEJ":30,"JFHCEIILBPK":"1:2,2:5","JINLFDJAACM":60,"LDKONJNBKBH":6091,"LKJAJDLLJJE":3111,"MAEFIFIJCGC":[17,7,19],"MDFNEMLLALM":false,"NAIMEIBNDCM":2,"OPHEEFNLNKE":0,"PLAKCFIEKFI":2,"PNJGMJHMGAL":0,"POOHIJNIOFB":100,"PPABHCMIEOP":0},"45":{"BDKFNGAGLLB":[],"CJAOFEOJGEP":0,"CLJJEAEHAOA":1,"CPBEHDLJOHN":[1,2,3,4,5],"DBFANNLDFPL":5012,"DCIFIGNNNFN":2112,"difficultyId":45,"difficultyLevel":2,"EFBBFGNNDPM":1032,"EHGFDOJKHMF":0,"ELCBIGPJANF":6,"HFMPGACBOCJ":2,"HPFJMHIPJGM":2,"ILOAPEPAMDD":2,"JCJOHAIIOEJ":30,"JFHCEIILBPK":"1:3,2:8","JINLFDJAACM":60,"LDKONJNBKBH":6092,"LKJAJDLLJJE":3112,"MAEFIFIJCGC":[17,7,19],"MDFNEMLLALM":false,"NAIMEIBNDCM":6,"OPHEEFNLNKE":0,"PLAKCFIEKFI":2,"PNJGMJHMGAL":2,"POOHIJNIOFB":100,"PPABHCMIEOP":0},"46":{"BDKFNGAGLLB":[],"CJAOFEOJGEP":0,"CLJJEAEHAOA":1,"CPBEHDLJOHN":[1,2,3,4,5],"DBFANNLDFPL":5013,"DCIFIGNNNFN":2113,"difficultyId":46,"difficultyLevel":3,"EFBBFGNNDPM":1033,"EHGFDOJKHMF":0,"ELCBIGPJANF":8,"HFMPGACBOCJ":2,"HPFJMHIPJGM":4,"ILOAPEPAMDD":2,"JCJOHAIIOEJ":30,"JFHCEIILBPK":"1:4,2:10","JINLFDJAACM":70,"LDKONJNBKBH":6093,"LKJAJDLLJJE":3113,"MAEFIFIJCGC":[17,7,19],"MDFNEMLLALM":false,"NAIMEIBNDCM":10,"OPHEEFNLNKE":0,"PLAKCFIEKFI":2,"PNJGMJHMGAL":2,"POOHIJNIOFB":160,"PPABHCMIEOP":0},"47":{"BDKFNGAGLLB":[3],"CJAOFEOJGEP":0,"CLJJEAEHAOA":1,"CPBEHDLJOHN":[1,2,3,4,5],"DBFANNLDFPL":5014,"DCIFIGNNNFN":2114,"difficultyId":47,"difficultyLevel":4,"EFBBFGNNDPM":1034,"EHGFDOJKHMF":0,"ELCBIGPJANF":10,"HFMPGACBOCJ":2,"HPFJMHIPJGM":4,"ILOAPEPAMDD":2,"JCJOHAIIOEJ":30,"JFHCEIILBPK":"1:6,2:14","JINLFDJAACM":70,"LDKONJNBKBH":6094,"LKJAJDLLJJE":3114,"MAEFIFIJCGC":[17,7,19],"MDFNEMLLALM":false,"NAIMEIBNDCM":16,"OPHEEFNLNKE":0,"PLAKCFIEKFI":3,"PNJGMJHMGAL":2,"POOHIJNIOFB":160,"PPABHCMIEOP":0},"48":{"BDKFNGAGLLB":[],"CJAOFEOJGEP":0,"CLJJEAEHAOA":1,"CPBEHDLJOHN":[1,2,3,4,5],"DBFANNLDFPL":5011,"DCIFIGNNNFN":2121,"difficultyId":48,"difficultyLevel":1,"EFBBFGNNDPM":1031,"EHGFDOJKHMF":0,"ELCBIGPJANF":3,"HFMPGACBOCJ":2,"HPFJMHIPJGM":2,"ILOAPEPAMDD":2,"JCJOHAIIOEJ":30,"JFHCEIILBPK":"1:2,2:5","JINLFDJAACM":60,"LDKONJNBKBH":6095,"LKJAJDLLJJE":3115,"MAEFIFIJCGC":[1,16,14],"MDFNEMLLALM":false,"NAIMEIBNDCM":2,"OPHEEFNLNKE":0,"PLAKCFIEKFI":2,"PNJGMJHMGAL":0,"POOHIJNIOFB":100,"PPABHCMIEOP":0},"49":{"BDKFNGAGLLB":[],"CJAOFEOJGEP":0,"CLJJEAEHAOA":1,"CPBEHDLJOHN":[1,2,3,4,5],"DBFANNLDFPL":5012,"DCIFIGNNNFN":2122,"difficultyId":49,"difficultyLevel":2,"EFBBFGNNDPM":1032,"EHGFDOJKHMF":0,"ELCBIGPJANF":6,"HFMPGACBOCJ":2,"HPFJMHIPJGM":2,"ILOAPEPAMDD":2,"JCJOHAIIOEJ":30,"JFHCEIILBPK":"1:3,2:8","JINLFDJAACM":60,"LDKONJNBKBH":6096,"LKJAJDLLJJE":3116,"MAEFIFIJCGC":[1,16,14],"MDFNEMLLALM":false,"NAIMEIBNDCM":6,"OPHEEFNLNKE":0,"PLAKCFIEKFI":2,"PNJGMJHMGAL":2,"POOHIJNIOFB":100,"PPABHCMIEOP":0},"50":{"BDKFNGAGLLB":[],"CJAOFEOJGEP":0,"CLJJEAEHAOA":1,"CPBEHDLJOHN":[1,2,3,4,5],"DBFANNLDFPL":5013,"DCIFIGNNNFN":2123,"difficultyId":50,"difficultyLevel":3,"EFBBFGNNDPM":1033,"EHGFDOJKHMF":0,"ELCBIGPJANF":8,"HFMPGACBOCJ":2,"HPFJMHIPJGM":4,"ILOAPEPAMDD":2,"JCJOHAIIOEJ":30,"JFHCEIILBPK":"1:4,2:10","JINLFDJAACM":70,"LDKONJNBKBH":6097,"LKJAJDLLJJE":3117,"MAEFIFIJCGC":[1,16,14],"MDFNEMLLALM":false,"NAIMEIBNDCM":10,"OPHEEFNLNKE":0,"PLAKCFIEKFI":2,"PNJGMJHMGAL":2,"POOHIJNIOFB":160,"PPABHCMIEOP":0},"51":{"BDKFNGAGLLB":[3],"CJAOFEOJGEP":0,"CLJJEAEHAOA":1,"CPBEHDLJOHN":[1,2,3,4,5],"DBFANNLDFPL":5014,"DCIFIGNNNFN":2124,"difficultyId":51,"difficultyLevel":4,"EFBBFGNNDPM":1034,"EHGFDOJKHMF":0,"ELCBIGPJANF":10,"HFMPGACBOCJ":2,"HPFJMHIPJGM":4,"ILOAPEPAMDD":2,"JCJOHAIIOEJ":30,"JFHCEIILBPK":"1:6,2:14","JINLFDJAACM":70,"LDKONJNBKBH":6098,"LKJAJDLLJJE":3118,"MAEFIFIJCGC":[1,16,14],"MDFNEMLLALM":false,"NAIMEIBNDCM":16,"OPHEEFNLNKE":0,"PLAKCFIEKFI":3,"PNJGMJHMGAL":2,"POOHIJNIOFB":160,"PPABHCMIEOP":0},"52":{"BDKFNGAGLLB":[],"CJAOFEOJGEP":0,"CLJJEAEHAOA":1,"CPBEHDLJOHN":[1,2,3,4,5],"DBFANNLDFPL":5011,"DCIFIGNNNFN":2131,"difficultyId":52,"difficultyLevel":1,"EFBBFGNNDPM":1031,"EHGFDOJKHMF":0,"ELCBIGPJANF":3,"HFMPGACBOCJ":2,"HPFJMHIPJGM":2,"ILOAPEPAMDD":2,"JCJOHAIIOEJ":30,"JFHCEIILBPK":"1:2,2:5","JINLFDJAACM":60,"LDKONJNBKBH":6101,"LKJAJDLLJJE":3121,"MAEFIFIJCGC":[17,10,20],"MDFNEMLLALM":false,"NAIMEIBNDCM":2,"OPHEEFNLNKE":0,"PLAKCFIEKFI":2,"PNJGMJHMGAL":0,"POOHIJNIOFB":100,"PPABHCMIEOP":0},"53":{"BDKFNGAGLLB":[],"CJAOFEOJGEP":0,"CLJJEAEHAOA":1,"CPBEHDLJOHN":[1,2,3,4,5],"DBFANNLDFPL":5012,"DCIFIGNNNFN":2132,"difficultyId":53,"difficultyLevel":2,"EFBBFGNNDPM":1032,"EHGFDOJKHMF":0,"ELCBIGPJANF":6,"HFMPGACBOCJ":2,"HPFJMHIPJGM":2,"ILOAPEPAMDD":2,"JCJOHAIIOEJ":30,"JFHCEIILBPK":"1:3,2:8","JINLFDJAACM":60,"LDKONJNBKBH":6102,"LKJAJDLLJJE":3122,"MAEFIFIJCGC":[17,10,20],"MDFNEMLLALM":false,"NAIMEIBNDCM":6,"OPHEEFNLNKE":0,"PLAKCFIEKFI":2,"PNJGMJHMGAL":2,"POOHIJNIOFB":100,"PPABHCMIEOP":0},"54":{"BDKFNGAGLLB":[],"CJAOFEOJGEP":0,"CLJJEAEHAOA":1,"CPBEHDLJOHN":[1,2,3,4,5],"DBFANNLDFPL":5013,"DCIFIGNNNFN":2133,"difficultyId":54,"difficultyLevel":3,"EFBBFGNNDPM":1033,"EHGFDOJKHMF":0,"ELCBIGPJANF":8,"HFMPGACBOCJ":2,"HPFJMHIPJGM":4,"ILOAPEPAMDD":2,"JCJOHAIIOEJ":30,"JFHCEIILBPK":"1:4,2:10","JINLFDJAACM":70,"LDKONJNBKBH":6103,"LKJAJDLLJJE":3123,"MAEFIFIJCGC":[17,10,20],"MDFNEMLLALM":false,"NAIMEIBNDCM":10,"OPHEEFNLNKE":0,"PLAKCFIEKFI":2,"PNJGMJHMGAL":2,"POOHIJNIOFB":160,"PPABHCMIEOP":0},"55":{"BDKFNGAGLLB":[3],"CJAOFEOJGEP":0,"CLJJEAEHAOA":1,"CPBEHDLJOHN":[1,2,3,4,5],"DBFANNLDFPL":5014,"DCIFIGNNNFN":2134,"difficultyId":55,"difficultyLevel":4,"EFBBFGNNDPM":1034,"EHGFDOJKHMF":0,"ELCBIGPJANF":10,"HFMPGACBOCJ":2,"HPFJMHIPJGM":4,"ILOAPEPAMDD":2,"JCJOHAIIOEJ":30,"JFHCEIILBPK":"1:6,2:14","JINLFDJAACM":70,"LDKONJNBKBH":6104,"LKJAJDLLJJE":3124,"MAEFIFIJCGC":[17,10,20],"MDFNEMLLALM":false,"NAIMEIBNDCM":16,"OPHEEFNLNKE":0,"PLAKCFIEKFI":3,"PNJGMJHMGAL":2,"POOHIJNIOFB":160,"PPABHCMIEOP":0},"56":{"BDKFNGAGLLB":[],"CJAOFEOJGEP":0,"CLJJEAEHAOA":1,"CPBEHDLJOHN":[1,2,3,4,5],"DBFANNLDFPL":5011,"DCIFIGNNNFN":2141,"difficultyId":56,"difficultyLevel":1,"EFBBFGNNDPM":1031,"EHGFDOJKHMF":0,"ELCBIGPJANF":3,"HFMPGACBOCJ":2,"HPFJMHIPJGM":2,"ILOAPEPAMDD":2,"JCJOHAIIOEJ":30,"JFHCEIILBPK":"1:2,2:5","JINLFDJAACM":60,"LDKONJNBKBH":6111,"LKJAJDLLJJE":3131,"MAEFIFIJCGC":[1,3,2],"MDFNEMLLALM":false,"NAIMEIBNDCM":2,"OPHEEFNLNKE":2,"PLAKCFIEKFI":2,"PNJGMJHMGAL":0,"POOHIJNIOFB":100,"PPABHCMIEOP":0},"57":{"BDKFNGAGLLB":[],"CJAOFEOJGEP":0,"CLJJEAEHAOA":1,"CPBEHDLJOHN":[1,2,3,4,5],"DBFANNLDFPL":5012,"DCIFIGNNNFN":2142,"difficultyId":57,"difficultyLevel":2,"EFBBFGNNDPM":1032,"EHGFDOJKHMF":0,"ELCBIGPJANF":6,"HFMPGACBOCJ":2,"HPFJMHIPJGM":2,"ILOAPEPAMDD":2,"JCJOHAIIOEJ":30,"JFHCEIILBPK":"1:3,2:8","JINLFDJAACM":60,"LDKONJNBKBH":6112,"LKJAJDLLJJE":3132,"MAEFIFIJCGC":[1,3,2],"MDFNEMLLALM":false,"NAIMEIBNDCM":6,"OPHEEFNLNKE":2,"PLAKCFIEKFI":2,"PNJGMJHMGAL":2,"POOHIJNIOFB":100,"PPABHCMIEOP":0},"58":{"BDKFNGAGLLB":[],"CJAOFEOJGEP":0,"CLJJEAEHAOA":1,"CPBEHDLJOHN":[1,2,3,4,5],"DBFANNLDFPL":5013,"DCIFIGNNNFN":2143,"difficultyId":58,"difficultyLevel":3,"EFBBFGNNDPM":1033,"EHGFDOJKHMF":0,"ELCBIGPJANF":8,"HFMPGACBOCJ":2,"HPFJMHIPJGM":4,"ILOAPEPAMDD":2,"JCJOHAIIOEJ":30,"JFHCEIILBPK":"1:4,2:10","JINLFDJAACM":70,"LDKONJNBKBH":6113,"LKJAJDLLJJE":3133,"MAEFIFIJCGC":[1,3,2],"MDFNEMLLALM":false,"NAIMEIBNDCM":10,"OPHEEFNLNKE":2,"PLAKCFIEKFI":2,"PNJGMJHMGAL":2,"POOHIJNIOFB":160,"PPABHCMIEOP":0},"59":{"BDKFNGAGLLB":[3],"CJAOFEOJGEP":0,"CLJJEAEHAOA":1,"CPBEHDLJOHN":[1,2,3,4,5],"DBFANNLDFPL":5014,"DCIFIGNNNFN":2144,"difficultyId":59,"difficultyLevel":4,"EFBBFGNNDPM":1034,"EHGFDOJKHMF":0,"ELCBIGPJANF":10,"HFMPGACBOCJ":2,"HPFJMHIPJGM":4,"ILOAPEPAMDD":2,"JCJOHAIIOEJ":30,"JFHCEIILBPK":"1:6,2:14","JINLFDJAACM":70,"LDKONJNBKBH":6114,"LKJAJDLLJJE":3134,"MAEFIFIJCGC":[1,3,2],"MDFNEMLLALM":false,"NAIMEIBNDCM":16,"OPHEEFNLNKE":2,"PLAKCFIEKFI":3,"PNJGMJHMGAL":2,"POOHIJNIOFB":160,"PPABHCMIEOP":0},"60":{"BDKFNGAGLLB":[],"CJAOFEOJGEP":0,"CLJJEAEHAOA":1,"CPBEHDLJOHN":[1,2,3,4,5],"DBFANNLDFPL":5021,"DCIFIGNNNFN":2151,"difficultyId":60,"difficultyLevel":1,"EFBBFGNNDPM":1031,"EHGFDOJKHMF":0,"ELCBIGPJANF":3,"HFMPGACBOCJ":2,"HPFJMHIPJGM":2,"ILOAPEPAMDD":2,"JCJOHAIIOEJ":30,"JFHCEIILBPK":"1:2,2:5","JINLFDJAACM":60,"LDKONJNBKBH":6121,"LKJAJDLLJJE":3141,"MAEFIFIJCGC":[11,18,5],"MDFNEMLLALM":false,"NAIMEIBNDCM":2,"OPHEEFNLNKE":2,"PLAKCFIEKFI":2,"PNJGMJHMGAL":0,"POOHIJNIOFB":100,"PPABHCMIEOP":0},"61":{"BDKFNGAGLLB":[],"CJAOFEOJGEP":0,"CLJJEAEHAOA":1,"CPBEHDLJOHN":[1,2,3,4,5],"DBFANNLDFPL":5022,"DCIFIGNNNFN":2152,"difficultyId":61,"difficultyLevel":2,"EFBBFGNNDPM":1032,"EHGFDOJKHMF":0,"ELCBIGPJANF":6,"HFMPGACBOCJ":2,"HPFJMHIPJGM":2,"ILOAPEPAMDD":2,"JCJOHAIIOEJ":30,"JFHCEIILBPK":"1:3,2:8","JINLFDJAACM":60,"LDKONJNBKBH":6121,"LKJAJDLLJJE":3142,"MAEFIFIJCGC":[11,18,5],"MDFNEMLLALM":false,"NAIMEIBNDCM":6,"OPHEEFNLNKE":2,"PLAKCFIEKFI":2,"PNJGMJHMGAL":2,"POOHIJNIOFB":100,"PPABHCMIEOP":0},"62":{"BDKFNGAGLLB":[],"CJAOFEOJGEP":0,"CLJJEAEHAOA":1,"CPBEHDLJOHN":[1,2,3,4,5],"DBFANNLDFPL":5023,"DCIFIGNNNFN":2153,"difficultyId":62,"difficultyLevel":3,"EFBBFGNNDPM":1033,"EHGFDOJKHMF":0,"ELCBIGPJANF":8,"HFMPGACBOCJ":2,"HPFJMHIPJGM":4,"ILOAPEPAMDD":2,"JCJOHAIIOEJ":30,"JFHCEIILBPK":"1:4,2:10","JINLFDJAACM":70,"LDKONJNBKBH":6121,"LKJAJDLLJJE":3143,"MAEFIFIJCGC":[11,18,5],"MDFNEMLLALM":false,"NAIMEIBNDCM":10,"OPHEEFNLNKE":2,"PLAKCFIEKFI":2,"PNJGMJHMGAL":2,"POOHIJNIOFB":160,"PPABHCMIEOP":0},"63":{"BDKFNGAGLLB":[3],"CJAOFEOJGEP":0,"CLJJEAEHAOA":1,"CPBEHDLJOHN":[1,2,3,4,5],"DBFANNLDFPL":5024,"DCIFIGNNNFN":2154,"difficultyId":63,"difficultyLevel":4,"EFBBFGNNDPM":1034,"EHGFDOJKHMF":0,"ELCBIGPJANF":10,"HFMPGACBOCJ":2,"HPFJMHIPJGM":4,"ILOAPEPAMDD":2,"JCJOHAIIOEJ":30,"JFHCEIILBPK":"1:6,2:14","JINLFDJAACM":70,"LDKONJNBKBH":6121,"LKJAJDLLJJE":3144,"MAEFIFIJCGC":[11,18,5],"MDFNEMLLALM":false,"NAIMEIBNDCM":16,"OPHEEFNLNKE":3,"PLAKCFIEKFI":3,"PNJGMJHMGAL":2,"POOHIJNIOFB":160,"PPABHCMIEOP":0},"64":{"BDKFNGAGLLB":[4],"CJAOFEOJGEP":3,"CLJJEAEHAOA":1,"CPBEHDLJOHN":[1,2,3,4,5],"DBFANNLDFPL":5025,"DCIFIGNNNFN":2155,"difficultyId":64,"difficultyLevel":5,"EFBBFGNNDPM":1034,"EHGFDOJKHMF":0,"ELCBIGPJANF":10,"HFMPGACBOCJ":2,"HPFJMHIPJGM":4,"ILOAPEPAMDD":2,"JCJOHAIIOEJ":30,"JFHCEIILBPK":"1:8,2:18","JINLFDJAACM":70,"LDKONJNBKBH":6121,"LKJAJDLLJJE":3145,"MAEFIFIJCGC":[11,18,5],"MDFNEMLLALM":true,"NAIMEIBNDCM":22,"OPHEEFNLNKE":3,"PLAKCFIEKFI":3,"PNJGMJHMGAL":2,"POOHIJNIOFB":160,"PPABHCMIEOP":10001}}