{"1":{"APBPJHDOPAG":1,"CEGHFGPKGCL":0,"CJHLIHBLCOM":4,"CLIIBOEBPDI":"","CNFMCOKGEAJ":0,"DHHEDGEOFGE":4001,"FLBKAPJMJID":60,"GFOLJDEGOEO":5001,"GJHEJKBDBHI":[],"difficultyLevel":1,"IKHKPADLJOH":[],"JKAKANHBPJG":0,"KGAKOCKBDIL":2,"KKLJPMEONNA":[],"KMFAHKMFHON":2001,"LFHMGHCNOCL":3001,"LPIJIEAEEOL":100,"MEFMHOFPIFH":0,"NGHHKANJPGL":1001,"NGLAAJCKLOI":0,"OFGDBDDECLA":3,"difficultyId":1,"PCJDJBFCAKH":0},"2":{"APBPJHDOPAG":1,"CEGHFGPKGCL":1,"CJHLIHBLCOM":8,"CLIIBOEBPDI":"","CNFMCOKGEAJ":0,"DHHEDGEOFGE":4001,"FLBKAPJMJID":60,"GFOLJDEGOEO":5002,"GJHEJKBDBHI":[],"difficultyLevel":2,"IKHKPADLJOH":[],"JKAKANHBPJG":0,"KGAKOCKBDIL":2,"KKLJPMEONNA":[],"KMFAHKMFHON":2002,"LFHMGHCNOCL":3002,"LPIJIEAEEOL":100,"MEFMHOFPIFH":0,"NGHHKANJPGL":1002,"NGLAAJCKLOI":0,"OFGDBDDECLA":6,"difficultyId":2,"PCJDJBFCAKH":0},"3":{"APBPJHDOPAG":1,"CEGHFGPKGCL":1,"CJHLIHBLCOM":12,"CLIIBOEBPDI":"","CNFMCOKGEAJ":0,"DHHEDGEOFGE":4001,"FLBKAPJMJID":70,"GFOLJDEGOEO":5003,"GJHEJKBDBHI":[],"difficultyLevel":3,"IKHKPADLJOH":[],"JKAKANHBPJG":0,"KGAKOCKBDIL":2,"KKLJPMEONNA":[],"KMFAHKMFHON":2003,"LFHMGHCNOCL":3003,"LPIJIEAEEOL":100,"MEFMHOFPIFH":0,"NGHHKANJPGL":1003,"NGLAAJCKLOI":0,"OFGDBDDECLA":8,"difficultyId":3,"PCJDJBFCAKH":0},"5":{"APBPJHDOPAG":2,"CEGHFGPKGCL":0,"CJHLIHBLCOM":4,"CLIIBOEBPDI":"","CNFMCOKGEAJ":0,"DHHEDGEOFGE":4002,"FLBKAPJMJID":60,"GFOLJDEGOEO":5001,"GJHEJKBDBHI":[],"difficultyLevel":1,"IKHKPADLJOH":[],"JKAKANHBPJG":0,"KGAKOCKBDIL":2,"KKLJPMEONNA":[],"KMFAHKMFHON":2011,"LFHMGHCNOCL":3011,"LPIJIEAEEOL":100,"MEFMHOFPIFH":0,"NGHHKANJPGL":1011,"NGLAAJCKLOI":0,"OFGDBDDECLA":3,"difficultyId":5,"PCJDJBFCAKH":0},"6":{"APBPJHDOPAG":2,"CEGHFGPKGCL":1,"CJHLIHBLCOM":8,"CLIIBOEBPDI":"","CNFMCOKGEAJ":0,"DHHEDGEOFGE":4002,"FLBKAPJMJID":60,"GFOLJDEGOEO":5102,"GJHEJKBDBHI":[],"difficultyLevel":2,"IKHKPADLJOH":[],"JKAKANHBPJG":0,"KGAKOCKBDIL":2,"KKLJPMEONNA":[],"KMFAHKMFHON":2012,"LFHMGHCNOCL":3012,"LPIJIEAEEOL":100,"MEFMHOFPIFH":0,"NGHHKANJPGL":1012,"NGLAAJCKLOI":0,"OFGDBDDECLA":6,"difficultyId":6,"PCJDJBFCAKH":0},"7":{"APBPJHDOPAG":2,"CEGHFGPKGCL":1,"CJHLIHBLCOM":12,"CLIIBOEBPDI":"","CNFMCOKGEAJ":0,"DHHEDGEOFGE":4002,"FLBKAPJMJID":70,"GFOLJDEGOEO":5103,"GJHEJKBDBHI":[],"difficultyLevel":3,"IKHKPADLJOH":[],"JKAKANHBPJG":0,"KGAKOCKBDIL":2,"KKLJPMEONNA":[],"KMFAHKMFHON":2013,"LFHMGHCNOCL":3013,"LPIJIEAEEOL":160,"MEFMHOFPIFH":0,"NGHHKANJPGL":1013,"NGLAAJCKLOI":0,"OFGDBDDECLA":8,"difficultyId":7,"PCJDJBFCAKH":0},"8":{"APBPJHDOPAG":2,"CEGHFGPKGCL":0,"CJHLIHBLCOM":2,"CLIIBOEBPDI":"","CNFMCOKGEAJ":6001,"DHHEDGEOFGE":0,"FLBKAPJMJID":60,"GFOLJDEGOEO":5011,"GJHEJKBDBHI":[],"difficultyLevel":1,"IKHKPADLJOH":[1,2,3],"JKAKANHBPJG":30,"KGAKOCKBDIL":2,"KKLJPMEONNA":[],"KMFAHKMFHON":2021,"LFHMGHCNOCL":3021,"LPIJIEAEEOL":100,"MEFMHOFPIFH":2,"NGHHKANJPGL":1021,"NGLAAJCKLOI":2,"OFGDBDDECLA":3,"difficultyId":8,"PCJDJBFCAKH":1},"9":{"APBPJHDOPAG":2,"CEGHFGPKGCL":2,"CJHLIHBLCOM":6,"CLIIBOEBPDI":"","CNFMCOKGEAJ":6002,"DHHEDGEOFGE":0,"FLBKAPJMJID":60,"GFOLJDEGOEO":5012,"GJHEJKBDBHI":[],"difficultyLevel":2,"IKHKPADLJOH":[1,2,3],"JKAKANHBPJG":30,"KGAKOCKBDIL":2,"KKLJPMEONNA":[],"KMFAHKMFHON":2022,"LFHMGHCNOCL":3022,"LPIJIEAEEOL":100,"MEFMHOFPIFH":2,"NGHHKANJPGL":1022,"NGLAAJCKLOI":2,"OFGDBDDECLA":6,"difficultyId":9,"PCJDJBFCAKH":1},"10":{"APBPJHDOPAG":2,"CEGHFGPKGCL":2,"CJHLIHBLCOM":10,"CLIIBOEBPDI":"","CNFMCOKGEAJ":6003,"DHHEDGEOFGE":0,"FLBKAPJMJID":70,"GFOLJDEGOEO":5013,"GJHEJKBDBHI":[],"difficultyLevel":3,"IKHKPADLJOH":[1,2,3],"JKAKANHBPJG":30,"KGAKOCKBDIL":2,"KKLJPMEONNA":[],"KMFAHKMFHON":2023,"LFHMGHCNOCL":3023,"LPIJIEAEEOL":160,"MEFMHOFPIFH":2,"NGHHKANJPGL":1023,"NGLAAJCKLOI":4,"OFGDBDDECLA":8,"difficultyId":10,"PCJDJBFCAKH":1},"11":{"APBPJHDOPAG":2,"CEGHFGPKGCL":2,"CJHLIHBLCOM":16,"CLIIBOEBPDI":"","CNFMCOKGEAJ":6004,"DHHEDGEOFGE":0,"FLBKAPJMJID":70,"GFOLJDEGOEO":5014,"GJHEJKBDBHI":[],"difficultyLevel":4,"IKHKPADLJOH":[1,2,3],"JKAKANHBPJG":30,"KGAKOCKBDIL":3,"KKLJPMEONNA":[3],"KMFAHKMFHON":2024,"LFHMGHCNOCL":3024,"LPIJIEAEEOL":160,"MEFMHOFPIFH":2,"NGHHKANJPGL":1024,"NGLAAJCKLOI":4,"OFGDBDDECLA":10,"difficultyId":11,"PCJDJBFCAKH":1},"12":{"APBPJHDOPAG":2,"CEGHFGPKGCL":0,"CJHLIHBLCOM":2,"CLIIBOEBPDI":"","CNFMCOKGEAJ":6011,"DHHEDGEOFGE":0,"FLBKAPJMJID":60,"GFOLJDEGOEO":5011,"GJHEJKBDBHI":[],"difficultyLevel":1,"IKHKPADLJOH":[4,5,6],"JKAKANHBPJG":30,"KGAKOCKBDIL":2,"KKLJPMEONNA":[],"KMFAHKMFHON":2031,"LFHMGHCNOCL":3031,"LPIJIEAEEOL":100,"MEFMHOFPIFH":2,"NGHHKANJPGL":1021,"NGLAAJCKLOI":2,"OFGDBDDECLA":3,"difficultyId":12,"PCJDJBFCAKH":1},"13":{"APBPJHDOPAG":2,"CEGHFGPKGCL":2,"CJHLIHBLCOM":6,"CLIIBOEBPDI":"","CNFMCOKGEAJ":6012,"DHHEDGEOFGE":0,"FLBKAPJMJID":60,"GFOLJDEGOEO":5012,"GJHEJKBDBHI":[],"difficultyLevel":2,"IKHKPADLJOH":[4,5,6],"JKAKANHBPJG":30,"KGAKOCKBDIL":2,"KKLJPMEONNA":[],"KMFAHKMFHON":2032,"LFHMGHCNOCL":3032,"LPIJIEAEEOL":100,"MEFMHOFPIFH":2,"NGHHKANJPGL":1022,"NGLAAJCKLOI":2,"OFGDBDDECLA":6,"difficultyId":13,"PCJDJBFCAKH":1},"14":{"APBPJHDOPAG":2,"CEGHFGPKGCL":2,"CJHLIHBLCOM":10,"CLIIBOEBPDI":"","CNFMCOKGEAJ":6013,"DHHEDGEOFGE":0,"FLBKAPJMJID":70,"GFOLJDEGOEO":5013,"GJHEJKBDBHI":[],"difficultyLevel":3,"IKHKPADLJOH":[4,5,6],"JKAKANHBPJG":30,"KGAKOCKBDIL":2,"KKLJPMEONNA":[],"KMFAHKMFHON":2033,"LFHMGHCNOCL":3033,"LPIJIEAEEOL":160,"MEFMHOFPIFH":2,"NGHHKANJPGL":1023,"NGLAAJCKLOI":4,"OFGDBDDECLA":8,"difficultyId":14,"PCJDJBFCAKH":1},"15":{"APBPJHDOPAG":2,"CEGHFGPKGCL":2,"CJHLIHBLCOM":16,"CLIIBOEBPDI":"","CNFMCOKGEAJ":6014,"DHHEDGEOFGE":0,"FLBKAPJMJID":70,"GFOLJDEGOEO":5014,"GJHEJKBDBHI":[],"difficultyLevel":4,"IKHKPADLJOH":[4,5,6],"JKAKANHBPJG":30,"KGAKOCKBDIL":3,"KKLJPMEONNA":[3],"KMFAHKMFHON":2034,"LFHMGHCNOCL":3034,"LPIJIEAEEOL":160,"MEFMHOFPIFH":2,"NGHHKANJPGL":1024,"NGLAAJCKLOI":4,"OFGDBDDECLA":10,"difficultyId":15,"PCJDJBFCAKH":1},"16":{"APBPJHDOPAG":2,"CEGHFGPKGCL":0,"CJHLIHBLCOM":2,"CLIIBOEBPDI":"1:2,2:5","CNFMCOKGEAJ":6021,"DHHEDGEOFGE":0,"FLBKAPJMJID":60,"GFOLJDEGOEO":5011,"GJHEJKBDBHI":[1,2,3,4,5],"difficultyLevel":1,"IKHKPADLJOH":[3,8,7],"JKAKANHBPJG":30,"KGAKOCKBDIL":2,"KKLJPMEONNA":[],"KMFAHKMFHON":2041,"LFHMGHCNOCL":3041,"LPIJIEAEEOL":100,"MEFMHOFPIFH":2,"NGHHKANJPGL":1031,"NGLAAJCKLOI":2,"OFGDBDDECLA":3,"difficultyId":16,"PCJDJBFCAKH":1},"17":{"APBPJHDOPAG":2,"CEGHFGPKGCL":2,"CJHLIHBLCOM":6,"CLIIBOEBPDI":"1:3,2:8","CNFMCOKGEAJ":6022,"DHHEDGEOFGE":0,"FLBKAPJMJID":60,"GFOLJDEGOEO":5012,"GJHEJKBDBHI":[1,2,3,4,5],"difficultyLevel":2,"IKHKPADLJOH":[3,8,7],"JKAKANHBPJG":30,"KGAKOCKBDIL":2,"KKLJPMEONNA":[],"KMFAHKMFHON":2042,"LFHMGHCNOCL":3042,"LPIJIEAEEOL":100,"MEFMHOFPIFH":2,"NGHHKANJPGL":1032,"NGLAAJCKLOI":2,"OFGDBDDECLA":6,"difficultyId":17,"PCJDJBFCAKH":1},"18":{"APBPJHDOPAG":2,"CEGHFGPKGCL":2,"CJHLIHBLCOM":10,"CLIIBOEBPDI":"1:4,2:10","CNFMCOKGEAJ":6023,"DHHEDGEOFGE":0,"FLBKAPJMJID":70,"GFOLJDEGOEO":5013,"GJHEJKBDBHI":[1,2,3,4,5],"difficultyLevel":3,"IKHKPADLJOH":[3,8,7],"JKAKANHBPJG":30,"KGAKOCKBDIL":2,"KKLJPMEONNA":[],"KMFAHKMFHON":2043,"LFHMGHCNOCL":3043,"LPIJIEAEEOL":160,"MEFMHOFPIFH":2,"NGHHKANJPGL":1033,"NGLAAJCKLOI":4,"OFGDBDDECLA":8,"difficultyId":18,"PCJDJBFCAKH":1},"19":{"APBPJHDOPAG":2,"CEGHFGPKGCL":2,"CJHLIHBLCOM":16,"CLIIBOEBPDI":"1:6,2:14","CNFMCOKGEAJ":6024,"DHHEDGEOFGE":0,"FLBKAPJMJID":70,"GFOLJDEGOEO":5014,"GJHEJKBDBHI":[1,2,3,4,5],"difficultyLevel":4,"IKHKPADLJOH":[3,8,7],"JKAKANHBPJG":30,"KGAKOCKBDIL":3,"KKLJPMEONNA":[3],"KMFAHKMFHON":2044,"LFHMGHCNOCL":3044,"LPIJIEAEEOL":160,"MEFMHOFPIFH":2,"NGHHKANJPGL":1034,"NGLAAJCKLOI":4,"OFGDBDDECLA":10,"difficultyId":19,"PCJDJBFCAKH":1},"20":{"APBPJHDOPAG":2,"CEGHFGPKGCL":0,"CJHLIHBLCOM":2,"CLIIBOEBPDI":"1:2,2:5","CNFMCOKGEAJ":6041,"DHHEDGEOFGE":0,"FLBKAPJMJID":60,"GFOLJDEGOEO":5011,"GJHEJKBDBHI":[1,2,3,4,5],"difficultyLevel":1,"IKHKPADLJOH":[9,10,11],"JKAKANHBPJG":30,"KGAKOCKBDIL":2,"KKLJPMEONNA":[],"KMFAHKMFHON":2051,"LFHMGHCNOCL":3051,"LPIJIEAEEOL":100,"MEFMHOFPIFH":2,"NGHHKANJPGL":1031,"NGLAAJCKLOI":2,"OFGDBDDECLA":3,"difficultyId":20,"PCJDJBFCAKH":1},"21":{"APBPJHDOPAG":2,"CEGHFGPKGCL":2,"CJHLIHBLCOM":6,"CLIIBOEBPDI":"1:3,2:8","CNFMCOKGEAJ":6042,"DHHEDGEOFGE":0,"FLBKAPJMJID":60,"GFOLJDEGOEO":5012,"GJHEJKBDBHI":[1,2,3,4,5],"difficultyLevel":2,"IKHKPADLJOH":[9,10,11],"JKAKANHBPJG":30,"KGAKOCKBDIL":2,"KKLJPMEONNA":[],"KMFAHKMFHON":2052,"LFHMGHCNOCL":3052,"LPIJIEAEEOL":100,"MEFMHOFPIFH":2,"NGHHKANJPGL":1032,"NGLAAJCKLOI":2,"OFGDBDDECLA":6,"difficultyId":21,"PCJDJBFCAKH":1},"22":{"APBPJHDOPAG":2,"CEGHFGPKGCL":2,"CJHLIHBLCOM":10,"CLIIBOEBPDI":"1:4,2:10","CNFMCOKGEAJ":6043,"DHHEDGEOFGE":0,"FLBKAPJMJID":70,"GFOLJDEGOEO":5013,"GJHEJKBDBHI":[1,2,3,4,5],"difficultyLevel":3,"IKHKPADLJOH":[9,10,11],"JKAKANHBPJG":30,"KGAKOCKBDIL":2,"KKLJPMEONNA":[],"KMFAHKMFHON":2053,"LFHMGHCNOCL":3053,"LPIJIEAEEOL":160,"MEFMHOFPIFH":2,"NGHHKANJPGL":1033,"NGLAAJCKLOI":4,"OFGDBDDECLA":8,"difficultyId":22,"PCJDJBFCAKH":1},"23":{"APBPJHDOPAG":2,"CEGHFGPKGCL":2,"CJHLIHBLCOM":16,"CLIIBOEBPDI":"1:6,2:14","CNFMCOKGEAJ":6044,"DHHEDGEOFGE":0,"FLBKAPJMJID":70,"GFOLJDEGOEO":5014,"GJHEJKBDBHI":[1,2,3,4,5],"difficultyLevel":4,"IKHKPADLJOH":[9,10,11],"JKAKANHBPJG":30,"KGAKOCKBDIL":3,"KKLJPMEONNA":[3],"KMFAHKMFHON":2054,"LFHMGHCNOCL":3054,"LPIJIEAEEOL":160,"MEFMHOFPIFH":2,"NGHHKANJPGL":1034,"NGLAAJCKLOI":4,"OFGDBDDECLA":10,"difficultyId":23,"PCJDJBFCAKH":1},"24":{"APBPJHDOPAG":2,"CEGHFGPKGCL":0,"CJHLIHBLCOM":2,"CLIIBOEBPDI":"1:2,2:5","CNFMCOKGEAJ":6031,"DHHEDGEOFGE":0,"FLBKAPJMJID":60,"GFOLJDEGOEO":5011,"GJHEJKBDBHI":[1,2,3,4,5],"difficultyLevel":1,"IKHKPADLJOH":[12,13,14],"JKAKANHBPJG":30,"KGAKOCKBDIL":2,"KKLJPMEONNA":[],"KMFAHKMFHON":2061,"LFHMGHCNOCL":3061,"LPIJIEAEEOL":100,"MEFMHOFPIFH":2,"NGHHKANJPGL":1031,"NGLAAJCKLOI":2,"OFGDBDDECLA":3,"difficultyId":24,"PCJDJBFCAKH":1},"25":{"APBPJHDOPAG":2,"CEGHFGPKGCL":2,"CJHLIHBLCOM":6,"CLIIBOEBPDI":"1:3,2:8","CNFMCOKGEAJ":6032,"DHHEDGEOFGE":0,"FLBKAPJMJID":60,"GFOLJDEGOEO":5012,"GJHEJKBDBHI":[1,2,3,4,5],"difficultyLevel":2,"IKHKPADLJOH":[12,13,14],"JKAKANHBPJG":30,"KGAKOCKBDIL":2,"KKLJPMEONNA":[],"KMFAHKMFHON":2062,"LFHMGHCNOCL":3062,"LPIJIEAEEOL":100,"MEFMHOFPIFH":2,"NGHHKANJPGL":1032,"NGLAAJCKLOI":2,"OFGDBDDECLA":6,"difficultyId":25,"PCJDJBFCAKH":1},"26":{"APBPJHDOPAG":2,"CEGHFGPKGCL":2,"CJHLIHBLCOM":10,"CLIIBOEBPDI":"1:4,2:10","CNFMCOKGEAJ":6033,"DHHEDGEOFGE":0,"FLBKAPJMJID":70,"GFOLJDEGOEO":5013,"GJHEJKBDBHI":[1,2,3,4,5],"difficultyLevel":3,"IKHKPADLJOH":[12,13,14],"JKAKANHBPJG":30,"KGAKOCKBDIL":2,"KKLJPMEONNA":[],"KMFAHKMFHON":2063,"LFHMGHCNOCL":3063,"LPIJIEAEEOL":160,"MEFMHOFPIFH":2,"NGHHKANJPGL":1033,"NGLAAJCKLOI":4,"OFGDBDDECLA":8,"difficultyId":26,"PCJDJBFCAKH":1},"27":{"APBPJHDOPAG":2,"CEGHFGPKGCL":2,"CJHLIHBLCOM":16,"CLIIBOEBPDI":"1:6,2:14","CNFMCOKGEAJ":6034,"DHHEDGEOFGE":0,"FLBKAPJMJID":70,"GFOLJDEGOEO":5014,"GJHEJKBDBHI":[1,2,3,4,5],"difficultyLevel":4,"IKHKPADLJOH":[12,13,14],"JKAKANHBPJG":30,"KGAKOCKBDIL":3,"KKLJPMEONNA":[3],"KMFAHKMFHON":2064,"LFHMGHCNOCL":3064,"LPIJIEAEEOL":160,"MEFMHOFPIFH":2,"NGHHKANJPGL":1034,"NGLAAJCKLOI":4,"OFGDBDDECLA":10,"difficultyId":27,"PCJDJBFCAKH":1},"28":{"APBPJHDOPAG":2,"CEGHFGPKGCL":0,"CJHLIHBLCOM":2,"CLIIBOEBPDI":"1:2,2:5","CNFMCOKGEAJ":6051,"DHHEDGEOFGE":0,"FLBKAPJMJID":60,"GFOLJDEGOEO":5011,"GJHEJKBDBHI":[1,2,3,4,5],"difficultyLevel":1,"IKHKPADLJOH":[1,15,9],"JKAKANHBPJG":30,"KGAKOCKBDIL":2,"KKLJPMEONNA":[],"KMFAHKMFHON":2071,"LFHMGHCNOCL":3071,"LPIJIEAEEOL":100,"MEFMHOFPIFH":2,"NGHHKANJPGL":1031,"NGLAAJCKLOI":2,"OFGDBDDECLA":3,"difficultyId":28,"PCJDJBFCAKH":1},"29":{"APBPJHDOPAG":2,"CEGHFGPKGCL":2,"CJHLIHBLCOM":6,"CLIIBOEBPDI":"1:3,2:8","CNFMCOKGEAJ":6052,"DHHEDGEOFGE":0,"FLBKAPJMJID":60,"GFOLJDEGOEO":5012,"GJHEJKBDBHI":[1,2,3,4,5],"difficultyLevel":2,"IKHKPADLJOH":[1,15,9],"JKAKANHBPJG":30,"KGAKOCKBDIL":2,"KKLJPMEONNA":[],"KMFAHKMFHON":2072,"LFHMGHCNOCL":3072,"LPIJIEAEEOL":100,"MEFMHOFPIFH":2,"NGHHKANJPGL":1032,"NGLAAJCKLOI":2,"OFGDBDDECLA":6,"difficultyId":29,"PCJDJBFCAKH":1},"30":{"APBPJHDOPAG":2,"CEGHFGPKGCL":2,"CJHLIHBLCOM":10,"CLIIBOEBPDI":"1:4,2:10","CNFMCOKGEAJ":6053,"DHHEDGEOFGE":0,"FLBKAPJMJID":70,"GFOLJDEGOEO":5013,"GJHEJKBDBHI":[1,2,3,4,5],"difficultyLevel":3,"IKHKPADLJOH":[1,15,9],"JKAKANHBPJG":30,"KGAKOCKBDIL":2,"KKLJPMEONNA":[],"KMFAHKMFHON":2073,"LFHMGHCNOCL":3073,"LPIJIEAEEOL":160,"MEFMHOFPIFH":2,"NGHHKANJPGL":1033,"NGLAAJCKLOI":4,"OFGDBDDECLA":8,"difficultyId":30,"PCJDJBFCAKH":1},"31":{"APBPJHDOPAG":2,"CEGHFGPKGCL":2,"CJHLIHBLCOM":16,"CLIIBOEBPDI":"1:6,2:14","CNFMCOKGEAJ":6054,"DHHEDGEOFGE":0,"FLBKAPJMJID":70,"GFOLJDEGOEO":5014,"GJHEJKBDBHI":[1,2,3,4,5],"difficultyLevel":4,"IKHKPADLJOH":[1,15,9],"JKAKANHBPJG":30,"KGAKOCKBDIL":3,"KKLJPMEONNA":[3],"KMFAHKMFHON":2074,"LFHMGHCNOCL":3074,"LPIJIEAEEOL":160,"MEFMHOFPIFH":2,"NGHHKANJPGL":1034,"NGLAAJCKLOI":4,"OFGDBDDECLA":10,"difficultyId":31,"PCJDJBFCAKH":1},"32":{"APBPJHDOPAG":2,"CEGHFGPKGCL":0,"CJHLIHBLCOM":2,"CLIIBOEBPDI":"1:2,2:5","CNFMCOKGEAJ":6061,"DHHEDGEOFGE":0,"FLBKAPJMJID":60,"GFOLJDEGOEO":5011,"GJHEJKBDBHI":[1,2,3,4,5],"difficultyLevel":1,"IKHKPADLJOH":[16,11,17],"JKAKANHBPJG":30,"KGAKOCKBDIL":2,"KKLJPMEONNA":[],"KMFAHKMFHON":2081,"LFHMGHCNOCL":3081,"LPIJIEAEEOL":100,"MEFMHOFPIFH":2,"NGHHKANJPGL":1031,"NGLAAJCKLOI":2,"OFGDBDDECLA":3,"difficultyId":32,"PCJDJBFCAKH":1},"33":{"APBPJHDOPAG":2,"CEGHFGPKGCL":2,"CJHLIHBLCOM":6,"CLIIBOEBPDI":"1:3,2:8","CNFMCOKGEAJ":6062,"DHHEDGEOFGE":0,"FLBKAPJMJID":60,"GFOLJDEGOEO":5012,"GJHEJKBDBHI":[1,2,3,4,5],"difficultyLevel":2,"IKHKPADLJOH":[16,11,17],"JKAKANHBPJG":30,"KGAKOCKBDIL":2,"KKLJPMEONNA":[],"KMFAHKMFHON":2082,"LFHMGHCNOCL":3082,"LPIJIEAEEOL":100,"MEFMHOFPIFH":2,"NGHHKANJPGL":1032,"NGLAAJCKLOI":2,"OFGDBDDECLA":6,"difficultyId":33,"PCJDJBFCAKH":1},"34":{"APBPJHDOPAG":2,"CEGHFGPKGCL":2,"CJHLIHBLCOM":10,"CLIIBOEBPDI":"1:4,2:10","CNFMCOKGEAJ":6063,"DHHEDGEOFGE":0,"FLBKAPJMJID":70,"GFOLJDEGOEO":5013,"GJHEJKBDBHI":[1,2,3,4,5],"difficultyLevel":3,"IKHKPADLJOH":[16,11,17],"JKAKANHBPJG":30,"KGAKOCKBDIL":2,"KKLJPMEONNA":[],"KMFAHKMFHON":2083,"LFHMGHCNOCL":3083,"LPIJIEAEEOL":160,"MEFMHOFPIFH":2,"NGHHKANJPGL":1033,"NGLAAJCKLOI":4,"OFGDBDDECLA":8,"difficultyId":34,"PCJDJBFCAKH":1},"35":{"APBPJHDOPAG":2,"CEGHFGPKGCL":2,"CJHLIHBLCOM":16,"CLIIBOEBPDI":"1:6,2:14","CNFMCOKGEAJ":6064,"DHHEDGEOFGE":0,"FLBKAPJMJID":70,"GFOLJDEGOEO":5014,"GJHEJKBDBHI":[1,2,3,4,5],"difficultyLevel":4,"IKHKPADLJOH":[16,11,17],"JKAKANHBPJG":30,"KGAKOCKBDIL":3,"KKLJPMEONNA":[3],"KMFAHKMFHON":2084,"LFHMGHCNOCL":3084,"LPIJIEAEEOL":160,"MEFMHOFPIFH":2,"NGHHKANJPGL":1034,"NGLAAJCKLOI":4,"OFGDBDDECLA":10,"difficultyId":35,"PCJDJBFCAKH":1},"36":{"APBPJHDOPAG":2,"CEGHFGPKGCL":0,"CJHLIHBLCOM":2,"CLIIBOEBPDI":"1:2,2:5","CNFMCOKGEAJ":6071,"DHHEDGEOFGE":0,"FLBKAPJMJID":60,"GFOLJDEGOEO":5011,"GJHEJKBDBHI":[1,2,3,4,5],"difficultyLevel":1,"IKHKPADLJOH":[6,15,10],"JKAKANHBPJG":30,"KGAKOCKBDIL":2,"KKLJPMEONNA":[],"KMFAHKMFHON":2091,"LFHMGHCNOCL":3091,"LPIJIEAEEOL":100,"MEFMHOFPIFH":2,"NGHHKANJPGL":1031,"NGLAAJCKLOI":2,"OFGDBDDECLA":3,"difficultyId":36,"PCJDJBFCAKH":1},"37":{"APBPJHDOPAG":2,"CEGHFGPKGCL":2,"CJHLIHBLCOM":6,"CLIIBOEBPDI":"1:3,2:8","CNFMCOKGEAJ":6072,"DHHEDGEOFGE":0,"FLBKAPJMJID":60,"GFOLJDEGOEO":5012,"GJHEJKBDBHI":[1,2,3,4,5],"difficultyLevel":2,"IKHKPADLJOH":[6,15,10],"JKAKANHBPJG":30,"KGAKOCKBDIL":2,"KKLJPMEONNA":[],"KMFAHKMFHON":2092,"LFHMGHCNOCL":3092,"LPIJIEAEEOL":100,"MEFMHOFPIFH":2,"NGHHKANJPGL":1032,"NGLAAJCKLOI":2,"OFGDBDDECLA":6,"difficultyId":37,"PCJDJBFCAKH":1},"38":{"APBPJHDOPAG":2,"CEGHFGPKGCL":2,"CJHLIHBLCOM":10,"CLIIBOEBPDI":"1:4,2:10","CNFMCOKGEAJ":6073,"DHHEDGEOFGE":0,"FLBKAPJMJID":70,"GFOLJDEGOEO":5013,"GJHEJKBDBHI":[1,2,3,4,5],"difficultyLevel":3,"IKHKPADLJOH":[6,15,10],"JKAKANHBPJG":30,"KGAKOCKBDIL":2,"KKLJPMEONNA":[],"KMFAHKMFHON":2093,"LFHMGHCNOCL":3093,"LPIJIEAEEOL":160,"MEFMHOFPIFH":2,"NGHHKANJPGL":1033,"NGLAAJCKLOI":4,"OFGDBDDECLA":8,"difficultyId":38,"PCJDJBFCAKH":1},"39":{"APBPJHDOPAG":2,"CEGHFGPKGCL":2,"CJHLIHBLCOM":16,"CLIIBOEBPDI":"1:6,2:14","CNFMCOKGEAJ":6074,"DHHEDGEOFGE":0,"FLBKAPJMJID":70,"GFOLJDEGOEO":5014,"GJHEJKBDBHI":[1,2,3,4,5],"difficultyLevel":4,"IKHKPADLJOH":[6,15,10],"JKAKANHBPJG":30,"KGAKOCKBDIL":3,"KKLJPMEONNA":[3],"KMFAHKMFHON":2094,"LFHMGHCNOCL":3094,"LPIJIEAEEOL":160,"MEFMHOFPIFH":2,"NGHHKANJPGL":1034,"NGLAAJCKLOI":4,"OFGDBDDECLA":10,"difficultyId":39,"PCJDJBFCAKH":1},"40":{"APBPJHDOPAG":2,"CEGHFGPKGCL":0,"CJHLIHBLCOM":2,"CLIIBOEBPDI":"1:2,2:5","CNFMCOKGEAJ":6081,"DHHEDGEOFGE":0,"FLBKAPJMJID":60,"GFOLJDEGOEO":5011,"GJHEJKBDBHI":[1,2,3,4,5],"difficultyLevel":1,"IKHKPADLJOH":[16,18,13],"JKAKANHBPJG":30,"KGAKOCKBDIL":2,"KKLJPMEONNA":[],"KMFAHKMFHON":2101,"LFHMGHCNOCL":3101,"LPIJIEAEEOL":100,"MEFMHOFPIFH":2,"NGHHKANJPGL":1031,"NGLAAJCKLOI":2,"OFGDBDDECLA":3,"difficultyId":40,"PCJDJBFCAKH":1},"41":{"APBPJHDOPAG":2,"CEGHFGPKGCL":2,"CJHLIHBLCOM":6,"CLIIBOEBPDI":"1:3,2:8","CNFMCOKGEAJ":6082,"DHHEDGEOFGE":0,"FLBKAPJMJID":60,"GFOLJDEGOEO":5012,"GJHEJKBDBHI":[1,2,3,4,5],"difficultyLevel":2,"IKHKPADLJOH":[16,18,13],"JKAKANHBPJG":30,"KGAKOCKBDIL":2,"KKLJPMEONNA":[],"KMFAHKMFHON":2102,"LFHMGHCNOCL":3102,"LPIJIEAEEOL":100,"MEFMHOFPIFH":2,"NGHHKANJPGL":1032,"NGLAAJCKLOI":2,"OFGDBDDECLA":6,"difficultyId":41,"PCJDJBFCAKH":1},"42":{"APBPJHDOPAG":2,"CEGHFGPKGCL":2,"CJHLIHBLCOM":10,"CLIIBOEBPDI":"1:4,2:10","CNFMCOKGEAJ":6083,"DHHEDGEOFGE":0,"FLBKAPJMJID":70,"GFOLJDEGOEO":5013,"GJHEJKBDBHI":[1,2,3,4,5],"difficultyLevel":3,"IKHKPADLJOH":[16,18,13],"JKAKANHBPJG":30,"KGAKOCKBDIL":2,"KKLJPMEONNA":[],"KMFAHKMFHON":2103,"LFHMGHCNOCL":3103,"LPIJIEAEEOL":160,"MEFMHOFPIFH":2,"NGHHKANJPGL":1033,"NGLAAJCKLOI":4,"OFGDBDDECLA":8,"difficultyId":42,"PCJDJBFCAKH":1},"43":{"APBPJHDOPAG":2,"CEGHFGPKGCL":2,"CJHLIHBLCOM":16,"CLIIBOEBPDI":"1:6,2:14","CNFMCOKGEAJ":6084,"DHHEDGEOFGE":0,"FLBKAPJMJID":70,"GFOLJDEGOEO":5014,"GJHEJKBDBHI":[1,2,3,4,5],"difficultyLevel":4,"IKHKPADLJOH":[16,18,13],"JKAKANHBPJG":30,"KGAKOCKBDIL":3,"KKLJPMEONNA":[3],"KMFAHKMFHON":2104,"LFHMGHCNOCL":3104,"LPIJIEAEEOL":160,"MEFMHOFPIFH":2,"NGHHKANJPGL":1034,"NGLAAJCKLOI":4,"OFGDBDDECLA":10,"difficultyId":43,"PCJDJBFCAKH":1},"44":{"APBPJHDOPAG":2,"CEGHFGPKGCL":0,"CJHLIHBLCOM":2,"CLIIBOEBPDI":"1:2,2:5","CNFMCOKGEAJ":6091,"DHHEDGEOFGE":0,"FLBKAPJMJID":60,"GFOLJDEGOEO":5011,"GJHEJKBDBHI":[1,2,3,4,5],"difficultyLevel":1,"IKHKPADLJOH":[17,7,19],"JKAKANHBPJG":30,"KGAKOCKBDIL":2,"KKLJPMEONNA":[],"KMFAHKMFHON":2111,"LFHMGHCNOCL":3111,"LPIJIEAEEOL":100,"MEFMHOFPIFH":2,"NGHHKANJPGL":1031,"NGLAAJCKLOI":2,"OFGDBDDECLA":3,"difficultyId":44,"PCJDJBFCAKH":1},"45":{"APBPJHDOPAG":2,"CEGHFGPKGCL":2,"CJHLIHBLCOM":6,"CLIIBOEBPDI":"1:3,2:8","CNFMCOKGEAJ":6092,"DHHEDGEOFGE":0,"FLBKAPJMJID":60,"GFOLJDEGOEO":5012,"GJHEJKBDBHI":[1,2,3,4,5],"difficultyLevel":2,"IKHKPADLJOH":[17,7,19],"JKAKANHBPJG":30,"KGAKOCKBDIL":2,"KKLJPMEONNA":[],"KMFAHKMFHON":2112,"LFHMGHCNOCL":3112,"LPIJIEAEEOL":100,"MEFMHOFPIFH":2,"NGHHKANJPGL":1032,"NGLAAJCKLOI":2,"OFGDBDDECLA":6,"difficultyId":45,"PCJDJBFCAKH":1},"46":{"APBPJHDOPAG":2,"CEGHFGPKGCL":2,"CJHLIHBLCOM":10,"CLIIBOEBPDI":"1:4,2:10","CNFMCOKGEAJ":6093,"DHHEDGEOFGE":0,"FLBKAPJMJID":70,"GFOLJDEGOEO":5013,"GJHEJKBDBHI":[1,2,3,4,5],"difficultyLevel":3,"IKHKPADLJOH":[17,7,19],"JKAKANHBPJG":30,"KGAKOCKBDIL":2,"KKLJPMEONNA":[],"KMFAHKMFHON":2113,"LFHMGHCNOCL":3113,"LPIJIEAEEOL":160,"MEFMHOFPIFH":2,"NGHHKANJPGL":1033,"NGLAAJCKLOI":4,"OFGDBDDECLA":8,"difficultyId":46,"PCJDJBFCAKH":1},"47":{"APBPJHDOPAG":2,"CEGHFGPKGCL":2,"CJHLIHBLCOM":16,"CLIIBOEBPDI":"1:6,2:14","CNFMCOKGEAJ":6094,"DHHEDGEOFGE":0,"FLBKAPJMJID":70,"GFOLJDEGOEO":5014,"GJHEJKBDBHI":[1,2,3,4,5],"difficultyLevel":4,"IKHKPADLJOH":[17,7,19],"JKAKANHBPJG":30,"KGAKOCKBDIL":3,"KKLJPMEONNA":[3],"KMFAHKMFHON":2114,"LFHMGHCNOCL":3114,"LPIJIEAEEOL":160,"MEFMHOFPIFH":2,"NGHHKANJPGL":1034,"NGLAAJCKLOI":4,"OFGDBDDECLA":10,"difficultyId":47,"PCJDJBFCAKH":1},"48":{"APBPJHDOPAG":2,"CEGHFGPKGCL":0,"CJHLIHBLCOM":2,"CLIIBOEBPDI":"1:2,2:5","CNFMCOKGEAJ":6095,"DHHEDGEOFGE":0,"FLBKAPJMJID":60,"GFOLJDEGOEO":5011,"GJHEJKBDBHI":[1,2,3,4,5],"difficultyLevel":1,"IKHKPADLJOH":[1,16,14],"JKAKANHBPJG":30,"KGAKOCKBDIL":2,"KKLJPMEONNA":[],"KMFAHKMFHON":2121,"LFHMGHCNOCL":3115,"LPIJIEAEEOL":100,"MEFMHOFPIFH":2,"NGHHKANJPGL":1031,"NGLAAJCKLOI":2,"OFGDBDDECLA":3,"difficultyId":48,"PCJDJBFCAKH":1},"49":{"APBPJHDOPAG":2,"CEGHFGPKGCL":2,"CJHLIHBLCOM":6,"CLIIBOEBPDI":"1:3,2:8","CNFMCOKGEAJ":6096,"DHHEDGEOFGE":0,"FLBKAPJMJID":60,"GFOLJDEGOEO":5012,"GJHEJKBDBHI":[1,2,3,4,5],"difficultyLevel":2,"IKHKPADLJOH":[1,16,14],"JKAKANHBPJG":30,"KGAKOCKBDIL":2,"KKLJPMEONNA":[],"KMFAHKMFHON":2122,"LFHMGHCNOCL":3116,"LPIJIEAEEOL":100,"MEFMHOFPIFH":2,"NGHHKANJPGL":1032,"NGLAAJCKLOI":2,"OFGDBDDECLA":6,"difficultyId":49,"PCJDJBFCAKH":1},"50":{"APBPJHDOPAG":2,"CEGHFGPKGCL":2,"CJHLIHBLCOM":10,"CLIIBOEBPDI":"1:4,2:10","CNFMCOKGEAJ":6097,"DHHEDGEOFGE":0,"FLBKAPJMJID":70,"GFOLJDEGOEO":5013,"GJHEJKBDBHI":[1,2,3,4,5],"difficultyLevel":3,"IKHKPADLJOH":[1,16,14],"JKAKANHBPJG":30,"KGAKOCKBDIL":2,"KKLJPMEONNA":[],"KMFAHKMFHON":2123,"LFHMGHCNOCL":3117,"LPIJIEAEEOL":160,"MEFMHOFPIFH":2,"NGHHKANJPGL":1033,"NGLAAJCKLOI":4,"OFGDBDDECLA":8,"difficultyId":50,"PCJDJBFCAKH":1},"51":{"APBPJHDOPAG":2,"CEGHFGPKGCL":2,"CJHLIHBLCOM":16,"CLIIBOEBPDI":"1:6,2:14","CNFMCOKGEAJ":6098,"DHHEDGEOFGE":0,"FLBKAPJMJID":70,"GFOLJDEGOEO":5014,"GJHEJKBDBHI":[1,2,3,4,5],"difficultyLevel":4,"IKHKPADLJOH":[1,16,14],"JKAKANHBPJG":30,"KGAKOCKBDIL":3,"KKLJPMEONNA":[3],"KMFAHKMFHON":2124,"LFHMGHCNOCL":3118,"LPIJIEAEEOL":160,"MEFMHOFPIFH":2,"NGHHKANJPGL":1034,"NGLAAJCKLOI":4,"OFGDBDDECLA":10,"difficultyId":51,"PCJDJBFCAKH":1}}