{"1":{"AMHNMFAJOKE":100,"APHOIKHKELL":3001,"BCCAEDACKEC":0,"BDMANILCIOI":0,"CDAGMJLBJAI":0,"CLPKGEELDJK":60,"difficultyId":1,"difficultyLevel":1,"EKIAMKAGCDB":0,"FOOKOKKKCMM":2,"GFLBDFPGBMB":1001,"GHILCBCPCFK":0,"GJABLJMFGFJ":[],"HIFGAJIFPHE":5001,"HIHHLJIHMJL":0,"JOFOFJMAFNG":4,"KHHHPKJOFMP":1,"KJBBHHINHGL":0,"KKBJHNMHPDH":4001,"LDLBDGHKGBH":false,"NBOMLAOBEEC":[],"NICFJKHBLJM":3,"NLOGBLKGACP":[],"NMLMNLKJHPC":"","PDGJEEICOKD":0,"PHPPKPOIFKL":0,"PONPEFAJJCJ":2001},"2":{"AMHNMFAJOKE":100,"APHOIKHKELL":3002,"BCCAEDACKEC":0,"BDMANILCIOI":0,"CDAGMJLBJAI":0,"CLPKGEELDJK":60,"difficultyId":2,"difficultyLevel":2,"EKIAMKAGCDB":0,"FOOKOKKKCMM":2,"GFLBDFPGBMB":1002,"GHILCBCPCFK":0,"GJABLJMFGFJ":[],"HIFGAJIFPHE":5002,"HIHHLJIHMJL":0,"JOFOFJMAFNG":8,"KHHHPKJOFMP":1,"KJBBHHINHGL":0,"KKBJHNMHPDH":4001,"LDLBDGHKGBH":false,"NBOMLAOBEEC":[],"NICFJKHBLJM":6,"NLOGBLKGACP":[],"NMLMNLKJHPC":"","PDGJEEICOKD":1,"PHPPKPOIFKL":0,"PONPEFAJJCJ":2002},"3":{"AMHNMFAJOKE":100,"APHOIKHKELL":3003,"BCCAEDACKEC":0,"BDMANILCIOI":0,"CDAGMJLBJAI":0,"CLPKGEELDJK":70,"difficultyId":3,"difficultyLevel":3,"EKIAMKAGCDB":0,"FOOKOKKKCMM":2,"GFLBDFPGBMB":1003,"GHILCBCPCFK":0,"GJABLJMFGFJ":[],"HIFGAJIFPHE":5003,"HIHHLJIHMJL":0,"JOFOFJMAFNG":12,"KHHHPKJOFMP":1,"KJBBHHINHGL":0,"KKBJHNMHPDH":4001,"LDLBDGHKGBH":false,"NBOMLAOBEEC":[],"NICFJKHBLJM":8,"NLOGBLKGACP":[],"NMLMNLKJHPC":"","PDGJEEICOKD":1,"PHPPKPOIFKL":0,"PONPEFAJJCJ":2003},"5":{"AMHNMFAJOKE":100,"APHOIKHKELL":3011,"BCCAEDACKEC":0,"BDMANILCIOI":0,"CDAGMJLBJAI":0,"CLPKGEELDJK":60,"difficultyId":5,"difficultyLevel":1,"EKIAMKAGCDB":0,"FOOKOKKKCMM":2,"GFLBDFPGBMB":1011,"GHILCBCPCFK":0,"GJABLJMFGFJ":[],"HIFGAJIFPHE":5001,"HIHHLJIHMJL":0,"JOFOFJMAFNG":4,"KHHHPKJOFMP":2,"KJBBHHINHGL":0,"KKBJHNMHPDH":4002,"LDLBDGHKGBH":false,"NBOMLAOBEEC":[],"NICFJKHBLJM":3,"NLOGBLKGACP":[],"NMLMNLKJHPC":"","PDGJEEICOKD":0,"PHPPKPOIFKL":0,"PONPEFAJJCJ":2011},"6":{"AMHNMFAJOKE":100,"APHOIKHKELL":3012,"BCCAEDACKEC":0,"BDMANILCIOI":0,"CDAGMJLBJAI":0,"CLPKGEELDJK":60,"difficultyId":6,"difficultyLevel":2,"EKIAMKAGCDB":0,"FOOKOKKKCMM":2,"GFLBDFPGBMB":1012,"GHILCBCPCFK":0,"GJABLJMFGFJ":[],"HIFGAJIFPHE":5102,"HIHHLJIHMJL":0,"JOFOFJMAFNG":8,"KHHHPKJOFMP":2,"KJBBHHINHGL":0,"KKBJHNMHPDH":4002,"LDLBDGHKGBH":false,"NBOMLAOBEEC":[],"NICFJKHBLJM":6,"NLOGBLKGACP":[],"NMLMNLKJHPC":"","PDGJEEICOKD":1,"PHPPKPOIFKL":0,"PONPEFAJJCJ":2012},"7":{"AMHNMFAJOKE":160,"APHOIKHKELL":3013,"BCCAEDACKEC":0,"BDMANILCIOI":0,"CDAGMJLBJAI":0,"CLPKGEELDJK":70,"difficultyId":7,"difficultyLevel":3,"EKIAMKAGCDB":0,"FOOKOKKKCMM":2,"GFLBDFPGBMB":1013,"GHILCBCPCFK":0,"GJABLJMFGFJ":[],"HIFGAJIFPHE":5103,"HIHHLJIHMJL":0,"JOFOFJMAFNG":12,"KHHHPKJOFMP":2,"KJBBHHINHGL":0,"KKBJHNMHPDH":4002,"LDLBDGHKGBH":false,"NBOMLAOBEEC":[],"NICFJKHBLJM":8,"NLOGBLKGACP":[],"NMLMNLKJHPC":"","PDGJEEICOKD":1,"PHPPKPOIFKL":0,"PONPEFAJJCJ":2013},"8":{"AMHNMFAJOKE":100,"APHOIKHKELL":3021,"BCCAEDACKEC":6001,"BDMANILCIOI":2,"CDAGMJLBJAI":0,"CLPKGEELDJK":60,"difficultyId":8,"difficultyLevel":1,"EKIAMKAGCDB":0,"FOOKOKKKCMM":2,"GFLBDFPGBMB":1021,"GHILCBCPCFK":2,"GJABLJMFGFJ":[],"HIFGAJIFPHE":5011,"HIHHLJIHMJL":1,"JOFOFJMAFNG":2,"KHHHPKJOFMP":2,"KJBBHHINHGL":30,"KKBJHNMHPDH":0,"LDLBDGHKGBH":false,"NBOMLAOBEEC":[1,2,3],"NICFJKHBLJM":3,"NLOGBLKGACP":[],"NMLMNLKJHPC":"","PDGJEEICOKD":0,"PHPPKPOIFKL":0,"PONPEFAJJCJ":2021},"9":{"AMHNMFAJOKE":100,"APHOIKHKELL":3022,"BCCAEDACKEC":6002,"BDMANILCIOI":2,"CDAGMJLBJAI":0,"CLPKGEELDJK":60,"difficultyId":9,"difficultyLevel":2,"EKIAMKAGCDB":0,"FOOKOKKKCMM":2,"GFLBDFPGBMB":1022,"GHILCBCPCFK":2,"GJABLJMFGFJ":[],"HIFGAJIFPHE":5012,"HIHHLJIHMJL":1,"JOFOFJMAFNG":6,"KHHHPKJOFMP":2,"KJBBHHINHGL":30,"KKBJHNMHPDH":0,"LDLBDGHKGBH":false,"NBOMLAOBEEC":[1,2,3],"NICFJKHBLJM":6,"NLOGBLKGACP":[],"NMLMNLKJHPC":"","PDGJEEICOKD":2,"PHPPKPOIFKL":0,"PONPEFAJJCJ":2022},"10":{"AMHNMFAJOKE":160,"APHOIKHKELL":3023,"BCCAEDACKEC":6003,"BDMANILCIOI":2,"CDAGMJLBJAI":0,"CLPKGEELDJK":70,"difficultyId":10,"difficultyLevel":3,"EKIAMKAGCDB":0,"FOOKOKKKCMM":2,"GFLBDFPGBMB":1023,"GHILCBCPCFK":4,"GJABLJMFGFJ":[],"HIFGAJIFPHE":5013,"HIHHLJIHMJL":1,"JOFOFJMAFNG":10,"KHHHPKJOFMP":2,"KJBBHHINHGL":30,"KKBJHNMHPDH":0,"LDLBDGHKGBH":false,"NBOMLAOBEEC":[1,2,3],"NICFJKHBLJM":8,"NLOGBLKGACP":[],"NMLMNLKJHPC":"","PDGJEEICOKD":2,"PHPPKPOIFKL":0,"PONPEFAJJCJ":2023},"11":{"AMHNMFAJOKE":160,"APHOIKHKELL":3024,"BCCAEDACKEC":6004,"BDMANILCIOI":2,"CDAGMJLBJAI":0,"CLPKGEELDJK":70,"difficultyId":11,"difficultyLevel":4,"EKIAMKAGCDB":0,"FOOKOKKKCMM":3,"GFLBDFPGBMB":1024,"GHILCBCPCFK":4,"GJABLJMFGFJ":[3],"HIFGAJIFPHE":5014,"HIHHLJIHMJL":1,"JOFOFJMAFNG":16,"KHHHPKJOFMP":2,"KJBBHHINHGL":30,"KKBJHNMHPDH":0,"LDLBDGHKGBH":false,"NBOMLAOBEEC":[1,2,3],"NICFJKHBLJM":10,"NLOGBLKGACP":[],"NMLMNLKJHPC":"","PDGJEEICOKD":2,"PHPPKPOIFKL":0,"PONPEFAJJCJ":2024},"12":{"AMHNMFAJOKE":100,"APHOIKHKELL":3031,"BCCAEDACKEC":6011,"BDMANILCIOI":2,"CDAGMJLBJAI":0,"CLPKGEELDJK":60,"difficultyId":12,"difficultyLevel":1,"EKIAMKAGCDB":0,"FOOKOKKKCMM":2,"GFLBDFPGBMB":1021,"GHILCBCPCFK":2,"GJABLJMFGFJ":[],"HIFGAJIFPHE":5011,"HIHHLJIHMJL":1,"JOFOFJMAFNG":2,"KHHHPKJOFMP":2,"KJBBHHINHGL":30,"KKBJHNMHPDH":0,"LDLBDGHKGBH":false,"NBOMLAOBEEC":[4,5,6],"NICFJKHBLJM":3,"NLOGBLKGACP":[],"NMLMNLKJHPC":"","PDGJEEICOKD":0,"PHPPKPOIFKL":0,"PONPEFAJJCJ":2031},"13":{"AMHNMFAJOKE":100,"APHOIKHKELL":3032,"BCCAEDACKEC":6012,"BDMANILCIOI":2,"CDAGMJLBJAI":0,"CLPKGEELDJK":60,"difficultyId":13,"difficultyLevel":2,"EKIAMKAGCDB":0,"FOOKOKKKCMM":2,"GFLBDFPGBMB":1022,"GHILCBCPCFK":2,"GJABLJMFGFJ":[],"HIFGAJIFPHE":5012,"HIHHLJIHMJL":1,"JOFOFJMAFNG":6,"KHHHPKJOFMP":2,"KJBBHHINHGL":30,"KKBJHNMHPDH":0,"LDLBDGHKGBH":false,"NBOMLAOBEEC":[4,5,6],"NICFJKHBLJM":6,"NLOGBLKGACP":[],"NMLMNLKJHPC":"","PDGJEEICOKD":2,"PHPPKPOIFKL":0,"PONPEFAJJCJ":2032},"14":{"AMHNMFAJOKE":160,"APHOIKHKELL":3033,"BCCAEDACKEC":6013,"BDMANILCIOI":2,"CDAGMJLBJAI":0,"CLPKGEELDJK":70,"difficultyId":14,"difficultyLevel":3,"EKIAMKAGCDB":0,"FOOKOKKKCMM":2,"GFLBDFPGBMB":1023,"GHILCBCPCFK":4,"GJABLJMFGFJ":[],"HIFGAJIFPHE":5013,"HIHHLJIHMJL":1,"JOFOFJMAFNG":10,"KHHHPKJOFMP":2,"KJBBHHINHGL":30,"KKBJHNMHPDH":0,"LDLBDGHKGBH":false,"NBOMLAOBEEC":[4,5,6],"NICFJKHBLJM":8,"NLOGBLKGACP":[],"NMLMNLKJHPC":"","PDGJEEICOKD":2,"PHPPKPOIFKL":0,"PONPEFAJJCJ":2033},"15":{"AMHNMFAJOKE":160,"APHOIKHKELL":3034,"BCCAEDACKEC":6014,"BDMANILCIOI":2,"CDAGMJLBJAI":0,"CLPKGEELDJK":70,"difficultyId":15,"difficultyLevel":4,"EKIAMKAGCDB":0,"FOOKOKKKCMM":3,"GFLBDFPGBMB":1024,"GHILCBCPCFK":4,"GJABLJMFGFJ":[3],"HIFGAJIFPHE":5014,"HIHHLJIHMJL":1,"JOFOFJMAFNG":16,"KHHHPKJOFMP":2,"KJBBHHINHGL":30,"KKBJHNMHPDH":0,"LDLBDGHKGBH":false,"NBOMLAOBEEC":[4,5,6],"NICFJKHBLJM":10,"NLOGBLKGACP":[],"NMLMNLKJHPC":"","PDGJEEICOKD":2,"PHPPKPOIFKL":0,"PONPEFAJJCJ":2034},"16":{"AMHNMFAJOKE":100,"APHOIKHKELL":3041,"BCCAEDACKEC":6021,"BDMANILCIOI":2,"CDAGMJLBJAI":0,"CLPKGEELDJK":60,"difficultyId":16,"difficultyLevel":1,"EKIAMKAGCDB":0,"FOOKOKKKCMM":2,"GFLBDFPGBMB":1031,"GHILCBCPCFK":2,"GJABLJMFGFJ":[],"HIFGAJIFPHE":5011,"HIHHLJIHMJL":1,"JOFOFJMAFNG":2,"KHHHPKJOFMP":2,"KJBBHHINHGL":30,"KKBJHNMHPDH":0,"LDLBDGHKGBH":false,"NBOMLAOBEEC":[3,8,7],"NICFJKHBLJM":3,"NLOGBLKGACP":[1,2,3,4,5],"NMLMNLKJHPC":"1:2,2:5","PDGJEEICOKD":0,"PHPPKPOIFKL":0,"PONPEFAJJCJ":2041},"17":{"AMHNMFAJOKE":100,"APHOIKHKELL":3042,"BCCAEDACKEC":6022,"BDMANILCIOI":2,"CDAGMJLBJAI":0,"CLPKGEELDJK":60,"difficultyId":17,"difficultyLevel":2,"EKIAMKAGCDB":0,"FOOKOKKKCMM":2,"GFLBDFPGBMB":1032,"GHILCBCPCFK":2,"GJABLJMFGFJ":[],"HIFGAJIFPHE":5012,"HIHHLJIHMJL":1,"JOFOFJMAFNG":6,"KHHHPKJOFMP":2,"KJBBHHINHGL":30,"KKBJHNMHPDH":0,"LDLBDGHKGBH":false,"NBOMLAOBEEC":[3,8,7],"NICFJKHBLJM":6,"NLOGBLKGACP":[1,2,3,4,5],"NMLMNLKJHPC":"1:3,2:8","PDGJEEICOKD":2,"PHPPKPOIFKL":0,"PONPEFAJJCJ":2042},"18":{"AMHNMFAJOKE":160,"APHOIKHKELL":3043,"BCCAEDACKEC":6023,"BDMANILCIOI":2,"CDAGMJLBJAI":0,"CLPKGEELDJK":70,"difficultyId":18,"difficultyLevel":3,"EKIAMKAGCDB":0,"FOOKOKKKCMM":2,"GFLBDFPGBMB":1033,"GHILCBCPCFK":4,"GJABLJMFGFJ":[],"HIFGAJIFPHE":5013,"HIHHLJIHMJL":1,"JOFOFJMAFNG":10,"KHHHPKJOFMP":2,"KJBBHHINHGL":30,"KKBJHNMHPDH":0,"LDLBDGHKGBH":false,"NBOMLAOBEEC":[3,8,7],"NICFJKHBLJM":8,"NLOGBLKGACP":[1,2,3,4,5],"NMLMNLKJHPC":"1:4,2:10","PDGJEEICOKD":2,"PHPPKPOIFKL":0,"PONPEFAJJCJ":2043},"19":{"AMHNMFAJOKE":160,"APHOIKHKELL":3044,"BCCAEDACKEC":6024,"BDMANILCIOI":2,"CDAGMJLBJAI":0,"CLPKGEELDJK":70,"difficultyId":19,"difficultyLevel":4,"EKIAMKAGCDB":0,"FOOKOKKKCMM":3,"GFLBDFPGBMB":1034,"GHILCBCPCFK":4,"GJABLJMFGFJ":[3],"HIFGAJIFPHE":5014,"HIHHLJIHMJL":1,"JOFOFJMAFNG":16,"KHHHPKJOFMP":2,"KJBBHHINHGL":30,"KKBJHNMHPDH":0,"LDLBDGHKGBH":false,"NBOMLAOBEEC":[3,8,7],"NICFJKHBLJM":10,"NLOGBLKGACP":[1,2,3,4,5],"NMLMNLKJHPC":"1:6,2:14","PDGJEEICOKD":2,"PHPPKPOIFKL":0,"PONPEFAJJCJ":2044},"20":{"AMHNMFAJOKE":100,"APHOIKHKELL":3051,"BCCAEDACKEC":6041,"BDMANILCIOI":2,"CDAGMJLBJAI":0,"CLPKGEELDJK":60,"difficultyId":20,"difficultyLevel":1,"EKIAMKAGCDB":0,"FOOKOKKKCMM":2,"GFLBDFPGBMB":1031,"GHILCBCPCFK":2,"GJABLJMFGFJ":[],"HIFGAJIFPHE":5011,"HIHHLJIHMJL":1,"JOFOFJMAFNG":2,"KHHHPKJOFMP":2,"KJBBHHINHGL":30,"KKBJHNMHPDH":0,"LDLBDGHKGBH":false,"NBOMLAOBEEC":[9,10,11],"NICFJKHBLJM":3,"NLOGBLKGACP":[1,2,3,4,5],"NMLMNLKJHPC":"1:2,2:5","PDGJEEICOKD":0,"PHPPKPOIFKL":0,"PONPEFAJJCJ":2051},"21":{"AMHNMFAJOKE":100,"APHOIKHKELL":3052,"BCCAEDACKEC":6042,"BDMANILCIOI":2,"CDAGMJLBJAI":0,"CLPKGEELDJK":60,"difficultyId":21,"difficultyLevel":2,"EKIAMKAGCDB":0,"FOOKOKKKCMM":2,"GFLBDFPGBMB":1032,"GHILCBCPCFK":2,"GJABLJMFGFJ":[],"HIFGAJIFPHE":5012,"HIHHLJIHMJL":1,"JOFOFJMAFNG":6,"KHHHPKJOFMP":2,"KJBBHHINHGL":30,"KKBJHNMHPDH":0,"LDLBDGHKGBH":false,"NBOMLAOBEEC":[9,10,11],"NICFJKHBLJM":6,"NLOGBLKGACP":[1,2,3,4,5],"NMLMNLKJHPC":"1:3,2:8","PDGJEEICOKD":2,"PHPPKPOIFKL":0,"PONPEFAJJCJ":2052},"22":{"AMHNMFAJOKE":160,"APHOIKHKELL":3053,"BCCAEDACKEC":6043,"BDMANILCIOI":2,"CDAGMJLBJAI":0,"CLPKGEELDJK":70,"difficultyId":22,"difficultyLevel":3,"EKIAMKAGCDB":0,"FOOKOKKKCMM":2,"GFLBDFPGBMB":1033,"GHILCBCPCFK":4,"GJABLJMFGFJ":[],"HIFGAJIFPHE":5013,"HIHHLJIHMJL":1,"JOFOFJMAFNG":10,"KHHHPKJOFMP":2,"KJBBHHINHGL":30,"KKBJHNMHPDH":0,"LDLBDGHKGBH":false,"NBOMLAOBEEC":[9,10,11],"NICFJKHBLJM":8,"NLOGBLKGACP":[1,2,3,4,5],"NMLMNLKJHPC":"1:4,2:10","PDGJEEICOKD":2,"PHPPKPOIFKL":0,"PONPEFAJJCJ":2053},"23":{"AMHNMFAJOKE":160,"APHOIKHKELL":3054,"BCCAEDACKEC":6044,"BDMANILCIOI":2,"CDAGMJLBJAI":0,"CLPKGEELDJK":70,"difficultyId":23,"difficultyLevel":4,"EKIAMKAGCDB":0,"FOOKOKKKCMM":3,"GFLBDFPGBMB":1034,"GHILCBCPCFK":4,"GJABLJMFGFJ":[3],"HIFGAJIFPHE":5014,"HIHHLJIHMJL":1,"JOFOFJMAFNG":16,"KHHHPKJOFMP":2,"KJBBHHINHGL":30,"KKBJHNMHPDH":0,"LDLBDGHKGBH":false,"NBOMLAOBEEC":[9,10,11],"NICFJKHBLJM":10,"NLOGBLKGACP":[1,2,3,4,5],"NMLMNLKJHPC":"1:6,2:14","PDGJEEICOKD":2,"PHPPKPOIFKL":0,"PONPEFAJJCJ":2054},"24":{"AMHNMFAJOKE":100,"APHOIKHKELL":3061,"BCCAEDACKEC":6031,"BDMANILCIOI":2,"CDAGMJLBJAI":0,"CLPKGEELDJK":60,"difficultyId":24,"difficultyLevel":1,"EKIAMKAGCDB":0,"FOOKOKKKCMM":2,"GFLBDFPGBMB":1031,"GHILCBCPCFK":2,"GJABLJMFGFJ":[],"HIFGAJIFPHE":5011,"HIHHLJIHMJL":1,"JOFOFJMAFNG":2,"KHHHPKJOFMP":2,"KJBBHHINHGL":30,"KKBJHNMHPDH":0,"LDLBDGHKGBH":false,"NBOMLAOBEEC":[12,13,14],"NICFJKHBLJM":3,"NLOGBLKGACP":[1,2,3,4,5],"NMLMNLKJHPC":"1:2,2:5","PDGJEEICOKD":0,"PHPPKPOIFKL":0,"PONPEFAJJCJ":2061},"25":{"AMHNMFAJOKE":100,"APHOIKHKELL":3062,"BCCAEDACKEC":6032,"BDMANILCIOI":2,"CDAGMJLBJAI":0,"CLPKGEELDJK":60,"difficultyId":25,"difficultyLevel":2,"EKIAMKAGCDB":0,"FOOKOKKKCMM":2,"GFLBDFPGBMB":1032,"GHILCBCPCFK":2,"GJABLJMFGFJ":[],"HIFGAJIFPHE":5012,"HIHHLJIHMJL":1,"JOFOFJMAFNG":6,"KHHHPKJOFMP":2,"KJBBHHINHGL":30,"KKBJHNMHPDH":0,"LDLBDGHKGBH":false,"NBOMLAOBEEC":[12,13,14],"NICFJKHBLJM":6,"NLOGBLKGACP":[1,2,3,4,5],"NMLMNLKJHPC":"1:3,2:8","PDGJEEICOKD":2,"PHPPKPOIFKL":0,"PONPEFAJJCJ":2062},"26":{"AMHNMFAJOKE":160,"APHOIKHKELL":3063,"BCCAEDACKEC":6033,"BDMANILCIOI":2,"CDAGMJLBJAI":0,"CLPKGEELDJK":70,"difficultyId":26,"difficultyLevel":3,"EKIAMKAGCDB":0,"FOOKOKKKCMM":2,"GFLBDFPGBMB":1033,"GHILCBCPCFK":4,"GJABLJMFGFJ":[],"HIFGAJIFPHE":5013,"HIHHLJIHMJL":1,"JOFOFJMAFNG":10,"KHHHPKJOFMP":2,"KJBBHHINHGL":30,"KKBJHNMHPDH":0,"LDLBDGHKGBH":false,"NBOMLAOBEEC":[12,13,14],"NICFJKHBLJM":8,"NLOGBLKGACP":[1,2,3,4,5],"NMLMNLKJHPC":"1:4,2:10","PDGJEEICOKD":2,"PHPPKPOIFKL":0,"PONPEFAJJCJ":2063},"27":{"AMHNMFAJOKE":160,"APHOIKHKELL":3064,"BCCAEDACKEC":6034,"BDMANILCIOI":2,"CDAGMJLBJAI":0,"CLPKGEELDJK":70,"difficultyId":27,"difficultyLevel":4,"EKIAMKAGCDB":0,"FOOKOKKKCMM":3,"GFLBDFPGBMB":1034,"GHILCBCPCFK":4,"GJABLJMFGFJ":[3],"HIFGAJIFPHE":5014,"HIHHLJIHMJL":1,"JOFOFJMAFNG":16,"KHHHPKJOFMP":2,"KJBBHHINHGL":30,"KKBJHNMHPDH":0,"LDLBDGHKGBH":false,"NBOMLAOBEEC":[12,13,14],"NICFJKHBLJM":10,"NLOGBLKGACP":[1,2,3,4,5],"NMLMNLKJHPC":"1:6,2:14","PDGJEEICOKD":2,"PHPPKPOIFKL":0,"PONPEFAJJCJ":2064},"28":{"AMHNMFAJOKE":100,"APHOIKHKELL":3071,"BCCAEDACKEC":6051,"BDMANILCIOI":2,"CDAGMJLBJAI":0,"CLPKGEELDJK":60,"difficultyId":28,"difficultyLevel":1,"EKIAMKAGCDB":0,"FOOKOKKKCMM":2,"GFLBDFPGBMB":1031,"GHILCBCPCFK":2,"GJABLJMFGFJ":[],"HIFGAJIFPHE":5011,"HIHHLJIHMJL":1,"JOFOFJMAFNG":2,"KHHHPKJOFMP":2,"KJBBHHINHGL":30,"KKBJHNMHPDH":0,"LDLBDGHKGBH":false,"NBOMLAOBEEC":[1,15,9],"NICFJKHBLJM":3,"NLOGBLKGACP":[1,2,3,4,5],"NMLMNLKJHPC":"1:2,2:5","PDGJEEICOKD":0,"PHPPKPOIFKL":0,"PONPEFAJJCJ":2071},"29":{"AMHNMFAJOKE":100,"APHOIKHKELL":3072,"BCCAEDACKEC":6052,"BDMANILCIOI":2,"CDAGMJLBJAI":0,"CLPKGEELDJK":60,"difficultyId":29,"difficultyLevel":2,"EKIAMKAGCDB":0,"FOOKOKKKCMM":2,"GFLBDFPGBMB":1032,"GHILCBCPCFK":2,"GJABLJMFGFJ":[],"HIFGAJIFPHE":5012,"HIHHLJIHMJL":1,"JOFOFJMAFNG":6,"KHHHPKJOFMP":2,"KJBBHHINHGL":30,"KKBJHNMHPDH":0,"LDLBDGHKGBH":false,"NBOMLAOBEEC":[1,15,9],"NICFJKHBLJM":6,"NLOGBLKGACP":[1,2,3,4,5],"NMLMNLKJHPC":"1:3,2:8","PDGJEEICOKD":2,"PHPPKPOIFKL":0,"PONPEFAJJCJ":2072},"30":{"AMHNMFAJOKE":160,"APHOIKHKELL":3073,"BCCAEDACKEC":6053,"BDMANILCIOI":2,"CDAGMJLBJAI":0,"CLPKGEELDJK":70,"difficultyId":30,"difficultyLevel":3,"EKIAMKAGCDB":0,"FOOKOKKKCMM":2,"GFLBDFPGBMB":1033,"GHILCBCPCFK":4,"GJABLJMFGFJ":[],"HIFGAJIFPHE":5013,"HIHHLJIHMJL":1,"JOFOFJMAFNG":10,"KHHHPKJOFMP":2,"KJBBHHINHGL":30,"KKBJHNMHPDH":0,"LDLBDGHKGBH":false,"NBOMLAOBEEC":[1,15,9],"NICFJKHBLJM":8,"NLOGBLKGACP":[1,2,3,4,5],"NMLMNLKJHPC":"1:4,2:10","PDGJEEICOKD":2,"PHPPKPOIFKL":0,"PONPEFAJJCJ":2073},"31":{"AMHNMFAJOKE":160,"APHOIKHKELL":3074,"BCCAEDACKEC":6054,"BDMANILCIOI":2,"CDAGMJLBJAI":0,"CLPKGEELDJK":70,"difficultyId":31,"difficultyLevel":4,"EKIAMKAGCDB":0,"FOOKOKKKCMM":3,"GFLBDFPGBMB":1034,"GHILCBCPCFK":4,"GJABLJMFGFJ":[3],"HIFGAJIFPHE":5014,"HIHHLJIHMJL":1,"JOFOFJMAFNG":16,"KHHHPKJOFMP":2,"KJBBHHINHGL":30,"KKBJHNMHPDH":0,"LDLBDGHKGBH":false,"NBOMLAOBEEC":[1,15,9],"NICFJKHBLJM":10,"NLOGBLKGACP":[1,2,3,4,5],"NMLMNLKJHPC":"1:6,2:14","PDGJEEICOKD":2,"PHPPKPOIFKL":0,"PONPEFAJJCJ":2074},"32":{"AMHNMFAJOKE":100,"APHOIKHKELL":3081,"BCCAEDACKEC":6061,"BDMANILCIOI":2,"CDAGMJLBJAI":0,"CLPKGEELDJK":60,"difficultyId":32,"difficultyLevel":1,"EKIAMKAGCDB":0,"FOOKOKKKCMM":2,"GFLBDFPGBMB":1031,"GHILCBCPCFK":2,"GJABLJMFGFJ":[],"HIFGAJIFPHE":5011,"HIHHLJIHMJL":1,"JOFOFJMAFNG":2,"KHHHPKJOFMP":2,"KJBBHHINHGL":30,"KKBJHNMHPDH":0,"LDLBDGHKGBH":false,"NBOMLAOBEEC":[16,11,17],"NICFJKHBLJM":3,"NLOGBLKGACP":[1,2,3,4,5],"NMLMNLKJHPC":"1:2,2:5","PDGJEEICOKD":0,"PHPPKPOIFKL":0,"PONPEFAJJCJ":2081},"33":{"AMHNMFAJOKE":100,"APHOIKHKELL":3082,"BCCAEDACKEC":6062,"BDMANILCIOI":2,"CDAGMJLBJAI":0,"CLPKGEELDJK":60,"difficultyId":33,"difficultyLevel":2,"EKIAMKAGCDB":0,"FOOKOKKKCMM":2,"GFLBDFPGBMB":1032,"GHILCBCPCFK":2,"GJABLJMFGFJ":[],"HIFGAJIFPHE":5012,"HIHHLJIHMJL":1,"JOFOFJMAFNG":6,"KHHHPKJOFMP":2,"KJBBHHINHGL":30,"KKBJHNMHPDH":0,"LDLBDGHKGBH":false,"NBOMLAOBEEC":[16,11,17],"NICFJKHBLJM":6,"NLOGBLKGACP":[1,2,3,4,5],"NMLMNLKJHPC":"1:3,2:8","PDGJEEICOKD":2,"PHPPKPOIFKL":0,"PONPEFAJJCJ":2082},"34":{"AMHNMFAJOKE":160,"APHOIKHKELL":3083,"BCCAEDACKEC":6063,"BDMANILCIOI":2,"CDAGMJLBJAI":0,"CLPKGEELDJK":70,"difficultyId":34,"difficultyLevel":3,"EKIAMKAGCDB":0,"FOOKOKKKCMM":2,"GFLBDFPGBMB":1033,"GHILCBCPCFK":4,"GJABLJMFGFJ":[],"HIFGAJIFPHE":5013,"HIHHLJIHMJL":1,"JOFOFJMAFNG":10,"KHHHPKJOFMP":2,"KJBBHHINHGL":30,"KKBJHNMHPDH":0,"LDLBDGHKGBH":false,"NBOMLAOBEEC":[16,11,17],"NICFJKHBLJM":8,"NLOGBLKGACP":[1,2,3,4,5],"NMLMNLKJHPC":"1:4,2:10","PDGJEEICOKD":2,"PHPPKPOIFKL":0,"PONPEFAJJCJ":2083},"35":{"AMHNMFAJOKE":160,"APHOIKHKELL":3084,"BCCAEDACKEC":6064,"BDMANILCIOI":2,"CDAGMJLBJAI":0,"CLPKGEELDJK":70,"difficultyId":35,"difficultyLevel":4,"EKIAMKAGCDB":0,"FOOKOKKKCMM":3,"GFLBDFPGBMB":1034,"GHILCBCPCFK":4,"GJABLJMFGFJ":[3],"HIFGAJIFPHE":5014,"HIHHLJIHMJL":1,"JOFOFJMAFNG":16,"KHHHPKJOFMP":2,"KJBBHHINHGL":30,"KKBJHNMHPDH":0,"LDLBDGHKGBH":false,"NBOMLAOBEEC":[16,11,17],"NICFJKHBLJM":10,"NLOGBLKGACP":[1,2,3,4,5],"NMLMNLKJHPC":"1:6,2:14","PDGJEEICOKD":2,"PHPPKPOIFKL":0,"PONPEFAJJCJ":2084},"36":{"AMHNMFAJOKE":100,"APHOIKHKELL":3091,"BCCAEDACKEC":6071,"BDMANILCIOI":2,"CDAGMJLBJAI":0,"CLPKGEELDJK":60,"difficultyId":36,"difficultyLevel":1,"EKIAMKAGCDB":0,"FOOKOKKKCMM":2,"GFLBDFPGBMB":1031,"GHILCBCPCFK":2,"GJABLJMFGFJ":[],"HIFGAJIFPHE":5011,"HIHHLJIHMJL":1,"JOFOFJMAFNG":2,"KHHHPKJOFMP":2,"KJBBHHINHGL":30,"KKBJHNMHPDH":0,"LDLBDGHKGBH":false,"NBOMLAOBEEC":[6,15,10],"NICFJKHBLJM":3,"NLOGBLKGACP":[1,2,3,4,5],"NMLMNLKJHPC":"1:2,2:5","PDGJEEICOKD":0,"PHPPKPOIFKL":0,"PONPEFAJJCJ":2091},"37":{"AMHNMFAJOKE":100,"APHOIKHKELL":3092,"BCCAEDACKEC":6072,"BDMANILCIOI":2,"CDAGMJLBJAI":0,"CLPKGEELDJK":60,"difficultyId":37,"difficultyLevel":2,"EKIAMKAGCDB":0,"FOOKOKKKCMM":2,"GFLBDFPGBMB":1032,"GHILCBCPCFK":2,"GJABLJMFGFJ":[],"HIFGAJIFPHE":5012,"HIHHLJIHMJL":1,"JOFOFJMAFNG":6,"KHHHPKJOFMP":2,"KJBBHHINHGL":30,"KKBJHNMHPDH":0,"LDLBDGHKGBH":false,"NBOMLAOBEEC":[6,15,10],"NICFJKHBLJM":6,"NLOGBLKGACP":[1,2,3,4,5],"NMLMNLKJHPC":"1:3,2:8","PDGJEEICOKD":2,"PHPPKPOIFKL":0,"PONPEFAJJCJ":2092},"38":{"AMHNMFAJOKE":160,"APHOIKHKELL":3093,"BCCAEDACKEC":6073,"BDMANILCIOI":2,"CDAGMJLBJAI":0,"CLPKGEELDJK":70,"difficultyId":38,"difficultyLevel":3,"EKIAMKAGCDB":0,"FOOKOKKKCMM":2,"GFLBDFPGBMB":1033,"GHILCBCPCFK":4,"GJABLJMFGFJ":[],"HIFGAJIFPHE":5013,"HIHHLJIHMJL":1,"JOFOFJMAFNG":10,"KHHHPKJOFMP":2,"KJBBHHINHGL":30,"KKBJHNMHPDH":0,"LDLBDGHKGBH":false,"NBOMLAOBEEC":[6,15,10],"NICFJKHBLJM":8,"NLOGBLKGACP":[1,2,3,4,5],"NMLMNLKJHPC":"1:4,2:10","PDGJEEICOKD":2,"PHPPKPOIFKL":0,"PONPEFAJJCJ":2093},"39":{"AMHNMFAJOKE":160,"APHOIKHKELL":3094,"BCCAEDACKEC":6074,"BDMANILCIOI":2,"CDAGMJLBJAI":0,"CLPKGEELDJK":70,"difficultyId":39,"difficultyLevel":4,"EKIAMKAGCDB":0,"FOOKOKKKCMM":3,"GFLBDFPGBMB":1034,"GHILCBCPCFK":4,"GJABLJMFGFJ":[3],"HIFGAJIFPHE":5014,"HIHHLJIHMJL":1,"JOFOFJMAFNG":16,"KHHHPKJOFMP":2,"KJBBHHINHGL":30,"KKBJHNMHPDH":0,"LDLBDGHKGBH":false,"NBOMLAOBEEC":[6,15,10],"NICFJKHBLJM":10,"NLOGBLKGACP":[1,2,3,4,5],"NMLMNLKJHPC":"1:6,2:14","PDGJEEICOKD":2,"PHPPKPOIFKL":0,"PONPEFAJJCJ":2094},"40":{"AMHNMFAJOKE":100,"APHOIKHKELL":3101,"BCCAEDACKEC":6081,"BDMANILCIOI":2,"CDAGMJLBJAI":0,"CLPKGEELDJK":60,"difficultyId":40,"difficultyLevel":1,"EKIAMKAGCDB":0,"FOOKOKKKCMM":2,"GFLBDFPGBMB":1031,"GHILCBCPCFK":2,"GJABLJMFGFJ":[],"HIFGAJIFPHE":5011,"HIHHLJIHMJL":1,"JOFOFJMAFNG":2,"KHHHPKJOFMP":2,"KJBBHHINHGL":30,"KKBJHNMHPDH":0,"LDLBDGHKGBH":false,"NBOMLAOBEEC":[16,18,13],"NICFJKHBLJM":3,"NLOGBLKGACP":[1,2,3,4,5],"NMLMNLKJHPC":"1:2,2:5","PDGJEEICOKD":0,"PHPPKPOIFKL":0,"PONPEFAJJCJ":2101},"41":{"AMHNMFAJOKE":100,"APHOIKHKELL":3102,"BCCAEDACKEC":6082,"BDMANILCIOI":2,"CDAGMJLBJAI":0,"CLPKGEELDJK":60,"difficultyId":41,"difficultyLevel":2,"EKIAMKAGCDB":0,"FOOKOKKKCMM":2,"GFLBDFPGBMB":1032,"GHILCBCPCFK":2,"GJABLJMFGFJ":[],"HIFGAJIFPHE":5012,"HIHHLJIHMJL":1,"JOFOFJMAFNG":6,"KHHHPKJOFMP":2,"KJBBHHINHGL":30,"KKBJHNMHPDH":0,"LDLBDGHKGBH":false,"NBOMLAOBEEC":[16,18,13],"NICFJKHBLJM":6,"NLOGBLKGACP":[1,2,3,4,5],"NMLMNLKJHPC":"1:3,2:8","PDGJEEICOKD":2,"PHPPKPOIFKL":0,"PONPEFAJJCJ":2102},"42":{"AMHNMFAJOKE":160,"APHOIKHKELL":3103,"BCCAEDACKEC":6083,"BDMANILCIOI":2,"CDAGMJLBJAI":0,"CLPKGEELDJK":70,"difficultyId":42,"difficultyLevel":3,"EKIAMKAGCDB":0,"FOOKOKKKCMM":2,"GFLBDFPGBMB":1033,"GHILCBCPCFK":4,"GJABLJMFGFJ":[],"HIFGAJIFPHE":5013,"HIHHLJIHMJL":1,"JOFOFJMAFNG":10,"KHHHPKJOFMP":2,"KJBBHHINHGL":30,"KKBJHNMHPDH":0,"LDLBDGHKGBH":false,"NBOMLAOBEEC":[16,18,13],"NICFJKHBLJM":8,"NLOGBLKGACP":[1,2,3,4,5],"NMLMNLKJHPC":"1:4,2:10","PDGJEEICOKD":2,"PHPPKPOIFKL":0,"PONPEFAJJCJ":2103},"43":{"AMHNMFAJOKE":160,"APHOIKHKELL":3104,"BCCAEDACKEC":6084,"BDMANILCIOI":2,"CDAGMJLBJAI":0,"CLPKGEELDJK":70,"difficultyId":43,"difficultyLevel":4,"EKIAMKAGCDB":0,"FOOKOKKKCMM":3,"GFLBDFPGBMB":1034,"GHILCBCPCFK":4,"GJABLJMFGFJ":[3],"HIFGAJIFPHE":5014,"HIHHLJIHMJL":1,"JOFOFJMAFNG":16,"KHHHPKJOFMP":2,"KJBBHHINHGL":30,"KKBJHNMHPDH":0,"LDLBDGHKGBH":false,"NBOMLAOBEEC":[16,18,13],"NICFJKHBLJM":10,"NLOGBLKGACP":[1,2,3,4,5],"NMLMNLKJHPC":"1:6,2:14","PDGJEEICOKD":2,"PHPPKPOIFKL":0,"PONPEFAJJCJ":2104},"44":{"AMHNMFAJOKE":100,"APHOIKHKELL":3111,"BCCAEDACKEC":6091,"BDMANILCIOI":2,"CDAGMJLBJAI":0,"CLPKGEELDJK":60,"difficultyId":44,"difficultyLevel":1,"EKIAMKAGCDB":0,"FOOKOKKKCMM":2,"GFLBDFPGBMB":1031,"GHILCBCPCFK":2,"GJABLJMFGFJ":[],"HIFGAJIFPHE":5011,"HIHHLJIHMJL":1,"JOFOFJMAFNG":2,"KHHHPKJOFMP":2,"KJBBHHINHGL":30,"KKBJHNMHPDH":0,"LDLBDGHKGBH":false,"NBOMLAOBEEC":[17,7,19],"NICFJKHBLJM":3,"NLOGBLKGACP":[1,2,3,4,5],"NMLMNLKJHPC":"1:2,2:5","PDGJEEICOKD":0,"PHPPKPOIFKL":0,"PONPEFAJJCJ":2111},"45":{"AMHNMFAJOKE":100,"APHOIKHKELL":3112,"BCCAEDACKEC":6092,"BDMANILCIOI":2,"CDAGMJLBJAI":0,"CLPKGEELDJK":60,"difficultyId":45,"difficultyLevel":2,"EKIAMKAGCDB":0,"FOOKOKKKCMM":2,"GFLBDFPGBMB":1032,"GHILCBCPCFK":2,"GJABLJMFGFJ":[],"HIFGAJIFPHE":5012,"HIHHLJIHMJL":1,"JOFOFJMAFNG":6,"KHHHPKJOFMP":2,"KJBBHHINHGL":30,"KKBJHNMHPDH":0,"LDLBDGHKGBH":false,"NBOMLAOBEEC":[17,7,19],"NICFJKHBLJM":6,"NLOGBLKGACP":[1,2,3,4,5],"NMLMNLKJHPC":"1:3,2:8","PDGJEEICOKD":2,"PHPPKPOIFKL":0,"PONPEFAJJCJ":2112},"46":{"AMHNMFAJOKE":160,"APHOIKHKELL":3113,"BCCAEDACKEC":6093,"BDMANILCIOI":2,"CDAGMJLBJAI":0,"CLPKGEELDJK":70,"difficultyId":46,"difficultyLevel":3,"EKIAMKAGCDB":0,"FOOKOKKKCMM":2,"GFLBDFPGBMB":1033,"GHILCBCPCFK":4,"GJABLJMFGFJ":[],"HIFGAJIFPHE":5013,"HIHHLJIHMJL":1,"JOFOFJMAFNG":10,"KHHHPKJOFMP":2,"KJBBHHINHGL":30,"KKBJHNMHPDH":0,"LDLBDGHKGBH":false,"NBOMLAOBEEC":[17,7,19],"NICFJKHBLJM":8,"NLOGBLKGACP":[1,2,3,4,5],"NMLMNLKJHPC":"1:4,2:10","PDGJEEICOKD":2,"PHPPKPOIFKL":0,"PONPEFAJJCJ":2113},"47":{"AMHNMFAJOKE":160,"APHOIKHKELL":3114,"BCCAEDACKEC":6094,"BDMANILCIOI":2,"CDAGMJLBJAI":0,"CLPKGEELDJK":70,"difficultyId":47,"difficultyLevel":4,"EKIAMKAGCDB":0,"FOOKOKKKCMM":3,"GFLBDFPGBMB":1034,"GHILCBCPCFK":4,"GJABLJMFGFJ":[3],"HIFGAJIFPHE":5014,"HIHHLJIHMJL":1,"JOFOFJMAFNG":16,"KHHHPKJOFMP":2,"KJBBHHINHGL":30,"KKBJHNMHPDH":0,"LDLBDGHKGBH":false,"NBOMLAOBEEC":[17,7,19],"NICFJKHBLJM":10,"NLOGBLKGACP":[1,2,3,4,5],"NMLMNLKJHPC":"1:6,2:14","PDGJEEICOKD":2,"PHPPKPOIFKL":0,"PONPEFAJJCJ":2114},"48":{"AMHNMFAJOKE":100,"APHOIKHKELL":3115,"BCCAEDACKEC":6095,"BDMANILCIOI":2,"CDAGMJLBJAI":0,"CLPKGEELDJK":60,"difficultyId":48,"difficultyLevel":1,"EKIAMKAGCDB":0,"FOOKOKKKCMM":2,"GFLBDFPGBMB":1031,"GHILCBCPCFK":2,"GJABLJMFGFJ":[],"HIFGAJIFPHE":5011,"HIHHLJIHMJL":1,"JOFOFJMAFNG":2,"KHHHPKJOFMP":2,"KJBBHHINHGL":30,"KKBJHNMHPDH":0,"LDLBDGHKGBH":false,"NBOMLAOBEEC":[1,16,14],"NICFJKHBLJM":3,"NLOGBLKGACP":[1,2,3,4,5],"NMLMNLKJHPC":"1:2,2:5","PDGJEEICOKD":0,"PHPPKPOIFKL":0,"PONPEFAJJCJ":2121},"49":{"AMHNMFAJOKE":100,"APHOIKHKELL":3116,"BCCAEDACKEC":6096,"BDMANILCIOI":2,"CDAGMJLBJAI":0,"CLPKGEELDJK":60,"difficultyId":49,"difficultyLevel":2,"EKIAMKAGCDB":0,"FOOKOKKKCMM":2,"GFLBDFPGBMB":1032,"GHILCBCPCFK":2,"GJABLJMFGFJ":[],"HIFGAJIFPHE":5012,"HIHHLJIHMJL":1,"JOFOFJMAFNG":6,"KHHHPKJOFMP":2,"KJBBHHINHGL":30,"KKBJHNMHPDH":0,"LDLBDGHKGBH":false,"NBOMLAOBEEC":[1,16,14],"NICFJKHBLJM":6,"NLOGBLKGACP":[1,2,3,4,5],"NMLMNLKJHPC":"1:3,2:8","PDGJEEICOKD":2,"PHPPKPOIFKL":0,"PONPEFAJJCJ":2122},"50":{"AMHNMFAJOKE":160,"APHOIKHKELL":3117,"BCCAEDACKEC":6097,"BDMANILCIOI":2,"CDAGMJLBJAI":0,"CLPKGEELDJK":70,"difficultyId":50,"difficultyLevel":3,"EKIAMKAGCDB":0,"FOOKOKKKCMM":2,"GFLBDFPGBMB":1033,"GHILCBCPCFK":4,"GJABLJMFGFJ":[],"HIFGAJIFPHE":5013,"HIHHLJIHMJL":1,"JOFOFJMAFNG":10,"KHHHPKJOFMP":2,"KJBBHHINHGL":30,"KKBJHNMHPDH":0,"LDLBDGHKGBH":false,"NBOMLAOBEEC":[1,16,14],"NICFJKHBLJM":8,"NLOGBLKGACP":[1,2,3,4,5],"NMLMNLKJHPC":"1:4,2:10","PDGJEEICOKD":2,"PHPPKPOIFKL":0,"PONPEFAJJCJ":2123},"51":{"AMHNMFAJOKE":160,"APHOIKHKELL":3118,"BCCAEDACKEC":6098,"BDMANILCIOI":2,"CDAGMJLBJAI":0,"CLPKGEELDJK":70,"difficultyId":51,"difficultyLevel":4,"EKIAMKAGCDB":0,"FOOKOKKKCMM":3,"GFLBDFPGBMB":1034,"GHILCBCPCFK":4,"GJABLJMFGFJ":[3],"HIFGAJIFPHE":5014,"HIHHLJIHMJL":1,"JOFOFJMAFNG":16,"KHHHPKJOFMP":2,"KJBBHHINHGL":30,"KKBJHNMHPDH":0,"LDLBDGHKGBH":false,"NBOMLAOBEEC":[1,16,14],"NICFJKHBLJM":10,"NLOGBLKGACP":[1,2,3,4,5],"NMLMNLKJHPC":"1:6,2:14","PDGJEEICOKD":2,"PHPPKPOIFKL":0,"PONPEFAJJCJ":2124},"52":{"AMHNMFAJOKE":100,"APHOIKHKELL":3121,"BCCAEDACKEC":6101,"BDMANILCIOI":2,"CDAGMJLBJAI":0,"CLPKGEELDJK":60,"difficultyId":52,"difficultyLevel":1,"EKIAMKAGCDB":0,"FOOKOKKKCMM":2,"GFLBDFPGBMB":1031,"GHILCBCPCFK":2,"GJABLJMFGFJ":[],"HIFGAJIFPHE":5011,"HIHHLJIHMJL":1,"JOFOFJMAFNG":2,"KHHHPKJOFMP":2,"KJBBHHINHGL":30,"KKBJHNMHPDH":0,"LDLBDGHKGBH":false,"NBOMLAOBEEC":[17,10,20],"NICFJKHBLJM":3,"NLOGBLKGACP":[1,2,3,4,5],"NMLMNLKJHPC":"1:2,2:5","PDGJEEICOKD":0,"PHPPKPOIFKL":0,"PONPEFAJJCJ":2131},"53":{"AMHNMFAJOKE":100,"APHOIKHKELL":3122,"BCCAEDACKEC":6102,"BDMANILCIOI":2,"CDAGMJLBJAI":0,"CLPKGEELDJK":60,"difficultyId":53,"difficultyLevel":2,"EKIAMKAGCDB":0,"FOOKOKKKCMM":2,"GFLBDFPGBMB":1032,"GHILCBCPCFK":2,"GJABLJMFGFJ":[],"HIFGAJIFPHE":5012,"HIHHLJIHMJL":1,"JOFOFJMAFNG":6,"KHHHPKJOFMP":2,"KJBBHHINHGL":30,"KKBJHNMHPDH":0,"LDLBDGHKGBH":false,"NBOMLAOBEEC":[17,10,20],"NICFJKHBLJM":6,"NLOGBLKGACP":[1,2,3,4,5],"NMLMNLKJHPC":"1:3,2:8","PDGJEEICOKD":2,"PHPPKPOIFKL":0,"PONPEFAJJCJ":2132},"54":{"AMHNMFAJOKE":160,"APHOIKHKELL":3123,"BCCAEDACKEC":6103,"BDMANILCIOI":2,"CDAGMJLBJAI":0,"CLPKGEELDJK":70,"difficultyId":54,"difficultyLevel":3,"EKIAMKAGCDB":0,"FOOKOKKKCMM":2,"GFLBDFPGBMB":1033,"GHILCBCPCFK":4,"GJABLJMFGFJ":[],"HIFGAJIFPHE":5013,"HIHHLJIHMJL":1,"JOFOFJMAFNG":10,"KHHHPKJOFMP":2,"KJBBHHINHGL":30,"KKBJHNMHPDH":0,"LDLBDGHKGBH":false,"NBOMLAOBEEC":[17,10,20],"NICFJKHBLJM":8,"NLOGBLKGACP":[1,2,3,4,5],"NMLMNLKJHPC":"1:4,2:10","PDGJEEICOKD":2,"PHPPKPOIFKL":0,"PONPEFAJJCJ":2133},"55":{"AMHNMFAJOKE":160,"APHOIKHKELL":3124,"BCCAEDACKEC":6104,"BDMANILCIOI":2,"CDAGMJLBJAI":0,"CLPKGEELDJK":70,"difficultyId":55,"difficultyLevel":4,"EKIAMKAGCDB":0,"FOOKOKKKCMM":3,"GFLBDFPGBMB":1034,"GHILCBCPCFK":4,"GJABLJMFGFJ":[3],"HIFGAJIFPHE":5014,"HIHHLJIHMJL":1,"JOFOFJMAFNG":16,"KHHHPKJOFMP":2,"KJBBHHINHGL":30,"KKBJHNMHPDH":0,"LDLBDGHKGBH":false,"NBOMLAOBEEC":[17,10,20],"NICFJKHBLJM":10,"NLOGBLKGACP":[1,2,3,4,5],"NMLMNLKJHPC":"1:6,2:14","PDGJEEICOKD":2,"PHPPKPOIFKL":0,"PONPEFAJJCJ":2134},"56":{"AMHNMFAJOKE":100,"APHOIKHKELL":3131,"BCCAEDACKEC":6111,"BDMANILCIOI":2,"CDAGMJLBJAI":2,"CLPKGEELDJK":60,"difficultyId":56,"difficultyLevel":1,"EKIAMKAGCDB":0,"FOOKOKKKCMM":2,"GFLBDFPGBMB":1031,"GHILCBCPCFK":2,"GJABLJMFGFJ":[],"HIFGAJIFPHE":5011,"HIHHLJIHMJL":1,"JOFOFJMAFNG":2,"KHHHPKJOFMP":2,"KJBBHHINHGL":30,"KKBJHNMHPDH":0,"LDLBDGHKGBH":false,"NBOMLAOBEEC":[1,3,2],"NICFJKHBLJM":3,"NLOGBLKGACP":[1,2,3,4,5],"NMLMNLKJHPC":"1:2,2:5","PDGJEEICOKD":0,"PHPPKPOIFKL":0,"PONPEFAJJCJ":2141},"57":{"AMHNMFAJOKE":100,"APHOIKHKELL":3132,"BCCAEDACKEC":6112,"BDMANILCIOI":2,"CDAGMJLBJAI":2,"CLPKGEELDJK":60,"difficultyId":57,"difficultyLevel":2,"EKIAMKAGCDB":0,"FOOKOKKKCMM":2,"GFLBDFPGBMB":1032,"GHILCBCPCFK":2,"GJABLJMFGFJ":[],"HIFGAJIFPHE":5012,"HIHHLJIHMJL":1,"JOFOFJMAFNG":6,"KHHHPKJOFMP":2,"KJBBHHINHGL":30,"KKBJHNMHPDH":0,"LDLBDGHKGBH":false,"NBOMLAOBEEC":[1,3,2],"NICFJKHBLJM":6,"NLOGBLKGACP":[1,2,3,4,5],"NMLMNLKJHPC":"1:3,2:8","PDGJEEICOKD":2,"PHPPKPOIFKL":0,"PONPEFAJJCJ":2142},"58":{"AMHNMFAJOKE":160,"APHOIKHKELL":3133,"BCCAEDACKEC":6113,"BDMANILCIOI":2,"CDAGMJLBJAI":2,"CLPKGEELDJK":70,"difficultyId":58,"difficultyLevel":3,"EKIAMKAGCDB":0,"FOOKOKKKCMM":2,"GFLBDFPGBMB":1033,"GHILCBCPCFK":4,"GJABLJMFGFJ":[],"HIFGAJIFPHE":5013,"HIHHLJIHMJL":1,"JOFOFJMAFNG":10,"KHHHPKJOFMP":2,"KJBBHHINHGL":30,"KKBJHNMHPDH":0,"LDLBDGHKGBH":false,"NBOMLAOBEEC":[1,3,2],"NICFJKHBLJM":8,"NLOGBLKGACP":[1,2,3,4,5],"NMLMNLKJHPC":"1:4,2:10","PDGJEEICOKD":2,"PHPPKPOIFKL":0,"PONPEFAJJCJ":2143},"59":{"AMHNMFAJOKE":160,"APHOIKHKELL":3134,"BCCAEDACKEC":6114,"BDMANILCIOI":2,"CDAGMJLBJAI":2,"CLPKGEELDJK":70,"difficultyId":59,"difficultyLevel":4,"EKIAMKAGCDB":0,"FOOKOKKKCMM":3,"GFLBDFPGBMB":1034,"GHILCBCPCFK":4,"GJABLJMFGFJ":[3],"HIFGAJIFPHE":5014,"HIHHLJIHMJL":1,"JOFOFJMAFNG":16,"KHHHPKJOFMP":2,"KJBBHHINHGL":30,"KKBJHNMHPDH":0,"LDLBDGHKGBH":false,"NBOMLAOBEEC":[1,3,2],"NICFJKHBLJM":10,"NLOGBLKGACP":[1,2,3,4,5],"NMLMNLKJHPC":"1:6,2:14","PDGJEEICOKD":2,"PHPPKPOIFKL":0,"PONPEFAJJCJ":2144},"60":{"AMHNMFAJOKE":100,"APHOIKHKELL":3141,"BCCAEDACKEC":6121,"BDMANILCIOI":2,"CDAGMJLBJAI":2,"CLPKGEELDJK":60,"difficultyId":60,"difficultyLevel":1,"EKIAMKAGCDB":0,"FOOKOKKKCMM":2,"GFLBDFPGBMB":1031,"GHILCBCPCFK":2,"GJABLJMFGFJ":[],"HIFGAJIFPHE":5021,"HIHHLJIHMJL":1,"JOFOFJMAFNG":2,"KHHHPKJOFMP":2,"KJBBHHINHGL":30,"KKBJHNMHPDH":0,"LDLBDGHKGBH":false,"NBOMLAOBEEC":[11,18,5],"NICFJKHBLJM":3,"NLOGBLKGACP":[1,2,3,4,5],"NMLMNLKJHPC":"1:2,2:5","PDGJEEICOKD":0,"PHPPKPOIFKL":0,"PONPEFAJJCJ":2151},"61":{"AMHNMFAJOKE":100,"APHOIKHKELL":3142,"BCCAEDACKEC":6121,"BDMANILCIOI":2,"CDAGMJLBJAI":2,"CLPKGEELDJK":60,"difficultyId":61,"difficultyLevel":2,"EKIAMKAGCDB":0,"FOOKOKKKCMM":2,"GFLBDFPGBMB":1032,"GHILCBCPCFK":2,"GJABLJMFGFJ":[],"HIFGAJIFPHE":5022,"HIHHLJIHMJL":1,"JOFOFJMAFNG":6,"KHHHPKJOFMP":2,"KJBBHHINHGL":30,"KKBJHNMHPDH":0,"LDLBDGHKGBH":false,"NBOMLAOBEEC":[11,18,5],"NICFJKHBLJM":6,"NLOGBLKGACP":[1,2,3,4,5],"NMLMNLKJHPC":"1:3,2:8","PDGJEEICOKD":2,"PHPPKPOIFKL":0,"PONPEFAJJCJ":2152},"62":{"AMHNMFAJOKE":160,"APHOIKHKELL":3143,"BCCAEDACKEC":6121,"BDMANILCIOI":2,"CDAGMJLBJAI":2,"CLPKGEELDJK":70,"difficultyId":62,"difficultyLevel":3,"EKIAMKAGCDB":0,"FOOKOKKKCMM":2,"GFLBDFPGBMB":1033,"GHILCBCPCFK":4,"GJABLJMFGFJ":[],"HIFGAJIFPHE":5023,"HIHHLJIHMJL":1,"JOFOFJMAFNG":10,"KHHHPKJOFMP":2,"KJBBHHINHGL":30,"KKBJHNMHPDH":0,"LDLBDGHKGBH":false,"NBOMLAOBEEC":[11,18,5],"NICFJKHBLJM":8,"NLOGBLKGACP":[1,2,3,4,5],"NMLMNLKJHPC":"1:4,2:10","PDGJEEICOKD":2,"PHPPKPOIFKL":0,"PONPEFAJJCJ":2153},"63":{"AMHNMFAJOKE":160,"APHOIKHKELL":3144,"BCCAEDACKEC":6121,"BDMANILCIOI":2,"CDAGMJLBJAI":3,"CLPKGEELDJK":70,"difficultyId":63,"difficultyLevel":4,"EKIAMKAGCDB":0,"FOOKOKKKCMM":3,"GFLBDFPGBMB":1034,"GHILCBCPCFK":4,"GJABLJMFGFJ":[3],"HIFGAJIFPHE":5024,"HIHHLJIHMJL":1,"JOFOFJMAFNG":16,"KHHHPKJOFMP":2,"KJBBHHINHGL":30,"KKBJHNMHPDH":0,"LDLBDGHKGBH":false,"NBOMLAOBEEC":[11,18,5],"NICFJKHBLJM":10,"NLOGBLKGACP":[1,2,3,4,5],"NMLMNLKJHPC":"1:6,2:14","PDGJEEICOKD":2,"PHPPKPOIFKL":0,"PONPEFAJJCJ":2154},"64":{"AMHNMFAJOKE":160,"APHOIKHKELL":3145,"BCCAEDACKEC":6121,"BDMANILCIOI":2,"CDAGMJLBJAI":3,"CLPKGEELDJK":70,"difficultyId":64,"difficultyLevel":5,"EKIAMKAGCDB":3,"FOOKOKKKCMM":3,"GFLBDFPGBMB":1034,"GHILCBCPCFK":4,"GJABLJMFGFJ":[4],"HIFGAJIFPHE":5025,"HIHHLJIHMJL":1,"JOFOFJMAFNG":22,"KHHHPKJOFMP":2,"KJBBHHINHGL":30,"KKBJHNMHPDH":0,"LDLBDGHKGBH":true,"NBOMLAOBEEC":[11,18,5],"NICFJKHBLJM":10,"NLOGBLKGACP":[1,2,3,4,5],"NMLMNLKJHPC":"1:8,2:18","PDGJEEICOKD":2,"PHPPKPOIFKL":10001,"PONPEFAJJCJ":2155},"65":{"AMHNMFAJOKE":100,"APHOIKHKELL":3151,"BCCAEDACKEC":6131,"BDMANILCIOI":2,"CDAGMJLBJAI":2,"CLPKGEELDJK":60,"difficultyId":65,"difficultyLevel":1,"EKIAMKAGCDB":0,"FOOKOKKKCMM":2,"GFLBDFPGBMB":1035,"GHILCBCPCFK":2,"GJABLJMFGFJ":[],"HIFGAJIFPHE":5021,"HIHHLJIHMJL":1,"JOFOFJMAFNG":2,"KHHHPKJOFMP":2,"KJBBHHINHGL":30,"KKBJHNMHPDH":0,"LDLBDGHKGBH":false,"NBOMLAOBEEC":[11,2,7],"NICFJKHBLJM":3,"NLOGBLKGACP":[1,2,3,4,5],"NMLMNLKJHPC":"1:2,2:5","PDGJEEICOKD":0,"PHPPKPOIFKL":0,"PONPEFAJJCJ":2161},"66":{"AMHNMFAJOKE":100,"APHOIKHKELL":3152,"BCCAEDACKEC":6131,"BDMANILCIOI":2,"CDAGMJLBJAI":2,"CLPKGEELDJK":60,"difficultyId":66,"difficultyLevel":2,"EKIAMKAGCDB":0,"FOOKOKKKCMM":2,"GFLBDFPGBMB":1036,"GHILCBCPCFK":2,"GJABLJMFGFJ":[],"HIFGAJIFPHE":5022,"HIHHLJIHMJL":1,"JOFOFJMAFNG":6,"KHHHPKJOFMP":2,"KJBBHHINHGL":30,"KKBJHNMHPDH":0,"LDLBDGHKGBH":false,"NBOMLAOBEEC":[11,2,7],"NICFJKHBLJM":6,"NLOGBLKGACP":[1,2,3,4,5],"NMLMNLKJHPC":"1:3,2:8","PDGJEEICOKD":2,"PHPPKPOIFKL":0,"PONPEFAJJCJ":2162},"67":{"AMHNMFAJOKE":160,"APHOIKHKELL":3153,"BCCAEDACKEC":6131,"BDMANILCIOI":2,"CDAGMJLBJAI":2,"CLPKGEELDJK":70,"difficultyId":67,"difficultyLevel":3,"EKIAMKAGCDB":0,"FOOKOKKKCMM":2,"GFLBDFPGBMB":1037,"GHILCBCPCFK":4,"GJABLJMFGFJ":[],"HIFGAJIFPHE":5023,"HIHHLJIHMJL":1,"JOFOFJMAFNG":10,"KHHHPKJOFMP":2,"KJBBHHINHGL":30,"KKBJHNMHPDH":0,"LDLBDGHKGBH":false,"NBOMLAOBEEC":[11,2,7],"NICFJKHBLJM":8,"NLOGBLKGACP":[1,2,3,4,5],"NMLMNLKJHPC":"1:4,2:10","PDGJEEICOKD":2,"PHPPKPOIFKL":0,"PONPEFAJJCJ":2163},"68":{"AMHNMFAJOKE":160,"APHOIKHKELL":3154,"BCCAEDACKEC":6131,"BDMANILCIOI":2,"CDAGMJLBJAI":3,"CLPKGEELDJK":70,"difficultyId":68,"difficultyLevel":4,"EKIAMKAGCDB":0,"FOOKOKKKCMM":3,"GFLBDFPGBMB":1038,"GHILCBCPCFK":4,"GJABLJMFGFJ":[3],"HIFGAJIFPHE":5024,"HIHHLJIHMJL":1,"JOFOFJMAFNG":16,"KHHHPKJOFMP":2,"KJBBHHINHGL":30,"KKBJHNMHPDH":0,"LDLBDGHKGBH":false,"NBOMLAOBEEC":[11,2,7],"NICFJKHBLJM":10,"NLOGBLKGACP":[1,2,3,4,5],"NMLMNLKJHPC":"1:6,2:14","PDGJEEICOKD":2,"PHPPKPOIFKL":0,"PONPEFAJJCJ":2164},"69":{"AMHNMFAJOKE":160,"APHOIKHKELL":3155,"BCCAEDACKEC":6131,"BDMANILCIOI":2,"CDAGMJLBJAI":3,"CLPKGEELDJK":70,"difficultyId":69,"difficultyLevel":5,"EKIAMKAGCDB":3,"FOOKOKKKCMM":3,"GFLBDFPGBMB":1038,"GHILCBCPCFK":4,"GJABLJMFGFJ":[4],"HIFGAJIFPHE":5025,"HIHHLJIHMJL":1,"JOFOFJMAFNG":22,"KHHHPKJOFMP":2,"KJBBHHINHGL":30,"KKBJHNMHPDH":0,"LDLBDGHKGBH":true,"NBOMLAOBEEC":[11,2,7],"NICFJKHBLJM":10,"NLOGBLKGACP":[1,2,3,4,5],"NMLMNLKJHPC":"1:8,2:18","PDGJEEICOKD":2,"PHPPKPOIFKL":10002,"PONPEFAJJCJ":2165},"70":{"AMHNMFAJOKE":100,"APHOIKHKELL":3161,"BCCAEDACKEC":6141,"BDMANILCIOI":2,"CDAGMJLBJAI":2,"CLPKGEELDJK":60,"difficultyId":70,"difficultyLevel":1,"EKIAMKAGCDB":0,"FOOKOKKKCMM":2,"GFLBDFPGBMB":1035,"GHILCBCPCFK":2,"GJABLJMFGFJ":[],"HIFGAJIFPHE":5021,"HIHHLJIHMJL":1,"JOFOFJMAFNG":2,"KHHHPKJOFMP":2,"KJBBHHINHGL":30,"KKBJHNMHPDH":0,"LDLBDGHKGBH":false,"NBOMLAOBEEC":[14,20,15],"NICFJKHBLJM":3,"NLOGBLKGACP":[1,2,3,4,5],"NMLMNLKJHPC":"1:2,2:5","PDGJEEICOKD":0,"PHPPKPOIFKL":0,"PONPEFAJJCJ":2171},"71":{"AMHNMFAJOKE":100,"APHOIKHKELL":3162,"BCCAEDACKEC":6141,"BDMANILCIOI":2,"CDAGMJLBJAI":2,"CLPKGEELDJK":60,"difficultyId":71,"difficultyLevel":2,"EKIAMKAGCDB":0,"FOOKOKKKCMM":2,"GFLBDFPGBMB":1036,"GHILCBCPCFK":2,"GJABLJMFGFJ":[],"HIFGAJIFPHE":5022,"HIHHLJIHMJL":1,"JOFOFJMAFNG":6,"KHHHPKJOFMP":2,"KJBBHHINHGL":30,"KKBJHNMHPDH":0,"LDLBDGHKGBH":false,"NBOMLAOBEEC":[14,20,15],"NICFJKHBLJM":6,"NLOGBLKGACP":[1,2,3,4,5],"NMLMNLKJHPC":"1:3,2:8","PDGJEEICOKD":2,"PHPPKPOIFKL":0,"PONPEFAJJCJ":2172},"72":{"AMHNMFAJOKE":160,"APHOIKHKELL":3163,"BCCAEDACKEC":6141,"BDMANILCIOI":2,"CDAGMJLBJAI":2,"CLPKGEELDJK":70,"difficultyId":72,"difficultyLevel":3,"EKIAMKAGCDB":0,"FOOKOKKKCMM":2,"GFLBDFPGBMB":1037,"GHILCBCPCFK":4,"GJABLJMFGFJ":[],"HIFGAJIFPHE":5023,"HIHHLJIHMJL":1,"JOFOFJMAFNG":10,"KHHHPKJOFMP":2,"KJBBHHINHGL":30,"KKBJHNMHPDH":0,"LDLBDGHKGBH":false,"NBOMLAOBEEC":[14,20,15],"NICFJKHBLJM":8,"NLOGBLKGACP":[1,2,3,4,5],"NMLMNLKJHPC":"1:4,2:10","PDGJEEICOKD":2,"PHPPKPOIFKL":0,"PONPEFAJJCJ":2173},"73":{"AMHNMFAJOKE":160,"APHOIKHKELL":3164,"BCCAEDACKEC":6141,"BDMANILCIOI":2,"CDAGMJLBJAI":3,"CLPKGEELDJK":70,"difficultyId":73,"difficultyLevel":4,"EKIAMKAGCDB":0,"FOOKOKKKCMM":3,"GFLBDFPGBMB":1038,"GHILCBCPCFK":4,"GJABLJMFGFJ":[3],"HIFGAJIFPHE":5024,"HIHHLJIHMJL":1,"JOFOFJMAFNG":16,"KHHHPKJOFMP":2,"KJBBHHINHGL":30,"KKBJHNMHPDH":0,"LDLBDGHKGBH":false,"NBOMLAOBEEC":[14,20,15],"NICFJKHBLJM":10,"NLOGBLKGACP":[1,2,3,4,5],"NMLMNLKJHPC":"1:6,2:14","PDGJEEICOKD":2,"PHPPKPOIFKL":0,"PONPEFAJJCJ":2174},"74":{"AMHNMFAJOKE":160,"APHOIKHKELL":3165,"BCCAEDACKEC":6141,"BDMANILCIOI":2,"CDAGMJLBJAI":3,"CLPKGEELDJK":70,"difficultyId":74,"difficultyLevel":5,"EKIAMKAGCDB":3,"FOOKOKKKCMM":3,"GFLBDFPGBMB":1038,"GHILCBCPCFK":4,"GJABLJMFGFJ":[4],"HIFGAJIFPHE":5025,"HIHHLJIHMJL":1,"JOFOFJMAFNG":22,"KHHHPKJOFMP":2,"KJBBHHINHGL":30,"KKBJHNMHPDH":0,"LDLBDGHKGBH":true,"NBOMLAOBEEC":[14,20,15],"NICFJKHBLJM":10,"NLOGBLKGACP":[1,2,3,4,5],"NMLMNLKJHPC":"1:8,2:18","PDGJEEICOKD":2,"PHPPKPOIFKL":10003,"PONPEFAJJCJ":2175},"75":{"AMHNMFAJOKE":100,"APHOIKHKELL":3171,"BCCAEDACKEC":6151,"BDMANILCIOI":2,"CDAGMJLBJAI":2,"CLPKGEELDJK":60,"difficultyId":75,"difficultyLevel":1,"EKIAMKAGCDB":0,"FOOKOKKKCMM":2,"GFLBDFPGBMB":1035,"GHILCBCPCFK":2,"GJABLJMFGFJ":[],"HIFGAJIFPHE":5021,"HIHHLJIHMJL":1,"JOFOFJMAFNG":2,"KHHHPKJOFMP":2,"KJBBHHINHGL":30,"KKBJHNMHPDH":0,"LDLBDGHKGBH":false,"NBOMLAOBEEC":[1,11,6],"NICFJKHBLJM":3,"NLOGBLKGACP":[1,2,3,4,5],"NMLMNLKJHPC":"1:2,2:5","PDGJEEICOKD":0,"PHPPKPOIFKL":0,"PONPEFAJJCJ":2181},"76":{"AMHNMFAJOKE":100,"APHOIKHKELL":3172,"BCCAEDACKEC":6151,"BDMANILCIOI":2,"CDAGMJLBJAI":2,"CLPKGEELDJK":60,"difficultyId":76,"difficultyLevel":2,"EKIAMKAGCDB":0,"FOOKOKKKCMM":2,"GFLBDFPGBMB":1036,"GHILCBCPCFK":2,"GJABLJMFGFJ":[],"HIFGAJIFPHE":5022,"HIHHLJIHMJL":1,"JOFOFJMAFNG":6,"KHHHPKJOFMP":2,"KJBBHHINHGL":30,"KKBJHNMHPDH":0,"LDLBDGHKGBH":false,"NBOMLAOBEEC":[1,11,6],"NICFJKHBLJM":6,"NLOGBLKGACP":[1,2,3,4,5],"NMLMNLKJHPC":"1:3,2:8","PDGJEEICOKD":2,"PHPPKPOIFKL":0,"PONPEFAJJCJ":2182},"77":{"AMHNMFAJOKE":160,"APHOIKHKELL":3173,"BCCAEDACKEC":6151,"BDMANILCIOI":2,"CDAGMJLBJAI":2,"CLPKGEELDJK":70,"difficultyId":77,"difficultyLevel":3,"EKIAMKAGCDB":0,"FOOKOKKKCMM":2,"GFLBDFPGBMB":1037,"GHILCBCPCFK":4,"GJABLJMFGFJ":[],"HIFGAJIFPHE":5023,"HIHHLJIHMJL":1,"JOFOFJMAFNG":10,"KHHHPKJOFMP":2,"KJBBHHINHGL":30,"KKBJHNMHPDH":0,"LDLBDGHKGBH":false,"NBOMLAOBEEC":[1,11,6],"NICFJKHBLJM":8,"NLOGBLKGACP":[1,2,3,4,5],"NMLMNLKJHPC":"1:4,2:10","PDGJEEICOKD":2,"PHPPKPOIFKL":0,"PONPEFAJJCJ":2183},"78":{"AMHNMFAJOKE":160,"APHOIKHKELL":3174,"BCCAEDACKEC":6151,"BDMANILCIOI":2,"CDAGMJLBJAI":3,"CLPKGEELDJK":70,"difficultyId":78,"difficultyLevel":4,"EKIAMKAGCDB":0,"FOOKOKKKCMM":3,"GFLBDFPGBMB":1038,"GHILCBCPCFK":4,"GJABLJMFGFJ":[3],"HIFGAJIFPHE":5024,"HIHHLJIHMJL":1,"JOFOFJMAFNG":16,"KHHHPKJOFMP":2,"KJBBHHINHGL":30,"KKBJHNMHPDH":0,"LDLBDGHKGBH":false,"NBOMLAOBEEC":[1,11,6],"NICFJKHBLJM":10,"NLOGBLKGACP":[1,2,3,4,5],"NMLMNLKJHPC":"1:6,2:14","PDGJEEICOKD":2,"PHPPKPOIFKL":0,"PONPEFAJJCJ":2184},"79":{"AMHNMFAJOKE":160,"APHOIKHKELL":3175,"BCCAEDACKEC":6151,"BDMANILCIOI":2,"CDAGMJLBJAI":3,"CLPKGEELDJK":70,"difficultyId":79,"difficultyLevel":5,"EKIAMKAGCDB":3,"FOOKOKKKCMM":3,"GFLBDFPGBMB":1038,"GHILCBCPCFK":4,"GJABLJMFGFJ":[4],"HIFGAJIFPHE":5025,"HIHHLJIHMJL":1,"JOFOFJMAFNG":22,"KHHHPKJOFMP":2,"KJBBHHINHGL":30,"KKBJHNMHPDH":0,"LDLBDGHKGBH":true,"NBOMLAOBEEC":[1,11,6],"NICFJKHBLJM":10,"NLOGBLKGACP":[1,2,3,4,5],"NMLMNLKJHPC":"1:8,2:18","PDGJEEICOKD":2,"PHPPKPOIFKL":10004,"PONPEFAJJCJ":2185},"80":{"AMHNMFAJOKE":100,"APHOIKHKELL":3181,"BCCAEDACKEC":6161,"BDMANILCIOI":2,"CDAGMJLBJAI":2,"CLPKGEELDJK":60,"difficultyId":80,"difficultyLevel":1,"EKIAMKAGCDB":0,"FOOKOKKKCMM":2,"GFLBDFPGBMB":1035,"GHILCBCPCFK":2,"GJABLJMFGFJ":[],"HIFGAJIFPHE":5021,"HIHHLJIHMJL":1,"JOFOFJMAFNG":2,"KHHHPKJOFMP":2,"KJBBHHINHGL":30,"KKBJHNMHPDH":0,"LDLBDGHKGBH":false,"NBOMLAOBEEC":[1,12,18],"NICFJKHBLJM":3,"NLOGBLKGACP":[1,2,3,4,5],"NMLMNLKJHPC":"1:2,2:5","PDGJEEICOKD":0,"PHPPKPOIFKL":0,"PONPEFAJJCJ":2191},"81":{"AMHNMFAJOKE":100,"APHOIKHKELL":3182,"BCCAEDACKEC":6161,"BDMANILCIOI":2,"CDAGMJLBJAI":2,"CLPKGEELDJK":60,"difficultyId":81,"difficultyLevel":2,"EKIAMKAGCDB":0,"FOOKOKKKCMM":2,"GFLBDFPGBMB":1036,"GHILCBCPCFK":2,"GJABLJMFGFJ":[],"HIFGAJIFPHE":5022,"HIHHLJIHMJL":1,"JOFOFJMAFNG":6,"KHHHPKJOFMP":2,"KJBBHHINHGL":30,"KKBJHNMHPDH":0,"LDLBDGHKGBH":false,"NBOMLAOBEEC":[1,12,18],"NICFJKHBLJM":6,"NLOGBLKGACP":[1,2,3,4,5],"NMLMNLKJHPC":"1:3,2:8","PDGJEEICOKD":2,"PHPPKPOIFKL":0,"PONPEFAJJCJ":2192},"82":{"AMHNMFAJOKE":160,"APHOIKHKELL":3183,"BCCAEDACKEC":6161,"BDMANILCIOI":2,"CDAGMJLBJAI":2,"CLPKGEELDJK":70,"difficultyId":82,"difficultyLevel":3,"EKIAMKAGCDB":0,"FOOKOKKKCMM":2,"GFLBDFPGBMB":1037,"GHILCBCPCFK":4,"GJABLJMFGFJ":[],"HIFGAJIFPHE":5023,"HIHHLJIHMJL":1,"JOFOFJMAFNG":10,"KHHHPKJOFMP":2,"KJBBHHINHGL":30,"KKBJHNMHPDH":0,"LDLBDGHKGBH":false,"NBOMLAOBEEC":[1,12,18],"NICFJKHBLJM":8,"NLOGBLKGACP":[1,2,3,4,5],"NMLMNLKJHPC":"1:4,2:10","PDGJEEICOKD":2,"PHPPKPOIFKL":0,"PONPEFAJJCJ":2193},"83":{"AMHNMFAJOKE":160,"APHOIKHKELL":3184,"BCCAEDACKEC":6161,"BDMANILCIOI":2,"CDAGMJLBJAI":3,"CLPKGEELDJK":70,"difficultyId":83,"difficultyLevel":4,"EKIAMKAGCDB":0,"FOOKOKKKCMM":3,"GFLBDFPGBMB":1038,"GHILCBCPCFK":4,"GJABLJMFGFJ":[3],"HIFGAJIFPHE":5024,"HIHHLJIHMJL":1,"JOFOFJMAFNG":16,"KHHHPKJOFMP":2,"KJBBHHINHGL":30,"KKBJHNMHPDH":0,"LDLBDGHKGBH":false,"NBOMLAOBEEC":[1,12,18],"NICFJKHBLJM":10,"NLOGBLKGACP":[1,2,3,4,5],"NMLMNLKJHPC":"1:6,2:14","PDGJEEICOKD":2,"PHPPKPOIFKL":0,"PONPEFAJJCJ":2194},"84":{"AMHNMFAJOKE":160,"APHOIKHKELL":3185,"BCCAEDACKEC":6161,"BDMANILCIOI":2,"CDAGMJLBJAI":3,"CLPKGEELDJK":70,"difficultyId":84,"difficultyLevel":5,"EKIAMKAGCDB":3,"FOOKOKKKCMM":3,"GFLBDFPGBMB":1038,"GHILCBCPCFK":4,"GJABLJMFGFJ":[4],"HIFGAJIFPHE":5025,"HIHHLJIHMJL":1,"JOFOFJMAFNG":22,"KHHHPKJOFMP":2,"KJBBHHINHGL":30,"KKBJHNMHPDH":0,"LDLBDGHKGBH":true,"NBOMLAOBEEC":[1,12,18],"NICFJKHBLJM":10,"NLOGBLKGACP":[1,2,3,4,5],"NMLMNLKJHPC":"1:8,2:18","PDGJEEICOKD":2,"PHPPKPOIFKL":10005,"PONPEFAJJCJ":2195}}