{"1":{"BIOHMDLEJHO":1,"BPBJOLFEKDM":[],"CCFGCBBOLDM":0,"CKIIFJPMKBA":[],"DBNHMMJFJFK":0,"DGLDCIPIHDF":0,"difficultyId":1,"difficultyLevel":1,"DPFLGFLCBFC":"","EGPFKEPBEIF":2001,"FCEDDHJFIGF":100,"FMIEKPNDPGA":0,"GKPFGBGLAOH":0,"HJGHICEMOPC":4,"IDCADJCKEGC":60,"JAIFIIEADGF":1001,"KAHCPEKDAFJ":5001,"KCHILLKKEPF":0,"LBOJPAEBDGH":3,"LDPGDGAAPHA":false,"LICAAMLOHLH":[],"LNOCAIKJLPP":0,"MHGBGLHACKA":3001,"MKKNNDFMNLE":4001,"PGBDIECFONO":0,"PHBFOEIECFB":0,"PIDKHDGPMDK":2},"2":{"BIOHMDLEJHO":1,"BPBJOLFEKDM":[],"CCFGCBBOLDM":0,"CKIIFJPMKBA":[],"DBNHMMJFJFK":1,"DGLDCIPIHDF":0,"difficultyId":2,"difficultyLevel":2,"DPFLGFLCBFC":"","EGPFKEPBEIF":2002,"FCEDDHJFIGF":100,"FMIEKPNDPGA":0,"GKPFGBGLAOH":0,"HJGHICEMOPC":8,"IDCADJCKEGC":60,"JAIFIIEADGF":1002,"KAHCPEKDAFJ":5002,"KCHILLKKEPF":0,"LBOJPAEBDGH":6,"LDPGDGAAPHA":false,"LICAAMLOHLH":[],"LNOCAIKJLPP":0,"MHGBGLHACKA":3002,"MKKNNDFMNLE":4001,"PGBDIECFONO":0,"PHBFOEIECFB":0,"PIDKHDGPMDK":2},"3":{"BIOHMDLEJHO":1,"BPBJOLFEKDM":[],"CCFGCBBOLDM":0,"CKIIFJPMKBA":[],"DBNHMMJFJFK":1,"DGLDCIPIHDF":0,"difficultyId":3,"difficultyLevel":3,"DPFLGFLCBFC":"","EGPFKEPBEIF":2003,"FCEDDHJFIGF":100,"FMIEKPNDPGA":0,"GKPFGBGLAOH":0,"HJGHICEMOPC":12,"IDCADJCKEGC":70,"JAIFIIEADGF":1003,"KAHCPEKDAFJ":5003,"KCHILLKKEPF":0,"LBOJPAEBDGH":8,"LDPGDGAAPHA":false,"LICAAMLOHLH":[],"LNOCAIKJLPP":0,"MHGBGLHACKA":3003,"MKKNNDFMNLE":4001,"PGBDIECFONO":0,"PHBFOEIECFB":0,"PIDKHDGPMDK":2},"5":{"BIOHMDLEJHO":2,"BPBJOLFEKDM":[],"CCFGCBBOLDM":0,"CKIIFJPMKBA":[],"DBNHMMJFJFK":0,"DGLDCIPIHDF":0,"difficultyId":5,"difficultyLevel":1,"DPFLGFLCBFC":"","EGPFKEPBEIF":2011,"FCEDDHJFIGF":100,"FMIEKPNDPGA":0,"GKPFGBGLAOH":0,"HJGHICEMOPC":4,"IDCADJCKEGC":60,"JAIFIIEADGF":1011,"KAHCPEKDAFJ":5001,"KCHILLKKEPF":0,"LBOJPAEBDGH":3,"LDPGDGAAPHA":false,"LICAAMLOHLH":[],"LNOCAIKJLPP":0,"MHGBGLHACKA":3011,"MKKNNDFMNLE":4002,"PGBDIECFONO":0,"PHBFOEIECFB":0,"PIDKHDGPMDK":2},"6":{"BIOHMDLEJHO":2,"BPBJOLFEKDM":[],"CCFGCBBOLDM":0,"CKIIFJPMKBA":[],"DBNHMMJFJFK":1,"DGLDCIPIHDF":0,"difficultyId":6,"difficultyLevel":2,"DPFLGFLCBFC":"","EGPFKEPBEIF":2012,"FCEDDHJFIGF":100,"FMIEKPNDPGA":0,"GKPFGBGLAOH":0,"HJGHICEMOPC":8,"IDCADJCKEGC":60,"JAIFIIEADGF":1012,"KAHCPEKDAFJ":5102,"KCHILLKKEPF":0,"LBOJPAEBDGH":6,"LDPGDGAAPHA":false,"LICAAMLOHLH":[],"LNOCAIKJLPP":0,"MHGBGLHACKA":3012,"MKKNNDFMNLE":4002,"PGBDIECFONO":0,"PHBFOEIECFB":0,"PIDKHDGPMDK":2},"7":{"BIOHMDLEJHO":2,"BPBJOLFEKDM":[],"CCFGCBBOLDM":0,"CKIIFJPMKBA":[],"DBNHMMJFJFK":1,"DGLDCIPIHDF":0,"difficultyId":7,"difficultyLevel":3,"DPFLGFLCBFC":"","EGPFKEPBEIF":2013,"FCEDDHJFIGF":160,"FMIEKPNDPGA":0,"GKPFGBGLAOH":0,"HJGHICEMOPC":12,"IDCADJCKEGC":70,"JAIFIIEADGF":1013,"KAHCPEKDAFJ":5103,"KCHILLKKEPF":0,"LBOJPAEBDGH":8,"LDPGDGAAPHA":false,"LICAAMLOHLH":[],"LNOCAIKJLPP":0,"MHGBGLHACKA":3013,"MKKNNDFMNLE":4002,"PGBDIECFONO":0,"PHBFOEIECFB":0,"PIDKHDGPMDK":2},"8":{"BIOHMDLEJHO":2,"BPBJOLFEKDM":[],"CCFGCBBOLDM":0,"CKIIFJPMKBA":[1,2,3],"DBNHMMJFJFK":0,"DGLDCIPIHDF":0,"difficultyId":8,"difficultyLevel":1,"DPFLGFLCBFC":"","EGPFKEPBEIF":2021,"FCEDDHJFIGF":100,"FMIEKPNDPGA":2,"GKPFGBGLAOH":0,"HJGHICEMOPC":2,"IDCADJCKEGC":60,"JAIFIIEADGF":1021,"KAHCPEKDAFJ":5011,"KCHILLKKEPF":1,"LBOJPAEBDGH":3,"LDPGDGAAPHA":false,"LICAAMLOHLH":[],"LNOCAIKJLPP":30,"MHGBGLHACKA":3021,"MKKNNDFMNLE":0,"PGBDIECFONO":2,"PHBFOEIECFB":6001,"PIDKHDGPMDK":2},"9":{"BIOHMDLEJHO":2,"BPBJOLFEKDM":[],"CCFGCBBOLDM":0,"CKIIFJPMKBA":[1,2,3],"DBNHMMJFJFK":2,"DGLDCIPIHDF":0,"difficultyId":9,"difficultyLevel":2,"DPFLGFLCBFC":"","EGPFKEPBEIF":2022,"FCEDDHJFIGF":100,"FMIEKPNDPGA":2,"GKPFGBGLAOH":0,"HJGHICEMOPC":6,"IDCADJCKEGC":60,"JAIFIIEADGF":1022,"KAHCPEKDAFJ":5012,"KCHILLKKEPF":1,"LBOJPAEBDGH":6,"LDPGDGAAPHA":false,"LICAAMLOHLH":[],"LNOCAIKJLPP":30,"MHGBGLHACKA":3022,"MKKNNDFMNLE":0,"PGBDIECFONO":2,"PHBFOEIECFB":6002,"PIDKHDGPMDK":2},"10":{"BIOHMDLEJHO":2,"BPBJOLFEKDM":[],"CCFGCBBOLDM":0,"CKIIFJPMKBA":[1,2,3],"DBNHMMJFJFK":2,"DGLDCIPIHDF":0,"difficultyId":10,"difficultyLevel":3,"DPFLGFLCBFC":"","EGPFKEPBEIF":2023,"FCEDDHJFIGF":160,"FMIEKPNDPGA":2,"GKPFGBGLAOH":0,"HJGHICEMOPC":10,"IDCADJCKEGC":70,"JAIFIIEADGF":1023,"KAHCPEKDAFJ":5013,"KCHILLKKEPF":1,"LBOJPAEBDGH":8,"LDPGDGAAPHA":false,"LICAAMLOHLH":[],"LNOCAIKJLPP":30,"MHGBGLHACKA":3023,"MKKNNDFMNLE":0,"PGBDIECFONO":4,"PHBFOEIECFB":6003,"PIDKHDGPMDK":2},"11":{"BIOHMDLEJHO":2,"BPBJOLFEKDM":[3],"CCFGCBBOLDM":0,"CKIIFJPMKBA":[1,2,3],"DBNHMMJFJFK":2,"DGLDCIPIHDF":0,"difficultyId":11,"difficultyLevel":4,"DPFLGFLCBFC":"","EGPFKEPBEIF":2024,"FCEDDHJFIGF":160,"FMIEKPNDPGA":2,"GKPFGBGLAOH":0,"HJGHICEMOPC":16,"IDCADJCKEGC":70,"JAIFIIEADGF":1024,"KAHCPEKDAFJ":5014,"KCHILLKKEPF":1,"LBOJPAEBDGH":10,"LDPGDGAAPHA":false,"LICAAMLOHLH":[],"LNOCAIKJLPP":30,"MHGBGLHACKA":3024,"MKKNNDFMNLE":0,"PGBDIECFONO":4,"PHBFOEIECFB":6004,"PIDKHDGPMDK":3},"12":{"BIOHMDLEJHO":2,"BPBJOLFEKDM":[],"CCFGCBBOLDM":0,"CKIIFJPMKBA":[4,5,6],"DBNHMMJFJFK":0,"DGLDCIPIHDF":0,"difficultyId":12,"difficultyLevel":1,"DPFLGFLCBFC":"","EGPFKEPBEIF":2031,"FCEDDHJFIGF":100,"FMIEKPNDPGA":2,"GKPFGBGLAOH":0,"HJGHICEMOPC":2,"IDCADJCKEGC":60,"JAIFIIEADGF":1021,"KAHCPEKDAFJ":5011,"KCHILLKKEPF":1,"LBOJPAEBDGH":3,"LDPGDGAAPHA":false,"LICAAMLOHLH":[],"LNOCAIKJLPP":30,"MHGBGLHACKA":3031,"MKKNNDFMNLE":0,"PGBDIECFONO":2,"PHBFOEIECFB":6011,"PIDKHDGPMDK":2},"13":{"BIOHMDLEJHO":2,"BPBJOLFEKDM":[],"CCFGCBBOLDM":0,"CKIIFJPMKBA":[4,5,6],"DBNHMMJFJFK":2,"DGLDCIPIHDF":0,"difficultyId":13,"difficultyLevel":2,"DPFLGFLCBFC":"","EGPFKEPBEIF":2032,"FCEDDHJFIGF":100,"FMIEKPNDPGA":2,"GKPFGBGLAOH":0,"HJGHICEMOPC":6,"IDCADJCKEGC":60,"JAIFIIEADGF":1022,"KAHCPEKDAFJ":5012,"KCHILLKKEPF":1,"LBOJPAEBDGH":6,"LDPGDGAAPHA":false,"LICAAMLOHLH":[],"LNOCAIKJLPP":30,"MHGBGLHACKA":3032,"MKKNNDFMNLE":0,"PGBDIECFONO":2,"PHBFOEIECFB":6012,"PIDKHDGPMDK":2},"14":{"BIOHMDLEJHO":2,"BPBJOLFEKDM":[],"CCFGCBBOLDM":0,"CKIIFJPMKBA":[4,5,6],"DBNHMMJFJFK":2,"DGLDCIPIHDF":0,"difficultyId":14,"difficultyLevel":3,"DPFLGFLCBFC":"","EGPFKEPBEIF":2033,"FCEDDHJFIGF":160,"FMIEKPNDPGA":2,"GKPFGBGLAOH":0,"HJGHICEMOPC":10,"IDCADJCKEGC":70,"JAIFIIEADGF":1023,"KAHCPEKDAFJ":5013,"KCHILLKKEPF":1,"LBOJPAEBDGH":8,"LDPGDGAAPHA":false,"LICAAMLOHLH":[],"LNOCAIKJLPP":30,"MHGBGLHACKA":3033,"MKKNNDFMNLE":0,"PGBDIECFONO":4,"PHBFOEIECFB":6013,"PIDKHDGPMDK":2},"15":{"BIOHMDLEJHO":2,"BPBJOLFEKDM":[3],"CCFGCBBOLDM":0,"CKIIFJPMKBA":[4,5,6],"DBNHMMJFJFK":2,"DGLDCIPIHDF":0,"difficultyId":15,"difficultyLevel":4,"DPFLGFLCBFC":"","EGPFKEPBEIF":2034,"FCEDDHJFIGF":160,"FMIEKPNDPGA":2,"GKPFGBGLAOH":0,"HJGHICEMOPC":16,"IDCADJCKEGC":70,"JAIFIIEADGF":1024,"KAHCPEKDAFJ":5014,"KCHILLKKEPF":1,"LBOJPAEBDGH":10,"LDPGDGAAPHA":false,"LICAAMLOHLH":[],"LNOCAIKJLPP":30,"MHGBGLHACKA":3034,"MKKNNDFMNLE":0,"PGBDIECFONO":4,"PHBFOEIECFB":6014,"PIDKHDGPMDK":3},"16":{"BIOHMDLEJHO":2,"BPBJOLFEKDM":[],"CCFGCBBOLDM":0,"CKIIFJPMKBA":[3,8,7],"DBNHMMJFJFK":0,"DGLDCIPIHDF":0,"difficultyId":16,"difficultyLevel":1,"DPFLGFLCBFC":"1:2,2:5","EGPFKEPBEIF":2041,"FCEDDHJFIGF":100,"FMIEKPNDPGA":2,"GKPFGBGLAOH":0,"HJGHICEMOPC":2,"IDCADJCKEGC":60,"JAIFIIEADGF":1031,"KAHCPEKDAFJ":5011,"KCHILLKKEPF":1,"LBOJPAEBDGH":3,"LDPGDGAAPHA":false,"LICAAMLOHLH":[1,2,3,4,5],"LNOCAIKJLPP":30,"MHGBGLHACKA":3041,"MKKNNDFMNLE":0,"PGBDIECFONO":2,"PHBFOEIECFB":6021,"PIDKHDGPMDK":2},"17":{"BIOHMDLEJHO":2,"BPBJOLFEKDM":[],"CCFGCBBOLDM":0,"CKIIFJPMKBA":[3,8,7],"DBNHMMJFJFK":2,"DGLDCIPIHDF":0,"difficultyId":17,"difficultyLevel":2,"DPFLGFLCBFC":"1:3,2:8","EGPFKEPBEIF":2042,"FCEDDHJFIGF":100,"FMIEKPNDPGA":2,"GKPFGBGLAOH":0,"HJGHICEMOPC":6,"IDCADJCKEGC":60,"JAIFIIEADGF":1032,"KAHCPEKDAFJ":5012,"KCHILLKKEPF":1,"LBOJPAEBDGH":6,"LDPGDGAAPHA":false,"LICAAMLOHLH":[1,2,3,4,5],"LNOCAIKJLPP":30,"MHGBGLHACKA":3042,"MKKNNDFMNLE":0,"PGBDIECFONO":2,"PHBFOEIECFB":6022,"PIDKHDGPMDK":2},"18":{"BIOHMDLEJHO":2,"BPBJOLFEKDM":[],"CCFGCBBOLDM":0,"CKIIFJPMKBA":[3,8,7],"DBNHMMJFJFK":2,"DGLDCIPIHDF":0,"difficultyId":18,"difficultyLevel":3,"DPFLGFLCBFC":"1:4,2:10","EGPFKEPBEIF":2043,"FCEDDHJFIGF":160,"FMIEKPNDPGA":2,"GKPFGBGLAOH":0,"HJGHICEMOPC":10,"IDCADJCKEGC":70,"JAIFIIEADGF":1033,"KAHCPEKDAFJ":5013,"KCHILLKKEPF":1,"LBOJPAEBDGH":8,"LDPGDGAAPHA":false,"LICAAMLOHLH":[1,2,3,4,5],"LNOCAIKJLPP":30,"MHGBGLHACKA":3043,"MKKNNDFMNLE":0,"PGBDIECFONO":4,"PHBFOEIECFB":6023,"PIDKHDGPMDK":2},"19":{"BIOHMDLEJHO":2,"BPBJOLFEKDM":[3],"CCFGCBBOLDM":0,"CKIIFJPMKBA":[3,8,7],"DBNHMMJFJFK":2,"DGLDCIPIHDF":0,"difficultyId":19,"difficultyLevel":4,"DPFLGFLCBFC":"1:6,2:14","EGPFKEPBEIF":2044,"FCEDDHJFIGF":160,"FMIEKPNDPGA":2,"GKPFGBGLAOH":0,"HJGHICEMOPC":16,"IDCADJCKEGC":70,"JAIFIIEADGF":1034,"KAHCPEKDAFJ":5014,"KCHILLKKEPF":1,"LBOJPAEBDGH":10,"LDPGDGAAPHA":false,"LICAAMLOHLH":[1,2,3,4,5],"LNOCAIKJLPP":30,"MHGBGLHACKA":3044,"MKKNNDFMNLE":0,"PGBDIECFONO":4,"PHBFOEIECFB":6024,"PIDKHDGPMDK":3},"20":{"BIOHMDLEJHO":2,"BPBJOLFEKDM":[],"CCFGCBBOLDM":0,"CKIIFJPMKBA":[9,10,11],"DBNHMMJFJFK":0,"DGLDCIPIHDF":0,"difficultyId":20,"difficultyLevel":1,"DPFLGFLCBFC":"1:2,2:5","EGPFKEPBEIF":2051,"FCEDDHJFIGF":100,"FMIEKPNDPGA":2,"GKPFGBGLAOH":0,"HJGHICEMOPC":2,"IDCADJCKEGC":60,"JAIFIIEADGF":1031,"KAHCPEKDAFJ":5011,"KCHILLKKEPF":1,"LBOJPAEBDGH":3,"LDPGDGAAPHA":false,"LICAAMLOHLH":[1,2,3,4,5],"LNOCAIKJLPP":30,"MHGBGLHACKA":3051,"MKKNNDFMNLE":0,"PGBDIECFONO":2,"PHBFOEIECFB":6041,"PIDKHDGPMDK":2},"21":{"BIOHMDLEJHO":2,"BPBJOLFEKDM":[],"CCFGCBBOLDM":0,"CKIIFJPMKBA":[9,10,11],"DBNHMMJFJFK":2,"DGLDCIPIHDF":0,"difficultyId":21,"difficultyLevel":2,"DPFLGFLCBFC":"1:3,2:8","EGPFKEPBEIF":2052,"FCEDDHJFIGF":100,"FMIEKPNDPGA":2,"GKPFGBGLAOH":0,"HJGHICEMOPC":6,"IDCADJCKEGC":60,"JAIFIIEADGF":1032,"KAHCPEKDAFJ":5012,"KCHILLKKEPF":1,"LBOJPAEBDGH":6,"LDPGDGAAPHA":false,"LICAAMLOHLH":[1,2,3,4,5],"LNOCAIKJLPP":30,"MHGBGLHACKA":3052,"MKKNNDFMNLE":0,"PGBDIECFONO":2,"PHBFOEIECFB":6042,"PIDKHDGPMDK":2},"22":{"BIOHMDLEJHO":2,"BPBJOLFEKDM":[],"CCFGCBBOLDM":0,"CKIIFJPMKBA":[9,10,11],"DBNHMMJFJFK":2,"DGLDCIPIHDF":0,"difficultyId":22,"difficultyLevel":3,"DPFLGFLCBFC":"1:4,2:10","EGPFKEPBEIF":2053,"FCEDDHJFIGF":160,"FMIEKPNDPGA":2,"GKPFGBGLAOH":0,"HJGHICEMOPC":10,"IDCADJCKEGC":70,"JAIFIIEADGF":1033,"KAHCPEKDAFJ":5013,"KCHILLKKEPF":1,"LBOJPAEBDGH":8,"LDPGDGAAPHA":false,"LICAAMLOHLH":[1,2,3,4,5],"LNOCAIKJLPP":30,"MHGBGLHACKA":3053,"MKKNNDFMNLE":0,"PGBDIECFONO":4,"PHBFOEIECFB":6043,"PIDKHDGPMDK":2},"23":{"BIOHMDLEJHO":2,"BPBJOLFEKDM":[3],"CCFGCBBOLDM":0,"CKIIFJPMKBA":[9,10,11],"DBNHMMJFJFK":2,"DGLDCIPIHDF":0,"difficultyId":23,"difficultyLevel":4,"DPFLGFLCBFC":"1:6,2:14","EGPFKEPBEIF":2054,"FCEDDHJFIGF":160,"FMIEKPNDPGA":2,"GKPFGBGLAOH":0,"HJGHICEMOPC":16,"IDCADJCKEGC":70,"JAIFIIEADGF":1034,"KAHCPEKDAFJ":5014,"KCHILLKKEPF":1,"LBOJPAEBDGH":10,"LDPGDGAAPHA":false,"LICAAMLOHLH":[1,2,3,4,5],"LNOCAIKJLPP":30,"MHGBGLHACKA":3054,"MKKNNDFMNLE":0,"PGBDIECFONO":4,"PHBFOEIECFB":6044,"PIDKHDGPMDK":3},"24":{"BIOHMDLEJHO":2,"BPBJOLFEKDM":[],"CCFGCBBOLDM":0,"CKIIFJPMKBA":[12,13,14],"DBNHMMJFJFK":0,"DGLDCIPIHDF":0,"difficultyId":24,"difficultyLevel":1,"DPFLGFLCBFC":"1:2,2:5","EGPFKEPBEIF":2061,"FCEDDHJFIGF":100,"FMIEKPNDPGA":2,"GKPFGBGLAOH":0,"HJGHICEMOPC":2,"IDCADJCKEGC":60,"JAIFIIEADGF":1031,"KAHCPEKDAFJ":5011,"KCHILLKKEPF":1,"LBOJPAEBDGH":3,"LDPGDGAAPHA":false,"LICAAMLOHLH":[1,2,3,4,5],"LNOCAIKJLPP":30,"MHGBGLHACKA":3061,"MKKNNDFMNLE":0,"PGBDIECFONO":2,"PHBFOEIECFB":6031,"PIDKHDGPMDK":2},"25":{"BIOHMDLEJHO":2,"BPBJOLFEKDM":[],"CCFGCBBOLDM":0,"CKIIFJPMKBA":[12,13,14],"DBNHMMJFJFK":2,"DGLDCIPIHDF":0,"difficultyId":25,"difficultyLevel":2,"DPFLGFLCBFC":"1:3,2:8","EGPFKEPBEIF":2062,"FCEDDHJFIGF":100,"FMIEKPNDPGA":2,"GKPFGBGLAOH":0,"HJGHICEMOPC":6,"IDCADJCKEGC":60,"JAIFIIEADGF":1032,"KAHCPEKDAFJ":5012,"KCHILLKKEPF":1,"LBOJPAEBDGH":6,"LDPGDGAAPHA":false,"LICAAMLOHLH":[1,2,3,4,5],"LNOCAIKJLPP":30,"MHGBGLHACKA":3062,"MKKNNDFMNLE":0,"PGBDIECFONO":2,"PHBFOEIECFB":6032,"PIDKHDGPMDK":2},"26":{"BIOHMDLEJHO":2,"BPBJOLFEKDM":[],"CCFGCBBOLDM":0,"CKIIFJPMKBA":[12,13,14],"DBNHMMJFJFK":2,"DGLDCIPIHDF":0,"difficultyId":26,"difficultyLevel":3,"DPFLGFLCBFC":"1:4,2:10","EGPFKEPBEIF":2063,"FCEDDHJFIGF":160,"FMIEKPNDPGA":2,"GKPFGBGLAOH":0,"HJGHICEMOPC":10,"IDCADJCKEGC":70,"JAIFIIEADGF":1033,"KAHCPEKDAFJ":5013,"KCHILLKKEPF":1,"LBOJPAEBDGH":8,"LDPGDGAAPHA":false,"LICAAMLOHLH":[1,2,3,4,5],"LNOCAIKJLPP":30,"MHGBGLHACKA":3063,"MKKNNDFMNLE":0,"PGBDIECFONO":4,"PHBFOEIECFB":6033,"PIDKHDGPMDK":2},"27":{"BIOHMDLEJHO":2,"BPBJOLFEKDM":[3],"CCFGCBBOLDM":0,"CKIIFJPMKBA":[12,13,14],"DBNHMMJFJFK":2,"DGLDCIPIHDF":0,"difficultyId":27,"difficultyLevel":4,"DPFLGFLCBFC":"1:6,2:14","EGPFKEPBEIF":2064,"FCEDDHJFIGF":160,"FMIEKPNDPGA":2,"GKPFGBGLAOH":0,"HJGHICEMOPC":16,"IDCADJCKEGC":70,"JAIFIIEADGF":1034,"KAHCPEKDAFJ":5014,"KCHILLKKEPF":1,"LBOJPAEBDGH":10,"LDPGDGAAPHA":false,"LICAAMLOHLH":[1,2,3,4,5],"LNOCAIKJLPP":30,"MHGBGLHACKA":3064,"MKKNNDFMNLE":0,"PGBDIECFONO":4,"PHBFOEIECFB":6034,"PIDKHDGPMDK":3},"28":{"BIOHMDLEJHO":2,"BPBJOLFEKDM":[],"CCFGCBBOLDM":0,"CKIIFJPMKBA":[1,15,9],"DBNHMMJFJFK":0,"DGLDCIPIHDF":0,"difficultyId":28,"difficultyLevel":1,"DPFLGFLCBFC":"1:2,2:5","EGPFKEPBEIF":2071,"FCEDDHJFIGF":100,"FMIEKPNDPGA":2,"GKPFGBGLAOH":0,"HJGHICEMOPC":2,"IDCADJCKEGC":60,"JAIFIIEADGF":1031,"KAHCPEKDAFJ":5011,"KCHILLKKEPF":1,"LBOJPAEBDGH":3,"LDPGDGAAPHA":false,"LICAAMLOHLH":[1,2,3,4,5],"LNOCAIKJLPP":30,"MHGBGLHACKA":3071,"MKKNNDFMNLE":0,"PGBDIECFONO":2,"PHBFOEIECFB":6051,"PIDKHDGPMDK":2},"29":{"BIOHMDLEJHO":2,"BPBJOLFEKDM":[],"CCFGCBBOLDM":0,"CKIIFJPMKBA":[1,15,9],"DBNHMMJFJFK":2,"DGLDCIPIHDF":0,"difficultyId":29,"difficultyLevel":2,"DPFLGFLCBFC":"1:3,2:8","EGPFKEPBEIF":2072,"FCEDDHJFIGF":100,"FMIEKPNDPGA":2,"GKPFGBGLAOH":0,"HJGHICEMOPC":6,"IDCADJCKEGC":60,"JAIFIIEADGF":1032,"KAHCPEKDAFJ":5012,"KCHILLKKEPF":1,"LBOJPAEBDGH":6,"LDPGDGAAPHA":false,"LICAAMLOHLH":[1,2,3,4,5],"LNOCAIKJLPP":30,"MHGBGLHACKA":3072,"MKKNNDFMNLE":0,"PGBDIECFONO":2,"PHBFOEIECFB":6052,"PIDKHDGPMDK":2},"30":{"BIOHMDLEJHO":2,"BPBJOLFEKDM":[],"CCFGCBBOLDM":0,"CKIIFJPMKBA":[1,15,9],"DBNHMMJFJFK":2,"DGLDCIPIHDF":0,"difficultyId":30,"difficultyLevel":3,"DPFLGFLCBFC":"1:4,2:10","EGPFKEPBEIF":2073,"FCEDDHJFIGF":160,"FMIEKPNDPGA":2,"GKPFGBGLAOH":0,"HJGHICEMOPC":10,"IDCADJCKEGC":70,"JAIFIIEADGF":1033,"KAHCPEKDAFJ":5013,"KCHILLKKEPF":1,"LBOJPAEBDGH":8,"LDPGDGAAPHA":false,"LICAAMLOHLH":[1,2,3,4,5],"LNOCAIKJLPP":30,"MHGBGLHACKA":3073,"MKKNNDFMNLE":0,"PGBDIECFONO":4,"PHBFOEIECFB":6053,"PIDKHDGPMDK":2},"31":{"BIOHMDLEJHO":2,"BPBJOLFEKDM":[3],"CCFGCBBOLDM":0,"CKIIFJPMKBA":[1,15,9],"DBNHMMJFJFK":2,"DGLDCIPIHDF":0,"difficultyId":31,"difficultyLevel":4,"DPFLGFLCBFC":"1:6,2:14","EGPFKEPBEIF":2074,"FCEDDHJFIGF":160,"FMIEKPNDPGA":2,"GKPFGBGLAOH":0,"HJGHICEMOPC":16,"IDCADJCKEGC":70,"JAIFIIEADGF":1034,"KAHCPEKDAFJ":5014,"KCHILLKKEPF":1,"LBOJPAEBDGH":10,"LDPGDGAAPHA":false,"LICAAMLOHLH":[1,2,3,4,5],"LNOCAIKJLPP":30,"MHGBGLHACKA":3074,"MKKNNDFMNLE":0,"PGBDIECFONO":4,"PHBFOEIECFB":6054,"PIDKHDGPMDK":3},"32":{"BIOHMDLEJHO":2,"BPBJOLFEKDM":[],"CCFGCBBOLDM":0,"CKIIFJPMKBA":[16,11,17],"DBNHMMJFJFK":0,"DGLDCIPIHDF":0,"difficultyId":32,"difficultyLevel":1,"DPFLGFLCBFC":"1:2,2:5","EGPFKEPBEIF":2081,"FCEDDHJFIGF":100,"FMIEKPNDPGA":2,"GKPFGBGLAOH":0,"HJGHICEMOPC":2,"IDCADJCKEGC":60,"JAIFIIEADGF":1031,"KAHCPEKDAFJ":5011,"KCHILLKKEPF":1,"LBOJPAEBDGH":3,"LDPGDGAAPHA":false,"LICAAMLOHLH":[1,2,3,4,5],"LNOCAIKJLPP":30,"MHGBGLHACKA":3081,"MKKNNDFMNLE":0,"PGBDIECFONO":2,"PHBFOEIECFB":6061,"PIDKHDGPMDK":2},"33":{"BIOHMDLEJHO":2,"BPBJOLFEKDM":[],"CCFGCBBOLDM":0,"CKIIFJPMKBA":[16,11,17],"DBNHMMJFJFK":2,"DGLDCIPIHDF":0,"difficultyId":33,"difficultyLevel":2,"DPFLGFLCBFC":"1:3,2:8","EGPFKEPBEIF":2082,"FCEDDHJFIGF":100,"FMIEKPNDPGA":2,"GKPFGBGLAOH":0,"HJGHICEMOPC":6,"IDCADJCKEGC":60,"JAIFIIEADGF":1032,"KAHCPEKDAFJ":5012,"KCHILLKKEPF":1,"LBOJPAEBDGH":6,"LDPGDGAAPHA":false,"LICAAMLOHLH":[1,2,3,4,5],"LNOCAIKJLPP":30,"MHGBGLHACKA":3082,"MKKNNDFMNLE":0,"PGBDIECFONO":2,"PHBFOEIECFB":6062,"PIDKHDGPMDK":2},"34":{"BIOHMDLEJHO":2,"BPBJOLFEKDM":[],"CCFGCBBOLDM":0,"CKIIFJPMKBA":[16,11,17],"DBNHMMJFJFK":2,"DGLDCIPIHDF":0,"difficultyId":34,"difficultyLevel":3,"DPFLGFLCBFC":"1:4,2:10","EGPFKEPBEIF":2083,"FCEDDHJFIGF":160,"FMIEKPNDPGA":2,"GKPFGBGLAOH":0,"HJGHICEMOPC":10,"IDCADJCKEGC":70,"JAIFIIEADGF":1033,"KAHCPEKDAFJ":5013,"KCHILLKKEPF":1,"LBOJPAEBDGH":8,"LDPGDGAAPHA":false,"LICAAMLOHLH":[1,2,3,4,5],"LNOCAIKJLPP":30,"MHGBGLHACKA":3083,"MKKNNDFMNLE":0,"PGBDIECFONO":4,"PHBFOEIECFB":6063,"PIDKHDGPMDK":2},"35":{"BIOHMDLEJHO":2,"BPBJOLFEKDM":[3],"CCFGCBBOLDM":0,"CKIIFJPMKBA":[16,11,17],"DBNHMMJFJFK":2,"DGLDCIPIHDF":0,"difficultyId":35,"difficultyLevel":4,"DPFLGFLCBFC":"1:6,2:14","EGPFKEPBEIF":2084,"FCEDDHJFIGF":160,"FMIEKPNDPGA":2,"GKPFGBGLAOH":0,"HJGHICEMOPC":16,"IDCADJCKEGC":70,"JAIFIIEADGF":1034,"KAHCPEKDAFJ":5014,"KCHILLKKEPF":1,"LBOJPAEBDGH":10,"LDPGDGAAPHA":false,"LICAAMLOHLH":[1,2,3,4,5],"LNOCAIKJLPP":30,"MHGBGLHACKA":3084,"MKKNNDFMNLE":0,"PGBDIECFONO":4,"PHBFOEIECFB":6064,"PIDKHDGPMDK":3},"36":{"BIOHMDLEJHO":2,"BPBJOLFEKDM":[],"CCFGCBBOLDM":0,"CKIIFJPMKBA":[6,15,10],"DBNHMMJFJFK":0,"DGLDCIPIHDF":0,"difficultyId":36,"difficultyLevel":1,"DPFLGFLCBFC":"1:2,2:5","EGPFKEPBEIF":2091,"FCEDDHJFIGF":100,"FMIEKPNDPGA":2,"GKPFGBGLAOH":0,"HJGHICEMOPC":2,"IDCADJCKEGC":60,"JAIFIIEADGF":1031,"KAHCPEKDAFJ":5011,"KCHILLKKEPF":1,"LBOJPAEBDGH":3,"LDPGDGAAPHA":false,"LICAAMLOHLH":[1,2,3,4,5],"LNOCAIKJLPP":30,"MHGBGLHACKA":3091,"MKKNNDFMNLE":0,"PGBDIECFONO":2,"PHBFOEIECFB":6071,"PIDKHDGPMDK":2},"37":{"BIOHMDLEJHO":2,"BPBJOLFEKDM":[],"CCFGCBBOLDM":0,"CKIIFJPMKBA":[6,15,10],"DBNHMMJFJFK":2,"DGLDCIPIHDF":0,"difficultyId":37,"difficultyLevel":2,"DPFLGFLCBFC":"1:3,2:8","EGPFKEPBEIF":2092,"FCEDDHJFIGF":100,"FMIEKPNDPGA":2,"GKPFGBGLAOH":0,"HJGHICEMOPC":6,"IDCADJCKEGC":60,"JAIFIIEADGF":1032,"KAHCPEKDAFJ":5012,"KCHILLKKEPF":1,"LBOJPAEBDGH":6,"LDPGDGAAPHA":false,"LICAAMLOHLH":[1,2,3,4,5],"LNOCAIKJLPP":30,"MHGBGLHACKA":3092,"MKKNNDFMNLE":0,"PGBDIECFONO":2,"PHBFOEIECFB":6072,"PIDKHDGPMDK":2},"38":{"BIOHMDLEJHO":2,"BPBJOLFEKDM":[],"CCFGCBBOLDM":0,"CKIIFJPMKBA":[6,15,10],"DBNHMMJFJFK":2,"DGLDCIPIHDF":0,"difficultyId":38,"difficultyLevel":3,"DPFLGFLCBFC":"1:4,2:10","EGPFKEPBEIF":2093,"FCEDDHJFIGF":160,"FMIEKPNDPGA":2,"GKPFGBGLAOH":0,"HJGHICEMOPC":10,"IDCADJCKEGC":70,"JAIFIIEADGF":1033,"KAHCPEKDAFJ":5013,"KCHILLKKEPF":1,"LBOJPAEBDGH":8,"LDPGDGAAPHA":false,"LICAAMLOHLH":[1,2,3,4,5],"LNOCAIKJLPP":30,"MHGBGLHACKA":3093,"MKKNNDFMNLE":0,"PGBDIECFONO":4,"PHBFOEIECFB":6073,"PIDKHDGPMDK":2},"39":{"BIOHMDLEJHO":2,"BPBJOLFEKDM":[3],"CCFGCBBOLDM":0,"CKIIFJPMKBA":[6,15,10],"DBNHMMJFJFK":2,"DGLDCIPIHDF":0,"difficultyId":39,"difficultyLevel":4,"DPFLGFLCBFC":"1:6,2:14","EGPFKEPBEIF":2094,"FCEDDHJFIGF":160,"FMIEKPNDPGA":2,"GKPFGBGLAOH":0,"HJGHICEMOPC":16,"IDCADJCKEGC":70,"JAIFIIEADGF":1034,"KAHCPEKDAFJ":5014,"KCHILLKKEPF":1,"LBOJPAEBDGH":10,"LDPGDGAAPHA":false,"LICAAMLOHLH":[1,2,3,4,5],"LNOCAIKJLPP":30,"MHGBGLHACKA":3094,"MKKNNDFMNLE":0,"PGBDIECFONO":4,"PHBFOEIECFB":6074,"PIDKHDGPMDK":3},"40":{"BIOHMDLEJHO":2,"BPBJOLFEKDM":[],"CCFGCBBOLDM":0,"CKIIFJPMKBA":[16,18,13],"DBNHMMJFJFK":0,"DGLDCIPIHDF":0,"difficultyId":40,"difficultyLevel":1,"DPFLGFLCBFC":"1:2,2:5","EGPFKEPBEIF":2101,"FCEDDHJFIGF":100,"FMIEKPNDPGA":2,"GKPFGBGLAOH":0,"HJGHICEMOPC":2,"IDCADJCKEGC":60,"JAIFIIEADGF":1031,"KAHCPEKDAFJ":5011,"KCHILLKKEPF":1,"LBOJPAEBDGH":3,"LDPGDGAAPHA":false,"LICAAMLOHLH":[1,2,3,4,5],"LNOCAIKJLPP":30,"MHGBGLHACKA":3101,"MKKNNDFMNLE":0,"PGBDIECFONO":2,"PHBFOEIECFB":6081,"PIDKHDGPMDK":2},"41":{"BIOHMDLEJHO":2,"BPBJOLFEKDM":[],"CCFGCBBOLDM":0,"CKIIFJPMKBA":[16,18,13],"DBNHMMJFJFK":2,"DGLDCIPIHDF":0,"difficultyId":41,"difficultyLevel":2,"DPFLGFLCBFC":"1:3,2:8","EGPFKEPBEIF":2102,"FCEDDHJFIGF":100,"FMIEKPNDPGA":2,"GKPFGBGLAOH":0,"HJGHICEMOPC":6,"IDCADJCKEGC":60,"JAIFIIEADGF":1032,"KAHCPEKDAFJ":5012,"KCHILLKKEPF":1,"LBOJPAEBDGH":6,"LDPGDGAAPHA":false,"LICAAMLOHLH":[1,2,3,4,5],"LNOCAIKJLPP":30,"MHGBGLHACKA":3102,"MKKNNDFMNLE":0,"PGBDIECFONO":2,"PHBFOEIECFB":6082,"PIDKHDGPMDK":2},"42":{"BIOHMDLEJHO":2,"BPBJOLFEKDM":[],"CCFGCBBOLDM":0,"CKIIFJPMKBA":[16,18,13],"DBNHMMJFJFK":2,"DGLDCIPIHDF":0,"difficultyId":42,"difficultyLevel":3,"DPFLGFLCBFC":"1:4,2:10","EGPFKEPBEIF":2103,"FCEDDHJFIGF":160,"FMIEKPNDPGA":2,"GKPFGBGLAOH":0,"HJGHICEMOPC":10,"IDCADJCKEGC":70,"JAIFIIEADGF":1033,"KAHCPEKDAFJ":5013,"KCHILLKKEPF":1,"LBOJPAEBDGH":8,"LDPGDGAAPHA":false,"LICAAMLOHLH":[1,2,3,4,5],"LNOCAIKJLPP":30,"MHGBGLHACKA":3103,"MKKNNDFMNLE":0,"PGBDIECFONO":4,"PHBFOEIECFB":6083,"PIDKHDGPMDK":2},"43":{"BIOHMDLEJHO":2,"BPBJOLFEKDM":[3],"CCFGCBBOLDM":0,"CKIIFJPMKBA":[16,18,13],"DBNHMMJFJFK":2,"DGLDCIPIHDF":0,"difficultyId":43,"difficultyLevel":4,"DPFLGFLCBFC":"1:6,2:14","EGPFKEPBEIF":2104,"FCEDDHJFIGF":160,"FMIEKPNDPGA":2,"GKPFGBGLAOH":0,"HJGHICEMOPC":16,"IDCADJCKEGC":70,"JAIFIIEADGF":1034,"KAHCPEKDAFJ":5014,"KCHILLKKEPF":1,"LBOJPAEBDGH":10,"LDPGDGAAPHA":false,"LICAAMLOHLH":[1,2,3,4,5],"LNOCAIKJLPP":30,"MHGBGLHACKA":3104,"MKKNNDFMNLE":0,"PGBDIECFONO":4,"PHBFOEIECFB":6084,"PIDKHDGPMDK":3},"44":{"BIOHMDLEJHO":2,"BPBJOLFEKDM":[],"CCFGCBBOLDM":0,"CKIIFJPMKBA":[17,7,19],"DBNHMMJFJFK":0,"DGLDCIPIHDF":0,"difficultyId":44,"difficultyLevel":1,"DPFLGFLCBFC":"1:2,2:5","EGPFKEPBEIF":2111,"FCEDDHJFIGF":100,"FMIEKPNDPGA":2,"GKPFGBGLAOH":0,"HJGHICEMOPC":2,"IDCADJCKEGC":60,"JAIFIIEADGF":1031,"KAHCPEKDAFJ":5011,"KCHILLKKEPF":1,"LBOJPAEBDGH":3,"LDPGDGAAPHA":false,"LICAAMLOHLH":[1,2,3,4,5],"LNOCAIKJLPP":30,"MHGBGLHACKA":3111,"MKKNNDFMNLE":0,"PGBDIECFONO":2,"PHBFOEIECFB":6091,"PIDKHDGPMDK":2},"45":{"BIOHMDLEJHO":2,"BPBJOLFEKDM":[],"CCFGCBBOLDM":0,"CKIIFJPMKBA":[17,7,19],"DBNHMMJFJFK":2,"DGLDCIPIHDF":0,"difficultyId":45,"difficultyLevel":2,"DPFLGFLCBFC":"1:3,2:8","EGPFKEPBEIF":2112,"FCEDDHJFIGF":100,"FMIEKPNDPGA":2,"GKPFGBGLAOH":0,"HJGHICEMOPC":6,"IDCADJCKEGC":60,"JAIFIIEADGF":1032,"KAHCPEKDAFJ":5012,"KCHILLKKEPF":1,"LBOJPAEBDGH":6,"LDPGDGAAPHA":false,"LICAAMLOHLH":[1,2,3,4,5],"LNOCAIKJLPP":30,"MHGBGLHACKA":3112,"MKKNNDFMNLE":0,"PGBDIECFONO":2,"PHBFOEIECFB":6092,"PIDKHDGPMDK":2},"46":{"BIOHMDLEJHO":2,"BPBJOLFEKDM":[],"CCFGCBBOLDM":0,"CKIIFJPMKBA":[17,7,19],"DBNHMMJFJFK":2,"DGLDCIPIHDF":0,"difficultyId":46,"difficultyLevel":3,"DPFLGFLCBFC":"1:4,2:10","EGPFKEPBEIF":2113,"FCEDDHJFIGF":160,"FMIEKPNDPGA":2,"GKPFGBGLAOH":0,"HJGHICEMOPC":10,"IDCADJCKEGC":70,"JAIFIIEADGF":1033,"KAHCPEKDAFJ":5013,"KCHILLKKEPF":1,"LBOJPAEBDGH":8,"LDPGDGAAPHA":false,"LICAAMLOHLH":[1,2,3,4,5],"LNOCAIKJLPP":30,"MHGBGLHACKA":3113,"MKKNNDFMNLE":0,"PGBDIECFONO":4,"PHBFOEIECFB":6093,"PIDKHDGPMDK":2},"47":{"BIOHMDLEJHO":2,"BPBJOLFEKDM":[3],"CCFGCBBOLDM":0,"CKIIFJPMKBA":[17,7,19],"DBNHMMJFJFK":2,"DGLDCIPIHDF":0,"difficultyId":47,"difficultyLevel":4,"DPFLGFLCBFC":"1:6,2:14","EGPFKEPBEIF":2114,"FCEDDHJFIGF":160,"FMIEKPNDPGA":2,"GKPFGBGLAOH":0,"HJGHICEMOPC":16,"IDCADJCKEGC":70,"JAIFIIEADGF":1034,"KAHCPEKDAFJ":5014,"KCHILLKKEPF":1,"LBOJPAEBDGH":10,"LDPGDGAAPHA":false,"LICAAMLOHLH":[1,2,3,4,5],"LNOCAIKJLPP":30,"MHGBGLHACKA":3114,"MKKNNDFMNLE":0,"PGBDIECFONO":4,"PHBFOEIECFB":6094,"PIDKHDGPMDK":3},"48":{"BIOHMDLEJHO":2,"BPBJOLFEKDM":[],"CCFGCBBOLDM":0,"CKIIFJPMKBA":[1,16,14],"DBNHMMJFJFK":0,"DGLDCIPIHDF":0,"difficultyId":48,"difficultyLevel":1,"DPFLGFLCBFC":"1:2,2:5","EGPFKEPBEIF":2121,"FCEDDHJFIGF":100,"FMIEKPNDPGA":2,"GKPFGBGLAOH":0,"HJGHICEMOPC":2,"IDCADJCKEGC":60,"JAIFIIEADGF":1031,"KAHCPEKDAFJ":5011,"KCHILLKKEPF":1,"LBOJPAEBDGH":3,"LDPGDGAAPHA":false,"LICAAMLOHLH":[1,2,3,4,5],"LNOCAIKJLPP":30,"MHGBGLHACKA":3115,"MKKNNDFMNLE":0,"PGBDIECFONO":2,"PHBFOEIECFB":6095,"PIDKHDGPMDK":2},"49":{"BIOHMDLEJHO":2,"BPBJOLFEKDM":[],"CCFGCBBOLDM":0,"CKIIFJPMKBA":[1,16,14],"DBNHMMJFJFK":2,"DGLDCIPIHDF":0,"difficultyId":49,"difficultyLevel":2,"DPFLGFLCBFC":"1:3,2:8","EGPFKEPBEIF":2122,"FCEDDHJFIGF":100,"FMIEKPNDPGA":2,"GKPFGBGLAOH":0,"HJGHICEMOPC":6,"IDCADJCKEGC":60,"JAIFIIEADGF":1032,"KAHCPEKDAFJ":5012,"KCHILLKKEPF":1,"LBOJPAEBDGH":6,"LDPGDGAAPHA":false,"LICAAMLOHLH":[1,2,3,4,5],"LNOCAIKJLPP":30,"MHGBGLHACKA":3116,"MKKNNDFMNLE":0,"PGBDIECFONO":2,"PHBFOEIECFB":6096,"PIDKHDGPMDK":2},"50":{"BIOHMDLEJHO":2,"BPBJOLFEKDM":[],"CCFGCBBOLDM":0,"CKIIFJPMKBA":[1,16,14],"DBNHMMJFJFK":2,"DGLDCIPIHDF":0,"difficultyId":50,"difficultyLevel":3,"DPFLGFLCBFC":"1:4,2:10","EGPFKEPBEIF":2123,"FCEDDHJFIGF":160,"FMIEKPNDPGA":2,"GKPFGBGLAOH":0,"HJGHICEMOPC":10,"IDCADJCKEGC":70,"JAIFIIEADGF":1033,"KAHCPEKDAFJ":5013,"KCHILLKKEPF":1,"LBOJPAEBDGH":8,"LDPGDGAAPHA":false,"LICAAMLOHLH":[1,2,3,4,5],"LNOCAIKJLPP":30,"MHGBGLHACKA":3117,"MKKNNDFMNLE":0,"PGBDIECFONO":4,"PHBFOEIECFB":6097,"PIDKHDGPMDK":2},"51":{"BIOHMDLEJHO":2,"BPBJOLFEKDM":[3],"CCFGCBBOLDM":0,"CKIIFJPMKBA":[1,16,14],"DBNHMMJFJFK":2,"DGLDCIPIHDF":0,"difficultyId":51,"difficultyLevel":4,"DPFLGFLCBFC":"1:6,2:14","EGPFKEPBEIF":2124,"FCEDDHJFIGF":160,"FMIEKPNDPGA":2,"GKPFGBGLAOH":0,"HJGHICEMOPC":16,"IDCADJCKEGC":70,"JAIFIIEADGF":1034,"KAHCPEKDAFJ":5014,"KCHILLKKEPF":1,"LBOJPAEBDGH":10,"LDPGDGAAPHA":false,"LICAAMLOHLH":[1,2,3,4,5],"LNOCAIKJLPP":30,"MHGBGLHACKA":3118,"MKKNNDFMNLE":0,"PGBDIECFONO":4,"PHBFOEIECFB":6098,"PIDKHDGPMDK":3},"52":{"BIOHMDLEJHO":2,"BPBJOLFEKDM":[],"CCFGCBBOLDM":0,"CKIIFJPMKBA":[17,10,20],"DBNHMMJFJFK":0,"DGLDCIPIHDF":0,"difficultyId":52,"difficultyLevel":1,"DPFLGFLCBFC":"1:2,2:5","EGPFKEPBEIF":2131,"FCEDDHJFIGF":100,"FMIEKPNDPGA":2,"GKPFGBGLAOH":0,"HJGHICEMOPC":2,"IDCADJCKEGC":60,"JAIFIIEADGF":1031,"KAHCPEKDAFJ":5011,"KCHILLKKEPF":1,"LBOJPAEBDGH":3,"LDPGDGAAPHA":false,"LICAAMLOHLH":[1,2,3,4,5],"LNOCAIKJLPP":30,"MHGBGLHACKA":3121,"MKKNNDFMNLE":0,"PGBDIECFONO":2,"PHBFOEIECFB":6101,"PIDKHDGPMDK":2},"53":{"BIOHMDLEJHO":2,"BPBJOLFEKDM":[],"CCFGCBBOLDM":0,"CKIIFJPMKBA":[17,10,20],"DBNHMMJFJFK":2,"DGLDCIPIHDF":0,"difficultyId":53,"difficultyLevel":2,"DPFLGFLCBFC":"1:3,2:8","EGPFKEPBEIF":2132,"FCEDDHJFIGF":100,"FMIEKPNDPGA":2,"GKPFGBGLAOH":0,"HJGHICEMOPC":6,"IDCADJCKEGC":60,"JAIFIIEADGF":1032,"KAHCPEKDAFJ":5012,"KCHILLKKEPF":1,"LBOJPAEBDGH":6,"LDPGDGAAPHA":false,"LICAAMLOHLH":[1,2,3,4,5],"LNOCAIKJLPP":30,"MHGBGLHACKA":3122,"MKKNNDFMNLE":0,"PGBDIECFONO":2,"PHBFOEIECFB":6102,"PIDKHDGPMDK":2},"54":{"BIOHMDLEJHO":2,"BPBJOLFEKDM":[],"CCFGCBBOLDM":0,"CKIIFJPMKBA":[17,10,20],"DBNHMMJFJFK":2,"DGLDCIPIHDF":0,"difficultyId":54,"difficultyLevel":3,"DPFLGFLCBFC":"1:4,2:10","EGPFKEPBEIF":2133,"FCEDDHJFIGF":160,"FMIEKPNDPGA":2,"GKPFGBGLAOH":0,"HJGHICEMOPC":10,"IDCADJCKEGC":70,"JAIFIIEADGF":1033,"KAHCPEKDAFJ":5013,"KCHILLKKEPF":1,"LBOJPAEBDGH":8,"LDPGDGAAPHA":false,"LICAAMLOHLH":[1,2,3,4,5],"LNOCAIKJLPP":30,"MHGBGLHACKA":3123,"MKKNNDFMNLE":0,"PGBDIECFONO":4,"PHBFOEIECFB":6103,"PIDKHDGPMDK":2},"55":{"BIOHMDLEJHO":2,"BPBJOLFEKDM":[3],"CCFGCBBOLDM":0,"CKIIFJPMKBA":[17,10,20],"DBNHMMJFJFK":2,"DGLDCIPIHDF":0,"difficultyId":55,"difficultyLevel":4,"DPFLGFLCBFC":"1:6,2:14","EGPFKEPBEIF":2134,"FCEDDHJFIGF":160,"FMIEKPNDPGA":2,"GKPFGBGLAOH":0,"HJGHICEMOPC":16,"IDCADJCKEGC":70,"JAIFIIEADGF":1034,"KAHCPEKDAFJ":5014,"KCHILLKKEPF":1,"LBOJPAEBDGH":10,"LDPGDGAAPHA":false,"LICAAMLOHLH":[1,2,3,4,5],"LNOCAIKJLPP":30,"MHGBGLHACKA":3124,"MKKNNDFMNLE":0,"PGBDIECFONO":4,"PHBFOEIECFB":6104,"PIDKHDGPMDK":3},"56":{"BIOHMDLEJHO":2,"BPBJOLFEKDM":[],"CCFGCBBOLDM":2,"CKIIFJPMKBA":[1,3,2],"DBNHMMJFJFK":0,"DGLDCIPIHDF":0,"difficultyId":56,"difficultyLevel":1,"DPFLGFLCBFC":"1:2,2:5","EGPFKEPBEIF":2141,"FCEDDHJFIGF":100,"FMIEKPNDPGA":2,"GKPFGBGLAOH":0,"HJGHICEMOPC":2,"IDCADJCKEGC":60,"JAIFIIEADGF":1031,"KAHCPEKDAFJ":5011,"KCHILLKKEPF":1,"LBOJPAEBDGH":3,"LDPGDGAAPHA":false,"LICAAMLOHLH":[1,2,3,4,5],"LNOCAIKJLPP":30,"MHGBGLHACKA":3131,"MKKNNDFMNLE":0,"PGBDIECFONO":2,"PHBFOEIECFB":6111,"PIDKHDGPMDK":2},"57":{"BIOHMDLEJHO":2,"BPBJOLFEKDM":[],"CCFGCBBOLDM":2,"CKIIFJPMKBA":[1,3,2],"DBNHMMJFJFK":2,"DGLDCIPIHDF":0,"difficultyId":57,"difficultyLevel":2,"DPFLGFLCBFC":"1:3,2:8","EGPFKEPBEIF":2142,"FCEDDHJFIGF":100,"FMIEKPNDPGA":2,"GKPFGBGLAOH":0,"HJGHICEMOPC":6,"IDCADJCKEGC":60,"JAIFIIEADGF":1032,"KAHCPEKDAFJ":5012,"KCHILLKKEPF":1,"LBOJPAEBDGH":6,"LDPGDGAAPHA":false,"LICAAMLOHLH":[1,2,3,4,5],"LNOCAIKJLPP":30,"MHGBGLHACKA":3132,"MKKNNDFMNLE":0,"PGBDIECFONO":2,"PHBFOEIECFB":6112,"PIDKHDGPMDK":2},"58":{"BIOHMDLEJHO":2,"BPBJOLFEKDM":[],"CCFGCBBOLDM":2,"CKIIFJPMKBA":[1,3,2],"DBNHMMJFJFK":2,"DGLDCIPIHDF":0,"difficultyId":58,"difficultyLevel":3,"DPFLGFLCBFC":"1:4,2:10","EGPFKEPBEIF":2143,"FCEDDHJFIGF":160,"FMIEKPNDPGA":2,"GKPFGBGLAOH":0,"HJGHICEMOPC":10,"IDCADJCKEGC":70,"JAIFIIEADGF":1033,"KAHCPEKDAFJ":5013,"KCHILLKKEPF":1,"LBOJPAEBDGH":8,"LDPGDGAAPHA":false,"LICAAMLOHLH":[1,2,3,4,5],"LNOCAIKJLPP":30,"MHGBGLHACKA":3133,"MKKNNDFMNLE":0,"PGBDIECFONO":4,"PHBFOEIECFB":6113,"PIDKHDGPMDK":2},"59":{"BIOHMDLEJHO":2,"BPBJOLFEKDM":[3],"CCFGCBBOLDM":2,"CKIIFJPMKBA":[1,3,2],"DBNHMMJFJFK":2,"DGLDCIPIHDF":0,"difficultyId":59,"difficultyLevel":4,"DPFLGFLCBFC":"1:6,2:14","EGPFKEPBEIF":2144,"FCEDDHJFIGF":160,"FMIEKPNDPGA":2,"GKPFGBGLAOH":0,"HJGHICEMOPC":16,"IDCADJCKEGC":70,"JAIFIIEADGF":1034,"KAHCPEKDAFJ":5014,"KCHILLKKEPF":1,"LBOJPAEBDGH":10,"LDPGDGAAPHA":false,"LICAAMLOHLH":[1,2,3,4,5],"LNOCAIKJLPP":30,"MHGBGLHACKA":3134,"MKKNNDFMNLE":0,"PGBDIECFONO":4,"PHBFOEIECFB":6114,"PIDKHDGPMDK":3},"60":{"BIOHMDLEJHO":2,"BPBJOLFEKDM":[],"CCFGCBBOLDM":2,"CKIIFJPMKBA":[11,18,5],"DBNHMMJFJFK":0,"DGLDCIPIHDF":0,"difficultyId":60,"difficultyLevel":1,"DPFLGFLCBFC":"1:2,2:5","EGPFKEPBEIF":2151,"FCEDDHJFIGF":100,"FMIEKPNDPGA":2,"GKPFGBGLAOH":0,"HJGHICEMOPC":2,"IDCADJCKEGC":60,"JAIFIIEADGF":1031,"KAHCPEKDAFJ":5021,"KCHILLKKEPF":1,"LBOJPAEBDGH":3,"LDPGDGAAPHA":false,"LICAAMLOHLH":[1,2,3,4,5],"LNOCAIKJLPP":30,"MHGBGLHACKA":3141,"MKKNNDFMNLE":0,"PGBDIECFONO":2,"PHBFOEIECFB":6121,"PIDKHDGPMDK":2},"61":{"BIOHMDLEJHO":2,"BPBJOLFEKDM":[],"CCFGCBBOLDM":2,"CKIIFJPMKBA":[11,18,5],"DBNHMMJFJFK":2,"DGLDCIPIHDF":0,"difficultyId":61,"difficultyLevel":2,"DPFLGFLCBFC":"1:3,2:8","EGPFKEPBEIF":2152,"FCEDDHJFIGF":100,"FMIEKPNDPGA":2,"GKPFGBGLAOH":0,"HJGHICEMOPC":6,"IDCADJCKEGC":60,"JAIFIIEADGF":1032,"KAHCPEKDAFJ":5022,"KCHILLKKEPF":1,"LBOJPAEBDGH":6,"LDPGDGAAPHA":false,"LICAAMLOHLH":[1,2,3,4,5],"LNOCAIKJLPP":30,"MHGBGLHACKA":3142,"MKKNNDFMNLE":0,"PGBDIECFONO":2,"PHBFOEIECFB":6121,"PIDKHDGPMDK":2},"62":{"BIOHMDLEJHO":2,"BPBJOLFEKDM":[],"CCFGCBBOLDM":2,"CKIIFJPMKBA":[11,18,5],"DBNHMMJFJFK":2,"DGLDCIPIHDF":0,"difficultyId":62,"difficultyLevel":3,"DPFLGFLCBFC":"1:4,2:10","EGPFKEPBEIF":2153,"FCEDDHJFIGF":160,"FMIEKPNDPGA":2,"GKPFGBGLAOH":0,"HJGHICEMOPC":10,"IDCADJCKEGC":70,"JAIFIIEADGF":1033,"KAHCPEKDAFJ":5023,"KCHILLKKEPF":1,"LBOJPAEBDGH":8,"LDPGDGAAPHA":false,"LICAAMLOHLH":[1,2,3,4,5],"LNOCAIKJLPP":30,"MHGBGLHACKA":3143,"MKKNNDFMNLE":0,"PGBDIECFONO":4,"PHBFOEIECFB":6121,"PIDKHDGPMDK":2},"63":{"BIOHMDLEJHO":2,"BPBJOLFEKDM":[3],"CCFGCBBOLDM":3,"CKIIFJPMKBA":[11,18,5],"DBNHMMJFJFK":2,"DGLDCIPIHDF":0,"difficultyId":63,"difficultyLevel":4,"DPFLGFLCBFC":"1:6,2:14","EGPFKEPBEIF":2154,"FCEDDHJFIGF":160,"FMIEKPNDPGA":2,"GKPFGBGLAOH":0,"HJGHICEMOPC":16,"IDCADJCKEGC":70,"JAIFIIEADGF":1034,"KAHCPEKDAFJ":5024,"KCHILLKKEPF":1,"LBOJPAEBDGH":10,"LDPGDGAAPHA":false,"LICAAMLOHLH":[1,2,3,4,5],"LNOCAIKJLPP":30,"MHGBGLHACKA":3144,"MKKNNDFMNLE":0,"PGBDIECFONO":4,"PHBFOEIECFB":6121,"PIDKHDGPMDK":3},"64":{"BIOHMDLEJHO":2,"BPBJOLFEKDM":[4],"CCFGCBBOLDM":3,"CKIIFJPMKBA":[11,18,5],"DBNHMMJFJFK":2,"DGLDCIPIHDF":10001,"difficultyId":64,"difficultyLevel":5,"DPFLGFLCBFC":"1:8,2:18","EGPFKEPBEIF":2155,"FCEDDHJFIGF":160,"FMIEKPNDPGA":2,"GKPFGBGLAOH":3,"HJGHICEMOPC":22,"IDCADJCKEGC":70,"JAIFIIEADGF":1034,"KAHCPEKDAFJ":5025,"KCHILLKKEPF":1,"LBOJPAEBDGH":10,"LDPGDGAAPHA":true,"LICAAMLOHLH":[1,2,3,4,5],"LNOCAIKJLPP":30,"MHGBGLHACKA":3145,"MKKNNDFMNLE":0,"PGBDIECFONO":4,"PHBFOEIECFB":6121,"PIDKHDGPMDK":3},"65":{"BIOHMDLEJHO":2,"BPBJOLFEKDM":[],"CCFGCBBOLDM":2,"CKIIFJPMKBA":[11,2,7],"DBNHMMJFJFK":0,"DGLDCIPIHDF":0,"difficultyId":65,"difficultyLevel":1,"DPFLGFLCBFC":"1:2,2:5","EGPFKEPBEIF":2161,"FCEDDHJFIGF":100,"FMIEKPNDPGA":2,"GKPFGBGLAOH":0,"HJGHICEMOPC":2,"IDCADJCKEGC":60,"JAIFIIEADGF":1035,"KAHCPEKDAFJ":5021,"KCHILLKKEPF":1,"LBOJPAEBDGH":3,"LDPGDGAAPHA":false,"LICAAMLOHLH":[1,2,3,4,5],"LNOCAIKJLPP":30,"MHGBGLHACKA":3151,"MKKNNDFMNLE":0,"PGBDIECFONO":2,"PHBFOEIECFB":6131,"PIDKHDGPMDK":2},"66":{"BIOHMDLEJHO":2,"BPBJOLFEKDM":[],"CCFGCBBOLDM":2,"CKIIFJPMKBA":[11,2,7],"DBNHMMJFJFK":2,"DGLDCIPIHDF":0,"difficultyId":66,"difficultyLevel":2,"DPFLGFLCBFC":"1:3,2:8","EGPFKEPBEIF":2162,"FCEDDHJFIGF":100,"FMIEKPNDPGA":2,"GKPFGBGLAOH":0,"HJGHICEMOPC":6,"IDCADJCKEGC":60,"JAIFIIEADGF":1036,"KAHCPEKDAFJ":5022,"KCHILLKKEPF":1,"LBOJPAEBDGH":6,"LDPGDGAAPHA":false,"LICAAMLOHLH":[1,2,3,4,5],"LNOCAIKJLPP":30,"MHGBGLHACKA":3152,"MKKNNDFMNLE":0,"PGBDIECFONO":2,"PHBFOEIECFB":6131,"PIDKHDGPMDK":2},"67":{"BIOHMDLEJHO":2,"BPBJOLFEKDM":[],"CCFGCBBOLDM":2,"CKIIFJPMKBA":[11,2,7],"DBNHMMJFJFK":2,"DGLDCIPIHDF":0,"difficultyId":67,"difficultyLevel":3,"DPFLGFLCBFC":"1:4,2:10","EGPFKEPBEIF":2163,"FCEDDHJFIGF":160,"FMIEKPNDPGA":2,"GKPFGBGLAOH":0,"HJGHICEMOPC":10,"IDCADJCKEGC":70,"JAIFIIEADGF":1037,"KAHCPEKDAFJ":5023,"KCHILLKKEPF":1,"LBOJPAEBDGH":8,"LDPGDGAAPHA":false,"LICAAMLOHLH":[1,2,3,4,5],"LNOCAIKJLPP":30,"MHGBGLHACKA":3153,"MKKNNDFMNLE":0,"PGBDIECFONO":4,"PHBFOEIECFB":6131,"PIDKHDGPMDK":2},"68":{"BIOHMDLEJHO":2,"BPBJOLFEKDM":[3],"CCFGCBBOLDM":3,"CKIIFJPMKBA":[11,2,7],"DBNHMMJFJFK":2,"DGLDCIPIHDF":0,"difficultyId":68,"difficultyLevel":4,"DPFLGFLCBFC":"1:6,2:14","EGPFKEPBEIF":2164,"FCEDDHJFIGF":160,"FMIEKPNDPGA":2,"GKPFGBGLAOH":0,"HJGHICEMOPC":16,"IDCADJCKEGC":70,"JAIFIIEADGF":1038,"KAHCPEKDAFJ":5024,"KCHILLKKEPF":1,"LBOJPAEBDGH":10,"LDPGDGAAPHA":false,"LICAAMLOHLH":[1,2,3,4,5],"LNOCAIKJLPP":30,"MHGBGLHACKA":3154,"MKKNNDFMNLE":0,"PGBDIECFONO":4,"PHBFOEIECFB":6131,"PIDKHDGPMDK":3},"69":{"BIOHMDLEJHO":2,"BPBJOLFEKDM":[4],"CCFGCBBOLDM":3,"CKIIFJPMKBA":[11,2,7],"DBNHMMJFJFK":2,"DGLDCIPIHDF":10002,"difficultyId":69,"difficultyLevel":5,"DPFLGFLCBFC":"1:8,2:18","EGPFKEPBEIF":2165,"FCEDDHJFIGF":160,"FMIEKPNDPGA":2,"GKPFGBGLAOH":3,"HJGHICEMOPC":22,"IDCADJCKEGC":70,"JAIFIIEADGF":1038,"KAHCPEKDAFJ":5025,"KCHILLKKEPF":1,"LBOJPAEBDGH":10,"LDPGDGAAPHA":true,"LICAAMLOHLH":[1,2,3,4,5],"LNOCAIKJLPP":30,"MHGBGLHACKA":3155,"MKKNNDFMNLE":0,"PGBDIECFONO":4,"PHBFOEIECFB":6131,"PIDKHDGPMDK":3},"70":{"BIOHMDLEJHO":2,"BPBJOLFEKDM":[],"CCFGCBBOLDM":2,"CKIIFJPMKBA":[14,20,15],"DBNHMMJFJFK":0,"DGLDCIPIHDF":0,"difficultyId":70,"difficultyLevel":1,"DPFLGFLCBFC":"1:2,2:5","EGPFKEPBEIF":2171,"FCEDDHJFIGF":100,"FMIEKPNDPGA":2,"GKPFGBGLAOH":0,"HJGHICEMOPC":2,"IDCADJCKEGC":60,"JAIFIIEADGF":1035,"KAHCPEKDAFJ":5021,"KCHILLKKEPF":1,"LBOJPAEBDGH":3,"LDPGDGAAPHA":false,"LICAAMLOHLH":[1,2,3,4,5],"LNOCAIKJLPP":30,"MHGBGLHACKA":3161,"MKKNNDFMNLE":0,"PGBDIECFONO":2,"PHBFOEIECFB":6141,"PIDKHDGPMDK":2},"71":{"BIOHMDLEJHO":2,"BPBJOLFEKDM":[],"CCFGCBBOLDM":2,"CKIIFJPMKBA":[14,20,15],"DBNHMMJFJFK":2,"DGLDCIPIHDF":0,"difficultyId":71,"difficultyLevel":2,"DPFLGFLCBFC":"1:3,2:8","EGPFKEPBEIF":2172,"FCEDDHJFIGF":100,"FMIEKPNDPGA":2,"GKPFGBGLAOH":0,"HJGHICEMOPC":6,"IDCADJCKEGC":60,"JAIFIIEADGF":1036,"KAHCPEKDAFJ":5022,"KCHILLKKEPF":1,"LBOJPAEBDGH":6,"LDPGDGAAPHA":false,"LICAAMLOHLH":[1,2,3,4,5],"LNOCAIKJLPP":30,"MHGBGLHACKA":3162,"MKKNNDFMNLE":0,"PGBDIECFONO":2,"PHBFOEIECFB":6141,"PIDKHDGPMDK":2},"72":{"BIOHMDLEJHO":2,"BPBJOLFEKDM":[],"CCFGCBBOLDM":2,"CKIIFJPMKBA":[14,20,15],"DBNHMMJFJFK":2,"DGLDCIPIHDF":0,"difficultyId":72,"difficultyLevel":3,"DPFLGFLCBFC":"1:4,2:10","EGPFKEPBEIF":2173,"FCEDDHJFIGF":160,"FMIEKPNDPGA":2,"GKPFGBGLAOH":0,"HJGHICEMOPC":10,"IDCADJCKEGC":70,"JAIFIIEADGF":1037,"KAHCPEKDAFJ":5023,"KCHILLKKEPF":1,"LBOJPAEBDGH":8,"LDPGDGAAPHA":false,"LICAAMLOHLH":[1,2,3,4,5],"LNOCAIKJLPP":30,"MHGBGLHACKA":3163,"MKKNNDFMNLE":0,"PGBDIECFONO":4,"PHBFOEIECFB":6141,"PIDKHDGPMDK":2},"73":{"BIOHMDLEJHO":2,"BPBJOLFEKDM":[3],"CCFGCBBOLDM":3,"CKIIFJPMKBA":[14,20,15],"DBNHMMJFJFK":2,"DGLDCIPIHDF":0,"difficultyId":73,"difficultyLevel":4,"DPFLGFLCBFC":"1:6,2:14","EGPFKEPBEIF":2174,"FCEDDHJFIGF":160,"FMIEKPNDPGA":2,"GKPFGBGLAOH":0,"HJGHICEMOPC":16,"IDCADJCKEGC":70,"JAIFIIEADGF":1038,"KAHCPEKDAFJ":5024,"KCHILLKKEPF":1,"LBOJPAEBDGH":10,"LDPGDGAAPHA":false,"LICAAMLOHLH":[1,2,3,4,5],"LNOCAIKJLPP":30,"MHGBGLHACKA":3164,"MKKNNDFMNLE":0,"PGBDIECFONO":4,"PHBFOEIECFB":6141,"PIDKHDGPMDK":3},"74":{"BIOHMDLEJHO":2,"BPBJOLFEKDM":[4],"CCFGCBBOLDM":3,"CKIIFJPMKBA":[14,20,15],"DBNHMMJFJFK":2,"DGLDCIPIHDF":10003,"difficultyId":74,"difficultyLevel":5,"DPFLGFLCBFC":"1:8,2:18","EGPFKEPBEIF":2175,"FCEDDHJFIGF":160,"FMIEKPNDPGA":2,"GKPFGBGLAOH":3,"HJGHICEMOPC":22,"IDCADJCKEGC":70,"JAIFIIEADGF":1038,"KAHCPEKDAFJ":5025,"KCHILLKKEPF":1,"LBOJPAEBDGH":10,"LDPGDGAAPHA":true,"LICAAMLOHLH":[1,2,3,4,5],"LNOCAIKJLPP":30,"MHGBGLHACKA":3165,"MKKNNDFMNLE":0,"PGBDIECFONO":4,"PHBFOEIECFB":6141,"PIDKHDGPMDK":3}}