{"10000022":{"finishCond":{"paramList":[39604],"condType":"TRIAL_FETTER_CONDITION_COMPLETE_SUB_MISSION"},"avatarId":10000022,"fetterId":111},"10000030":{"finishCond":{"paramList":[102510],"condType":"TRIAL_FETTER_CONDITION_COMPLETE_SUB_MISSION"},"avatarId":10000030,"fetterId":118},"10000052":{"finishCond":{"paramList":[1],"condType":"TRIAL_FETTER_CONDITION_LEVEL"},"avatarId":10000052,"fetterId":139},"10000073":{"finishCond":{"paramList":[1],"condType":"TRIAL_FETTER_CONDITION_LEVEL"},"avatarId":10000073,"fetterId":73600},"10000087":{"finishCond":{"paramList":[401906],"condType":"TRIAL_FETTER_CONDITION_COMPLETE_SUB_MISSION"},"avatarId":10000087,"fetterId":87600},"10000089":{"finishCond":{"paramList":[1401209],"condType":"TRIAL_FETTER_CONDITION_COMPLETE_SUB_MISSION"},"avatarId":10000089,"fetterId":89600},"10000106":{"finishCond":{"paramList":[1],"condType":"TRIAL_FETTER_CONDITION_LEVEL"},"avatarId":10000106,"fetterId":106600}}