{"10000022":{"avatarId":10000022,"fetterId":111,"finishCond":{"condType":"TRIAL_FETTER_CONDITION_COMPLETE_SUB_MISSION","paramList":[39604]}},"10000030":{"avatarId":10000030,"fetterId":118,"finishCond":{"condType":"TRIAL_FETTER_CONDITION_COMPLETE_SUB_MISSION","paramList":[102510]}},"10000052":{"avatarId":10000052,"fetterId":139,"finishCond":{"condType":"TRIAL_FETTER_CONDITION_LEVEL","paramList":[1]}},"10000073":{"avatarId":10000073,"fetterId":73600,"finishCond":{"condType":"TRIAL_FETTER_CONDITION_LEVEL","paramList":[1]}},"10000087":{"avatarId":10000087,"fetterId":87600,"finishCond":{"condType":"TRIAL_FETTER_CONDITION_COMPLETE_SUB_MISSION","paramList":[401906]}},"10000089":{"avatarId":10000089,"fetterId":89600,"finishCond":{"condType":"TRIAL_FETTER_CONDITION_COMPLETE_SUB_MISSION","paramList":[1401209]}},"10000106":{"avatarId":10000106,"fetterId":106600,"finishCond":{"condType":"TRIAL_FETTER_CONDITION_LEVEL","paramList":[1]}},"10000116":{"avatarId":10000116,"fetterId":116600,"finishCond":{"condType":"TRIAL_FETTER_CONDITION_COMPLETE_SUB_MISSION","paramList":[600624]}},"10000125":{"avatarId":10000125,"fetterId":125600,"finishCond":{"condType":"TRIAL_FETTER_CONDITION_COMPLETE_SUB_MISSION","paramList":[601710]}}}