[{"avatarId":10000022,"fetterId":111,"finishCond":{"paramList":[39604]}},{"avatarId":10000030,"fetterId":118,"finishCond":{"paramList":[102510]}},{"avatarId":10000052,"fetterId":139,"finishCond":{"condType":"TRIAL_FETTER_CONDITION_LEVEL","paramList":[1]}},{"avatarId":10000073,"fetterId":73600,"finishCond":{"condType":"TRIAL_FETTER_CONDITION_LEVEL","paramList":[1]}},{"avatarId":10000087,"fetterId":87600,"finishCond":{"paramList":[401906]}},{"avatarId":10000089,"fetterId":89600,"finishCond":{"paramList":[1401209]}},{"avatarId":10000106,"fetterId":106600,"finishCond":{"condType":"TRIAL_FETTER_CONDITION_LEVEL","paramList":[1]}}]