{"10000022":{"fetterId":111,"avatarId":10000022,"KJIMOFJCPKK":{"condType":"TRIAL_FETTER_CONDITION_COMPLETE_SUB_MISSION","paramList":[39604]}},"10000030":{"fetterId":118,"avatarId":10000030,"KJIMOFJCPKK":{"condType":"TRIAL_FETTER_CONDITION_COMPLETE_SUB_MISSION","paramList":[102510]}},"10000052":{"fetterId":139,"avatarId":10000052,"KJIMOFJCPKK":{"condType":"TRIAL_FETTER_CONDITION_LEVEL","paramList":[1]}},"10000073":{"fetterId":73600,"avatarId":10000073,"KJIMOFJCPKK":{"condType":"TRIAL_FETTER_CONDITION_LEVEL","paramList":[1]}},"10000087":{"fetterId":87600,"avatarId":10000087,"KJIMOFJCPKK":{"condType":"TRIAL_FETTER_CONDITION_COMPLETE_SUB_MISSION","paramList":[401906]}},"10000089":{"fetterId":89600,"avatarId":10000089,"KJIMOFJCPKK":{"condType":"TRIAL_FETTER_CONDITION_COMPLETE_SUB_MISSION","paramList":[1401209]}},"10000106":{"fetterId":106600,"avatarId":10000106,"KJIMOFJCPKK":{"condType":"TRIAL_FETTER_CONDITION_LEVEL","paramList":[1]}}}